Date,Close_XAUUSD,Close_SP500,Close_NASDAQ,Close_RUSSELL2000,Close_EURUSD,Close_USDJPY,Close_VIX,Volume_XAUUSD,Volume_SP500,Volume_NASDAQ,Volume_RUSSELL2000,CPIAUCSL,FEDFUNDS,PAYEMS,PCE,UNRATE,GPR,DFII10,DGS2,DFII5
1/3/2011,1422.599976,1271.869995,2691.52002,798.5599976,1.33579123,81.1230011,17.61000061,28,4286670000,1919660000,4286670000,221.187,0.17,130837,10514.3,9.1,79.42,1.05,0.61,0.2
1/4/2011,1378.5,1270.199951,2681.25,785.8300171,1.33568418,81.66999817,17.37999916,122,4796420000,2015440000,4796420000,221.187,0.17,130837,10514.3,9.1,79.42,1.01,0.63,0.15
1/5/2011,1373.400024,1276.560059,2702.199951,795.0900269,1.332107782,82.03800201,17.02000046,175,4764920000,2060750000,4764920000,221.187,0.17,130837,10514.3,9.1,79.42,1.08,0.71,0.2
1/6/2011,1371.400024,1273.849976,2709.889893,791.4199829,1.31568563,83.18900299,17.39999962,158,4844100000,2095490000,4844100000,221.187,0.17,130837,10514.3,9.1,79.42,1.03,0.68,0.13
1/7/2011,1368.5,1271.5,2703.169922,787.8300171,1.297993302,83.30000305,17.13999939,225,4963110000,1976220000,4963110000,221.187,0.17,130837,10514.3,9.1,79.42,0.98,0.6,0.05
1/8/2011,1368.5,1271.5,2703.169922,787.8300171,1.297993302,83.30000305,17.13999939,225,4963110000,1976220000,4963110000,221.187,0.17,130837,10514.3,9.1,79.42,0.98,0.6,0.05
1/9/2011,1368.5,1271.5,2703.169922,787.8300171,1.297993302,83.30000305,17.13999939,225,4963110000,1976220000,4963110000,221.187,0.17,130837,10514.3,9.1,79.42,0.98,0.6,0.05
1/10/2011,1373.699951,1269.75,2707.800049,791.5800171,1.28950727,83.02999878,17.54000092,181,4036450000,1868870000,4036450000,221.187,0.17,130837,10514.3,9.1,79.42,0.96,0.59,0.02
1/11/2011,1384,1274.47998,2716.830078,794.7600098,1.296495676,82.70999908,16.88999939,13,4050750000,1893100000,4050750000,221.187,0.17,130837,10514.3,9.1,79.42,0.97,0.6,-0.02
1/12/2011,1385.699951,1285.959961,2737.330078,801.3599854,1.298397779,83.33999634,16.23999977,204,4226940000,1873960000,4226940000,221.187,0.17,130837,10514.3,9.1,79.42,0.98,0.61,-0.01
1/13/2011,1386.900024,1283.76001,2735.290039,800.6500244,1.312835574,83.06999969,16.38999939,66,4310840000,1923900000,4310840000,221.187,0.17,130837,10514.3,9.1,79.42,0.97,0.59,-0.02
1/14/2011,1360.400024,1293.23999,2755.300049,807.5700073,1.335327387,82.76200104,15.46000004,252,4661590000,2020210000,4661590000,221.187,0.17,130837,10514.3,9.1,79.42,1,0.59,0.02
1/15/2011,1360.400024,1293.23999,2755.300049,807.5700073,1.335327387,82.76200104,15.46000004,252,4661590000,2020210000,4661590000,221.187,0.17,130837,10514.3,9.1,79.42,1,0.59,0.02
1/16/2011,1360.400024,1293.23999,2755.300049,807.5700073,1.335327387,82.76200104,15.46000004,252,4661590000,2020210000,4661590000,221.187,0.17,130837,10514.3,9.1,79.42,1,0.59,0.02
1/17/2011,1360.400024,1293.23999,2755.300049,807.5700073,1.338025331,82.88700104,15.46000004,252,4661590000,2020210000,4661590000,221.187,0.17,130837,10514.3,9.1,79.42,1,0.59,0.02
1/18/2011,1368.099976,1295.02002,2765.850098,807.5599976,1.32839179,82.66999817,15.86999989,106,5284990000,2020190000,5284990000,221.187,0.17,130837,10514.3,9.1,79.42,0.99,0.6,0.02
1/19/2011,1370.199951,1281.920044,2725.360107,786.8900146,1.337810516,82.61199951,17.30999947,40,4743710000,2130930000,4743710000,221.187,0.17,130837,10514.3,9.1,79.42,0.99,0.6,0.01
1/20/2011,1346.5,1280.26001,2704.290039,778.0800171,1.345206976,82.15499878,17.98999977,10,4935320000,2323250000,4935320000,221.187,0.17,130837,10514.3,9.1,79.42,1.22,0.65,0.16
1/21/2011,1341,1283.349976,2689.540039,773.1799927,1.346801281,82.91999817,18.46999931,20,4935320000,1916960000,4935320000,221.187,0.17,130837,10514.3,9.1,79.42,1.2,0.63,0.12
1/22/2011,1341,1283.349976,2689.540039,773.1799927,1.346801281,82.91999817,18.46999931,20,4935320000,1916960000,4935320000,221.187,0.17,130837,10514.3,9.1,79.42,1.2,0.63,0.12
1/23/2011,1341,1283.349976,2689.540039,773.1799927,1.346801281,82.91999817,18.46999931,20,4935320000,1916960000,4935320000,221.187,0.17,130837,10514.3,9.1,79.42,1.2,0.63,0.12
1/24/2011,1344.5,1290.839966,2717.550049,779.2800293,1.361952543,82.58599854,17.64999962,2,3902470000,1871300000,3902470000,221.187,0.17,130837,10514.3,9.1,79.42,1.18,0.65,0.1
1/25/2011,1332.300049,1291.180054,2719.25,779.960022,1.364405394,82.54199982,17.59000015,394,4595380000,1936120000,4595380000,221.187,0.17,130837,10514.3,9.1,79.42,1.11,0.62,0.02
1/26/2011,1333,1296.630005,2739.5,793.7199707,1.368606925,82.26000214,16.63999939,4,4730980000,2031410000,4730980000,221.187,0.17,130837,10514.3,9.1,79.42,1.16,0.62,0.07
1/27/2011,1318.400024,1299.540039,2755.280029,795.4299927,1.371008635,82.16300201,16.14999962,210699,4309190000,2020550000,4309190000,221.187,0.17,130837,10514.3,9.1,79.42,1.16,0.59,0.08
1/28/2011,1340.699951,1276.339966,2686.889893,775.4000244,1.372306824,82.88500214,20.04000092,73023,5618630000,2371140000,5618630000,221.187,0.17,130837,10514.3,9.1,79.42,1.09,0.54,-0.01
1/29/2011,1340.699951,1276.339966,2686.889893,775.4000244,1.372306824,82.88500214,20.04000092,73023,5618630000,2371140000,5618630000,221.187,0.17,130837,10514.3,9.1,79.42,1.09,0.54,-0.01
1/30/2011,1340.699951,1276.339966,2686.889893,775.4000244,1.372306824,82.88500214,20.04000092,73023,5618630000,2371140000,5618630000,221.187,0.17,130837,10514.3,9.1,79.42,1.09,0.54,-0.01
1/31/2011,1333.800049,1286.119995,2700.080078,781.25,1.357275724,82.08899689,19.53000069,13657,4167160000,1952310000,4167160000,221.187,0.17,130837,10514.3,9.1,79.42,1.08,0.58,-0.01
2/1/2011,1339.599976,1307.589966,2751.189941,798.8900146,1.37138474,82.06999969,17.62999916,3180,5164500000,2255990000,5164500000,221.898,0.16,131056,10540.6,9,90.01,1.11,0.61,0.01
2/2/2011,1331.5,1304.030029,2749.560059,796.1599731,1.38299191,81.39099884,17.29999924,1363,4098260000,2024600000,4098260000,221.898,0.16,131056,10540.6,9,90.01,1.16,0.67,0.09
2/3/2011,1352.300049,1307.099976,2753.879883,798.6300049,1.381788015,81.49299622,16.69000053,1865,4370990000,1941260000,4370990000,221.898,0.16,131056,10540.6,9,90.01,1.23,0.71,0.18
2/4/2011,1348.300049,1310.869995,2769.300049,800.1099854,1.36245358,81.65000153,15.93000031,591,3925950000,1956710000,3925950000,221.898,0.16,131056,10540.6,9,90.01,1.3,0.77,0.28
2/5/2011,1348.300049,1310.869995,2769.300049,800.1099854,1.36245358,81.65000153,15.93000031,591,3925950000,1956710000,3925950000,221.898,0.16,131056,10540.6,9,90.01,1.3,0.77,0.28
2/6/2011,1348.300049,1310.869995,2769.300049,800.1099854,1.36245358,81.65000153,15.93000031,591,3925950000,1956710000,3925950000,221.898,0.16,131056,10540.6,9,90.01,1.3,0.77,0.28
2/7/2011,1347.599976,1319.050049,2783.98999,808.3200073,1.357496738,82.22000122,16.28000069,1004,3902270000,1768090000,3902270000,221.898,0.16,131056,10540.6,9,90.01,1.32,0.78,0.31
2/8/2011,1363.400024,1324.569946,2797.050049,813.6900024,1.359194279,82.28900146,15.81000042,2536,3881530000,1803010000,3881530000,221.898,0.16,131056,10540.6,9,90.01,1.39,0.86,0.44
2/9/2011,1364.800049,1320.880005,2789.070068,809.2700195,1.36269486,82.3030014,15.86999989,146,3922240000,1930820000,3922240000,221.898,0.16,131056,10540.6,9,90.01,1.34,0.81,0.39
2/10/2011,1361.900024,1321.869995,2790.449951,812.7000122,1.372099757,82.41899872,16.09000015,312,4184610000,2497540000,4184610000,221.898,0.16,131056,10540.6,9,90.01,1.39,0.85,0.48
2/11/2011,1359.900024,1329.150024,2809.439941,822.1099854,1.360192657,83.33999634,15.68999958,488,4219300000,2066700000,4219300000,221.898,0.16,131056,10540.6,9,90.01,1.36,0.85,0.5
2/12/2011,1359.900024,1329.150024,2809.439941,822.1099854,1.360192657,83.33999634,15.68999958,488,4219300000,2066700000,4219300000,221.898,0.16,131056,10540.6,9,90.01,1.36,0.85,0.5
2/13/2011,1359.900024,1329.150024,2809.439941,822.1099854,1.360192657,83.33999634,15.68999958,488,4219300000,2066700000,4219300000,221.898,0.16,131056,10540.6,9,90.01,1.36,0.85,0.5
2/14/2011,1364.599976,1332.319946,2817.179932,825.9000244,1.351004362,83.44400024,15.94999981,181,3567040000,1964780000,3567040000,221.898,0.16,131056,10540.6,9,90.01,1.34,0.87,0.51
2/15/2011,1373.599976,1328.01001,2804.350098,820.0300293,1.348108649,83.41300201,16.37000084,321,3926860000,2006220000,3926860000,221.898,0.16,131056,10540.6,9,90.01,1.33,0.84,0.44
2/16/2011,1374.699951,1336.319946,2825.560059,828.3699951,1.349855542,83.71600342,16.71999931,156,1966450000,2276980000,1966450000,221.898,0.16,131056,10540.6,9,90.01,1.37,0.86,0.43
2/17/2011,1384.699951,1340.430054,2831.580078,834.0200195,1.357533574,83.61000061,16.59000015,113,1966450000,1939320000,1966450000,221.898,0.16,131056,10540.6,9,90.01,1.31,0.8,0.33
2/18/2011,1388.199951,1343.01001,2833.949951,834.8200073,1.362601995,83.29000092,16.43000031,98,1162310000,2109460000,1162310000,221.898,0.16,131056,10540.6,9,90.01,1.25,0.78,0.26
2/19/2011,1388.199951,1343.01001,2833.949951,834.8200073,1.362601995,83.29000092,16.43000031,98,1162310000,2109460000,1162310000,221.898,0.16,131056,10540.6,9,90.01,1.25,0.78,0.26
2/20/2011,1388.199951,1343.01001,2833.949951,834.8200073,1.362601995,83.29000092,16.43000031,98,1162310000,2109460000,1162310000,221.898,0.16,131056,10540.6,9,90.01,1.25,0.78,0.26
2/21/2011,1388.199951,1343.01001,2833.949951,834.8200073,1.37134707,83.08000183,16.43000031,98,1162310000,2109460000,1162310000,221.898,0.16,131056,10540.6,9,90.01,1.25,0.78,0.26
2/22/2011,1400.5,1315.439941,2756.419922,812.960022,1.368232369,83.06600189,20.79999924,430,1322780000,2262100000,1322780000,221.898,0.16,131056,10540.6,9,90.01,1.12,0.74,0.07
2/23/2011,1413.400024,1307.400024,2722.98999,799.6500244,1.367371798,82.76000214,22.12999916,318,1330340000,2479150000,1330340000,221.898,0.16,131056,10540.6,9,90.01,1.1,0.74,0.01
2/24/2011,1415.300049,1306.099976,2737.899902,804.1799927,1.376405597,82.43800354,21.31999969,809,1222900000,2065290000,1222900000,221.898,0.16,131056,10540.6,9,90.01,1.05,0.73,-0.01
2/25/2011,1408.699951,1319.880005,2781.050049,821.9500122,1.381998062,82.04699707,19.21999931,352,3836030000,1867820000,3836030000,221.898,0.16,131056,10540.6,9,90.01,1.02,0.72,-0.01
2/26/2011,1408.699951,1319.880005,2781.050049,821.9500122,1.381998062,82.04699707,19.21999931,352,3836030000,1867820000,3836030000,221.898,0.16,131056,10540.6,9,90.01,1.02,0.72,-0.01
2/27/2011,1408.699951,1319.880005,2781.050049,821.9500122,1.381998062,82.04699707,19.21999931,352,3836030000,1867820000,3836030000,221.898,0.16,131056,10540.6,9,90.01,1.02,0.72,-0.01
2/28/2011,1409.300049,1327.219971,2782.27002,823.4500122,1.373437762,81.62200165,18.35000038,205,1252850000,2009500000,1252850000,221.898,0.16,131056,10540.6,9,90.01,1.03,0.69,-0.02
3/1/2011,1430.699951,1306.329956,2737.409912,807.0800171,1.382150888,81.8730011,21.01000023,116,1180420000,2212860000,1180420000,223.046,0.14,131282,10619.7,9,136.89,1,0.66,-0.06
3/2/2011,1437.199951,1308.439941,2748.070068,810.9000244,1.377182841,81.89800262,20.70000076,1600,1025000000,1986900000,1025000000,223.046,0.14,131282,10619.7,9,136.89,1.01,0.69,-0.09
3/3/2011,1416,1330.969971,2798.73999,828.8900146,1.386654854,81.82800293,18.60000038,244,4340470000,1990380000,4340470000,223.046,0.14,131282,10619.7,9,136.89,1.09,0.79,0.03
3/4/2011,1428.199951,1321.150024,2784.669922,824.9899902,1.395887733,82.36699677,19.05999947,60,4223740000,1897900000,4223740000,223.046,0.14,131282,10619.7,9,136.89,1,0.68,-0.07
3/5/2011,1428.199951,1321.150024,2784.669922,824.9899902,1.395887733,82.36699677,19.05999947,60,4223740000,1897900000,4223740000,223.046,0.14,131282,10619.7,9,136.89,1,0.68,-0.07
3/6/2011,1428.199951,1321.150024,2784.669922,824.9899902,1.395887733,82.36699677,19.05999947,60,4223740000,1897900000,4223740000,223.046,0.14,131282,10619.7,9,136.89,1,0.68,-0.07
3/7/2011,1434.099976,1310.130005,2745.629883,812.25,1.399070978,82.34300232,20.65999985,613,3964730000,2189970000,3964730000,223.046,0.14,131282,10619.7,9,136.89,1,0.7,-0.07
3/8/2011,1426.900024,1321.819946,2765.77002,824.6599731,1.396394491,82.29199982,19.81999969,198,4531420000,1835540000,4531420000,223.046,0.14,131282,10619.7,9,136.89,1.01,0.73,-0.09
3/9/2011,1429.300049,1320.02002,2751.719971,821.1900024,1.389796138,82.80000305,20.21999931,98,3709520000,1996700000,3709520000,223.046,0.14,131282,10619.7,9,136.89,0.98,0.7,-0.09
3/10/2011,1412.199951,1295.109985,2701.02002,799.5300293,1.390221238,82.83300018,21.87999916,23,4723020000,2363330000,4723020000,223.046,0.14,131282,10619.7,9,136.89,0.91,0.65,-0.17
3/11/2011,1421.5,1304.280029,2715.610107,802.8300171,1.38012898,82.91799927,20.07999992,23,3740400000,1851810000,3740400000,223.046,0.14,131282,10619.7,9,136.89,0.96,0.64,-0.11
3/12/2011,1421.5,1304.280029,2715.610107,802.8300171,1.38012898,82.91799927,20.07999992,23,3740400000,1851810000,3740400000,223.046,0.14,131282,10619.7,9,136.89,0.96,0.64,-0.11
3/13/2011,1421.5,1304.280029,2715.610107,802.8300171,1.38012898,82.91799927,20.07999992,23,3740400000,1851810000,3740400000,223.046,0.14,131282,10619.7,9,136.89,0.96,0.64,-0.11
3/14/2011,1424.599976,1296.390015,2700.969971,798.1699829,1.39345634,81.28399658,21.12999916,58,4050370000,1782070000,4050370000,223.046,0.14,131282,10619.7,9,136.89,0.93,0.61,-0.15
3/15/2011,1392.599976,1281.869995,2667.330078,791.3300171,1.39920795,81.81999969,24.31999969,20,5201400000,2359830000,5201400000,223.046,0.14,131282,10619.7,9,136.89,0.93,0.63,-0.16
3/16/2011,1396,1256.880005,2616.820068,781.9000244,1.398620963,81.05599976,29.39999962,38,5833000000,2596000000,5833000000,223.046,0.14,131282,10619.7,9,136.89,0.85,0.58,-0.22
3/17/2011,1404,1273.719971,2636.050049,785.5200195,1.388483882,79.12799835,26.37000084,27,4134950000,1994360000,4134950000,223.046,0.14,131282,10619.7,9,136.89,0.82,0.6,-0.27
3/18/2011,1415.900024,1279.209961,2643.669922,794.6599731,1.40329206,79.5,24.44000053,6,4685500000,1986900000,4685500000,223.046,0.14,131282,10619.7,9,136.89,0.85,0.61,-0.22
3/19/2011,1415.900024,1279.209961,2643.669922,794.6599731,1.40329206,79.5,24.44000053,6,4685500000,1986900000,4685500000,223.046,0.14,131282,10619.7,9,136.89,0.85,0.61,-0.22
3/20/2011,1415.900024,1279.209961,2643.669922,794.6599731,1.40329206,79.5,24.44000053,6,4685500000,1986900000,4685500000,223.046,0.14,131282,10619.7,9,136.89,0.85,0.61,-0.22
3/21/2011,1426.199951,1298.380005,2692.090088,813.0200195,1.417052746,81.01499939,20.61000061,43,4223730000,1751060000,4223730000,223.046,0.14,131282,10619.7,9,136.89,0.9,0.67,-0.16
3/22/2011,1427.5,1293.77002,2683.870117,808.6599731,1.421706676,81.20899963,20.20999908,85,3576550000,1657430000,3576550000,223.046,0.14,131282,10619.7,9,136.89,0.95,0.68,-0.12
3/23/2011,1437.900024,1297.540039,2698.300049,811.2399902,1.416811824,81.03900146,19.17000008,19,3842350000,1769950000,3842350000,223.046,0.14,131282,10619.7,9,136.89,0.98,0.69,-0.09
3/24/2011,1434.800049,1309.660034,2736.419922,817.0999756,1.410596371,80.86699677,18,27,4223740000,1954180000,4223740000,223.046,0.14,131282,10619.7,9,136.89,0.95,0.72,-0.08
3/25/2011,1426.099976,1313.800049,2743.060059,823.8499756,1.417193413,81.01399994,17.90999985,1,4223740000,1857570000,4223740000,223.046,0.14,131282,10619.7,9,136.89,1.02,0.79,0.01
3/26/2011,1426.099976,1313.800049,2743.060059,823.8499756,1.417193413,81.01399994,17.90999985,1,4223740000,1857570000,4223740000,223.046,0.14,131282,10619.7,9,136.89,1.02,0.79,0.01
3/27/2011,1426.099976,1313.800049,2743.060059,823.8499756,1.417193413,81.01399994,17.90999985,1,4223740000,1857570000,4223740000,223.046,0.14,131282,10619.7,9,136.89,1.02,0.79,0.01
3/28/2011,1419.800049,1310.189941,2730.679932,821.7700195,1.402603269,81.4489975,19.44000053,6,3215170000,1669260000,3215170000,223.046,0.14,131282,10619.7,9,136.89,1.01,0.81,0.05
3/29/2011,1416,1319.439941,2756.889893,829.4899902,1.40797472,81.76000214,18.15999985,135792,3482580000,1631160000,3482580000,223.046,0.14,131282,10619.7,9,136.89,1.03,0.81,0.05
3/30/2011,1423.800049,1328.26001,2776.790039,840.3699951,1.411113977,82.41100311,17.70999908,47011,3809570000,1818410000,3809570000,223.046,0.14,131282,10619.7,9,136.89,1,0.8,0.02
3/31/2011,1438.900024,1325.829956,2781.070068,843.5499878,1.412130117,83.15000153,17.73999977,8230,3566270000,1896420000,3566270000,223.046,0.14,131282,10619.7,9,136.89,0.99,0.8,0.03
4/1/2011,1428.099976,1332.410034,2789.600098,846.7700195,1.415869117,83.36000061,17.39999962,5318,4223740000,2090120000,4223740000,224.093,0.1,131597,10652.1,9.1,91.02,0.94,0.8,-0.01
4/2/2011,1428.099976,1332.410034,2789.600098,846.7700195,1.415869117,83.36000061,17.39999962,5318,4223740000,2090120000,4223740000,224.093,0.1,131597,10652.1,9.1,91.02,0.94,0.8,-0.01
4/3/2011,1428.099976,1332.410034,2789.600098,846.7700195,1.415869117,83.36000061,17.39999962,5318,4223740000,2090120000,4223740000,224.093,0.1,131597,10652.1,9.1,91.02,0.94,0.8,-0.01
4/4/2011,1432.199951,1332.869995,2789.189941,849.3599854,1.422333479,84.22000122,17.5,683,4223740000,1705920000,4223740000,224.093,0.1,131597,10652.1,9.1,91.02,0.91,0.77,-0.09
4/5/2011,1451.800049,1332.630005,2791.189941,853.3099976,1.422009826,84.12999725,17.25,2609,3852280000,1954520000,3852280000,224.093,0.1,131597,10652.1,9.1,91.02,0.94,0.84,-0.04
4/6/2011,1457.699951,1335.540039,2799.820068,854.1699829,1.421908855,85.16000366,16.89999962,901,4223740000,1996750000,4223740000,224.093,0.1,131597,10652.1,9.1,91.02,0.99,0.85,-0.02
4/7/2011,1458.5,1333.51001,2796.139893,849.4400024,1.43352735,85.31999969,17.11000061,229,4005600000,1806900000,4005600000,224.093,0.1,131597,10652.1,9.1,91.02,0.99,0.81,-0.04
4/8/2011,1473.400024,1328.170044,2780.419922,840.8900146,1.43020606,84.95999908,17.87000084,1407,3582810000,1650810000,3582810000,224.093,0.1,131597,10652.1,9.1,91.02,0.95,0.83,-0.07
4/9/2011,1473.400024,1328.170044,2780.419922,840.8900146,1.43020606,84.95999908,17.87000084,1407,3582810000,1650810000,3582810000,224.093,0.1,131597,10652.1,9.1,91.02,0.95,0.83,-0.07
4/10/2011,1473.400024,1328.170044,2780.419922,840.8900146,1.43020606,84.95999908,17.87000084,1407,3582810000,1650810000,3582810000,224.093,0.1,131597,10652.1,9.1,91.02,0.95,0.83,-0.07
4/11/2011,1467.400024,1324.459961,2771.51001,833.8599854,1.446215272,85.04000092,16.59000015,378,3478970000,2053190000,3478970000,224.093,0.1,131597,10652.1,9.1,91.02,0.96,0.85,-0.07
4/12/2011,1452.900024,1314.160034,2744.790039,822.2700195,1.443793178,84.62999725,17.09000015,345,4275490000,1818610000,4275490000,224.093,0.1,131597,10652.1,9.1,91.02,0.9,0.77,-0.1
4/13/2011,1454.900024,1314.410034,2761.52002,823.9199829,1.447638988,83.59999847,16.92000008,197,3850860000,1744940000,3850860000,224.093,0.1,131597,10652.1,9.1,91.02,0.88,0.75,-0.11
4/14/2011,1471.699951,1314.52002,2760.219971,827.4699707,1.444210172,83.78299713,16.27000046,535,3872630000,1717650000,3872630000,224.093,0.1,131597,10652.1,9.1,91.02,0.89,0.77,-0.02
4/15/2011,1485.300049,1319.680054,2764.649902,834.9799805,1.443209648,83.78299713,15.31999969,293,4223740000,1785050000,4223740000,224.093,0.1,131597,10652.1,9.1,91.02,0.82,0.71,-0.09
4/16/2011,1485.300049,1319.680054,2764.649902,834.9799805,1.443209648,83.78299713,15.31999969,293,4223740000,1785050000,4223740000,224.093,0.1,131597,10652.1,9.1,91.02,0.82,0.71,-0.09
4/17/2011,1485.300049,1319.680054,2764.649902,834.9799805,1.443209648,83.78299713,15.31999969,293,4223740000,1785050000,4223740000,224.093,0.1,131597,10652.1,9.1,91.02,0.82,0.71,-0.09
4/18/2011,1492.300049,1305.140015,2735.379883,821.5100098,1.441295981,83.14700317,16.95999908,650,4223740000,1786230000,4223740000,224.093,0.1,131597,10652.1,9.1,91.02,0.8,0.69,-0.1
4/19/2011,1494.5,1312.619995,2744.969971,823.0100098,1.422394156,82.33399963,15.82999992,168,3886300000,1675970000,3886300000,224.093,0.1,131597,10652.1,9.1,91.02,0.76,0.68,-0.15
4/20/2011,1498.300049,1330.359985,2802.51001,839.4500122,1.433794618,82.58000183,15.06999969,386,4236280000,2094470000,4236280000,224.093,0.1,131597,10652.1,9.1,91.02,0.82,0.69,-0.12
4/21/2011,1503.199951,1337.380005,2820.159912,845.6400146,1.451399922,82.44000244,14.68999958,237,3587240000,2094470000,3587240000,224.093,0.1,131597,10652.1,9.1,91.02,0.83,0.68,-0.15
4/22/2011,1503.199951,1337.380005,2820.159912,845.6400146,1.455498219,81.89700317,14.68999958,237,3587240000,2094470000,3587240000,224.093,0.1,131597,10652.1,9.1,91.02,0.83,0.68,-0.15
4/23/2011,1503.199951,1337.380005,2820.159912,845.6400146,1.455498219,81.89700317,14.68999958,237,3587240000,2094470000,3587240000,224.093,0.1,131597,10652.1,9.1,91.02,0.83,0.68,-0.15
4/24/2011,1503.199951,1337.380005,2820.159912,845.6400146,1.455498219,81.89700317,14.68999958,237,3587240000,2094470000,3587240000,224.093,0.1,131597,10652.1,9.1,91.02,0.83,0.68,-0.15
4/25/2011,1508.599976,1335.25,2825.879883,844.2299805,1.455709934,81.87000275,15.77000046,233,2142130000,1480600000,2142130000,224.093,0.1,131597,10652.1,9.1,91.02,0.79,0.67,-0.2
4/26/2011,1503,1347.23999,2847.540039,853.039978,1.457895994,81.83999634,15.61999989,223,3908060000,2057740000,3908060000,224.093,0.1,131597,10652.1,9.1,91.02,0.76,0.65,-0.27
4/27/2011,1516.699951,1355.660034,2869.879883,858.3099976,1.468795419,81.51100159,15.35000038,460,4051570000,2071380000,4051570000,224.093,0.1,131597,10652.1,9.1,91.02,0.81,0.65,-0.31
4/28/2011,1530.800049,1360.47998,2872.530029,861.5499878,1.477999926,82.20400238,14.61999989,425,4036820000,1983630000,4036820000,224.093,0.1,131597,10652.1,9.1,91.02,0.78,0.62,-0.41
4/29/2011,1556,1363.609985,2873.540039,865.289978,1.484406352,81.52999878,14.75,124,3479070000,2455650000,3479070000,224.093,0.1,131597,10652.1,9.1,91.02,0.75,0.61,-0.48
4/30/2011,1556,1363.609985,2873.540039,865.289978,1.484406352,81.52999878,14.75,124,3479070000,2455650000,3479070000,224.093,0.1,131597,10652.1,9.1,91.02,0.75,0.61,-0.48
5/1/2011,1556,1363.609985,2873.540039,865.289978,1.484406352,81.52999878,14.75,124,3479070000,2455650000,3479070000,224.806,0.09,131704,10672.2,9,105.34,0.75,0.61,-0.48
5/2/2011,1556.699951,1361.219971,2864.080078,854.7700195,1.479399443,81.22699738,15.98999977,200,3846250000,2062630000,3846250000,224.806,0.09,131704,10672.2,9,105.34,0.75,0.61,-0.48
5/3/2011,1540.099976,1356.619995,2841.620117,843.7700195,1.48238194,81.18000031,16.70000076,246,4223740000,2214380000,4223740000,224.806,0.09,131704,10672.2,9,105.34,0.73,0.61,-0.46
5/4/2011,1514.900024,1347.319946,2828.22998,832.9000244,1.483327389,80.96900177,17.07999992,272,4223740000,2209580000,4223740000,224.806,0.09,131704,10672.2,9,105.34,0.7,0.6,-0.46
5/5/2011,1480.900024,1335.099976,2814.719971,829.2399902,1.482975483,80.63999939,18.20000076,133,3846250000,2227690000,3846250000,224.806,0.09,131704,10672.2,9,105.34,0.7,0.58,-0.4
5/6/2011,1491.199951,1340.199951,2827.560059,833.3400269,1.45443964,80.41699982,18.39999962,144,4223740000,2043740000,4223740000,224.806,0.09,131704,10672.2,9,105.34,0.71,0.57,-0.38
5/7/2011,1491.199951,1340.199951,2827.560059,833.3400269,1.45443964,80.41699982,18.39999962,144,4223740000,2043740000,4223740000,224.806,0.09,131704,10672.2,9,105.34,0.71,0.57,-0.38
5/8/2011,1491.199951,1340.199951,2827.560059,833.3400269,1.45443964,80.41699982,18.39999962,144,4223740000,2043740000,4223740000,224.806,0.09,131704,10672.2,9,105.34,0.71,0.57,-0.38
5/9/2011,1502.900024,1346.290039,2843.25,842.7999878,1.435296774,80.73400116,17.15999985,44,4265250000,1649110000,4265250000,224.806,0.09,131704,10672.2,9,105.34,0.69,0.57,-0.45
5/10/2011,1516.599976,1357.160034,2871.889893,855.9099731,1.437607884,80.24199677,15.90999985,13,4223740000,2018000000,4223740000,224.806,0.09,131704,10672.2,9,105.34,0.74,0.59,-0.4
5/11/2011,1501.099976,1342.079956,2845.060059,840.6599731,1.441109061,81.01100159,16.95000076,30,3846250000,2258770000,3846250000,224.806,0.09,131704,10672.2,9,105.34,0.76,0.56,-0.33
5/12/2011,1506.599976,1348.650024,2863.040039,847.5300293,1.421100497,81.01000214,16.03000069,11,3777210000,2209650000,3777210000,224.806,0.09,131704,10672.2,9,105.34,0.79,0.57,-0.31
5/13/2011,1493.400024,1337.77002,2828.469971,835.6699829,1.423791528,81.04000092,17.06999969,16,3426660000,1917050000,3426660000,224.806,0.09,131704,10672.2,9,105.34,0.79,0.57,-0.29
5/14/2011,1493.400024,1337.77002,2828.469971,835.6699829,1.423791528,81.04000092,17.06999969,16,3426660000,1917050000,3426660000,224.806,0.09,131704,10672.2,9,105.34,0.79,0.57,-0.29
5/15/2011,1493.400024,1337.77002,2828.469971,835.6699829,1.423791528,81.04000092,17.06999969,16,3426660000,1917050000,3426660000,224.806,0.09,131704,10672.2,9,105.34,0.79,0.57,-0.29
5/16/2011,1490.400024,1329.469971,2782.310059,822.9099731,1.407796383,80.81700134,18.23999977,10,3846250000,2066020000,3846250000,224.806,0.09,131704,10672.2,9,105.34,0.81,0.54,-0.29
5/17/2011,1479.800049,1328.97998,2783.209961,820.3599854,1.415808916,80.78199768,17.54999924,41,4053970000,2220440000,4053970000,224.806,0.09,131704,10672.2,9,105.34,0.82,0.55,-0.28
5/18/2011,1495.599976,1340.680054,2815,833.4500122,1.42689991,81.42099762,16.22999954,82,3922030000,1875150000,3922030000,224.806,0.09,131704,10672.2,9,105.34,0.82,0.58,-0.27
5/19/2011,1492.199951,1343.599976,2823.310059,835.1599731,1.425516725,81.66100311,15.52000046,1,3626110000,1753390000,3626110000,224.806,0.09,131704,10672.2,9,105.34,0.91,0.55,-0.25
5/20/2011,1508.800049,1333.27002,2803.320068,829.0599976,1.43161869,81.71399689,17.43000031,93,4066020000,1780140000,4066020000,224.806,0.09,131704,10672.2,9,105.34,0.85,0.55,-0.25
5/21/2011,1508.800049,1333.27002,2803.320068,829.0599976,1.43161869,81.71399689,17.43000031,93,4066020000,1780140000,4066020000,224.806,0.09,131704,10672.2,9,105.34,0.85,0.55,-0.25
5/22/2011,1508.800049,1333.27002,2803.320068,829.0599976,1.43161869,81.71399689,17.43000031,93,4066020000,1780140000,4066020000,224.806,0.09,131704,10672.2,9,105.34,0.85,0.55,-0.25
5/23/2011,1515.300049,1317.369995,2758.899902,814.039978,1.410576463,81.73999786,18.27000046,42,3255580000,1795680000,3255580000,224.806,0.09,131704,10672.2,9,105.34,0.84,0.55,-0.23
5/24/2011,1523.199951,1316.280029,2746.159912,810.3300171,1.403666377,81.95700073,17.81999969,4,3846250000,1875370000,3846250000,224.806,0.09,131704,10672.2,9,105.34,0.79,0.56,-0.26
5/25/2011,1526.599976,1320.469971,2761.379883,820.8699951,1.409900308,82.04799652,17.06999969,10,4109670000,1894510000,4109670000,224.806,0.09,131704,10672.2,9,105.34,0.8,0.54,-0.27
5/26/2011,1522.800049,1325.689941,2782.919922,830.8699951,1.4084903,82.02200317,16.09000015,186986,3259470000,1904400000,3259470000,224.806,0.09,131704,10672.2,9,105.34,0.76,0.48,-0.34
5/27/2011,1536.300049,1331.099976,2796.860107,836.2600098,1.413507462,81.26999664,15.97999954,76719,3124560000,1641320000,3124560000,224.806,0.09,131704,10672.2,9,105.34,0.79,0.48,-0.32
5/28/2011,1536.300049,1331.099976,2796.860107,836.2600098,1.413507462,81.26999664,15.97999954,76719,3124560000,1641320000,3124560000,224.806,0.09,131704,10672.2,9,105.34,0.79,0.48,-0.32
5/29/2011,1536.300049,1331.099976,2796.860107,836.2600098,1.413507462,81.26999664,15.97999954,76719,3124560000,1641320000,3124560000,224.806,0.09,131704,10672.2,9,105.34,0.79,0.48,-0.32
5/30/2011,1536.300049,1331.099976,2796.860107,836.2600098,1.429735661,80.83100128,15.97999954,76719,3124560000,1641320000,3124560000,224.806,0.09,131704,10672.2,9,105.34,0.79,0.48,-0.32
5/31/2011,1535.900024,1345.199951,2835.300049,848.2999878,1.43223381,80.87999725,15.44999981,6152,4696240000,2450090000,4696240000,224.806,0.09,131704,10672.2,9,105.34,0.8,0.45,-0.32
6/1/2011,1542.400024,1314.550049,2769.189941,821.4000244,1.44279325,81.45300293,18.29999924,2845,4241090000,2254850000,4241090000,224.806,0.09,131931,10694.8,9.1,84.39,0.74,0.44,-0.39
6/2/2011,1532,1312.939941,2773.310059,820.6900024,1.434493899,80.89399719,18.09000015,1651,3762170000,1919030000,3762170000,224.806,0.09,131931,10694.8,9.1,84.39,0.78,0.45,-0.37
6/3/2011,1541.699951,1300.160034,2732.780029,808.1300049,1.448603511,80.97000122,17.95000076,1745,3505030000,1936400000,3505030000,224.806,0.09,131931,10694.8,9.1,84.39,0.75,0.42,-0.43
6/4/2011,1541.699951,1300.160034,2732.780029,808.1300049,1.448603511,80.97000122,17.95000076,1745,3505030000,1936400000,3505030000,224.806,0.09,131931,10694.8,9.1,84.39,0.75,0.42,-0.43
6/5/2011,1541.699951,1300.160034,2732.780029,808.1300049,1.448603511,80.97000122,17.95000076,1745,3505030000,1936400000,3505030000,224.806,0.09,131931,10694.8,9.1,84.39,0.75,0.42,-0.43
6/6/2011,1546.5,1286.170044,2702.560059,795.3200073,1.465502143,80.22000122,18.48999977,691,3555980000,1878150000,3555980000,224.806,0.09,131931,10694.8,9.1,84.39,0.76,0.43,-0.43
6/7/2011,1543.300049,1284.939941,2701.560059,797.5499878,1.458299994,80.12000275,18.06999969,2530,3846250000,1847300000,3846250000,224.806,0.09,131931,10694.8,9.1,84.39,0.76,0.39,-0.45
6/8/2011,1538.099976,1279.560059,2675.379883,788.039978,1.468601346,80.16999817,18.79000092,489,3970810000,2089320000,3970810000,224.806,0.09,131931,10694.8,9.1,84.39,0.76,0.39,-0.49
6/9/2011,1542.099976,1289,2684.870117,792.6400146,1.460195065,79.88999939,17.77000046,288,3332510000,1704960000,3332510000,224.806,0.09,131931,10694.8,9.1,84.39,0.8,0.43,-0.43
6/10/2011,1528.599976,1270.97998,2643.72998,779.539978,1.451568365,80.29000092,18.86000061,632,3846250000,1972000000,3846250000,224.806,0.09,131931,10694.8,9.1,84.39,0.79,0.41,-0.41
6/11/2011,1528.599976,1270.97998,2643.72998,779.539978,1.451568365,80.29000092,18.86000061,632,3846250000,1972000000,3846250000,224.806,0.09,131931,10694.8,9.1,84.39,0.79,0.41,-0.41
6/12/2011,1528.599976,1270.97998,2643.72998,779.539978,1.451568365,80.29000092,18.86000061,632,3846250000,1972000000,3846250000,224.806,0.09,131931,10694.8,9.1,84.39,0.79,0.41,-0.41
6/13/2011,1515,1271.829956,2639.689941,777.2000122,1.433260322,80.33999634,19.61000061,851,4132520000,1847050000,4132520000,224.806,0.09,131931,10694.8,9.1,84.39,0.8,0.4,-0.4
6/14/2011,1523.800049,1287.869995,2678.719971,793.9899902,1.441690803,80.1760025,18.26000023,306,3500280000,1701300000,3500280000,224.806,0.09,131931,10694.8,9.1,84.39,0.83,0.45,-0.34
6/15/2011,1525.599976,1265.420044,2631.459961,779.460022,1.445003152,80.54000092,21.31999969,648,4070500000,1982430000,4070500000,224.806,0.09,131931,10694.8,9.1,84.39,0.74,0.38,-0.44
6/16/2011,1529.300049,1267.640015,2623.699951,781.539978,1.418198228,80.87999725,22.72999954,164,3846250000,1958250000,3846250000,224.806,0.09,131931,10694.8,9.1,84.39,0.73,0.38,-0.43
6/17/2011,1538.599976,1271.5,2616.47998,781.75,1.419909954,80.57700348,21.85000038,72,4916460000,2393690000,4916460000,224.806,0.09,131931,10694.8,9.1,84.39,0.75,0.38,-0.37
6/18/2011,1538.599976,1271.5,2616.47998,781.75,1.419909954,80.57700348,21.85000038,72,4916460000,2393690000,4916460000,224.806,0.09,131931,10694.8,9.1,84.39,0.75,0.38,-0.37
6/19/2011,1538.599976,1271.5,2616.47998,781.75,1.419909954,80.57700348,21.85000038,72,4916460000,2393690000,4916460000,224.806,0.09,131931,10694.8,9.1,84.39,0.75,0.38,-0.37
6/20/2011,1541.5,1278.359985,2629.659912,788.4799805,1.428510189,80.0759964,19.98999977,99,3464660000,1625850000,3464660000,224.806,0.09,131931,10694.8,9.1,84.39,0.79,0.38,-0.34
6/21/2011,1546,1295.52002,2687.26001,806.3699951,1.432541609,80.23400116,18.86000061,125,4056150000,1882490000,4056150000,224.806,0.09,131931,10694.8,9.1,84.39,0.78,0.4,-0.34
6/22/2011,1552.900024,1287.140015,2669.189941,799.8699951,1.438166022,80.22100067,18.52000046,222,3718420000,1617370000,3718420000,224.806,0.09,131931,10694.8,9.1,84.39,0.82,0.39,-0.32
6/23/2011,1520.099976,1283.5,2686.75,802.6799927,1.431434274,80.38300323,19.29000092,300,4983450000,2060450000,4983450000,224.806,0.09,131931,10694.8,9.1,84.39,0.71,0.35,-0.33
6/24/2011,1500.5,1268.449951,2652.889893,797.789978,1.427001715,80.44000244,21.10000038,257,3665340000,2842870000,3665340000,224.806,0.09,131931,10694.8,9.1,84.39,0.64,0.35,-0.39
6/25/2011,1500.5,1268.449951,2652.889893,797.789978,1.427001715,80.44000244,21.10000038,257,3665340000,2842870000,3665340000,224.806,0.09,131931,10694.8,9.1,84.39,0.64,0.35,-0.39
6/26/2011,1500.5,1268.449951,2652.889893,797.789978,1.427001715,80.44000244,21.10000038,257,3665340000,2842870000,3665340000,224.806,0.09,131931,10694.8,9.1,84.39,0.64,0.35,-0.39
6/27/2011,1496,1280.099976,2688.280029,805.1400146,1.417133212,80.45999908,20.55999947,140,3479070000,1710740000,3479070000,224.806,0.09,131931,10694.8,9.1,84.39,0.67,0.41,-0.33
6/28/2011,1499.699951,1296.670044,2729.310059,817.3099976,1.431680202,80.84999847,19.17000008,508,3681500000,1682590000,3681500000,224.806,0.09,131931,10694.8,9.1,84.39,0.73,0.48,-0.26
6/29/2011,1509.900024,1307.410034,2740.48999,819.9199829,1.435791492,81.08000183,17.27000046,395,4347540000,1804490000,4347540000,224.806,0.09,131931,10694.8,9.1,84.39,0.74,0.47,-0.3
6/30/2011,1502.300049,1320.640015,2773.52002,827.4299927,1.447890401,80.70999908,16.52000046,69,4200500000,1859130000,4200500000,224.806,0.09,131931,10694.8,9.1,84.39,0.75,0.45,-0.27
7/1/2011,1482.300049,1339.670044,2816.030029,840.039978,1.449695468,80.59999847,15.86999989,66,3796930000,1646380000,3796930000,225.395,0.07,131993,10731.6,9,78.92,0.77,0.5,-0.25
7/2/2011,1482.300049,1339.670044,2816.030029,840.039978,1.449695468,80.59999847,15.86999989,66,3796930000,1646380000,3796930000,225.395,0.07,131993,10731.6,9,78.92,0.77,0.5,-0.25
7/3/2011,1482.300049,1339.670044,2816.030029,840.039978,1.449695468,80.59999847,15.86999989,66,3796930000,1646380000,3796930000,225.395,0.07,131993,10731.6,9,78.92,0.77,0.5,-0.25
7/4/2011,1482.300049,1339.670044,2816.030029,840.039978,1.453995585,80.87999725,15.86999989,66,3796930000,1646380000,3796930000,225.395,0.07,131993,10731.6,9,78.92,0.77,0.5,-0.25
7/5/2011,1512.300049,1337.880005,2825.77002,841.6199951,1.455307484,80.73300171,16.05999947,199,3722320000,1556620000,3722320000,225.395,0.07,131993,10731.6,9,78.92,0.77,0.44,-0.33
7/6/2011,1528.699951,1339.219971,2834.02002,845.2299805,1.442813993,81.06999969,16.34000015,71,3564190000,1639490000,3564190000,225.395,0.07,131993,10731.6,9,78.92,0.74,0.43,-0.37
7/7/2011,1530.199951,1353.219971,2872.659912,858.1099854,1.433157563,80.93800354,15.94999981,55,4069530000,1873710000,4069530000,225.395,0.07,131993,10731.6,9,78.92,0.75,0.49,-0.36
7/8/2011,1541.199951,1343.800049,2859.810059,852.5700073,1.436451316,81.23000336,15.94999981,3,3594360000,1612120000,3594360000,225.395,0.07,131993,10731.6,9,78.92,0.69,0.4,-0.44
7/9/2011,1541.199951,1343.800049,2859.810059,852.5700073,1.436451316,81.23000336,15.94999981,3,3594360000,1612120000,3594360000,225.395,0.07,131993,10731.6,9,78.92,0.69,0.4,-0.44
7/10/2011,1541.199951,1343.800049,2859.810059,852.5700073,1.436451316,81.23000336,15.94999981,3,3594360000,1612120000,3594360000,225.395,0.07,131993,10731.6,9,78.92,0.69,0.4,-0.44
7/11/2011,1548.800049,1319.48999,2802.620117,833.539978,1.420192361,80.65000153,18.38999939,14,3879130000,1765920000,3879130000,225.395,0.07,131993,10731.6,9,78.92,0.63,0.37,-0.52
7/12/2011,1561.900024,1313.640015,2781.909912,829.7700195,1.404060483,80.29000092,19.87000084,8,4227890000,2015410000,4227890000,225.395,0.07,131993,10731.6,9,78.92,0.6,0.37,-0.54
7/13/2011,1585.199951,1317.719971,2796.919922,836.9799805,1.396901608,79.31800079,19.90999985,29,4060080000,1885510000,4060080000,225.395,0.07,131993,10731.6,9,78.92,0.59,0.37,-0.54
7/14/2011,1589,1308.869995,2762.669922,823.3200073,1.423426747,78.91999817,20.79999924,19,4358570000,1946500000,4358570000,225.395,0.07,131993,10731.6,9,78.92,0.68,0.38,-0.47
7/15/2011,1589.800049,1316.140015,2789.800049,828.7800293,1.415728688,79.18000031,19.53000069,8,4242760000,1804380000,4242760000,225.395,0.07,131993,10731.6,9,78.92,0.61,0.37,-0.52
7/16/2011,1589.800049,1316.140015,2789.800049,828.7800293,1.415728688,79.18000031,19.53000069,8,4242760000,1804380000,4242760000,225.395,0.07,131993,10731.6,9,78.92,0.61,0.37,-0.52
7/17/2011,1589.800049,1316.140015,2789.800049,828.7800293,1.415728688,79.18000031,19.53000069,8,4242760000,1804380000,4242760000,225.395,0.07,131993,10731.6,9,78.92,0.61,0.37,-0.52
7/18/2011,1602.099976,1305.439941,2765.110107,815.9699707,1.412309647,79.11299896,20.95000076,13,4118160000,1752220000,4118160000,225.395,0.07,131993,10731.6,9,78.92,0.58,0.37,-0.55
7/19/2011,1600.900024,1326.72998,2826.52002,834.6199951,1.411193609,79.05000305,19.20999908,63,4304600000,1882760000,4304600000,225.395,0.07,131993,10731.6,9,78.92,0.54,0.39,-0.57
7/20/2011,1596.699951,1325.839966,2814.22998,832.3400269,1.417293906,79.12599945,19.09000015,9,3767420000,1863670000,3767420000,225.395,0.07,131993,10731.6,9,78.92,0.62,0.4,-0.52
7/21/2011,1586.800049,1343.800049,2834.429932,841.2600098,1.427001715,78.7539978,17.55999947,24,4837430000,2284150000,4837430000,225.395,0.07,131993,10731.6,9,78.92,0.68,0.4,-0.48
7/22/2011,1601.300049,1345.02002,2858.830078,841.8200073,1.442002654,78.58399963,17.52000046,12,3522830000,1665220000,3522830000,225.395,0.07,131993,10731.6,9,78.92,0.61,0.4,-0.5
7/23/2011,1601.300049,1345.02002,2858.830078,841.8200073,1.442002654,78.58399963,17.52000046,12,3522830000,1665220000,3522830000,225.395,0.07,131993,10731.6,9,78.92,0.61,0.4,-0.5
7/24/2011,1601.300049,1345.02002,2858.830078,841.8200073,1.442002654,78.58399963,17.52000046,12,3522830000,1665220000,3522830000,225.395,0.07,131993,10731.6,9,78.92,0.61,0.4,-0.5
7/25/2011,1612,1337.430054,2842.800049,831.4000244,1.438848972,78.37999725,19.35000038,67,3536890000,1613240000,3536890000,225.395,0.07,131993,10731.6,9,78.92,0.58,0.42,-0.51
7/26/2011,1616.599976,1331.939941,2839.959961,824.8300171,1.437153339,78.30000305,20.22999954,28,4007050000,1739980000,4007050000,225.395,0.07,131993,10731.6,9,78.92,0.57,0.41,-0.5
7/27/2011,1615,1304.890015,2764.790039,800.5300293,1.450810194,77.91400146,22.97999954,232220,3479040000,2367470000,3479040000,225.395,0.07,131993,10731.6,9,78.92,0.56,0.44,-0.54
7/28/2011,1613.400024,1300.670044,2766.25,799.3400269,1.43729794,77.93000031,23.73999977,70263,4951800000,2067020000,4951800000,225.395,0.07,131993,10731.6,9,78.92,0.52,0.42,-0.59
7/29/2011,1628.300049,1292.280029,2756.379883,797.0300293,1.433198571,77.73000336,25.25,6761,5061190000,2301210000,5061190000,225.395,0.07,131993,10731.6,9,78.92,0.38,0.36,-0.72
7/30/2011,1628.300049,1292.280029,2756.379883,797.0300293,1.433198571,77.73000336,25.25,6761,5061190000,2301210000,5061190000,225.395,0.07,131993,10731.6,9,78.92,0.38,0.36,-0.72
7/31/2011,1628.300049,1292.280029,2756.379883,797.0300293,1.433198571,77.73000336,25.25,6761,5061190000,2301210000,5061190000,225.395,0.07,131993,10731.6,9,78.92,0.38,0.36,-0.72
8/1/2011,1619,1286.939941,2744.610107,792.8499756,1.436368823,77.21299744,23.65999985,2889,4967390000,2209790000,4967390000,226.106,0.1,132125,10750.3,9,86.95,0.33,0.38,-0.75
8/2/2011,1641.900024,1254.050049,2669.23999,767.0100098,1.426208019,77.45999908,24.79000092,2440,5206290000,2377250000,5206290000,226.106,0.1,132125,10750.3,9,86.95,0.29,0.33,-0.76
8/3/2011,1663.400024,1260.339966,2693.070068,772.7800293,1.417333961,77.33499908,23.37999916,2024,6446940000,2601310000,6446940000,226.106,0.1,132125,10750.3,9,86.95,0.36,0.33,-0.62
8/4/2011,1656.199951,1200.069946,2556.389893,726.7999878,1.435296774,77.11199951,31.65999985,1952,4266530000,3272990000,4266530000,226.106,0.1,132125,10750.3,9,86.95,0.24,0.27,-0.67
8/5/2011,1648.800049,1199.380005,2532.409912,714.6300049,1.406707168,79.29000092,32,825,5454590000,3750150000,5454590000,226.106,0.1,132125,10750.3,9,86.95,0.32,0.28,-0.59
8/6/2011,1648.800049,1199.380005,2532.409912,714.6300049,1.406707168,79.29000092,32,825,5454590000,3750150000,5454590000,226.106,0.1,132125,10750.3,9,86.95,0.32,0.28,-0.59
8/7/2011,1648.800049,1199.380005,2532.409912,714.6300049,1.406707168,79.29000092,32,825,5454590000,3750150000,5454590000,226.106,0.1,132125,10750.3,9,86.95,0.32,0.28,-0.59
8/8/2011,1710.199951,1119.459961,2357.689941,650.960022,1.42940855,78.2539978,48,1885,2615150000,3987990000,2615150000,226.106,0.1,132125,10750.3,9,86.95,0.2,0.27,-0.63
8/9/2011,1740,1172.530029,2482.52002,696.1599731,1.417072892,77.58499908,35.06000137,1861,2366660000,3803050000,2366660000,226.106,0.1,132125,10750.3,9,86.95,0,0.19,-0.84
8/10/2011,1781.300049,1120.76001,2381.050049,660.210022,1.438310862,77.05000305,42.99000168,969,5018070000,3397010000,5018070000,226.106,0.1,132125,10750.3,9,86.95,-0.13,0.19,-1.02
8/11/2011,1748.800049,1172.640015,2492.679932,695.8900146,1.412469268,76.75900269,39,1503,3685050000,3134140000,3685050000,226.106,0.1,132125,10750.3,9,86.95,0.06,0.19,-0.84
8/12/2011,1740.199951,1178.810059,2507.97998,697.5,1.422636986,76.86000061,36.36000061,1166,5640380000,2232470000,5640380000,226.106,0.1,132125,10750.3,9,86.95,-0.02,0.2,-0.88
8/13/2011,1740.199951,1178.810059,2507.97998,697.5,1.422636986,76.86000061,36.36000061,1166,5640380000,2232470000,5640380000,226.106,0.1,132125,10750.3,9,86.95,-0.02,0.2,-0.88
8/14/2011,1740.199951,1178.810059,2507.97998,697.5,1.422636986,76.86000061,36.36000061,1166,5640380000,2232470000,5640380000,226.106,0.1,132125,10750.3,9,86.95,-0.02,0.2,-0.88
8/15/2011,1755.5,1204.48999,2555.199951,718.6300049,1.427409172,76.81999969,31.87000084,976,4272850000,1945850000,4272850000,226.106,0.1,132125,10750.3,9,86.95,0.06,0.19,-0.81
8/16/2011,1782.400024,1192.76001,2523.449951,704.7600098,1.443834782,76.83999634,32.84999847,278,5071600000,2074370000,5071600000,226.106,0.1,132125,10750.3,9,86.95,0.05,0.2,-0.79
8/17/2011,1791.199951,1193.890015,2511.47998,704.0300293,1.439801812,76.7539978,31.57999992,231,4388340000,1913320000,4388340000,226.106,0.1,132125,10750.3,9,86.95,0.01,0.19,-0.81
8/18/2011,1818.900024,1140.650024,2380.429932,662.5100098,1.442918181,76.54699707,42.66999817,868,3234810000,2775580000,3234810000,226.106,0.1,132125,10750.3,9,86.95,0.09,0.2,-0.72
8/19/2011,1848.900024,1123.530029,2341.840088,651.7000122,1.432439089,76.63700104,43.04999924,328,5167560000,2385300000,5167560000,226.106,0.1,132125,10750.3,9,86.95,0.02,0.2,-0.8
8/20/2011,1848.900024,1123.530029,2341.840088,651.7000122,1.432439089,76.63700104,43.04999924,328,5167560000,2385300000,5167560000,226.106,0.1,132125,10750.3,9,86.95,0.02,0.2,-0.8
8/21/2011,1848.900024,1123.530029,2341.840088,651.7000122,1.432439089,76.63700104,43.04999924,328,5167560000,2385300000,5167560000,226.106,0.1,132125,10750.3,9,86.95,0.02,0.2,-0.8
8/22/2011,1888.699951,1123.819946,2345.379883,651.3400269,1.436926126,76.78600311,42.43999863,1106,5436260000,1957230000,5436260000,226.106,0.1,132125,10750.3,9,86.95,0.03,0.22,-0.79
8/23/2011,1858.300049,1162.349976,2446.060059,683.0700073,1.436100721,76.83200073,36.27000046,458,5013170000,2147270000,5013170000,226.106,0.1,132125,10750.3,9,86.95,0.13,0.22,-0.71
8/24/2011,1754.099976,1177.599976,2467.689941,692.5700073,1.44370985,76.66000366,35.90000153,992,5315310000,1888640000,5315310000,226.106,0.1,132125,10750.3,9,86.95,0.25,0.23,-0.6
8/25/2011,1759.800049,1159.27002,2419.629883,674.4199829,1.441233754,77.0530014,39.75999832,864,5748420000,1789230000,5748420000,226.106,0.1,132125,10750.3,9,86.95,0.13,0.22,-0.7
8/26/2011,1794.099976,1176.800049,2479.850098,691.789978,1.43729794,77.43499756,35.59000015,270,5035320000,1852130000,5035320000,226.106,0.1,132125,10750.3,9,86.95,0.15,0.2,-0.7
8/27/2011,1794.099976,1176.800049,2479.850098,691.789978,1.43729794,77.43499756,35.59000015,270,5035320000,1852130000,5035320000,226.106,0.1,132125,10750.3,9,86.95,0.15,0.2,-0.7
8/28/2011,1794.099976,1176.800049,2479.850098,691.789978,1.43729794,77.43499756,35.59000015,270,5035320000,1852130000,5035320000,226.106,0.1,132125,10750.3,9,86.95,0.15,0.2,-0.7
8/29/2011,1788.400024,1210.079956,2562.110107,724.6500244,1.449506402,76.68199921,32.27999878,828,4228070000,1615510000,4228070000,226.106,0.1,132125,10750.3,9,86.95,0.22,0.2,-0.68
8/30/2011,1826.699951,1212.920044,2576.110107,728.0800171,1.452432871,76.93299866,32.88999939,598,4572570000,1871800000,4572570000,226.106,0.1,132125,10750.3,9,86.95,0.14,0.2,-0.73
8/31/2011,1828.5,1218.890015,2579.459961,726.8099976,1.443313837,76.7009964,31.62000084,336,5267840000,1995490000,5267840000,226.106,0.1,132125,10750.3,9,86.95,0.18,0.2,-0.76
9/1/2011,1826,1204.420044,2546.040039,708.9199829,1.437463164,76.73000336,31.81999969,263,4780410000,1742440000,4780410000,226.597,0.08,132344,10783.2,9,83.35,0.07,0.19,-0.82
9/2/2011,1873.699951,1173.969971,2480.330078,683.3599854,1.426208019,76.86000061,33.91999817,442,4401740000,1571530000,4401740000,226.597,0.08,132344,10783.2,9,83.35,0,0.2,-0.84
9/3/2011,1873.699951,1173.969971,2480.330078,683.3599854,1.426208019,76.86000061,33.91999817,442,4401740000,1571530000,4401740000,226.597,0.08,132344,10783.2,9,83.35,0,0.2,-0.84
9/4/2011,1873.699951,1173.969971,2480.330078,683.3599854,1.426208019,76.86000061,33.91999817,442,4401740000,1571530000,4401740000,226.597,0.08,132344,10783.2,9,83.35,0,0.2,-0.84
9/5/2011,1873.699951,1173.969971,2480.330078,683.3599854,1.415768862,76.90200043,33.91999817,442,4401740000,1571530000,4401740000,226.597,0.08,132344,10783.2,9,83.35,0,0.2,-0.84
9/6/2011,1869.900024,1165.23999,2473.830078,680.8699951,1.406311512,76.90200043,37,536,5103980000,1737170000,5103980000,226.597,0.08,132344,10783.2,9,83.35,0.05,0.21,-0.75
9/7/2011,1814.199951,1198.619995,2548.939941,709.4699707,1.400324941,77.61799622,33.38000107,470,4441040000,1791480000,4441040000,226.597,0.08,132344,10783.2,9,83.35,0.09,0.21,-0.75
9/8/2011,1854.400024,1185.900024,2529.139893,694.9199829,1.408569694,77.3010025,34.31999969,142,4465170000,1979990000,4465170000,226.597,0.08,132344,10783.2,9,83.35,0,0.19,-0.85
9/9/2011,1856.400024,1154.22998,2467.98999,673.960022,1.390414476,77.50800323,38.52000046,188,4586370000,2054190000,4586370000,226.597,0.08,132344,10783.2,9,83.35,-0.03,0.17,-0.84
9/10/2011,1856.400024,1154.22998,2467.98999,673.960022,1.390414476,77.50800323,38.52000046,188,4586370000,2054190000,4586370000,226.597,0.08,132344,10783.2,9,83.35,-0.03,0.17,-0.84
9/11/2011,1856.400024,1154.22998,2467.98999,673.960022,1.390414476,77.50800323,38.52000046,188,4586370000,2054190000,4586370000,226.597,0.08,132344,10783.2,9,83.35,-0.03,0.17,-0.84
9/12/2011,1809.900024,1162.27002,2495.090088,679.7600098,1.360081553,77.46299744,38.59000015,245,5168550000,1980350000,5168550000,226.597,0.08,132344,10783.2,9,83.35,0,0.21,-0.76
9/13/2011,1826.800049,1172.869995,2532.149902,691.7399902,1.366026878,77.18000031,36.90999985,52,4681370000,1931390000,4681370000,226.597,0.08,132344,10783.2,9,83.35,0.07,0.21,-0.72
9/14/2011,1823.5,1188.680054,2572.550049,704.1199951,1.368606925,76.93199921,34.59999847,156,4986740000,2323770000,4986740000,226.597,0.08,132344,10783.2,9,83.35,0.12,0.19,-0.67
9/15/2011,1778.5,1209.109985,2607.070068,713.5100098,1.374608278,76.67700195,31.96999931,80,4479730000,1967730000,4479730000,226.597,0.08,132344,10783.2,9,83.35,0.13,0.21,-0.78
9/16/2011,1812.099976,1216.01001,2622.310059,714.3099976,1.386904836,76.73400116,30.97999954,111,5248890000,2703730000,5248890000,226.597,0.08,132344,10783.2,9,83.35,0.13,0.18,-0.75
9/17/2011,1812.099976,1216.01001,2622.310059,714.3099976,1.386904836,76.73400116,30.97999954,111,5248890000,2703730000,5248890000,226.597,0.08,132344,10783.2,9,83.35,0.13,0.18,-0.75
9/18/2011,1812.099976,1216.01001,2622.310059,714.3099976,1.386904836,76.73400116,30.97999954,111,5248890000,2703730000,5248890000,226.597,0.08,132344,10783.2,9,83.35,0.13,0.18,-0.75
9/19/2011,1776.400024,1204.089966,2612.830078,702.2299805,1.370144606,76.91000366,32.72999954,13,4254190000,1891770000,4254190000,226.597,0.08,132344,10783.2,9,83.35,0.09,0.16,-0.76
9/20/2011,1806.599976,1202.089966,2590.23999,689.9500122,1.360562682,76.59600067,32.86000061,86,4315610000,1914990000,4315610000,226.597,0.08,132344,10783.2,9,83.35,0.04,0.18,-0.82
9/21/2011,1805.5,1166.76001,2538.189941,664.5800171,1.369394064,76.46299744,37.31999969,22,4728550000,2172030000,4728550000,226.597,0.08,132344,10783.2,9,83.35,0.02,0.21,-0.78
9/22/2011,1739.199951,1129.560059,2455.669922,643.4199829,1.358603358,76.53800201,41.34999847,23,6703140000,2919330000,6703140000,226.597,0.08,132344,10783.2,9,83.35,0.01,0.2,-0.7
9/23/2011,1637.5,1136.430054,2483.22998,652.4299927,1.34809041,76.30599976,41.25,81,5639930000,1975200000,5639930000,226.597,0.08,132344,10783.2,9,83.35,0.1,0.23,-0.59
9/24/2011,1637.5,1136.430054,2483.22998,652.4299927,1.34809041,76.30599976,41.25,81,5639930000,1975200000,5639930000,226.597,0.08,132344,10783.2,9,83.35,0.1,0.23,-0.59
9/25/2011,1637.5,1136.430054,2483.22998,652.4299927,1.34809041,76.30599976,41.25,81,5639930000,1975200000,5639930000,226.597,0.08,132344,10783.2,9,83.35,0.1,0.23,-0.59
9/26/2011,1592.5,1162.949951,2516.689941,665.6199951,1.3547014,76.54000092,39.02000046,151,4762830000,1982710000,4762830000,226.597,0.08,132344,10783.2,9,83.35,0.12,0.25,-0.56
9/27/2011,1650.599976,1175.380005,2546.830078,680.2299805,1.351807952,76.33599854,37.70999908,47,5548130000,2095620000,5548130000,226.597,0.08,132344,10783.2,9,83.35,0.12,0.25,-0.6
9/28/2011,1616.300049,1151.060059,2491.580078,651.9699707,1.358234286,76.80799866,41.08000183,21275,4787920000,1929310000,4787920000,226.597,0.08,132344,10783.2,9,83.35,0.16,0.27,-0.58
9/29/2011,1615.5,1160.400024,2480.76001,662.7999878,1.353766203,76.54000092,38.84000015,7181,5285740000,2290370000,5285740000,226.597,0.08,132344,10783.2,9,83.35,0.17,0.27,-0.56
9/30/2011,1620.400024,1131.420044,2415.399902,644.1599731,1.358584881,76.76499939,42.95999908,284,4416790000,2041370000,4416790000,226.597,0.08,132344,10783.2,9,83.35,0.17,0.25,-0.54
10/1/2011,1620.400024,1131.420044,2415.399902,644.1599731,1.358584881,76.76499939,42.95999908,284,4416790000,2041370000,4416790000,226.75,0.07,132553,10802.9,8.8,76.34,0.17,0.25,-0.54
10/2/2011,1620.400024,1131.420044,2415.399902,644.1599731,1.358584881,76.76499939,42.95999908,284,4416790000,2041370000,4416790000,226.75,0.07,132553,10802.9,8.8,76.34,0.17,0.25,-0.54
10/3/2011,1656,1099.22998,2335.830078,609.4899902,1.336094618,77.19000244,45.45000076,101,5670340000,2547690000,5670340000,226.75,0.07,132553,10802.9,8.8,76.34,0.07,0.24,-0.61
10/4/2011,1614.699951,1123.949951,2404.820068,648.6400146,1.319504857,76.59200287,40.81999969,159,3714670000,3040940000,3714670000,226.75,0.07,132553,10802.9,8.8,76.34,0.05,0.25,-0.59
10/5/2011,1640.300049,1144.030029,2460.51001,658.1099854,1.333013415,76.76000214,37.81000137,114,2510620000,2472400000,2510620000,226.75,0.07,132553,10802.9,8.8,76.34,0.12,0.25,-0.54
10/6/2011,1651.900024,1164.969971,2506.820068,673.7999878,1.333991528,76.78199768,36.27000046,38,5098330000,2249140000,5098330000,226.75,0.07,132553,10802.9,8.8,76.34,0.13,0.29,-0.57
10/7/2011,1634.5,1155.459961,2479.350098,656.210022,1.342894673,76.65799713,36.20000076,66,5580380000,2084900000,5580380000,226.75,0.07,132553,10802.9,8.8,76.34,0.16,0.3,-0.55
10/8/2011,1634.5,1155.459961,2479.350098,656.210022,1.342894673,76.65799713,36.20000076,66,5580380000,2084900000,5580380000,226.75,0.07,132553,10802.9,8.8,76.34,0.16,0.3,-0.55
10/9/2011,1634.5,1155.459961,2479.350098,656.210022,1.342894673,76.65799713,36.20000076,66,5580380000,2084900000,5580380000,226.75,0.07,132553,10802.9,8.8,76.34,0.16,0.3,-0.55
10/10/2011,1669.599976,1194.890015,2566.050049,684.9000244,1.33859849,76.76999664,33.02000046,61,4446800000,1574750000,4446800000,226.75,0.07,132553,10802.9,8.8,76.34,0.16,0.3,-0.55
10/11/2011,1659.699951,1195.540039,2583.030029,688.9699707,1.36354959,76.66000366,32.86000061,151,4424500000,1661400000,4424500000,226.75,0.07,132553,10802.9,8.8,76.34,0.23,0.32,-0.51
10/12/2011,1681.300049,1207.25,2604.72998,700.3800049,1.364573002,76.66699982,31.26000023,37,5355360000,1967190000,5355360000,226.75,0.07,132553,10802.9,8.8,76.34,0.26,0.29,-0.5
10/13/2011,1667.300049,1203.660034,2620.23999,698.8200073,1.379196286,77.18000031,30.70000076,148,4436270000,1675220000,4436270000,226.75,0.07,132553,10802.9,8.8,76.34,0.27,0.29,-0.5
10/14/2011,1681.800049,1224.579956,2667.850098,712.460022,1.373550892,76.87999725,28.23999977,51,4116690000,1664350000,4116690000,226.75,0.07,132553,10802.9,8.8,76.34,0.28,0.28,-0.54
10/15/2011,1681.800049,1224.579956,2667.850098,712.460022,1.373550892,76.87999725,28.23999977,51,4116690000,1664350000,4116690000,226.75,0.07,132553,10802.9,8.8,76.34,0.28,0.28,-0.54
10/16/2011,1681.800049,1224.579956,2667.850098,712.460022,1.373550892,76.87999725,28.23999977,51,4116690000,1664350000,4116690000,226.75,0.07,132553,10802.9,8.8,76.34,0.28,0.28,-0.54
10/17/2011,1675.5,1200.859985,2614.919922,688.5999756,1.387905836,77.22000122,33.38999939,41,4300700000,1675210000,4300700000,226.75,0.07,132553,10802.9,8.8,76.34,0.24,0.28,-0.58
10/18/2011,1651.699951,1225.380005,2657.429932,709.3400269,1.374400377,76.83100128,31.55999947,85,4840170000,1931690000,4840170000,226.75,0.07,132553,10802.9,8.8,76.34,0.22,0.28,-0.65
10/19/2011,1646,1209.880005,2604.040039,694.3699951,1.374003768,76.77700043,34.43999863,22,4846390000,1980180000,4846390000,226.75,0.07,132553,10802.9,8.8,76.34,0.23,0.28,-0.66
10/20/2011,1611.900024,1215.390015,2598.620117,696.4199829,1.376500368,76.80000305,34.77999878,92,4870290000,2040180000,4870290000,226.75,0.07,132553,10802.9,8.8,76.34,0.22,0.28,-0.65
10/21/2011,1635.099976,1238.25,2637.459961,712.4199829,1.377903938,76.86000061,31.31999969,32,4980770000,2019950000,4980770000,226.75,0.07,132553,10802.9,8.8,76.34,0.23,0.3,-0.66
10/22/2011,1635.099976,1238.25,2637.459961,712.4199829,1.377903938,76.86000061,31.31999969,32,4980770000,2019950000,4980770000,226.75,0.07,132553,10802.9,8.8,76.34,0.23,0.3,-0.66
10/23/2011,1635.099976,1238.25,2637.459961,712.4199829,1.377903938,76.86000061,31.31999969,32,4980770000,2019950000,4980770000,226.75,0.07,132553,10802.9,8.8,76.34,0.23,0.3,-0.66
10/24/2011,1651.5,1254.189941,2699.439941,736.0300293,1.384773016,76.20999908,29.26000023,313,4309380000,1884450000,4309380000,226.75,0.07,132553,10802.9,8.8,76.34,0.23,0.3,-0.66
10/25/2011,1699.599976,1229.050049,2638.419922,713.6500244,1.392234087,76.13200378,32.22000122,355,4473970000,1777770000,4473970000,226.75,0.07,132553,10802.9,8.8,76.34,0.12,0.26,-0.75
10/26/2011,1722.699951,1242,2650.669922,727.1500244,1.3904531,76.10900116,29.86000061,135,4873530000,2118650000,4873530000,226.75,0.07,132553,10802.9,8.8,76.34,0.15,0.28,-0.74
10/27/2011,1746.699951,1284.589966,2738.629883,765.4299927,1.387694001,76.18399811,25.45999908,494,6367610000,2810680000,6367610000,226.75,0.07,132553,10802.9,8.8,76.34,0.24,0.31,-0.74
10/28/2011,1746.199951,1285.089966,2737.149902,761,1.41739428,75.93000031,24.53000069,158,4536690000,1838530000,4536690000,226.75,0.07,132553,10802.9,8.8,76.34,0.19,0.28,-0.8
10/29/2011,1746.199951,1285.089966,2737.149902,761,1.41739428,75.93000031,24.53000069,158,4536690000,1838530000,4536690000,226.75,0.07,132553,10802.9,8.8,76.34,0.19,0.28,-0.8
10/30/2011,1746.199951,1285.089966,2737.149902,761,1.41739428,75.93000031,24.53000069,158,4536690000,1838530000,4536690000,226.75,0.07,132553,10802.9,8.8,76.34,0.19,0.28,-0.8
10/31/2011,1724.199951,1253.300049,2684.409912,741.0599976,1.414007187,75.73999786,29.95999908,62,4310210000,1772560000,4310210000,226.75,0.07,132553,10802.9,8.8,76.34,0.08,0.25,-0.89
11/1/2011,1711,1218.280029,2606.959961,713.8900146,1.386001468,78.30799866,34.77000046,246,5645540000,2294220000,5645540000,227.169,0.08,132690,10806.8,8.6,83.16,-0.04,0.23,-0.92
11/2/2011,1728.699951,1237.900024,2639.97998,733.2600098,1.365597844,78.30599976,32.74000168,294,4110530000,1921790000,4110530000,227.169,0.08,132690,10806.8,8.6,83.16,-0.07,0.23,-1.02
11/3/2011,1764.199951,1261.150024,2697.969971,751.5300293,1.369000435,78.13899994,30.5,290,4849140000,2106240000,4849140000,227.169,0.08,132690,10806.8,8.6,83.16,0,0.24,-1
11/4/2011,1755.300049,1253.22998,2686.149902,746.4899902,1.38299191,78.0530014,30.15999985,47,3830650000,1930750000,3830650000,227.169,0.08,132690,10806.8,8.6,83.16,-0.06,0.22,-1.05
11/5/2011,1755.300049,1253.22998,2686.149902,746.4899902,1.38299191,78.0530014,30.15999985,47,3830650000,1930750000,3830650000,227.169,0.08,132690,10806.8,8.6,83.16,-0.06,0.22,-1.05
11/6/2011,1755.300049,1253.22998,2686.149902,746.4899902,1.38299191,78.0530014,30.15999985,47,3830650000,1930750000,3830650000,227.169,0.08,132690,10806.8,8.6,83.16,-0.06,0.22,-1.05
11/7/2011,1790.300049,1261.119995,2695.25,745.2700195,1.378929973,78.12999725,29.85000038,35,3429740000,1712700000,3429740000,227.169,0.08,132690,10806.8,8.6,83.16,-0.1,0.25,-1.06
11/8/2011,1798.400024,1275.920044,2727.48999,755.2700195,1.376007915,78.07700348,27.47999954,14,3908490000,1850270000,3908490000,227.169,0.08,132690,10806.8,8.6,83.16,-0.03,0.25,-0.97
11/9/2011,1790.900024,1229.099976,2621.649902,718.8599854,1.382647872,77.70800018,36.15999985,6,4659740000,2144160000,4659740000,227.169,0.08,132690,10806.8,8.6,83.16,-0.04,0.24,-0.99
11/10/2011,1758.900024,1239.699951,2625.149902,725.4799805,1.352667451,77.75800323,32.81000137,16,4002760000,1892390000,4002760000,227.169,0.08,132690,10806.8,8.6,83.16,-0.04,0.24,-0.98
11/11/2011,1787.5,1263.849976,2678.75,744.6400146,1.361007214,77.65200043,30.04000092,28,3370180000,1602640000,3370180000,227.169,0.08,132690,10806.8,8.6,83.16,-0.04,0.24,-0.98
11/12/2011,1787.5,1263.849976,2678.75,744.6400146,1.361007214,77.65200043,30.04000092,28,3370180000,1602640000,3370180000,227.169,0.08,132690,10806.8,8.6,83.16,-0.04,0.24,-0.98
11/13/2011,1787.5,1263.849976,2678.75,744.6400146,1.361007214,77.65200043,30.04000092,28,3370180000,1602640000,3370180000,227.169,0.08,132690,10806.8,8.6,83.16,-0.04,0.24,-0.98
11/14/2011,1777.800049,1251.780029,2657.219971,732.8900146,1.378701806,77.15599823,31.12999916,24,3219680000,1401710000,3219680000,227.169,0.08,132690,10806.8,8.6,83.16,-0.01,0.24,-0.93
11/15/2011,1781.699951,1257.810059,2686.199951,743.0800171,1.362416387,77.07900238,31.21999931,18,3599300000,1706960000,3599300000,227.169,0.08,132690,10806.8,8.6,83.16,0.04,0.26,-0.83
11/16/2011,1773.800049,1236.910034,2639.610107,729.8599854,1.350712538,77.05999756,33.50999832,65,4085010000,1950030000,4085010000,227.169,0.08,132690,10806.8,8.6,83.16,0.05,0.26,-0.78
11/17/2011,1719.800049,1216.130005,2587.98999,718.75,1.344104052,77.06099701,34.50999832,54,4596450000,2197320000,4596450000,227.169,0.08,132690,10806.8,8.6,83.16,0.06,0.27,-0.71
11/18/2011,1724.699951,1215.650024,2572.5,719.4199829,1.345804453,76.95800018,32,14,3827610000,1755360000,3827610000,227.169,0.08,132690,10806.8,8.6,83.16,0.05,0.29,-0.7
11/19/2011,1724.699951,1215.650024,2572.5,719.4199829,1.345804453,76.95800018,32,14,3827610000,1755360000,3827610000,227.169,0.08,132690,10806.8,8.6,83.16,0.05,0.29,-0.7
11/20/2011,1724.699951,1215.650024,2572.5,719.4199829,1.345804453,76.95800018,32,14,3827610000,1755360000,3827610000,227.169,0.08,132690,10806.8,8.6,83.16,0.05,0.29,-0.7
11/21/2011,1678.300049,1192.97998,2523.139893,701.9000244,1.352996945,76.83899689,32.90999985,9,4050070000,2048520000,4050070000,227.169,0.08,132690,10806.8,8.6,83.16,0.07,0.27,-0.67
11/22/2011,1702.199951,1188.040039,2521.280029,696.2600098,1.348435879,76.90000153,31.96999931,13,3911710000,1792060000,3911710000,227.169,0.08,132690,10806.8,8.6,83.16,0.05,0.26,-0.69
11/23/2011,1695.699951,1161.790039,2460.080078,674.3400269,1.352191925,76.97000122,33.97999954,34,3798940000,1707770000,3798940000,227.169,0.08,132690,10806.8,8.6,83.16,-0.01,0.26,-0.73
11/24/2011,1695.699951,1161.790039,2460.080078,674.3400269,1.335202575,77.27200317,33.97999954,34,3798940000,1707770000,3798940000,227.169,0.08,132690,10806.8,8.6,83.16,-0.01,0.26,-0.73
11/25/2011,1685.5,1158.670044,2441.51001,666.1599731,1.333102226,77.16600037,34.47000122,28,1664200000,691750000,1664200000,227.169,0.08,132690,10806.8,8.6,83.16,0.05,0.28,-0.71
11/26/2011,1685.5,1158.670044,2441.51001,666.1599731,1.333102226,77.16600037,34.47000122,28,1664200000,691750000,1664200000,227.169,0.08,132690,10806.8,8.6,83.16,0.05,0.28,-0.71
11/27/2011,1685.5,1158.670044,2441.51001,666.1599731,1.333102226,77.16600037,34.47000122,28,1664200000,691750000,1664200000,227.169,0.08,132690,10806.8,8.6,83.16,0.05,0.28,-0.71
11/28/2011,1710.800049,1192.550049,2527.340088,697.9000244,1.331345201,77.66699982,32.13000107,175525,3920750000,1626060000,3920750000,227.169,0.08,132690,10806.8,8.6,83.16,0.02,0.26,-0.75
11/29/2011,1713.400024,1195.189941,2515.51001,696.0999756,1.331699729,78.08100128,30.63999939,64786,3992650000,1623550000,3992650000,227.169,0.08,132690,10806.8,8.6,83.16,0.01,0.27,-0.77
11/30/2011,1745.5,1246.959961,2620.340088,737.4199829,1.332409501,77.95999908,27.79999924,15463,5801910000,2440960000,5801910000,227.169,0.08,132690,10806.8,8.6,83.16,0.03,0.25,-0.8
12/1/2011,1735.300049,1244.579956,2626.199951,730.75,1.344393134,77.58300018,27.40999985,1350,3818680000,1826860000,3818680000,227.223,0.07,132888,10817.8,8.5,85.34,0.06,0.27,-0.79
12/2/2011,1747,1244.280029,2626.929932,735.0200195,1.346692443,77.75,27.52000046,1067,4144310000,1662730000,4144310000,227.223,0.07,132888,10817.8,8.5,85.34,0,0.25,-0.84
12/3/2011,1747,1244.280029,2626.929932,735.0200195,1.346692443,77.75,27.52000046,1067,4144310000,1662730000,4144310000,227.223,0.07,132888,10817.8,8.5,85.34,0,0.25,-0.84
12/4/2011,1747,1244.280029,2626.929932,735.0200195,1.346692443,77.75,27.52000046,1067,4144310000,1662730000,4144310000,227.223,0.07,132888,10817.8,8.5,85.34,0,0.25,-0.84
12/5/2011,1730.699951,1257.079956,2655.76001,747.0300293,1.341903687,78.08000183,27.84000015,756,4148060000,1686660000,4148060000,227.223,0.07,132888,10817.8,8.5,85.34,-0.01,0.27,-0.84
12/6/2011,1727.900024,1258.469971,2649.560059,746.7800293,1.338670135,77.81199646,28.12999916,648,3734230000,1491130000,3734230000,227.223,0.07,132888,10817.8,8.5,85.34,0.01,0.25,-0.89
12/7/2011,1740.900024,1261.01001,2649.209961,746.1400146,1.341201782,77.75,28.67000008,300,4160540000,1658010000,4160540000,227.223,0.07,132888,10817.8,8.5,85.34,-0.01,0.24,-0.82
12/8/2011,1709.800049,1234.349976,2596.379883,722.6799927,1.340374708,77.67299652,30.59000015,942,4298370000,1845640000,4298370000,227.223,0.07,132888,10817.8,8.5,85.34,0.01,0.22,-0.79
12/9/2011,1712.800049,1255.189941,2646.850098,745.4000244,1.334543347,77.68000031,26.37999916,568,3830610000,1664710000,3830610000,227.223,0.07,132888,10817.8,8.5,85.34,0.05,0.22,-0.75
12/10/2011,1712.800049,1255.189941,2646.850098,745.4000244,1.334543347,77.68000031,26.37999916,568,3830610000,1664710000,3830610000,227.223,0.07,132888,10817.8,8.5,85.34,0.05,0.22,-0.75
12/11/2011,1712.800049,1255.189941,2646.850098,745.4000244,1.334543347,77.68000031,26.37999916,568,3830610000,1664710000,3830610000,227.223,0.07,132888,10817.8,8.5,85.34,0.05,0.22,-0.75
12/12/2011,1664.199951,1236.469971,2612.26001,733.1500244,1.337166548,77.61199951,25.67000008,894,3600570000,1572600000,3600570000,227.223,0.07,132888,10817.8,8.5,85.34,-0.01,0.24,-0.77
12/13/2011,1659.900024,1225.72998,2579.27002,718.0599976,1.317106605,77.93900299,25.40999985,274,4121570000,1752320000,4121570000,227.223,0.07,132888,10817.8,8.5,85.34,-0.05,0.24,-0.8
12/14/2011,1584.300049,1211.819946,2539.310059,708.460022,1.301913738,77.96099854,26.04000092,890,4298290000,1793960000,4298290000,227.223,0.07,132888,10817.8,8.5,85.34,-0.04,0.25,-0.74
12/15/2011,1574.599976,1215.75,2541.01001,716.0100098,1.298802495,78.10800171,25.11000061,589,3810340000,1748400000,3810340000,227.223,0.07,132888,10817.8,8.5,85.34,-0.01,0.26,-0.75
12/16/2011,1595.599976,1219.660034,2555.330078,722.0499878,1.302965522,77.83999634,24.29000092,57,5345800000,2664690000,5345800000,227.223,0.07,132888,10817.8,8.5,85.34,-0.05,0.24,-0.77
12/17/2011,1595.599976,1219.660034,2555.330078,722.0499878,1.302965522,77.83999634,24.29000092,57,5345800000,2664690000,5345800000,227.223,0.07,132888,10817.8,8.5,85.34,-0.05,0.24,-0.77
12/18/2011,1595.599976,1219.660034,2555.330078,722.0499878,1.302965522,77.83999634,24.29000092,57,5345800000,2664690000,5345800000,227.223,0.07,132888,10817.8,8.5,85.34,-0.05,0.24,-0.77
12/19/2011,1594.400024,1205.349976,2523.139893,708.5599976,1.303695917,77.80999756,24.92000008,92,3659820000,1560110000,3659820000,227.223,0.07,132888,10817.8,8.5,85.34,-0.12,0.24,-0.82
12/20/2011,1615.599976,1241.300049,2603.72998,738.2199707,1.300779223,78.01000214,23.21999931,215,4055590000,1835720000,4055590000,227.223,0.07,132888,10817.8,8.5,85.34,-0.1,0.26,-0.84
12/21/2011,1611.900024,1243.719971,2577.969971,740.4500122,1.308797717,77.83999634,21.43000031,38,2959020000,1853710000,3582780000,227.223,0.07,132888,10817.8,8.5,85.34,-0.07,0.28,-0.79
12/22/2011,1608.900024,1254,2599.449951,745.5100098,1.304001927,78.06999969,21.15999985,599,3492250000,1515610000,3492250000,227.223,0.07,132888,10817.8,8.5,85.34,-0.07,0.28,-0.73
12/23/2011,1604.699951,1265.329956,2618.639893,747.9799805,1.305602312,78.16000366,20.72999954,62,2233830000,960940000,2233830000,227.223,0.07,132888,10817.8,8.5,85.34,-0.04,0.28,-0.71
12/24/2011,1604.699951,1265.329956,2618.639893,747.9799805,1.305602312,78.16000366,20.72999954,62,2233830000,960940000,2233830000,227.223,0.07,132888,10817.8,8.5,85.34,-0.04,0.28,-0.71
12/25/2011,1604.699951,1265.329956,2618.639893,747.9799805,1.305602312,78.16000366,20.72999954,62,2233830000,960940000,2233830000,227.223,0.07,132888,10817.8,8.5,85.34,-0.04,0.28,-0.71
12/26/2011,1604.699951,1265.329956,2618.639893,747.9799805,1.304495335,78.08000183,20.72999954,62,2233830000,960940000,2233830000,227.223,0.07,132888,10817.8,8.5,85.34,-0.04,0.28,-0.71
12/27/2011,1594.199951,1265.430054,2625.199951,751.3099976,1.305057049,78.02999878,21.90999985,52,2130590000,945590000,2130590000,227.223,0.07,132888,10817.8,8.5,85.34,-0.02,0.3,-0.69
12/28/2011,1562.900024,1249.640015,2589.97998,735.210022,1.307206631,77.87000275,23.52000046,763,2349980000,1069930000,2349980000,227.223,0.07,132888,10817.8,8.5,85.34,-0.07,0.28,-0.72
12/29/2011,1539.900024,1263.02002,2613.73999,744.9799805,1.292724609,77.94599915,22.64999962,866,2278130000,1011380000,2278130000,227.223,0.07,132888,10817.8,8.5,85.34,-0.05,0.28,-0.73
12/30/2011,1565.800049,1257.599976,2605.149902,740.9199829,1.295605302,77.65899658,23.39999962,289,2271850000,1056790000,2271850000,227.223,0.07,132888,10817.8,8.5,85.34,-0.07,0.25,-0.76
12/31/2011,1565.800049,1257.599976,2605.149902,740.9199829,1.295605302,77.65899658,23.39999962,289,2271850000,1056790000,2271850000,227.223,0.07,132888,10817.8,8.5,85.34,-0.07,0.25,-0.76
1/1/2012,1565.800049,1257.599976,2605.149902,740.9199829,1.295605302,77.65899658,23.39999962,289,2271850000,1056790000,2271850000,227.842,0.08,133245,10896.8,8.3,79.63,-0.07,0.25,-0.76
1/2/2012,1565.800049,1257.599976,2605.149902,740.9199829,1.296008229,77.01999664,23.39999962,289,2271850000,1056790000,2271850000,227.842,0.08,133245,10896.8,8.3,79.63,-0.07,0.25,-0.76
1/3/2012,1599.699951,1277.060059,2648.719971,752.2800293,1.294096351,76.93000031,22.96999931,229,3943710000,1636850000,3943710000,227.842,0.08,133245,10896.8,8.3,79.63,-0.04,0.27,-0.77
1/4/2012,1611.900024,1277.300049,2648.360107,747.2800293,1.305602312,76.72200012,22.21999931,172,3592580000,1670530000,3592580000,227.842,0.08,133245,10896.8,8.3,79.63,-0.08,0.25,-0.82
1/5/2012,1619.400024,1281.060059,2669.860107,752.289978,1.293142438,76.70999908,21.47999954,362,4315950000,1836410000,4315950000,227.842,0.08,133245,10896.8,8.3,79.63,-0.1,0.27,-0.86
1/6/2012,1616.099976,1277.810059,2674.219971,749.710022,1.279606819,77.15100098,20.62999916,20,3656830000,1683090000,3656830000,227.842,0.08,133245,10896.8,8.3,79.63,-0.11,0.25,-0.85
1/7/2012,1616.099976,1277.810059,2674.219971,749.710022,1.279606819,77.15100098,20.62999916,20,3656830000,1683090000,3656830000,227.842,0.08,133245,10896.8,8.3,79.63,-0.11,0.25,-0.85
1/8/2012,1616.099976,1277.810059,2674.219971,749.710022,1.279606819,77.15100098,20.62999916,20,3656830000,1683090000,3656830000,227.842,0.08,133245,10896.8,8.3,79.63,-0.11,0.25,-0.85
1/9/2012,1607.5,1280.699951,2676.560059,753.5100098,1.268037796,76.91000366,21.06999969,8,3371600000,1768080000,3371600000,227.842,0.08,133245,10896.8,8.3,79.63,-0.13,0.26,-0.88
1/10/2012,1631,1292.079956,2702.5,764.75,1.277595997,76.86000061,20.69000053,47,4221960000,1809500000,4221960000,227.842,0.08,133245,10896.8,8.3,79.63,-0.08,0.24,-0.84
1/11/2012,1639.199951,1292.47998,2710.76001,767.2399902,1.27518487,76.84999847,21.04999924,65,3968120000,1699660000,3968120000,227.842,0.08,133245,10896.8,8.3,79.63,-0.1,0.24,-0.85
1/12/2012,1647.300049,1295.5,2724.699951,770.4899902,1.272394061,76.85800171,20.46999931,84,4019890000,1669550000,4019890000,227.842,0.08,133245,10896.8,8.3,79.63,-0.1,0.22,-0.85
1/13/2012,1630.400024,1289.089966,2710.669922,764.2000122,1.282051325,76.77899933,20.90999985,368,3692370000,1655960000,3692370000,227.842,0.08,133245,10896.8,8.3,79.63,-0.14,0.24,-0.89
1/14/2012,1630.400024,1289.089966,2710.669922,764.2000122,1.282051325,76.77899933,20.90999985,368,3692370000,1655960000,3692370000,227.842,0.08,133245,10896.8,8.3,79.63,-0.14,0.24,-0.89
1/15/2012,1630.400024,1289.089966,2710.669922,764.2000122,1.282051325,76.77899933,20.90999985,368,3692370000,1655960000,3692370000,227.842,0.08,133245,10896.8,8.3,79.63,-0.14,0.24,-0.89
1/16/2012,1630.400024,1289.089966,2710.669922,764.2000122,1.264702082,76.91000366,20.90999985,368,3692370000,1655960000,3692370000,227.842,0.08,133245,10896.8,8.3,79.63,-0.14,0.24,-0.89
1/17/2012,1655.199951,1293.670044,2728.080078,765.5300293,1.266704679,76.81999969,22.20000076,16,4010490000,1664210000,4010490000,227.842,0.08,133245,10896.8,8.3,79.63,-0.17,0.21,-0.91
1/18/2012,1659.5,1308.040039,2769.709961,779.2600098,1.274599791,76.81999969,20.88999939,11,4096160000,1968940000,4096160000,227.842,0.08,133245,10896.8,8.3,79.63,-0.15,0.24,-0.91
1/19/2012,1654.099976,1314.5,2788.330078,782.3699951,1.286603928,76.76699829,19.87000084,58,4465890000,1959950000,4465890000,227.842,0.08,133245,10896.8,8.3,79.63,0,0.26,-0.88
1/20/2012,1663.699951,1315.380005,2786.699951,784.6199951,1.296495676,77.08000183,18.28000069,8,3912620000,1949660000,3912620000,227.842,0.08,133245,10896.8,8.3,79.63,0.01,0.26,-0.85
1/21/2012,1663.699951,1315.380005,2786.699951,784.6199951,1.296495676,77.08000183,18.28000069,8,3912620000,1949660000,3912620000,227.842,0.08,133245,10896.8,8.3,79.63,0.01,0.26,-0.85
1/22/2012,1663.699951,1315.380005,2786.699951,784.6199951,1.296495676,77.08000183,18.28000069,8,3912620000,1949660000,3912620000,227.842,0.08,133245,10896.8,8.3,79.63,0.01,0.26,-0.85
1/23/2012,1678,1316,2784.169922,783.0499878,1.288477182,76.95999908,18.67000008,10,3770910000,1652940000,3770910000,227.842,0.08,133245,10896.8,8.3,79.63,0.02,0.26,-0.84
1/24/2012,1664.199951,1314.650024,2786.639893,788.2700195,1.302693963,77,18.90999985,5,3693560000,1620690000,3693560000,227.842,0.08,133245,10896.8,8.3,79.63,-0.01,0.24,-0.89
1/25/2012,1699.800049,1326.060059,2818.310059,795.5800171,1.304103971,77.68699646,18.30999947,239,4410910000,1918040000,4410910000,227.842,0.08,133245,10896.8,8.3,79.63,-0.12,0.22,-1.02
1/26/2012,1726.300049,1318.430054,2805.280029,792.9099731,1.310736299,77.76999664,18.56999969,16,4522070000,1998970000,4522070000,227.842,0.08,133245,10896.8,8.3,79.63,-0.16,0.22,-1.09
1/27/2012,1731.800049,1316.329956,2816.550049,798.8499756,1.309277534,77.45999908,18.53000069,175023,4007380000,1707350000,4007380000,227.842,0.08,133245,10896.8,8.3,79.63,-0.18,0.22,-1.13
1/28/2012,1731.800049,1316.329956,2816.550049,798.8499756,1.309277534,77.45999908,18.53000069,175023,4007380000,1707350000,4007380000,227.842,0.08,133245,10896.8,8.3,79.63,-0.18,0.22,-1.13
1/29/2012,1731.800049,1316.329956,2816.550049,798.8499756,1.309277534,77.45999908,18.53000069,175023,4007380000,1707350000,4007380000,227.842,0.08,133245,10896.8,8.3,79.63,-0.18,0.22,-1.13
1/30/2012,1731,1313.01001,2811.939941,792.3800049,1.320794582,76.73200226,19.39999962,53427,3659010000,1668970000,3659010000,227.842,0.08,133245,10896.8,8.3,79.63,-0.24,0.22,-1.14
1/31/2012,1737.800049,1312.410034,2813.840088,792.8200073,1.313956857,76.36000061,19.44000053,7540,4235550000,1786550000,4235550000,227.842,0.08,133245,10896.8,8.3,79.63,-0.28,0.22,-1.17
2/1/2012,1747.099976,1324.089966,2848.27002,809.6599731,1.307702422,76.26999664,18.54999924,2027,4504360000,2125720000,4504360000,228.329,0.1,133508,10987.2,8.3,92.45,-0.28,0.23,-1.17
2/2/2012,1756.800049,1325.540039,2859.679932,812.8900146,1.317002535,76.18900299,17.97999954,2062,4120920000,1913430000,4120920000,228.329,0.1,133508,10987.2,8.3,92.45,-0.3,0.23,-1.18
2/3/2012,1737.900024,1344.900024,2905.659912,831.1099854,1.313715219,76.18000031,17.10000038,543,4608550000,2152890000,4608550000,228.329,0.1,133508,10987.2,8.3,92.45,-0.21,0.23,-1.1
2/4/2012,1737.900024,1344.900024,2905.659912,831.1099854,1.313715219,76.18000031,17.10000038,543,4608550000,2152890000,4608550000,228.329,0.1,133508,10987.2,8.3,92.45,-0.21,0.23,-1.1
2/5/2012,1737.900024,1344.900024,2905.659912,831.1099854,1.313715219,76.18000031,17.10000038,543,4608550000,2152890000,4608550000,228.329,0.1,133508,10987.2,8.3,92.45,-0.21,0.23,-1.1
2/6/2012,1722.800049,1344.329956,2901.98999,828.3699951,1.312714934,76.5510025,17.76000023,726,3379700000,1684490000,3379700000,228.329,0.1,133508,10987.2,8.3,92.45,-0.26,0.24,-1.15
2/7/2012,1746.400024,1347.050049,2904.080078,827.3699951,1.31216383,76.55000305,17.64999962,272,3742460000,1784580000,3742460000,228.329,0.1,133508,10987.2,8.3,92.45,-0.21,0.25,-1.13
2/8/2012,1729.300049,1349.959961,2915.860107,828.3900146,1.324854255,76.79000092,18.15999985,955,4096730000,1981150000,4096730000,228.329,0.1,133508,10987.2,8.3,92.45,-0.21,0.27,-1.09
2/9/2012,1739,1351.949951,2927.22998,824.9899902,1.324854255,77.05999756,18.62999916,119,4209890000,2153090000,4209890000,228.329,0.1,133508,10987.2,8.3,92.45,-0.17,0.27,-1.05
2/10/2012,1723.300049,1342.640015,2903.879883,813.3300171,1.327844977,77.63200378,20.79000092,248,3877580000,1787640000,3877580000,228.329,0.1,133508,10987.2,8.3,92.45,-0.24,0.27,-1.07
2/11/2012,1723.300049,1342.640015,2903.879883,813.3300171,1.327844977,77.63200378,20.79000092,248,3877580000,1787640000,3877580000,228.329,0.1,133508,10987.2,8.3,92.45,-0.24,0.27,-1.07
2/12/2012,1723.300049,1342.640015,2903.879883,813.3300171,1.327844977,77.63200378,20.79000092,248,3877580000,1787640000,3877580000,228.329,0.1,133508,10987.2,8.3,92.45,-0.24,0.27,-1.07
2/13/2012,1723,1351.77002,2931.389893,824.8099976,1.323679328,77.69999695,19.04000092,104,3618040000,1619980000,3618040000,228.329,0.1,133508,10987.2,8.3,92.45,-0.22,0.29,-1.12
2/14/2012,1715.900024,1350.5,2931.830078,820.6500244,1.315789461,77.51000214,19.54000092,94,3889520000,1881630000,3889520000,228.329,0.1,133508,10987.2,8.3,92.45,-0.27,0.29,-1.11
2/15/2012,1726.300049,1343.22998,2915.830078,813.9799805,1.313370109,78.36000061,21.13999939,110,4080340000,2038980000,4080340000,228.329,0.1,133508,10987.2,8.3,92.45,-0.26,0.29,-1.09
2/16/2012,1726.800049,1358.040039,2959.850098,829.960022,1.305806875,78.48000336,19.21999931,38,4108880000,1945230000,4108880000,228.329,0.1,133508,10987.2,8.3,92.45,-0.24,0.29,-1.06
2/17/2012,1724.5,1361.22998,2951.780029,828.6799927,1.312680483,78.8239975,17.78000069,80,3717640000,1973900000,3717640000,228.329,0.1,133508,10987.2,8.3,92.45,-0.23,0.29,-1.05
2/18/2012,1724.5,1361.22998,2951.780029,828.6799927,1.312680483,78.8239975,17.78000069,80,3717640000,1973900000,3717640000,228.329,0.1,133508,10987.2,8.3,92.45,-0.23,0.29,-1.05
2/19/2012,1724.5,1361.22998,2951.780029,828.6799927,1.312680483,78.8239975,17.78000069,80,3717640000,1973900000,3717640000,228.329,0.1,133508,10987.2,8.3,92.45,-0.23,0.29,-1.05
2/20/2012,1724.5,1361.22998,2951.780029,828.6799927,1.322716355,79.78800201,17.78000069,80,3717640000,1973900000,3717640000,228.329,0.1,133508,10987.2,8.3,92.45,-0.23,0.29,-1.05
2/21/2012,1757.099976,1362.209961,2948.570068,823.2000122,1.320480585,79.58599854,18.19000053,115,3795200000,1821540000,3795200000,228.329,0.1,133508,10987.2,8.3,92.45,-0.22,0.31,-1.06
2/22/2012,1770,1357.660034,2933.169922,816.5,1.324327826,79.83000183,18.19000053,161,3633710000,1706310000,3633710000,228.329,0.1,133508,10987.2,8.3,92.45,-0.27,0.29,-1.11
2/23/2012,1784.900024,1363.459961,2956.97998,829.2299805,1.325574279,80.27999878,16.79999924,298,3786450000,1768390000,3786450000,228.329,0.1,133508,10987.2,8.3,92.45,-0.3,0.31,-1.16
2/24/2012,1775.099976,1365.73999,2963.75,826.9199829,1.337363362,79.93000031,17.30999947,129,3505360000,1643180000,3505360000,228.329,0.1,133508,10987.2,8.3,92.45,-0.29,0.31,-1.14
2/25/2012,1775.099976,1365.73999,2963.75,826.9199829,1.337363362,79.93000031,17.30999947,129,3505360000,1643180000,3505360000,228.329,0.1,133508,10987.2,8.3,92.45,-0.29,0.31,-1.14
2/26/2012,1775.099976,1365.73999,2963.75,826.9199829,1.337363362,79.93000031,17.30999947,129,3505360000,1643180000,3505360000,228.329,0.1,133508,10987.2,8.3,92.45,-0.29,0.31,-1.14
2/27/2012,1773.599976,1367.589966,2966.159912,826.6599731,1.346710682,81.47100067,18.19000053,841,3648890000,1763650000,3648890000,228.329,0.1,133508,10987.2,8.3,92.45,-0.32,0.3,-1.18
2/28/2012,1787,1372.180054,2986.76001,823.7999878,1.34066236,80.46399689,17.95999908,306,3579120000,1812490000,3579120000,228.329,0.1,133508,10987.2,8.3,92.45,-0.31,0.3,-1.15
2/29/2012,1709.900024,1365.680054,2966.889893,810.9400024,1.347799778,80.48000336,18.43000031,359,4482370000,2170190000,4482370000,228.329,0.1,133508,10987.2,8.3,92.45,-0.28,0.3,-1.12
3/1/2012,1721.099976,1374.089966,2988.969971,815.2199707,1.33209002,81.27600098,17.26000023,214,3919240000,1903690000,3919240000,228.807,0.13,133748,10993.9,8.2,88.76,-0.23,0.3,-1.1
3/2/2012,1708.800049,1369.630005,2976.189941,802.4199829,1.332267523,81.12000275,17.29000092,135,3283490000,1755130000,3283490000,228.807,0.13,133748,10993.9,8.2,88.76,-0.24,0.28,-1.11
3/3/2012,1708.800049,1369.630005,2976.189941,802.4199829,1.332267523,81.12000275,17.29000092,135,3283490000,1755130000,3283490000,228.807,0.13,133748,10993.9,8.2,88.76,-0.24,0.28,-1.11
3/4/2012,1708.800049,1369.630005,2976.189941,802.4199829,1.332267523,81.12000275,17.29000092,135,3283490000,1755130000,3283490000,228.807,0.13,133748,10993.9,8.2,88.76,-0.24,0.28,-1.11
3/5/2012,1703,1364.329956,2950.47998,803.6500244,1.318617582,81.6269989,18.04999924,421,3429480000,1679030000,3429480000,228.807,0.13,133748,10993.9,8.2,88.76,-0.2,0.31,-1.07
3/6/2012,1671.400024,1343.359985,2910.320068,787.0900269,1.322576404,81.51799774,20.87000084,176,4191060000,1870720000,4191060000,228.807,0.13,133748,10993.9,8.2,88.76,-0.21,0.3,-1.09
3/7/2012,1683.300049,1352.630005,2935.689941,795.9500122,1.312335968,80.66000366,19.06999969,39,3580380000,1589360000,3580380000,228.807,0.13,133748,10993.9,8.2,88.76,-0.22,0.3,-1.13
3/8/2012,1698.099976,1365.910034,2970.419922,806.3400269,1.313991427,81.33799744,17.95000076,301,3543060000,1619740000,3543060000,228.807,0.13,133748,10993.9,8.2,88.76,-0.21,0.32,-1.12
3/9/2012,1710.900024,1370.869995,2988.340088,817,1.327492356,81.58000183,17.11000061,73,3639470000,1580560000,3639470000,228.807,0.13,133748,10993.9,8.2,88.76,-0.24,0.33,-1.17
3/10/2012,1710.900024,1370.869995,2988.340088,817,1.327492356,81.58000183,17.11000061,73,3639470000,1580560000,3639470000,228.807,0.13,133748,10993.9,8.2,88.76,-0.24,0.33,-1.17
3/11/2012,1710.900024,1370.869995,2988.340088,817,1.327492356,81.58000183,17.11000061,73,3639470000,1580560000,3639470000,228.807,0.13,133748,10993.9,8.2,88.76,-0.24,0.33,-1.17
3/12/2012,1699.199951,1371.089966,2983.659912,814.289978,1.312508225,82.3730011,15.64000034,98,3081870000,1341660000,3081870000,228.807,0.13,133748,10993.9,8.2,88.76,-0.24,0.33,-1.14
3/13/2012,1693.699951,1395.949951,3039.879883,831.2299805,1.316829085,82.36299896,14.80000019,47,4386470000,1709900000,4386470000,228.807,0.13,133748,10993.9,8.2,88.76,-0.2,0.35,-1.14
3/14/2012,1642.5,1394.280029,3040.72998,823.4000244,1.308044434,82.95999908,15.31000042,201,4502280000,1662300000,4502280000,228.807,0.13,133748,10993.9,8.2,88.76,-0.07,0.4,-1.02
3/15/2012,1659.099976,1402.599976,3056.370117,831.460022,1.302252889,83.83999634,15.42000008,405,4271650000,1677540000,4271650000,228.807,0.13,133748,10993.9,8.2,88.76,-0.08,0.37,-1.02
3/16/2012,1655.5,1404.170044,3055.26001,830.1799927,1.307873487,83.49199677,14.47000027,317,5163950000,2088610000,5163950000,228.807,0.13,133748,10993.9,8.2,88.76,-0.09,0.37,-0.99
3/17/2012,1655.5,1404.170044,3055.26001,830.1799927,1.307873487,83.49199677,14.47000027,317,5163950000,2088610000,5163950000,228.807,0.13,133748,10993.9,8.2,88.76,-0.09,0.37,-0.99
3/18/2012,1655.5,1404.170044,3055.26001,830.1799927,1.307873487,83.49199677,14.47000027,317,5163950000,2088610000,5163950000,228.807,0.13,133748,10993.9,8.2,88.76,-0.09,0.37,-0.99
3/19/2012,1666.900024,1409.75,3078.320068,837.7700195,1.317714095,83.44999695,15.03999996,462,3932570000,1548400000,3932570000,228.807,0.13,133748,10993.9,8.2,88.76,-0.03,0.39,-0.93
3/20/2012,1646.699951,1405.52002,3074.149902,829.2399902,1.322926283,83.37000275,15.57999992,250,3695280000,1508580000,3695280000,228.807,0.13,133748,10993.9,8.2,88.76,-0.04,0.41,-0.93
3/21/2012,1650,1402.890015,3075.320068,829.9199829,1.323766828,83.65000153,15.13000011,546,3573590000,1552400000,3573590000,228.807,0.13,133748,10993.9,8.2,88.76,-0.08,0.39,-0.96
3/22/2012,1642.300049,1392.780029,3063.320068,821.4400024,1.321877003,83.20300293,15.56999969,321,3740590000,1524800000,3740590000,228.807,0.13,133748,10993.9,8.2,88.76,-0.08,0.37,-0.93
3/23/2012,1662.300049,1397.109985,3067.919922,830.0300293,1.320480585,82.51000214,14.81999969,76,3472950000,1428940000,3472950000,228.807,0.13,133748,10993.9,8.2,88.76,-0.11,0.37,-0.94
3/24/2012,1662.300049,1397.109985,3067.919922,830.0300293,1.320480585,82.51000214,14.81999969,76,3472950000,1428940000,3472950000,228.807,0.13,133748,10993.9,8.2,88.76,-0.11,0.37,-0.94
3/25/2012,1662.300049,1397.109985,3067.919922,830.0300293,1.320480585,82.51000214,14.81999969,76,3472950000,1428940000,3472950000,228.807,0.13,133748,10993.9,8.2,88.76,-0.11,0.37,-0.94
3/26/2012,1685.5,1416.51001,3122.570068,846.1300049,1.328303576,82.58899689,14.26000023,84,3576950000,1627520000,3576950000,228.807,0.13,133748,10993.9,8.2,88.76,-0.08,0.36,-0.93
3/27/2012,1684.800049,1412.52002,3120.350098,839.9799805,1.33600533,82.98699951,15.59000015,100,3513640000,1662460000,3513640000,228.807,0.13,133748,10993.9,8.2,88.76,-0.13,0.33,-0.97
3/28/2012,1657.900024,1405.540039,3104.959961,834.4500122,1.332871318,83.04799652,15.47000027,193107,3892800000,1765680000,3892800000,228.807,0.13,133748,10993.9,8.2,88.76,-0.11,0.34,-0.98
3/29/2012,1652.199951,1403.280029,3095.360107,832.2199707,1.332622647,82.83200073,15.47999954,47342,3832000000,1756160000,3832000000,228.807,0.13,133748,10993.9,8.2,88.76,-0.13,0.33,-0.98
3/30/2012,1669.300049,1408.469971,3091.570068,830.2999878,1.331380606,82.27300262,15.5,9825,3676890000,1833130000,3676890000,228.807,0.13,133748,10993.9,8.2,88.76,-0.09,0.33,-0.98
3/31/2012,1669.300049,1408.469971,3091.570068,830.2999878,1.331380606,82.27300262,15.5,9825,3676890000,1833130000,3676890000,228.807,0.13,133748,10993.9,8.2,88.76,-0.09,0.33,-0.98
4/1/2012,1669.300049,1408.469971,3091.570068,830.2999878,1.331380606,82.27300262,15.5,9825,3676890000,1833130000,3676890000,229.187,0.14,133825,11018.5,8.2,96.02,-0.09,0.33,-0.98
4/2/2012,1677.5,1419.040039,3119.699951,840.6300049,1.335826874,82.87000275,15.64000034,2531,3572010000,1768210000,3572010000,229.187,0.14,133825,11018.5,8.2,96.02,-0.14,0.33,-1.01
4/3/2012,1670,1413.380005,3113.570068,834.7999878,1.333333373,81.54000092,15.65999985,1165,3822090000,1804950000,3822090000,229.187,0.14,133825,11018.5,8.2,96.02,-0.06,0.36,-0.94
4/4/2012,1612.300049,1398.959961,3068.090088,820.3800049,1.322523952,82.83000183,16.44000053,1122,3938290000,1813150000,3938290000,229.187,0.14,133825,11018.5,8.2,96.02,-0.05,0.35,-0.91
4/5/2012,1628.5,1398.079956,3080.5,818.1799927,1.314405918,82.44000244,16.70000076,289,3303740000,1548040000,3303740000,229.187,0.14,133825,11018.5,8.2,96.02,-0.08,0.35,-0.94
4/6/2012,1628.5,1398.079956,3080.5,818.1799927,1.306506395,82.26999664,16.70000076,289,3303740000,1548040000,3303740000,229.187,0.14,133825,11018.5,8.2,96.02,-0.16,0.32,-0.96
4/7/2012,1628.5,1398.079956,3080.5,818.1799927,1.306506395,82.26999664,16.70000076,289,3303740000,1548040000,3303740000,229.187,0.14,133825,11018.5,8.2,96.02,-0.16,0.32,-0.96
4/8/2012,1628.5,1398.079956,3080.5,818.1799927,1.306506395,82.26999664,16.70000076,289,3303740000,1548040000,3303740000,229.187,0.14,133825,11018.5,8.2,96.02,-0.16,0.32,-0.96
4/9/2012,1642.5,1382.199951,3047.080078,803.460022,1.307907581,81.33000183,18.80999947,158,3468980000,1371140000,3468980000,229.187,0.14,133825,11018.5,8.2,96.02,-0.17,0.32,-0.94
4/10/2012,1659.5,1358.589966,2991.219971,784.1500244,1.311131477,81.64299774,20.38999939,350,4631730000,1953600000,4631730000,229.187,0.14,133825,11018.5,8.2,96.02,-0.24,0.28,-1.02
4/11/2012,1659,1368.709961,3016.459961,796.5900269,1.307360411,80.69400024,20.02000046,426,3743040000,1540890000,3743040000,229.187,0.14,133825,11018.5,8.2,96.02,-0.25,0.3,-1.06
4/12/2012,1679.5,1387.569946,3055.550049,808.5900269,1.311991572,81.00800323,17.20000076,1309,3618280000,1480340000,3618280000,229.187,0.14,133825,11018.5,8.2,96.02,-0.22,0.29,-1.01
4/13/2012,1659.099976,1370.26001,3011.330078,796.289978,1.318913221,80.93000031,19.54999924,220,3631160000,1483850000,3631160000,229.187,0.14,133825,11018.5,8.2,96.02,-0.25,0.27,-1.05
4/14/2012,1659.099976,1370.26001,3011.330078,796.289978,1.318913221,80.93000031,19.54999924,220,3631160000,1483850000,3631160000,229.187,0.14,133825,11018.5,8.2,96.02,-0.25,0.27,-1.05
4/15/2012,1659.099976,1370.26001,3011.330078,796.289978,1.318913221,80.93000031,19.54999924,220,3631160000,1483850000,3631160000,229.187,0.14,133825,11018.5,8.2,96.02,-0.25,0.27,-1.05
4/16/2012,1648.699951,1369.569946,2988.399902,798.0800171,1.305653453,80.90200043,19.54999924,717,3574780000,1594320000,3574780000,229.187,0.14,133825,11018.5,8.2,96.02,-0.26,0.27,-1.04
4/17/2012,1650.300049,1390.780029,3042.820068,810.6300049,1.312680483,80.3809967,18.45999908,69,3456200000,1555070000,3456200000,229.187,0.14,133825,11018.5,8.2,96.02,-0.26,0.27,-1.03
4/18/2012,1638.800049,1385.140015,3031.449951,803.3200073,1.313542604,81.05999756,18.63999939,273,3463140000,1599470000,3463140000,229.187,0.14,133825,11018.5,8.2,96.02,-0.26,0.27,-1.01
4/19/2012,1640.599976,1376.920044,3007.560059,798.9000244,1.311991572,81.30000305,18.36000061,77,4180020000,1991120000,4180020000,229.187,0.14,133825,11018.5,8.2,96.02,-0.21,0.27,-1.07
4/20/2012,1642.099976,1378.530029,3000.449951,804.0499878,1.314578652,81.60900116,17.44000053,54,3833320000,1935880000,3833320000,229.187,0.14,133825,11018.5,8.2,96.02,-0.24,0.29,-1.1
4/21/2012,1642.099976,1378.530029,3000.449951,804.0499878,1.314578652,81.60900116,17.44000053,54,3833320000,1935880000,3833320000,229.187,0.14,133825,11018.5,8.2,96.02,-0.24,0.29,-1.1
4/22/2012,1642.099976,1378.530029,3000.449951,804.0499878,1.314578652,81.60900116,17.44000053,54,3833320000,1935880000,3833320000,229.187,0.14,133825,11018.5,8.2,96.02,-0.24,0.29,-1.1
4/23/2012,1631.900024,1366.939941,2970.449951,791.8499756,1.320480585,81.59999847,18.96999931,226,3654860000,1767360000,3654860000,229.187,0.14,133825,11018.5,8.2,96.02,-0.26,0.27,-1.12
4/24/2012,1643,1371.969971,2961.600098,798.0499878,1.315201163,81.08000183,18.10000038,123,3617100000,1690840000,3617100000,229.187,0.14,133825,11018.5,8.2,96.02,-0.25,0.27,-1.15
4/25/2012,1641.400024,1390.689941,3029.629883,812.1199951,1.319783568,81.38999939,16.81999969,82,3998430000,1721330000,3998430000,229.187,0.14,133825,11018.5,8.2,96.02,-0.24,0.26,-1.16
4/26/2012,1659.599976,1399.97998,3050.610107,818.3300171,1.323276401,81.30000305,16.23999977,280,4034700000,1763510000,4034700000,229.187,0.14,133825,11018.5,8.2,96.02,-0.29,0.26,-1.21
4/27/2012,1664,1403.359985,3069.199951,825.4699707,1.319087267,81.05799866,16.31999969,236,3645830000,1777750000,3645830000,229.187,0.14,133825,11018.5,8.2,96.02,-0.3,0.26,-1.24
4/28/2012,1664,1403.359985,3069.199951,825.4699707,1.319087267,81.05799866,16.31999969,236,3645830000,1777750000,3645830000,229.187,0.14,133825,11018.5,8.2,96.02,-0.3,0.26,-1.24
4/29/2012,1664,1403.359985,3069.199951,825.4699707,1.319087267,81.05799866,16.31999969,236,3645830000,1777750000,3645830000,229.187,0.14,133825,11018.5,8.2,96.02,-0.3,0.26,-1.24
4/30/2012,1663.400024,1397.910034,3046.360107,816.8800049,1.32415247,80.34999847,17.14999962,36,3574010000,1633170000,3574010000,229.187,0.14,133825,11018.5,8.2,96.02,-0.3,0.27,-1.24
5/1/2012,1661.699951,1405.819946,3050.439941,815.8900146,1.323977232,79.92099762,16.60000038,25,3807950000,1854230000,3807950000,228.713,0.16,133933,11006.8,8.2,78.17,-0.28,0.27,-1.22
5/2/2012,1653.400024,1402.310059,3059.850098,818.5999756,1.323977232,80.20999908,16.87999916,50,3803860000,1825190000,3803860000,228.713,0.16,133933,11006.8,8.2,78.17,-0.28,0.27,-1.22
5/3/2012,1634.199951,1391.569946,3024.300049,806.5900269,1.314751506,80.1210022,17.55999947,78,4004910000,1869130000,4004910000,228.713,0.16,133933,11006.8,8.2,78.17,-0.27,0.28,-1.19
5/4/2012,1644.699951,1369.099976,2956.340088,791.8400269,1.315616369,80.20999908,19.15999985,68,3975140000,1944010000,3975140000,228.713,0.16,133933,11006.8,8.2,78.17,-0.3,0.27,-1.15
5/5/2012,1644.699951,1369.099976,2956.340088,791.8400269,1.315616369,80.20999908,19.15999985,68,3975140000,1944010000,3975140000,228.713,0.16,133933,11006.8,8.2,78.17,-0.3,0.27,-1.15
5/6/2012,1644.699951,1369.099976,2956.340088,791.8400269,1.315616369,80.20999908,19.15999985,68,3975140000,1944010000,3975140000,228.713,0.16,133933,11006.8,8.2,78.17,-0.3,0.27,-1.15
5/7/2012,1638.599976,1369.579956,2957.76001,793.8099976,1.297033668,79.81800079,18.94000053,21,3559390000,1740430000,3559390000,228.713,0.16,133933,11006.8,8.2,78.17,-0.27,0.27,-1.15
5/8/2012,1604,1363.719971,2946.27002,793.0599976,1.306165099,79.91999817,19.04999924,154,4261670000,2175840000,4261670000,228.713,0.16,133933,11006.8,8.2,78.17,-0.28,0.27,-1.18
5/9/2012,1593.699951,1354.579956,2934.709961,788.9199829,1.299545169,79.86000061,20.07999992,30,4288540000,2047090000,4288540000,228.713,0.16,133933,11006.8,8.2,78.17,-0.27,0.27,-1.17
5/10/2012,1595.099976,1357.98999,2933.639893,791.75,1.293660998,79.70999908,18.82999992,6,3727990000,2004150000,3727990000,228.713,0.16,133933,11006.8,8.2,78.17,-0.25,0.27,-1.17
5/11/2012,1583.599976,1353.390015,2933.820068,790.0599976,1.293493748,79.8690033,19.88999939,6,3869070000,1735380000,3869070000,228.713,0.16,133933,11006.8,8.2,78.17,-0.28,0.27,-1.16
5/12/2012,1583.599976,1353.390015,2933.820068,790.0599976,1.293493748,79.8690033,19.88999939,6,3869070000,1735380000,3869070000,228.713,0.16,133933,11006.8,8.2,78.17,-0.28,0.27,-1.16
5/13/2012,1583.599976,1353.390015,2933.820068,790.0599976,1.293493748,79.8690033,19.88999939,6,3869070000,1735380000,3869070000,228.713,0.16,133933,11006.8,8.2,78.17,-0.28,0.27,-1.16
5/14/2012,1560.599976,1338.349976,2902.580078,778.9500122,1.28998971,80.02999878,21.87000084,5,3688120000,1683460000,3688120000,228.713,0.16,133933,11006.8,8.2,78.17,-0.33,0.29,-1.18
5/15/2012,1556.800049,1330.660034,2893.76001,777.3599854,1.283202887,79.84999847,21.96999931,28,4114040000,1826210000,4114040000,228.713,0.16,133933,11006.8,8.2,78.17,-0.36,0.29,-1.18
5/16/2012,1536.199951,1324.800049,2874.040039,772.1099854,1.273560882,80.32499695,22.27000046,26,4280420000,1933900000,4280420000,228.713,0.16,133933,11006.8,8.2,78.17,-0.33,0.3,-1.14
5/17/2012,1574.5,1304.859985,2813.689941,754.3300171,1.273074508,80.34999847,24.48999977,51,4664280000,2016980000,4664280000,228.713,0.16,133933,11006.8,8.2,78.17,-0.35,0.32,-1.13
5/18/2012,1591.599976,1295.219971,2778.790039,747.210022,1.269841194,79.40799713,25.10000038,26,4512470000,2692450000,4512470000,228.713,0.16,133933,11006.8,8.2,78.17,-0.39,0.32,-1.1
5/19/2012,1591.599976,1295.219971,2778.790039,747.210022,1.269841194,79.40799713,25.10000038,26,4512470000,2692450000,4512470000,228.713,0.16,133933,11006.8,8.2,78.17,-0.39,0.32,-1.1
5/20/2012,1591.599976,1295.219971,2778.790039,747.210022,1.269841194,79.40799713,25.10000038,26,4512470000,2692450000,4512470000,228.713,0.16,133933,11006.8,8.2,78.17,-0.39,0.32,-1.1
5/21/2012,1588.400024,1315.98999,2847.209961,764.6400146,1.277302384,79.16999817,22.01000023,32,3786750000,1870420000,3786750000,228.713,0.16,133933,11006.8,8.2,78.17,-0.41,0.3,-1.11
5/22/2012,1576.300049,1316.630005,2839.080078,759.6300049,1.281065822,79.41000366,22.47999954,27,4123680000,1861850000,4123680000,228.713,0.16,133933,11006.8,8.2,78.17,-0.38,0.3,-1.09
5/23/2012,1548.099976,1318.859985,2850.120117,765.1699829,1.266463995,80.0039978,22.32999992,6,4108330000,1929640000,4108330000,228.713,0.16,133933,11006.8,8.2,78.17,-0.41,0.28,-1.06
5/24/2012,1557.300049,1320.680054,2839.379883,766.5700073,1.256123543,79.41999817,21.54000092,23,3937670000,1750290000,3937670000,228.713,0.16,133933,11006.8,8.2,78.17,-0.37,0.29,-1.02
5/25/2012,1568.800049,1317.819946,2837.530029,766.4099731,1.253604174,79.66000366,21.76000023,7,2872660000,1282680000,2872660000,228.713,0.16,133933,11006.8,8.2,78.17,-0.38,0.3,-1.02
5/26/2012,1568.800049,1317.819946,2837.530029,766.4099731,1.253604174,79.66000366,21.76000023,7,2872660000,1282680000,2872660000,228.713,0.16,133933,11006.8,8.2,78.17,-0.38,0.3,-1.02
5/27/2012,1568.800049,1317.819946,2837.530029,766.4099731,1.253604174,79.66000366,21.76000023,7,2872660000,1282680000,2872660000,228.713,0.16,133933,11006.8,8.2,78.17,-0.38,0.3,-1.02
5/28/2012,1568.800049,1317.819946,2837.530029,766.4099731,1.256913066,79.58999634,21.76000023,7,2872660000,1282680000,2872660000,228.713,0.16,133933,11006.8,8.2,78.17,-0.38,0.3,-1.02
5/29/2012,1548.599976,1332.420044,2870.98999,777.1599731,1.252505064,79.56099701,21.03000069,259050,3441640000,221430000,3441640000,228.713,0.16,133933,11006.8,8.2,78.17,-0.37,0.3,-1
5/30/2012,1563.400024,1313.319946,2837.360107,762,1.247816324,79.5,24.13999939,79887,3534290000,1671040000,3534290000,228.713,0.16,133933,11006.8,8.2,78.17,-0.45,0.27,-1.02
5/31/2012,1562.599976,1310.329956,2827.340088,761.8200073,1.237470627,78.98200226,24.05999947,5901,4557620000,2180130000,4557620000,228.713,0.16,133933,11006.8,8.2,78.17,-0.5,0.27,-1.05
6/1/2012,1620.5,1278.040039,2747.47998,737.4199829,1.236246705,78.52799988,26.65999985,2820,4669350000,1966370000,4669350000,228.524,0.16,134012,10989.8,8.2,77.82,-0.59,0.25,-1.03
6/2/2012,1620.5,1278.040039,2747.47998,737.4199829,1.236246705,78.52799988,26.65999985,2820,4669350000,1966370000,4669350000,228.524,0.16,134012,10989.8,8.2,77.82,-0.59,0.25,-1.03
6/3/2012,1620.5,1278.040039,2747.47998,737.4199829,1.236246705,78.52799988,26.65999985,2820,4669350000,1966370000,4669350000,228.524,0.16,134012,10989.8,8.2,77.82,-0.59,0.25,-1.03
6/4/2012,1612.199951,1278.180054,2760.01001,737.2399902,1.240233183,78.09999847,26.12000084,2134,4011960000,1755750000,4011960000,228.524,0.16,134012,10989.8,8.2,77.82,-0.56,0.25,-1.01
6/5/2012,1615.199951,1285.5,2778.110107,746.0900269,1.250938296,78.36100006,24.68000031,604,3403230000,1625600000,3403230000,228.524,0.16,134012,10989.8,8.2,77.82,-0.56,0.25,-1.03
6/6/2012,1632.800049,1315.130005,2844.719971,765.1699829,1.246261239,78.73000336,22.15999985,419,4268360000,1761050000,4268360000,228.524,0.16,134012,10989.8,8.2,77.82,-0.5,0.26,-1
6/7/2012,1586.599976,1314.98999,2831.02002,760.3400269,1.257387161,79.26999664,21.71999931,1200,4258140000,1655370000,4258140000,228.524,0.16,134012,10989.8,8.2,77.82,-0.49,0.27,-1.05
6/8/2012,1590.099976,1325.660034,2858.419922,769.1900024,1.257071018,79.69000244,21.22999954,157,3497190000,1390260000,3497190000,228.524,0.16,134012,10989.8,8.2,77.82,-0.5,0.28,-1.08
6/9/2012,1590.099976,1325.660034,2858.419922,769.1900024,1.257071018,79.69000244,21.22999954,157,3497190000,1390260000,3497190000,228.524,0.16,134012,10989.8,8.2,77.82,-0.5,0.28,-1.08
6/10/2012,1590.099976,1325.660034,2858.419922,769.1900024,1.257071018,79.69000244,21.22999954,157,3497190000,1390260000,3497190000,228.524,0.16,134012,10989.8,8.2,77.82,-0.5,0.28,-1.08
6/11/2012,1595.5,1308.930054,2809.72998,751.0100098,1.264542222,79.55999756,23.55999947,129,3537530000,1480220000,3537530000,228.524,0.16,134012,10989.8,8.2,77.82,-0.53,0.27,-1.1
6/12/2012,1612.699951,1324.180054,2843.070068,761.5300293,1.247816324,79.30699921,22.09000015,523,3442920000,1594310000,3442920000,228.524,0.16,134012,10989.8,8.2,77.82,-0.48,0.3,-1.06
6/13/2012,1618.099976,1314.880005,2818.610107,752.3800049,1.25046885,79.52700043,24.27000046,655,3506510000,1602080000,3506510000,228.524,0.16,134012,10989.8,8.2,77.82,-0.51,0.3,-1.09
6/14/2012,1618.400024,1329.099976,2836.330078,762.3400269,1.257387161,79.37200165,21.68000031,493,3687720000,1633370000,3687720000,228.524,0.16,134012,10989.8,8.2,77.82,-0.47,0.3,-1.06
6/15/2012,1627,1342.839966,2872.800049,771.3200073,1.262785792,79.42199707,21.11000061,1015,4401570000,2020100000,4401570000,228.524,0.16,134012,10989.8,8.2,77.82,-0.54,0.29,-1.18
6/16/2012,1627,1342.839966,2872.800049,771.3200073,1.262785792,79.42199707,21.11000061,1015,4401570000,2020100000,4401570000,228.524,0.16,134012,10989.8,8.2,77.82,-0.54,0.29,-1.18
6/17/2012,1627,1342.839966,2872.800049,771.3200073,1.262785792,79.42199707,21.11000061,1015,4401570000,2020100000,4401570000,228.524,0.16,134012,10989.8,8.2,77.82,-0.54,0.29,-1.18
6/18/2012,1625.699951,1344.780029,2895.330078,772.5300293,1.270486593,79.05200195,18.31999969,246,3259430000,1586190000,3259430000,228.524,0.16,134012,10989.8,8.2,77.82,-0.54,0.29,-1.16
6/19/2012,1622.199951,1357.97998,2929.76001,786.4299927,1.259763122,79,18.37999916,32,3815350000,1835480000,3815350000,228.524,0.16,134012,10989.8,8.2,77.82,-0.53,0.3,-1.16
6/20/2012,1614.800049,1355.689941,2930.449951,784.0499878,1.268069983,79.03399658,17.23999977,140,3695700000,1563080000,3695700000,228.524,0.16,134012,10989.8,8.2,77.82,-0.51,0.32,-1.14
6/21/2012,1564.5,1325.51001,2859.090088,764.8300171,1.268069983,79.42099762,20.07999992,29,4094470000,1822200000,4094470000,228.524,0.16,134012,10989.8,8.2,77.82,-0.47,0.32,-1.04
6/22/2012,1566,1335.02002,2892.419922,775.1599731,1.255177617,80.01999664,18.11000061,16,5271490000,3544010000,5271490000,228.524,0.16,134012,10989.8,8.2,77.82,-0.42,0.31,-0.98
6/23/2012,1566,1335.02002,2892.419922,775.1599731,1.255177617,80.01999664,18.11000061,16,5271490000,3544010000,5271490000,228.524,0.16,134012,10989.8,8.2,77.82,-0.42,0.31,-0.98
6/24/2012,1566,1335.02002,2892.419922,775.1599731,1.255177617,80.01999664,18.11000061,16,5271490000,3544010000,5271490000,228.524,0.16,134012,10989.8,8.2,77.82,-0.42,0.31,-0.98
6/25/2012,1587.5,1313.719971,2836.159912,761.9000244,1.253761292,80.55999756,20.37999916,32,3501820000,1514430000,3501820000,228.524,0.16,134012,10989.8,8.2,77.82,-0.47,0.31,-0.98
6/26/2012,1574,1319.98999,2854.060059,765.0200195,1.25046885,79.65000153,19.71999931,104,3412940000,1623160000,3412940000,228.524,0.16,134012,10989.8,8.2,77.82,-0.45,0.31,-0.95
6/27/2012,1577.5,1331.849976,2875.320068,776.2399902,1.248751163,79.45999908,19.45000076,220,3286910000,1668580000,3286910000,228.524,0.16,134012,10989.8,8.2,77.82,-0.45,0.31,-0.95
6/28/2012,1549.699951,1329.040039,2849.48999,775.8900146,1.247349381,79.68499756,19.70999908,133,3969370000,1795850000,3969370000,228.524,0.16,134012,10989.8,8.2,77.82,-0.48,0.31,-0.95
6/29/2012,1603.5,1362.160034,2935.050049,798.4899902,1.244090557,79.31300354,17.07999992,61,4590480000,2021190000,4590480000,228.524,0.16,134012,10989.8,8.2,77.82,-0.46,0.33,-1
6/30/2012,1603.5,1362.160034,2935.050049,798.4899902,1.244090557,79.31300354,17.07999992,61,4590480000,2021190000,4590480000,228.524,0.16,134012,10989.8,8.2,77.82,-0.46,0.33,-1
7/1/2012,1603.5,1362.160034,2935.050049,798.4899902,1.244090557,79.31300354,17.07999992,61,4590480000,2021190000,4590480000,228.59,0.16,134157,11016.8,8.2,82.81,-0.46,0.33,-1
7/2/2012,1597.199951,1365.51001,2951.22998,807.9400024,1.265518427,79.83899689,16.79999924,35,3301650000,1845240000,3301650000,228.59,0.16,134157,11016.8,8.2,82.81,-0.5,0.3,-1.04
7/3/2012,1621.300049,1374.02002,2976.080078,818.4899902,1.258178234,79.44000244,16.65999985,44,2116390000,1009330000,2116390000,228.59,0.16,134157,11016.8,8.2,82.81,-0.48,0.3,-1.08
7/4/2012,1621.300049,1374.02002,2976.080078,818.4899902,1.260557175,79.83999634,16.65999985,44,2116390000,1009330000,2116390000,228.59,0.16,134157,11016.8,8.2,82.81,-0.48,0.3,-1.08
7/5/2012,1608.900024,1367.579956,2976.120117,817.4299927,1.251627207,79.94000244,17.5,27,3041520000,1423990000,3041520000,228.59,0.16,134157,11016.8,8.2,82.81,-0.51,0.28,-1.12
7/6/2012,1578.400024,1354.680054,2937.330078,807.1400146,1.239157438,79.86000061,17.10000038,15,2745140000,1437420000,2745140000,228.59,0.16,134157,11016.8,8.2,82.81,-0.53,0.27,-1.12
7/7/2012,1578.400024,1354.680054,2937.330078,807.1400146,1.239157438,79.86000061,17.10000038,15,2745140000,1437420000,2745140000,228.59,0.16,134157,11016.8,8.2,82.81,-0.53,0.27,-1.12
7/8/2012,1578.400024,1354.680054,2937.330078,807.1400146,1.239157438,79.86000061,17.10000038,15,2745140000,1437420000,2745140000,228.59,0.16,134157,11016.8,8.2,82.81,-0.53,0.27,-1.12
7/9/2012,1588.599976,1352.459961,2931.77002,804.7999878,1.22714448,79.47799683,17.97999954,5,2904860000,1455500000,2904860000,228.59,0.16,134157,11016.8,8.2,82.81,-0.57,0.27,-1.14
7/10/2012,1579.300049,1341.469971,2902.330078,795.1699829,1.231830478,79.55799866,18.71999931,12,3470600000,1725730000,3470600000,228.59,0.16,134157,11016.8,8.2,82.81,-0.59,0.27,-1.16
7/11/2012,1575.199951,1341.449951,2887.97998,792.2600098,1.225640297,79.34999847,17.95000076,12,3426290000,1635120000,3426290000,228.59,0.16,134157,11016.8,8.2,82.81,-0.57,0.27,-1.15
7/12/2012,1564.900024,1334.76001,2866.189941,789.6199951,1.22472477,79.61000061,18.32999992,44,3654440000,1719460000,3654440000,228.59,0.16,134157,11016.8,8.2,82.81,-0.58,0.25,-1.13
7/13/2012,1591.599976,1356.780029,2908.469971,800.9899902,1.219274282,79.30999756,16.73999977,26,3212930000,1373620000,3212930000,228.59,0.16,134157,11016.8,8.2,82.81,-0.59,0.25,-1.15
7/14/2012,1591.599976,1356.780029,2908.469971,800.9899902,1.219274282,79.30999756,16.73999977,26,3212930000,1373620000,3212930000,228.59,0.16,134157,11016.8,8.2,82.81,-0.59,0.25,-1.15
7/15/2012,1591.599976,1356.780029,2908.469971,800.9899902,1.219274282,79.30999756,16.73999977,26,3212930000,1373620000,3212930000,228.59,0.16,134157,11016.8,8.2,82.81,-0.59,0.25,-1.15
7/16/2012,1591.199951,1353.640015,2896.939941,796.6599731,1.224889755,79.16999817,17.11000061,7,2862720000,1414470000,2862720000,228.59,0.16,134157,11016.8,8.2,82.81,-0.61,0.24,-1.18
7/17/2012,1589.099976,1363.670044,2910.040039,799.4500122,1.226843357,78.81999969,16.47999954,27,3566680000,1774160000,3566680000,228.59,0.16,134157,11016.8,8.2,82.81,-0.59,0.25,-1.16
7/18/2012,1570.400024,1372.780029,2942.600098,805.0599976,1.229558587,79.09600067,16.15999985,30,3642630000,1817040000,3642630000,228.59,0.16,134157,11016.8,8.2,82.81,-0.6,0.22,-1.19
7/19/2012,1580.099976,1376.51001,2965.899902,802.1699829,1.227747083,78.7990036,15.44999981,60,4043360000,1735920000,4043360000,228.59,0.16,134157,11016.8,8.2,82.81,-0.62,0.22,-1.2
7/20/2012,1582.5,1362.660034,2925.300049,791.539978,1.227686763,78.73999786,16.27000046,5,3925020000,1810420000,3925020000,228.59,0.16,134157,11016.8,8.2,82.81,-0.67,0.22,-1.18
7/21/2012,1582.5,1362.660034,2925.300049,791.539978,1.227686763,78.73999786,16.27000046,5,3925020000,1810420000,3925020000,228.59,0.16,134157,11016.8,8.2,82.81,-0.67,0.22,-1.18
7/22/2012,1582.5,1362.660034,2925.300049,791.539978,1.227686763,78.73999786,16.27000046,5,3925020000,1810420000,3925020000,228.59,0.16,134157,11016.8,8.2,82.81,-0.67,0.22,-1.18
7/23/2012,1577.099976,1350.52002,2890.149902,778.9000244,1.212709188,78.44999695,18.62000084,4,3717180000,1607140000,3717180000,228.59,0.16,134157,11016.8,8.2,82.81,-0.68,0.22,-1.18
7/24/2012,1576,1338.310059,2862.98999,767.75,1.212415099,78.31099701,20.46999931,9,3891290000,1748410000,3891290000,228.59,0.16,134157,11016.8,8.2,82.81,-0.68,0.22,-1.13
7/25/2012,1608,1337.890015,2854.23999,769.3099976,1.206185341,78.10700226,19.34000015,12,3719170000,1784150000,3719170000,228.59,0.16,134157,11016.8,8.2,82.81,-0.67,0.22,-1.12
7/26/2012,1615,1360.02002,2893.25,777.1099854,1.2140342,78.10299683,17.53000069,7,4429300000,1981520000,4429300000,228.59,0.16,134157,11016.8,8.2,82.81,-0.66,0.23,-1.13
7/27/2012,1617.900024,1385.969971,2958.090088,796,1.228048682,78.3239975,16.70000076,197976,4399010000,2102610000,4399010000,228.59,0.16,134157,11016.8,8.2,82.81,-0.61,0.25,-1.14
7/28/2012,1617.900024,1385.969971,2958.090088,796,1.228048682,78.3239975,16.70000076,197976,4399010000,2102610000,4399010000,228.59,0.16,134157,11016.8,8.2,82.81,-0.61,0.25,-1.14
7/29/2012,1617.900024,1385.969971,2958.090088,796,1.228048682,78.3239975,16.70000076,197976,4399010000,2102610000,4399010000,228.59,0.16,134157,11016.8,8.2,82.81,-0.61,0.25,-1.14
7/30/2012,1619.699951,1385.300049,2945.840088,791.5800171,1.230466366,78.5,18.03000069,52890,3212060000,1483990000,3212060000,228.59,0.16,134157,11016.8,8.2,82.81,-0.64,0.23,-1.17
7/31/2012,1610.5,1379.319946,2939.52002,786.9400024,1.225940943,78.10099792,18.93000031,6281,3821570000,1801440000,3821570000,228.59,0.16,134157,11016.8,8.2,82.81,-0.69,0.23,-1.23
8/1/2012,1603.699951,1375.319946,2920.209961,771.1300049,1.22940743,78.12000275,18.95999908,3530,4440920000,1722530000,4440920000,229.918,0.13,134338,11056,8.1,74.88,-0.67,0.24,-1.22
8/2/2012,1587.400024,1365,2909.77002,768.5999756,1.224140048,78.37999725,17.56999969,933,4193740000,1822620000,4193740000,229.918,0.13,134338,11056,8.1,74.88,-0.69,0.24,-1.22
8/3/2012,1606,1390.98999,2967.899902,788.4799805,1.218026876,78.22000122,15.64000034,676,3751170000,1730210000,3751170000,229.918,0.13,134338,11056,8.1,74.88,-0.66,0.24,-1.2
8/4/2012,1606,1390.98999,2967.899902,788.4799805,1.218026876,78.22000122,15.64000034,676,3751170000,1730210000,3751170000,229.918,0.13,134338,11056,8.1,74.88,-0.66,0.24,-1.2
8/5/2012,1606,1390.98999,2967.899902,788.4799805,1.218026876,78.22000122,15.64000034,676,3751170000,1730210000,3751170000,229.918,0.13,134338,11056,8.1,74.88,-0.66,0.24,-1.2
8/6/2012,1612.900024,1394.22998,2989.909912,794.3499756,1.242853642,78.61000061,15.94999981,662,3122050000,1528260000,3122050000,229.918,0.13,134338,11056,8.1,74.88,-0.68,0.24,-1.24
8/7/2012,1609.699951,1401.349976,3015.860107,801.3400269,1.239003897,78.19999695,15.98999977,449,3682490000,1899240000,3682490000,229.918,0.13,134338,11056,8.1,74.88,-0.65,0.27,-1.24
8/8/2012,1612.900024,1402.219971,3011.25,800.1599731,1.238696933,78.61000061,15.31999969,341,3221790000,1874580000,3221790000,229.918,0.13,134338,11056,8.1,74.88,-0.61,0.29,-1.19
8/9/2012,1617.099976,1402.800049,3018.639893,802.9000244,1.237332821,78.40000153,15.27999973,433,3119610000,1677970000,3119610000,229.918,0.13,134338,11056,8.1,74.88,-0.58,0.29,-1.18
8/10/2012,1619.699951,1405.869995,3020.860107,801.5499878,1.22940743,78.61000061,14.73999977,1219,2767980000,1556460000,2767980000,229.918,0.13,134338,11056,8.1,74.88,-0.6,0.27,-1.19
8/11/2012,1619.699951,1405.869995,3020.860107,801.5499878,1.22940743,78.61000061,14.73999977,1219,2767980000,1556460000,2767980000,229.918,0.13,134338,11056,8.1,74.88,-0.6,0.27,-1.19
8/12/2012,1619.699951,1405.869995,3020.860107,801.5499878,1.22940743,78.61000061,14.73999977,1219,2767980000,1556460000,2767980000,229.918,0.13,134338,11056,8.1,74.88,-0.6,0.27,-1.19
8/13/2012,1609.599976,1404.109985,3022.52002,799.4899902,1.227716923,78.25,13.69999981,402,2499990000,1353380000,2499990000,229.918,0.13,134338,11056,8.1,74.88,-0.58,0.27,-1.19
8/14/2012,1599.400024,1403.930054,3016.97998,796.8800049,1.232741594,78.33000183,14.85000038,910,2930900000,1567830000,2930900000,229.918,0.13,134338,11056,8.1,74.88,-0.53,0.27,-1.16
8/15/2012,1603.699951,1405.530029,3030.929932,804.2600098,1.232589722,78.81500244,14.63000011,280,2655750000,1536730000,2655750000,229.918,0.13,134338,11056,8.1,74.88,-0.45,0.27,-1.09
8/16/2012,1616.099976,1415.51001,3062.389893,813.0800171,1.228954077,78.98999786,14.28999996,199,3114100000,1937430000,3114100000,229.918,0.13,134338,11056,8.1,74.88,-0.42,0.29,-1.07
8/17/2012,1616.300049,1418.160034,3076.590088,819.8900146,1.235788465,79.25,13.44999981,249,2922990000,1640640000,2922990000,229.918,0.13,134338,11056,8.1,74.88,-0.43,0.29,-1.05
8/18/2012,1616.300049,1418.160034,3076.590088,819.8900146,1.235788465,79.25,13.44999981,249,2922990000,1640640000,2922990000,229.918,0.13,134338,11056,8.1,74.88,-0.43,0.29,-1.05
8/19/2012,1616.300049,1418.160034,3076.590088,819.8900146,1.235788465,79.25,13.44999981,249,2922990000,1640640000,2922990000,229.918,0.13,134338,11056,8.1,74.88,-0.43,0.29,-1.05
8/20/2012,1620.099976,1418.130005,3076.209961,816.5100098,1.233258605,79.51000214,14.02000046,68,2766320000,1451550000,2766320000,229.918,0.13,134338,11056,8.1,74.88,-0.43,0.29,-1.04
8/21/2012,1639.900024,1413.170044,3067.26001,815.3599854,1.235330462,79.33000183,15.02000046,258,3282950000,1574220000,3282950000,229.918,0.13,134338,11056,8.1,74.88,-0.45,0.31,-1.06
8/22/2012,1637.400024,1413.48999,3073.669922,812.5599976,1.247660637,79.24199677,15.10999966,37,3062690000,1459130000,3062690000,229.918,0.13,134338,11056,8.1,74.88,-0.55,0.26,-1.17
8/23/2012,1669.599976,1402.079956,3053.399902,806,1.253446937,78.53900146,15.96000004,141,3008240000,1383860000,3008240000,229.918,0.13,134338,11056,8.1,74.88,-0.62,0.26,-1.25
8/24/2012,1669.800049,1411.130005,3069.790039,809.1900024,1.256123543,78.59999847,15.18000031,24,2598790000,1349740000,2598790000,229.918,0.13,134338,11056,8.1,74.88,-0.6,0.28,-1.22
8/25/2012,1669.800049,1411.130005,3069.790039,809.1900024,1.256123543,78.59999847,15.18000031,24,2598790000,1349740000,2598790000,229.918,0.13,134338,11056,8.1,74.88,-0.6,0.28,-1.22
8/26/2012,1669.800049,1411.130005,3069.790039,809.1900024,1.256123543,78.59999847,15.18000031,24,2598790000,1349740000,2598790000,229.918,0.13,134338,11056,8.1,74.88,-0.6,0.28,-1.22
8/27/2012,1672.400024,1410.439941,3073.189941,810.4000244,1.250437617,78.73000336,16.35000038,42,2472500000,1383530000,2472500000,229.918,0.13,134338,11056,8.1,74.88,-0.64,0.28,-1.27
8/28/2012,1666.5,1409.300049,3077.139893,814.2800293,1.250156283,78.75,16.48999977,51,2629090000,1364740000,2629090000,229.918,0.13,134338,11056,8.1,74.88,-0.68,0.27,-1.29
8/29/2012,1659.800049,1410.48999,3081.189941,817.8400269,1.257228971,78.56999969,17.05999947,403,2571220000,1282900000,2571220000,229.918,0.13,134338,11056,8.1,74.88,-0.64,0.27,-1.26
8/30/2012,1653.5,1399.47998,3048.709961,808.6400146,1.25313282,78.72000122,17.82999992,418,2530280000,1216640000,2530280000,229.918,0.13,134338,11056,8.1,74.88,-0.63,0.27,-1.26
8/31/2012,1684.599976,1406.579956,3066.959961,812.0900269,1.251094699,78.52999878,17.46999931,58,2938250000,1394760000,2938250000,229.918,0.13,134338,11056,8.1,74.88,-0.68,0.22,-1.36
9/1/2012,1684.599976,1406.579956,3066.959961,812.0900269,1.251094699,78.52999878,17.46999931,58,2938250000,1394760000,2938250000,231.015,0.14,134517,11105.3,7.8,69.28,-0.68,0.22,-1.36
9/2/2012,1684.599976,1406.579956,3066.959961,812.0900269,1.251094699,78.52999878,17.46999931,58,2938250000,1394760000,2938250000,231.015,0.14,134517,11105.3,7.8,69.28,-0.68,0.22,-1.36
9/3/2012,1684.599976,1406.579956,3066.959961,812.0900269,1.257703424,78.29000092,17.46999931,58,2938250000,1394760000,2938250000,231.015,0.14,134517,11105.3,7.8,69.28,-0.68,0.22,-1.36
9/4/2012,1692.900024,1404.939941,3075.060059,822.1400146,1.258653283,78.33899689,17.97999954,43,3200310000,1505960000,3200310000,231.015,0.14,134517,11105.3,7.8,69.28,-0.68,0.23,-1.35
9/5/2012,1690.800049,1403.439941,3069.27002,821.2299805,1.253446937,78.47000122,17.73999977,82,3389110000,1495030000,3389110000,231.015,0.14,134517,11105.3,7.8,69.28,-0.69,0.25,-1.36
9/6/2012,1702.599976,1432.119995,3135.810059,837.9500122,1.260239482,78.41999817,15.60000038,39,3952870000,1918900000,3952870000,231.015,0.14,134517,11105.3,7.8,69.28,-0.63,0.27,-1.33
9/7/2012,1737.5,1437.920044,3136.419922,842.2700195,1.263264298,78.88999939,14.38000011,109,3717620000,1740640000,3717620000,231.015,0.14,134517,11105.3,7.8,69.28,-0.68,0.25,-1.39
9/8/2012,1737.5,1437.920044,3136.419922,842.2700195,1.263264298,78.88999939,14.38000011,109,3717620000,1740640000,3717620000,231.015,0.14,134517,11105.3,7.8,69.28,-0.68,0.25,-1.39
9/9/2012,1737.5,1437.920044,3136.419922,842.2700195,1.263264298,78.88999939,14.38000011,109,3717620000,1740640000,3717620000,231.015,0.14,134517,11105.3,7.8,69.28,-0.68,0.25,-1.39
9/10/2012,1728.699951,1429.079956,3104.02002,839.3699951,1.279590607,78.21900177,16.28000069,14,3223670000,1575370000,3223670000,231.015,0.14,134517,11105.3,7.8,69.28,-0.68,0.25,-1.42
9/11/2012,1731.800049,1433.560059,3104.530029,841.9199829,1.276161313,78.22599792,16.40999985,2,3509630000,1586250000,3509630000,231.015,0.14,134517,11105.3,7.8,69.28,-0.68,0.25,-1.44
9/12/2012,1730.599976,1436.560059,3114.310059,845.1199951,1.28518188,77.75,15.80000019,15,3641200000,1689140000,3641200000,231.015,0.14,134517,11105.3,7.8,69.28,-0.61,0.25,-1.42
9/13/2012,1769.099976,1459.98999,3155.830078,856.1199951,1.290322661,77.83000183,14.05000019,33,4606550000,1870050000,4606550000,231.015,0.14,134517,11105.3,7.8,69.28,-0.72,0.24,-1.58
9/14/2012,1769.800049,1465.77002,3183.949951,864.7000122,1.299376369,77.64800262,14.51000023,25,5041990000,1984720000,5041990000,231.015,0.14,134517,11105.3,7.8,69.28,-0.76,0.27,-1.67
9/15/2012,1769.800049,1465.77002,3183.949951,864.7000122,1.299376369,77.64800262,14.51000023,25,5041990000,1984720000,5041990000,231.015,0.14,134517,11105.3,7.8,69.28,-0.76,0.27,-1.67
9/16/2012,1769.800049,1465.77002,3183.949951,864.7000122,1.299376369,77.64800262,14.51000023,25,5041990000,1984720000,5041990000,231.015,0.14,134517,11105.3,7.8,69.28,-0.76,0.27,-1.67
9/17/2012,1767.699951,1461.189941,3178.669922,858.9000244,1.311647534,78.33300018,14.59000015,54,3482430000,1485390000,3482430000,231.015,0.14,134517,11105.3,7.8,69.28,-0.74,0.25,-1.58
9/18/2012,1768.400024,1459.319946,3177.800049,856.9299927,1.311011195,78.67299652,14.18000031,13,3377390000,1707200000,3377390000,231.015,0.14,134517,11105.3,7.8,69.28,-0.73,0.25,-1.52
9/19/2012,1769,1461.050049,3182.620117,856.0800171,1.304631472,78.76999664,13.88000011,27,3451360000,1850920000,3451360000,231.015,0.14,134517,11105.3,7.8,69.28,-0.75,0.27,-1.49
9/20/2012,1767.699951,1460.26001,3175.959961,851.5100098,1.305823922,78.39700317,14.06999969,17,3382520000,1809130000,3382520000,231.015,0.14,134517,11105.3,7.8,69.28,-0.7,0.27,-1.51
9/21/2012,1775.5,1460.150024,3179.959961,855.5100098,1.297353387,78.19999695,13.97999954,10,4833870000,2526250000,4833870000,231.015,0.14,134517,11105.3,7.8,69.28,-0.71,0.27,-1.5
9/22/2012,1775.5,1460.150024,3179.959961,855.5100098,1.297353387,78.19999695,13.97999954,10,4833870000,2526250000,4833870000,231.015,0.14,134517,11105.3,7.8,69.28,-0.71,0.27,-1.5
9/23/2012,1775.5,1460.150024,3179.959961,855.5100098,1.297353387,78.19999695,13.97999954,10,4833870000,2526250000,4833870000,231.015,0.14,134517,11105.3,7.8,69.28,-0.71,0.27,-1.5
9/24/2012,1762.099976,1456.890015,3160.780029,851.7600098,1.296848655,78.08000183,14.14999962,4,3008920000,1704860000,3008920000,231.015,0.14,134517,11105.3,7.8,69.28,-0.73,0.27,-1.47
9/25/2012,1763.800049,1441.589966,3117.72998,839.1199951,1.294163346,77.86399841,15.43000031,5,3739900000,1975470000,3739900000,231.015,0.14,134517,11105.3,7.8,69.28,-0.74,0.27,-1.49
9/26/2012,1750.599976,1433.319946,3093.699951,833.9299927,1.29000628,77.72799683,16.80999947,15237,3565380000,1738010000,3565380000,231.015,0.14,134517,11105.3,7.8,69.28,-0.77,0.26,-1.46
9/27/2012,1777.599976,1447.150024,3136.600098,843.539978,1.288161755,77.69799805,14.84000015,6989,3150330000,1691800000,3150330000,231.015,0.14,134517,11105.3,7.8,69.28,-0.78,0.25,-1.47
9/28/2012,1771.099976,1440.670044,3116.22998,837.4500122,1.291322351,77.61000061,15.72999954,2839,3509230000,1864640000,3509230000,231.015,0.14,134517,11105.3,7.8,69.28,-0.77,0.23,-1.49
9/29/2012,1771.099976,1440.670044,3116.22998,837.4500122,1.291322351,77.61000061,15.72999954,2839,3509230000,1864640000,3509230000,231.015,0.14,134517,11105.3,7.8,69.28,-0.77,0.23,-1.49
9/30/2012,1771.099976,1440.670044,3116.22998,837.4500122,1.291322351,77.61000061,15.72999954,2839,3509230000,1864640000,3509230000,231.015,0.14,134517,11105.3,7.8,69.28,-0.77,0.23,-1.49
10/1/2012,1780.5,1444.48999,3113.530029,840.3099976,1.28090167,77.95899963,16.31999969,816,3505080000,1758170000,3505080000,231.638,0.16,134668,11137.4,7.8,81.66,-0.78,0.25,-1.49
10/2/2012,1772.699951,1445.75,3120.040039,840.5100098,1.28882587,78.04100037,15.71000004,94,3321790000,1609570000,3321790000,231.638,0.16,134668,11137.4,7.8,81.66,-0.83,0.23,-1.51
10/3/2012,1777.300049,1450.98999,3135.22998,838.7800293,1.291655898,78.21499634,15.43000031,134,3531640000,1704050000,3531640000,231.638,0.16,134668,11137.4,7.8,81.66,-0.83,0.23,-1.57
10/4/2012,1794.099976,1461.400024,3149.459961,844.6500244,1.292323589,78.41500092,14.55000019,199,3615860000,1585190000,3615860000,231.638,0.16,134668,11137.4,7.8,81.66,-0.86,0.23,-1.62
10/5/2012,1778.599976,1460.930054,3136.189941,842.8599854,1.301744342,78.48400116,14.32999992,257,3172940000,1607940000,3172940000,231.638,0.16,134668,11137.4,7.8,81.66,-0.82,0.27,-1.61
10/6/2012,1778.599976,1460.930054,3136.189941,842.8599854,1.301744342,78.48400116,14.32999992,257,3172940000,1607940000,3172940000,231.638,0.16,134668,11137.4,7.8,81.66,-0.82,0.27,-1.61
10/7/2012,1778.599976,1460.930054,3136.189941,842.8599854,1.301744342,78.48400116,14.32999992,257,3172940000,1607940000,3172940000,231.638,0.16,134668,11137.4,7.8,81.66,-0.82,0.27,-1.61
10/8/2012,1773.5,1455.880005,3112.350098,838.4099731,1.301574945,78.70200348,15.10999966,33,2328720000,1186260000,2328720000,231.638,0.16,134668,11137.4,7.8,81.66,-0.82,0.27,-1.61
10/9/2012,1763,1441.47998,3065.02002,827.9199829,1.297690034,78.28600311,16.37000084,24,3216320000,1645740000,3216320000,231.638,0.16,134668,11137.4,7.8,81.66,-0.81,0.25,-1.6
10/10/2012,1763.199951,1432.560059,3051.780029,826.75,1.285842896,78.21900177,16.29000092,29,3225060000,1788970000,3225060000,231.638,0.16,134668,11137.4,7.8,81.66,-0.8,0.27,-1.57
10/11/2012,1768.800049,1432.839966,3049.409912,829.7800293,1.285842896,78.07499695,15.59000015,30,3672540000,1595020000,3672540000,231.638,0.16,134668,11137.4,7.8,81.66,-0.77,0.28,-1.52
10/12/2012,1758,1428.589966,3044.110107,823.0900269,1.293326497,78.40200043,16.13999939,84,3134750000,1524840000,3134750000,231.638,0.16,134668,11137.4,7.8,81.66,-0.78,0.27,-1.48
10/13/2012,1758,1428.589966,3044.110107,823.0900269,1.293326497,78.40200043,16.13999939,84,3134750000,1524840000,3134750000,231.638,0.16,134668,11137.4,7.8,81.66,-0.78,0.27,-1.48
10/14/2012,1758,1428.589966,3044.110107,823.0900269,1.293326497,78.40200043,16.13999939,84,3134750000,1524840000,3134750000,231.638,0.16,134668,11137.4,7.8,81.66,-0.78,0.27,-1.48
10/15/2012,1736,1440.130005,3064.179932,828.2800293,1.294330835,78.46800232,15.27000046,108,3483810000,1563440000,3483810000,231.638,0.16,134668,11137.4,7.8,81.66,-0.78,0.27,-1.52
10/16/2012,1744.699951,1454.920044,3101.169922,835.4400024,1.296848655,78.78900146,15.22000027,15,3568770000,1736930000,3568770000,231.638,0.16,134668,11137.4,7.8,81.66,-0.71,0.27,-1.48
10/17/2012,1751.5,1460.910034,3104.120117,842.5200195,1.310787797,78.82499695,15.06999969,36,3655320000,1770920000,3655320000,231.638,0.16,134668,11137.4,7.8,81.66,-0.65,0.3,-1.44
10/18/2012,1743.300049,1457.339966,3072.870117,837.1199951,1.311647534,79.05999756,15.02999973,27,3880030000,2043290000,3880030000,231.638,0.16,134668,11137.4,7.8,81.66,-0.66,0.29,-1.43
10/19/2012,1722.800049,1433.189941,3005.620117,821,1.306916118,79.30799866,17.05999947,70,3875170000,2225580000,3875170000,231.638,0.16,134668,11137.4,7.8,81.66,-0.71,0.3,-1.42
10/20/2012,1722.800049,1433.189941,3005.620117,821,1.306916118,79.30799866,17.05999947,70,3875170000,2225580000,3875170000,231.638,0.16,134668,11137.4,7.8,81.66,-0.71,0.3,-1.42
10/21/2012,1722.800049,1433.189941,3005.620117,821,1.306916118,79.30799866,17.05999947,70,3875170000,2225580000,3875170000,231.638,0.16,134668,11137.4,7.8,81.66,-0.71,0.3,-1.42
10/22/2012,1725.099976,1433.819946,3016.959961,820.5200195,1.302252889,79.25700378,16.62000084,12,3216220000,1654130000,3216220000,231.638,0.16,134668,11137.4,7.8,81.66,-0.7,0.32,-1.39
10/23/2012,1708.300049,1413.109985,2990.459961,816.2000122,1.307018638,79.98999786,18.82999992,75,3587670000,1830840000,3587670000,231.638,0.16,134668,11137.4,7.8,81.66,-0.71,0.29,-1.38
10/24/2012,1700.5,1408.75,2981.699951,813.6500244,1.297353387,79.81999969,18.32999992,27,3385970000,1967000000,3385970000,231.638,0.16,134668,11137.4,7.8,81.66,-0.69,0.29,-1.37
10/25/2012,1712,1412.969971,2986.120117,816.8200073,1.296512365,79.83799744,18.12000084,33,3512640000,1922660000,3512640000,231.638,0.16,134668,11137.4,7.8,81.66,-0.63,0.31,-1.31
10/26/2012,1710.900024,1411.939941,2987.949951,813.25,1.293828487,80.23500061,17.80999947,77,3284910000,1839700000,3284910000,231.638,0.16,134668,11137.4,7.8,81.66,-0.69,0.3,-1.32
10/27/2012,1710.900024,1411.939941,2987.949951,813.25,1.293828487,80.23500061,17.80999947,77,3284910000,1839700000,3284910000,231.638,0.16,134668,11137.4,7.8,81.66,-0.69,0.3,-1.32
10/28/2012,1710.900024,1411.939941,2987.949951,813.25,1.293828487,80.23500061,17.80999947,77,3284910000,1839700000,3284910000,231.638,0.16,134668,11137.4,7.8,81.66,-0.69,0.3,-1.32
10/29/2012,1710.900024,1411.939941,2987.949951,813.25,1.292407155,79.65000153,17.80999947,77,3284910000,1839700000,3284910000,231.638,0.16,134668,11137.4,7.8,81.66,-0.73,0.3,-1.35
10/30/2012,1710.900024,1411.939941,2987.949951,813.25,1.290822268,79.76399994,17.80999947,77,3284910000,1839700000,3284910000,231.638,0.16,134668,11137.4,7.8,81.66,-0.73,0.3,-1.35
10/31/2012,1717.5,1412.160034,2977.22998,818.7299805,1.296260357,79.68399811,18.60000038,64,3577110000,1806780000,3577110000,231.638,0.16,134668,11137.4,7.8,81.66,-0.78,0.3,-1.4
11/1/2012,1714.099976,1427.589966,3020.060059,827.8499756,1.296512365,79.86000061,16.69000053,24,3929890000,1880140000,3929890000,231.249,0.16,134825,11178.4,7.7,81.39,-0.77,0.3,-1.4
11/2/2012,1674.099976,1414.199951,2982.129883,814.3699951,1.29483366,80.22000122,17.59000015,50,3732480000,1834590000,3732480000,231.249,0.16,134825,11178.4,7.7,81.39,-0.73,0.28,-1.39
11/3/2012,1674.099976,1414.199951,2982.129883,814.3699951,1.29483366,80.22000122,17.59000015,50,3732480000,1834590000,3732480000,231.249,0.16,134825,11178.4,7.7,81.39,-0.73,0.28,-1.39
11/4/2012,1674.099976,1414.199951,2982.129883,814.3699951,1.29483366,80.22000122,17.59000015,50,3732480000,1834590000,3732480000,231.249,0.16,134825,11178.4,7.7,81.39,-0.73,0.28,-1.39
11/5/2012,1682.199951,1417.26001,2999.659912,819.539978,1.282791376,80.5,18.42000008,7,2921040000,1496210000,2921040000,231.249,0.16,134825,11178.4,7.7,81.39,-0.75,0.28,-1.37
11/6/2012,1714.099976,1428.390015,3011.929932,825.6400146,1.2802459,80.16000366,17.57999992,47,3306970000,1782430000,3306970000,231.249,0.16,134825,11178.4,7.7,81.39,-0.72,0.3,-1.37
11/7/2012,1713.199951,1394.530029,2937.290039,804.5200195,1.280803323,80.29000092,19.07999992,42,4356490000,2059690000,4356490000,231.249,0.16,134825,11178.4,7.7,81.39,-0.8,0.27,-1.41
11/8/2012,1725.400024,1377.51001,2895.580078,793.6500244,1.275998473,79.97000122,18.48999977,34,3779520000,1876420000,3779520000,231.249,0.16,134825,11178.4,7.7,81.39,-0.85,0.27,-1.42
11/9/2012,1730.300049,1379.849976,2904.870117,795.0200195,1.274534822,79.47899628,18.61000061,6,3647350000,1802580000,3647350000,231.249,0.16,134825,11178.4,7.7,81.39,-0.83,0.27,-1.4
11/10/2012,1730.300049,1379.849976,2904.870117,795.0200195,1.274534822,79.47899628,18.61000061,6,3647350000,1802580000,3647350000,231.249,0.16,134825,11178.4,7.7,81.39,-0.83,0.27,-1.4
11/11/2012,1730.300049,1379.849976,2904.870117,795.0200195,1.274534822,79.47899628,18.61000061,6,3647350000,1802580000,3647350000,231.249,0.16,134825,11178.4,7.7,81.39,-0.83,0.27,-1.4
11/12/2012,1730.300049,1380.030029,2904.25,793.7600098,1.272394061,79.45999908,16.68000031,6,2567540000,1379240000,2567540000,231.249,0.16,134825,11178.4,7.7,81.39,-0.83,0.27,-1.4
11/13/2012,1724.199951,1374.530029,2883.889893,789.0100098,1.270970941,79.59799957,16.64999962,12,3455550000,1816260000,3455550000,231.249,0.16,134825,11178.4,7.7,81.39,-0.84,0.27,-1.41
11/14/2012,1729.5,1355.48999,2846.810059,773.2000122,1.270970941,79.45999908,17.92000008,11,4109510000,2106590000,4109510000,231.249,0.16,134825,11178.4,7.7,81.39,-0.81,0.25,-1.39
11/15/2012,1713.300049,1353.329956,2836.939941,769.4799805,1.273236632,80.19999695,17.98999977,10,3928870000,2010300000,3928870000,231.249,0.16,134825,11178.4,7.7,81.39,-0.8,0.24,-1.38
11/16/2012,1714.300049,1359.880005,2853.129883,776.2800293,1.278445482,81.12000275,16.40999985,16,4045910000,2187730000,4045910000,231.249,0.16,134825,11178.4,7.7,81.39,-0.81,0.24,-1.39
11/17/2012,1714.300049,1359.880005,2853.129883,776.2800293,1.278445482,81.12000275,16.40999985,16,4045910000,2187730000,4045910000,231.249,0.16,134825,11178.4,7.7,81.39,-0.81,0.24,-1.39
11/18/2012,1714.300049,1359.880005,2853.129883,776.2800293,1.278445482,81.12000275,16.40999985,16,4045910000,2187730000,4045910000,231.249,0.16,134825,11178.4,7.7,81.39,-0.81,0.24,-1.39
11/19/2012,1734,1386.890015,2916.070068,793.0599976,1.275949717,81.52600098,15.23999977,4,3374800000,1767240000,3374800000,231.249,0.16,134825,11178.4,7.7,81.39,-0.78,0.25,-1.39
11/20/2012,1723.199951,1387.810059,2916.679932,793.8099976,1.276943564,81.34999847,15.07999992,21,3207160000,1588750000,3207160000,231.249,0.16,134825,11178.4,7.7,81.39,-0.74,0.27,-1.38
11/21/2012,1727.900024,1391.030029,2926.550049,798.3800049,1.281443477,81.75499725,15.31000042,23,2667090000,1430060000,2667090000,231.249,0.16,134825,11178.4,7.7,81.39,-0.71,0.27,-1.36
11/22/2012,1727.900024,1391.030029,2926.550049,798.3800049,1.286504626,82.5739975,15.31000042,23,2667090000,1430060000,2667090000,231.249,0.16,134825,11178.4,7.7,81.39,-0.71,0.27,-1.36
11/23/2012,1751.300049,1409.150024,2966.850098,807.1799927,1.287514925,82.35900116,15.14000034,8,1504960000,792750000,1504960000,231.249,0.16,134825,11178.4,7.7,81.39,-0.72,0.29,-1.36
11/24/2012,1751.300049,1409.150024,2966.850098,807.1799927,1.287514925,82.35900116,15.14000034,8,1504960000,792750000,1504960000,231.249,0.16,134825,11178.4,7.7,81.39,-0.72,0.29,-1.36
11/25/2012,1751.300049,1409.150024,2966.850098,807.1799927,1.287514925,82.35900116,15.14000034,8,1504960000,792750000,1504960000,231.249,0.16,134825,11178.4,7.7,81.39,-0.72,0.29,-1.36
11/26/2012,1749.5,1406.290039,2976.780029,809.0200195,1.296596408,82.54599762,15.5,24,2948960000,1641710000,2948960000,231.249,0.16,134825,11178.4,7.7,81.39,-0.73,0.27,-1.36
11/27/2012,1742.199951,1398.939941,2967.790039,807.7399902,1.298701286,81.8730011,15.92000008,7,3323120000,1763320000,3323120000,231.249,0.16,134825,11178.4,7.7,81.39,-0.74,0.27,-1.36
11/28/2012,1716.5,1409.930054,2991.780029,813.5,1.293828487,82.08000183,15.51000023,276136,3359250000,1725550000,3359250000,231.249,0.16,134825,11178.4,7.7,81.39,-0.75,0.27,-1.35
11/29/2012,1727.199951,1415.949951,3012.030029,823.2000122,1.295336723,82.15000153,15.06000042,65599,3356850000,1758440000,3356850000,231.249,0.16,134825,11178.4,7.7,81.39,-0.78,0.25,-1.37
11/30/2012,1710.900024,1416.180054,3010.23999,821.9199829,1.297353387,82.15100098,15.86999989,3690,3966000000,2194240000,3966000000,231.249,0.16,134825,11178.4,7.7,81.39,-0.79,0.25,-1.4
12/1/2012,1710.900024,1416.180054,3010.23999,821.9199829,1.297353387,82.15100098,15.86999989,3690,3966000000,2194240000,3966000000,231.221,0.16,135074,11181.2,7.9,74.83,-0.79,0.25,-1.4
12/2/2012,1710.900024,1416.180054,3010.23999,821.9199829,1.297353387,82.15100098,15.86999989,3690,3966000000,2194240000,3966000000,231.221,0.16,135074,11181.2,7.9,74.83,-0.79,0.25,-1.4
12/3/2012,1719.599976,1409.459961,3002.199951,820.7999878,1.299680233,82.45600128,16.63999939,1238,3074280000,1667330000,3074280000,231.221,0.16,135074,11181.2,7.9,74.83,-0.81,0.25,-1.41
12/4/2012,1694.400024,1407.050049,2996.689941,822.1199951,1.299680233,82.13300323,17.12000084,1428,3247710000,1781760000,3247710000,231.221,0.16,135074,11181.2,7.9,74.83,-0.83,0.25,-1.41
12/5/2012,1692.400024,1409.280029,2973.699951,820.5999756,1.309929252,81.81600189,16.45999908,1262,4253920000,1800820000,4253920000,231.221,0.16,135074,11181.2,7.9,74.83,-0.85,0.25,-1.45
12/6/2012,1700.300049,1413.939941,2989.27002,821.789978,1.307018638,82.43599701,16.57999992,525,3229700000,1713460000,3229700000,231.221,0.16,135074,11181.2,7.9,74.83,-0.87,0.25,-1.46
12/7/2012,1704,1418.069946,2978.040039,822.2700195,1.296344399,82.43000031,15.89999962,169,3125160000,1613570000,3125160000,231.221,0.16,135074,11181.2,7.9,74.83,-0.86,0.25,-1.47
12/8/2012,1704,1418.069946,2978.040039,822.2700195,1.296344399,82.43000031,15.89999962,169,3125160000,1613570000,3125160000,231.221,0.16,135074,11181.2,7.9,74.83,-0.86,0.25,-1.47
12/9/2012,1704,1418.069946,2978.040039,822.2700195,1.296344399,82.43000031,15.89999962,169,3125160000,1613570000,3125160000,231.221,0.16,135074,11181.2,7.9,74.83,-0.86,0.25,-1.47
12/10/2012,1713,1418.550049,2986.959961,826.2600098,1.290605664,82.55999756,16.04999924,88,2999430000,1528430000,2999430000,231.221,0.16,135074,11181.2,7.9,74.83,-0.87,0.24,-1.43
12/11/2012,1708.199951,1427.839966,3022.300049,834.9899902,1.293828487,82.34999847,15.56999969,88,3650230000,1921860000,3650230000,231.221,0.16,135074,11181.2,7.9,74.83,-0.84,0.24,-1.43
12/12/2012,1716.599976,1428.47998,3013.810059,829.3900146,1.301320791,82.51999664,15.94999981,195,3709050000,1756220000,3709050000,231.221,0.16,135074,11181.2,7.9,74.83,-0.79,0.25,-1.46
12/13/2012,1695.599976,1419.449951,2992.159912,824.2000122,1.306677103,83.20999908,16.55999947,240,3349960000,1833990000,3349960000,231.221,0.16,135074,11181.2,7.9,74.83,-0.73,0.27,-1.42
12/14/2012,1695.800049,1413.579956,2971.330078,823.75,1.307873487,83.66699982,17,72,3210170000,1786980000,3210170000,231.221,0.16,135074,11181.2,7.9,74.83,-0.74,0.24,-1.41
12/15/2012,1695.800049,1413.579956,2971.330078,823.75,1.307873487,83.66699982,17,72,3210170000,1786980000,3210170000,231.221,0.16,135074,11181.2,7.9,74.83,-0.74,0.24,-1.41
12/16/2012,1695.800049,1413.579956,2971.330078,823.75,1.307873487,83.66699982,17,72,3210170000,1786980000,3210170000,231.221,0.16,135074,11181.2,7.9,74.83,-0.74,0.24,-1.41
12/17/2012,1697,1430.359985,3010.600098,835,1.316586375,84.15799713,16.34000015,65,3455610000,1911420000,3455610000,231.221,0.16,135074,11181.2,7.9,74.83,-0.7,0.25,-1.37
12/18/2012,1669.5,1446.790039,3054.530029,847.6900024,1.316482425,83.90299988,15.56999969,501,4302240000,2022130000,4302240000,231.221,0.16,135074,11181.2,7.9,74.83,-0.67,0.28,-1.36
12/19/2012,1666.5,1435.810059,3044.360107,847.8900146,1.323101282,84.36100006,17.36000061,76,3869800000,1933270000,3869800000,231.221,0.16,135074,11181.2,7.9,74.83,-0.66,0.28,-1.36
12/20/2012,1644.900024,1443.689941,3050.389893,852.4899902,1.321527719,84.22599792,17.67000008,158,3686580000,1691190000,3686580000,231.221,0.16,135074,11181.2,7.9,74.83,-0.69,0.28,-1.39
12/21/2012,1659.099976,1430.150024,3021.01001,847.9199829,1.323766828,84.41999817,17.84000015,78,5229160000,2843090000,5229160000,231.221,0.16,135074,11181.2,7.9,74.83,-0.71,0.26,-1.35
12/22/2012,1659.099976,1430.150024,3021.01001,847.9199829,1.323766828,84.41999817,17.84000015,78,5229160000,2843090000,5229160000,231.221,0.16,135074,11181.2,7.9,74.83,-0.71,0.26,-1.35
12/23/2012,1659.099976,1430.150024,3021.01001,847.9199829,1.323766828,84.41999817,17.84000015,78,5229160000,2843090000,5229160000,231.221,0.16,135074,11181.2,7.9,74.83,-0.71,0.26,-1.35
12/24/2012,1658.599976,1426.660034,3012.600098,844.7399902,1.31820035,84.41000366,17.84000015,73,1248960000,614230000,1248960000,231.221,0.16,135074,11181.2,7.9,74.83,-0.69,0.26,-1.36
12/25/2012,1658.599976,1426.660034,3012.600098,844.7399902,1.318043947,84.83999634,17.84000015,73,1248960000,614230000,1248960000,231.221,0.16,135074,11181.2,7.9,74.83,-0.69,0.26,-1.36
12/26/2012,1659.800049,1419.829956,2990.159912,838.8900146,1.318043947,85,19.47999954,73,2285030000,1059190000,2285030000,231.221,0.16,135074,11181.2,7.9,74.83,-0.71,0.26,-1.35
12/27/2012,1662.599976,1418.099976,2985.909912,837.4000244,1.322576404,85.66799927,19.46999931,446,2830180000,1342790000,2830180000,231.221,0.16,135074,11181.2,7.9,74.83,-0.73,0.26,-1.39
12/28/2012,1654.900024,1402.430054,2960.310059,832.0999756,1.32502985,86.50700378,22.71999931,197,2426680000,1143530000,2426680000,231.221,0.16,135074,11181.2,7.9,74.83,-0.73,0.27,-1.34
12/29/2012,1654.900024,1402.430054,2960.310059,832.0999756,1.32502985,86.50700378,22.71999931,197,2426680000,1143530000,2426680000,231.221,0.16,135074,11181.2,7.9,74.83,-0.73,0.27,-1.34
12/30/2012,1654.900024,1402.430054,2960.310059,832.0999756,1.32502985,86.50700378,22.71999931,197,2426680000,1143530000,2426680000,231.221,0.16,135074,11181.2,7.9,74.83,-0.73,0.27,-1.34
12/31/2012,1674.800049,1426.189941,3019.51001,849.3499756,1.322768807,85.95999908,18.02000046,89,3204330000,1557230000,3204330000,231.221,0.16,135074,11181.2,7.9,74.83,-0.67,0.25,-1.37
1/1/2013,1674.800049,1426.189941,3019.51001,849.3499756,1.320132017,86.72000122,18.02000046,89,3204330000,1557230000,3204330000,231.679,0.14,135257,11252.4,8,90.66,-0.67,0.25,-1.37
1/2/2013,1687.900024,1462.420044,3112.26001,873.4199829,1.319783568,86.59999847,14.68000031,35,4202600000,2111300000,4202600000,231.679,0.14,135257,11252.4,8,90.66,-0.62,0.27,-1.36
1/3/2013,1673.699951,1459.369995,3100.570068,872.5999756,1.318217754,87.27500153,14.56000042,140,3829730000,1769420000,3829730000,231.679,0.14,135257,11252.4,8,90.66,-0.54,0.27,-1.3
1/4/2013,1648.099976,1466.469971,3101.659912,879.1500244,1.303271174,87.73999786,13.82999992,199,3424290000,1745140000,3424290000,231.679,0.14,135257,11252.4,8,90.66,-0.55,0.27,-1.31
1/5/2013,1648.099976,1466.469971,3101.659912,879.1500244,1.303271174,87.73999786,13.82999992,199,3424290000,1745140000,3424290000,231.679,0.14,135257,11252.4,8,90.66,-0.55,0.27,-1.31
1/6/2013,1648.099976,1466.469971,3101.659912,879.1500244,1.303271174,87.73999786,13.82999992,199,3424290000,1745140000,3424290000,231.679,0.14,135257,11252.4,8,90.66,-0.55,0.27,-1.31
1/7/2013,1645.5,1461.890015,3098.810059,875.7999878,1.30674541,88.19799805,13.78999996,49,3304970000,1702540000,3304970000,231.679,0.14,135257,11252.4,8,90.66,-0.6,0.27,-1.34
1/8/2013,1661.5,1457.150024,3091.810059,874.7000122,1.312508225,87.25299835,13.61999989,17,3601600000,1744380000,3601600000,231.679,0.14,135257,11252.4,8,90.66,-0.6,0.25,-1.36
1/9/2013,1654.800049,1461.02002,3105.810059,879.5100098,1.308232665,86.86799622,13.81000042,9,3674390000,1732510000,3674390000,231.679,0.14,135257,11252.4,8,90.66,-0.64,0.24,-1.41
1/10/2013,1677.300049,1472.119995,3121.76001,881.2399902,1.305483103,88.13300323,13.48999977,9,4081840000,1754240000,4081840000,231.679,0.14,135257,11252.4,8,90.66,-0.62,0.26,-1.4
1/11/2013,1660,1472.050049,3125.629883,880.7700195,1.327316165,89.2460022,13.35999966,147,3340650000,1772600000,3340650000,231.679,0.14,135257,11252.4,8,90.66,-0.63,0.26,-1.4
1/12/2013,1660,1472.050049,3125.629883,880.7700195,1.327316165,89.2460022,13.35999966,147,3340650000,1772600000,3340650000,231.679,0.14,135257,11252.4,8,90.66,-0.63,0.26,-1.4
1/13/2013,1660,1472.050049,3125.629883,880.7700195,1.327316165,89.2460022,13.35999966,147,3340650000,1772600000,3340650000,231.679,0.14,135257,11252.4,8,90.66,-0.63,0.26,-1.4
1/14/2013,1668.900024,1470.680054,3117.5,880.0999756,1.336201668,89.52300262,13.52000046,10,3003010000,1876050000,3003010000,231.679,0.14,135257,11252.4,8,90.66,-0.66,0.26,-1.34
1/15/2013,1683.400024,1472.339966,3110.780029,884.5999756,1.337792635,89.45999908,13.55000019,20,3135350000,1852870000,3135350000,231.679,0.14,135257,11252.4,8,90.66,-0.66,0.26,-1.45
1/16/2013,1682.699951,1472.630005,3117.540039,882.3099976,1.330849051,88.75,13.42000008,11,3384080000,1692380000,3384080000,231.679,0.14,135257,11252.4,8,90.66,-0.65,0.26,-1.43
1/17/2013,1690.400024,1480.939941,3136,890.3599854,1.329080343,88.62999725,13.56999969,81,3706710000,1766510000,3706710000,231.679,0.14,135257,11252.4,8,90.66,-0.64,0.28,-1.4
1/18/2013,1686.599976,1485.97998,3134.709961,892.7999878,1.337255955,89.82099915,12.46000004,14,3795740000,1860070000,3795740000,231.679,0.14,135257,11252.4,8,90.66,-0.66,0.26,-1.43
1/19/2013,1686.599976,1485.97998,3134.709961,892.7999878,1.337255955,89.82099915,12.46000004,14,3795740000,1860070000,3795740000,231.679,0.14,135257,11252.4,8,90.66,-0.66,0.26,-1.43
1/20/2013,1686.599976,1485.97998,3134.709961,892.7999878,1.337255955,89.82099915,12.46000004,14,3795740000,1860070000,3795740000,231.679,0.14,135257,11252.4,8,90.66,-0.66,0.26,-1.43
1/21/2013,1686.599976,1485.97998,3134.709961,892.7999878,1.332001328,90.18099976,12.46000004,14,3795740000,1860070000,3795740000,231.679,0.14,135257,11252.4,8,90.66,-0.66,0.26,-1.43
1/22/2013,1692.800049,1492.560059,3143.179932,899.2399902,1.331150293,89.59999847,12.43000031,15,3570950000,1790730000,3570950000,231.679,0.14,135257,11252.4,8,90.66,-0.68,0.26,-1.39
1/23/2013,1686.300049,1494.810059,3153.669922,896.7000122,1.331398368,88.52899933,12.46000004,28,3552010000,1698190000,3552010000,231.679,0.14,135257,11252.4,8,90.66,-0.66,0.26,-1.45
1/24/2013,1669.5,1494.819946,3130.379883,900.1900024,1.330849051,88.58000183,12.68999958,13,3699430000,2046990000,3699430000,231.679,0.14,135257,11252.4,8,90.66,-0.62,0.23,-1.44
1/25/2013,1656.400024,1502.959961,3149.709961,905.2399902,1.33693409,90.55799866,12.89000034,44,3476290000,1920250000,3476290000,231.679,0.14,135257,11252.4,8,90.66,-0.56,0.28,-1.34
1/26/2013,1656.400024,1502.959961,3149.709961,905.2399902,1.33693409,90.55799866,12.89000034,44,3476290000,1920250000,3476290000,231.679,0.14,135257,11252.4,8,90.66,-0.56,0.28,-1.34
1/27/2013,1656.400024,1502.959961,3149.709961,905.2399902,1.33693409,90.55799866,12.89000034,44,3476290000,1920250000,3476290000,231.679,0.14,135257,11252.4,8,90.66,-0.56,0.28,-1.34
1/28/2013,1652.400024,1500.180054,3154.300049,906.710022,1.346601844,91.17900085,13.56999969,82,3388540000,1935590000,3388540000,231.679,0.14,135257,11252.4,8,90.66,-0.55,0.29,-1.35
1/29/2013,1660.699951,1507.839966,3153.659912,907.3099976,1.344628215,90.45999908,13.31000042,145863,3949640000,2050670000,3949640000,231.679,0.14,135257,11252.4,8,90.66,-0.53,0.3,-1.37
1/30/2013,1679.900024,1501.959961,3142.310059,896.9099731,1.349163532,90.79000092,14.31999969,44893,3726810000,2014350000,3726810000,231.679,0.14,135257,11252.4,8,90.66,-0.54,0.27,-1.38
1/31/2013,1660.599976,1498.109985,3142.129883,902.0900269,1.356833696,91.02100372,14.27999973,6044,3999880000,2190840000,3999880000,231.679,0.14,135257,11252.4,8,90.66,-0.57,0.27,-1.45
2/1/2013,1669.400024,1513.170044,3179.100098,911.2000122,1.36109972,91.70700073,12.89999962,3250,3836320000,2012930000,3836320000,232.937,0.15,135545,11290.5,7.7,81.59,-0.55,0.27,-1.46
2/2/2013,1669.400024,1513.170044,3179.100098,911.2000122,1.36109972,91.70700073,12.89999962,3250,3836320000,2012930000,3836320000,232.937,0.15,135545,11290.5,7.7,81.59,-0.55,0.27,-1.46
2/3/2013,1669.400024,1513.170044,3179.100098,911.2000122,1.36109972,91.70700073,12.89999962,3250,3836320000,2012930000,3836320000,232.937,0.15,135545,11290.5,7.7,81.59,-0.55,0.27,-1.46
2/4/2013,1675.300049,1495.709961,3131.169922,899.2800293,1.364870906,92.76999664,14.67000008,450,3390000000,1874750000,3390000000,232.937,0.15,135545,11290.5,7.7,81.59,-0.59,0.25,-1.47
2/5/2013,1672.400024,1511.290039,3171.580078,908.2199707,1.351168752,92.15299988,13.72000027,353,3618360000,2150080000,3618360000,232.937,0.15,135545,11290.5,7.7,81.59,-0.55,0.27,-1.44
2/6/2013,1677.699951,1512.119995,3168.47998,911.289978,1.358142018,93.56999969,13.40999985,376,3611570000,2002740000,3611570000,232.937,0.15,135545,11290.5,7.7,81.59,-0.58,0.27,-1.48
2/7/2013,1670.400024,1509.390015,3165.129883,908.0999756,1.352393031,93.43499756,13.5,475,3614580000,1955960000,3614580000,232.937,0.15,135545,11290.5,7.7,81.59,-0.58,0.25,-1.46
2/8/2013,1666,1517.930054,3193.870117,913.6699829,1.338938951,93.63300323,13.02000046,289,2986150000,1816480000,2986150000,232.937,0.15,135545,11290.5,7.7,81.59,-0.57,0.25,-1.37
2/9/2013,1666,1517.930054,3193.870117,913.6699829,1.338938951,93.63300323,13.02000046,289,2986150000,1816480000,2986150000,232.937,0.15,135545,11290.5,7.7,81.59,-0.57,0.25,-1.37
2/10/2013,1666,1517.930054,3193.870117,913.6699829,1.338938951,93.63300323,13.02000046,289,2986150000,1816480000,2986150000,232.937,0.15,135545,11290.5,7.7,81.59,-0.57,0.25,-1.37
2/11/2013,1648.199951,1517.01001,3192,913.0300293,1.336826921,92.53500366,12.93999958,868,2684100000,1551370000,2684100000,232.937,0.15,135545,11290.5,7.7,81.59,-0.58,0.27,-1.41
2/12/2013,1648.699951,1519.430054,3186.48999,917.5200195,1.340356708,94.19100189,12.64000034,85,3414370000,1786800000,3414370000,232.937,0.15,135545,11290.5,7.7,81.59,-0.57,0.29,-1.32
2/13/2013,1644.199951,1520.329956,3196.879883,920.5800171,1.345206976,93.30500031,12.97999954,236,3385880000,1822450000,3385880000,232.937,0.15,135545,11290.5,7.7,81.59,-0.54,0.29,-1.34
2/14/2013,1634.699951,1521.380005,3198.659912,923.7600098,1.344447494,93.2559967,12.65999985,219,3759740000,1924900000,3759740000,232.937,0.15,135545,11290.5,7.7,81.59,-0.56,0.27,-1.36
2/15/2013,1608.800049,1519.790039,3192.030029,923.1500244,1.335291743,92.95700073,12.46000004,460,3838510000,1858670000,3838510000,232.937,0.15,135545,11290.5,7.7,81.59,-0.53,0.29,-1.32
2/16/2013,1608.800049,1519.790039,3192.030029,923.1500244,1.335291743,92.95700073,12.46000004,460,3838510000,1858670000,3838510000,232.937,0.15,135545,11290.5,7.7,81.59,-0.53,0.29,-1.32
2/17/2013,1608.800049,1519.790039,3192.030029,923.1500244,1.335291743,92.95700073,12.46000004,460,3838510000,1858670000,3838510000,232.937,0.15,135545,11290.5,7.7,81.59,-0.53,0.29,-1.32
2/18/2013,1608.800049,1519.790039,3192.030029,923.1500244,1.334400773,93.72200012,12.46000004,460,3838510000,1858670000,3838510000,232.937,0.15,135545,11290.5,7.7,81.59,-0.53,0.29,-1.32
2/19/2013,1603.599976,1530.939941,3213.590088,932,1.334721446,93.65000153,12.31000042,272,3748910000,1843840000,3748910000,232.937,0.15,135545,11290.5,7.7,81.59,-0.52,0.29,-1.31
2/20/2013,1577.599976,1511.949951,3164.409912,913.5,1.339584708,93.70800018,14.68000031,278,4240570000,2001800000,4240570000,232.937,0.15,135545,11290.5,7.7,81.59,-0.52,0.27,-1.31
2/21/2013,1578.199951,1502.420044,3131.48999,905.4000244,1.327316165,93.66000366,15.22000027,2019,4274600000,2052630000,4274600000,232.937,0.15,135545,11290.5,7.7,81.59,-0.54,0.26,-1.33
2/22/2013,1572.400024,1515.599976,3161.820068,916.1500244,1.319435239,93.15000153,14.17000008,76,3419320000,1581500000,3419320000,232.937,0.15,135545,11290.5,7.7,81.59,-0.57,0.27,-1.36
2/23/2013,1572.400024,1515.599976,3161.820068,916.1500244,1.319435239,93.15000153,14.17000008,76,3419320000,1581500000,3419320000,232.937,0.15,135545,11290.5,7.7,81.59,-0.57,0.27,-1.36
2/24/2013,1572.400024,1515.599976,3161.820068,916.1500244,1.319435239,93.15000153,14.17000008,76,3419320000,1581500000,3419320000,232.937,0.15,135545,11290.5,7.7,81.59,-0.57,0.27,-1.36
2/25/2013,1586.199951,1487.849976,3116.25,895.8400269,1.319591999,94.22000122,18.98999977,118,4011050000,1930990000,4011050000,232.937,0.15,135545,11290.5,7.7,81.59,-0.62,0.25,-1.41
2/26/2013,1615.199951,1496.939941,3129.649902,900.0499878,1.306506395,92.39700317,16.87000084,1158,3975280000,1847750000,3975280000,232.937,0.15,135545,11290.5,7.7,81.59,-0.62,0.25,-1.4
2/27/2013,1595.199951,1515.98999,3162.26001,909.9199829,1.306591749,92.11000061,14.72999954,700,3551850000,1727260000,3551850000,232.937,0.15,135545,11290.5,7.7,81.59,-0.61,0.27,-1.4
2/28/2013,1577.699951,1514.680054,3160.189941,911.1099854,1.315097332,92.3030014,15.51000023,102,3912320000,2022530000,3912320000,232.937,0.15,135545,11290.5,7.7,81.59,-0.64,0.25,-1.41
3/1/2013,1571.900024,1518.199951,3169.73999,914.7299805,1.305994511,92.58200073,15.35999966,68,3695610000,1870250000,3695610000,232.282,0.14,135689,11290.1,7.5,75.9,-0.67,0.25,-1.45
3/2/2013,1571.900024,1518.199951,3169.73999,914.7299805,1.305994511,92.58200073,15.35999966,68,3695610000,1870250000,3695610000,232.282,0.14,135689,11290.1,7.5,75.9,-0.67,0.25,-1.45
3/3/2013,1571.900024,1518.199951,3169.73999,914.7299805,1.305994511,92.58200073,15.35999966,68,3695610000,1870250000,3695610000,232.282,0.14,135689,11290.1,7.5,75.9,-0.67,0.25,-1.45
3/4/2013,1572.099976,1525.199951,3182.030029,916.6799927,1.301693439,93.56400299,14.01000023,64,3414430000,1718290000,3414430000,232.282,0.14,135689,11290.1,7.5,75.9,-0.65,0.24,-1.46
3/5/2013,1574.599976,1539.790039,3224.129883,927.4000244,1.30361104,93.40100098,13.47999954,65,3610690000,1891510000,3610690000,232.282,0.14,135689,11290.1,7.5,75.9,-0.65,0.25,-1.49
3/6/2013,1574.599976,1541.459961,3222.370117,929.960022,1.304852724,93.28900146,13.52999973,106,3676890000,1764020000,3676890000,232.282,0.14,135689,11290.1,7.5,75.9,-0.61,0.25,-1.46
3/7/2013,1574.800049,1544.26001,3232.090088,934.5700073,1.297858477,93.92700195,13.06000042,52,3634710000,1675640000,3634710000,232.282,0.14,135689,11290.1,7.5,75.9,-0.56,0.25,-1.37
3/8/2013,1576.599976,1551.180054,3244.370117,942.5,1.311131477,94.9280014,12.59000015,68,3652260000,1611700000,3652260000,232.282,0.14,135689,11290.1,7.5,75.9,-0.5,0.27,-1.28
3/9/2013,1576.599976,1551.180054,3244.370117,942.5,1.311131477,94.9280014,12.59000015,68,3652260000,1611700000,3652260000,232.282,0.14,135689,11290.1,7.5,75.9,-0.5,0.27,-1.28
3/10/2013,1576.599976,1551.180054,3244.370117,942.5,1.311131477,94.9280014,12.59000015,68,3652260000,1611700000,3652260000,232.282,0.14,135689,11290.1,7.5,75.9,-0.5,0.27,-1.28
3/11/2013,1577.800049,1556.219971,3252.870117,942.5100098,1.298802495,96.16999817,11.56000042,1115,3091080000,1628500000,3091080000,232.282,0.14,135689,11290.1,7.5,75.9,-0.5,0.27,-1.38
3/12/2013,1591.5,1552.47998,3242.320068,940.2600098,1.303271174,96.6190033,12.27000046,159,3274910000,1673740000,3274910000,232.282,0.14,135689,11290.1,7.5,75.9,-0.52,0.27,-1.39
3/13/2013,1588.300049,1554.52002,3245.120117,943.9000244,1.302931666,95.81999969,11.82999992,396,3073830000,1577280000,3073830000,232.282,0.14,135689,11290.1,7.5,75.9,-0.52,0.27,-1.4
3/14/2013,1590.599976,1563.22998,3258.929932,953.0700073,1.295840263,96.01999664,11.30000019,137,3459260000,1651650000,3459260000,232.282,0.14,135689,11290.1,7.5,75.9,-0.53,0.27,-1.43
3/15/2013,1592.5,1560.699951,3249.070068,952.4799805,1.301236272,95.96199799,11.30000019,11,5175850000,2305230000,5175850000,232.282,0.14,135689,11290.1,7.5,75.9,-0.55,0.25,-1.46
3/16/2013,1592.5,1560.699951,3249.070068,952.4799805,1.301236272,95.96199799,11.30000019,11,5175850000,2305230000,5175850000,232.282,0.14,135689,11290.1,7.5,75.9,-0.55,0.25,-1.46
3/17/2013,1592.5,1560.699951,3249.070068,952.4799805,1.301236272,95.96199799,11.30000019,11,5175850000,2305230000,5175850000,232.282,0.14,135689,11290.1,7.5,75.9,-0.55,0.25,-1.46
3/18/2013,1604.599976,1552.099976,3237.590088,947.2000122,1.289274573,94.88899994,13.35999966,613,3164560000,1550510000,3164560000,232.282,0.14,135689,11290.1,7.5,75.9,-0.6,0.26,-1.45
3/19/2013,1611.300049,1548.339966,3229.100098,942.8499756,1.294498444,95.34300232,14.39000034,202,3796210000,1690680000,3796210000,232.282,0.14,135689,11290.1,7.5,75.9,-0.61,0.24,-1.46
3/20/2013,1607.5,1558.709961,3254.189941,951.9500122,1.286388755,95.05000305,12.67000008,5,3349090000,1599120000,3349090000,232.282,0.14,135689,11290.1,7.5,75.9,-0.57,0.26,-1.44
3/21/2013,1613.800049,1545.800049,3222.600098,943.9199829,1.294163346,95.95500183,13.98999977,7,3243270000,1692260000,3243270000,232.282,0.14,135689,11290.1,7.5,75.9,-0.57,0.27,-1.41
3/22/2013,1606.199951,1556.890015,3245,946.2700195,1.290489078,94.91000366,13.56999969,101,2948380000,1681360000,2948380000,232.282,0.14,135689,11290.1,7.5,75.9,-0.6,0.26,-1.43
3/23/2013,1606.199951,1556.890015,3245,946.2700195,1.290489078,94.91000366,13.56999969,101,2948380000,1681360000,2948380000,232.282,0.14,135689,11290.1,7.5,75.9,-0.6,0.26,-1.43
3/24/2013,1606.199951,1556.890015,3245,946.2700195,1.290489078,94.91000366,13.56999969,101,2948380000,1681360000,2948380000,232.282,0.14,135689,11290.1,7.5,75.9,-0.6,0.26,-1.43
3/25/2013,1604.599976,1551.689941,3235.300049,945.8499756,1.302405596,94.82800293,13.73999977,27,3178170000,1666010000,3178170000,232.282,0.14,135689,11290.1,7.5,75.9,-0.6,0.24,-1.44
3/26/2013,1595.800049,1563.77002,3252.47998,949.8200073,1.285842896,93.96299744,12.77000046,165484,2869260000,1444500000,2869260000,232.282,0.14,135689,11290.1,7.5,75.9,-0.61,0.25,-1.42
3/27/2013,1606.199951,1562.849976,3256.52002,950.2399902,1.286008239,94.63500214,13.14999962,50450,2914210000,1420130000,2914210000,232.282,0.14,135689,11290.1,7.5,75.9,-0.64,0.25,-1.46
3/28/2013,1594.800049,1569.189941,3267.52002,951.539978,1.277791977,94.31600189,12.69999981,4717,3304440000,1636800000,3304440000,232.282,0.14,135689,11290.1,7.5,75.9,-0.64,0.25,-1.47
3/29/2013,1594.800049,1569.189941,3267.52002,951.539978,1.281591177,94.19000244,12.69999981,4717,3304440000,1636800000,3304440000,232.282,0.14,135689,11290.1,7.5,75.9,-0.64,0.25,-1.47
3/30/2013,1594.800049,1569.189941,3267.52002,951.539978,1.281591177,94.19000244,12.69999981,4717,3304440000,1636800000,3304440000,232.282,0.14,135689,11290.1,7.5,75.9,-0.64,0.25,-1.47
3/31/2013,1594.800049,1569.189941,3267.52002,951.539978,1.281591177,94.19000244,12.69999981,4717,3304440000,1636800000,3304440000,232.282,0.14,135689,11290.1,7.5,75.9,-0.64,0.25,-1.47
4/1/2013,1600,1562.170044,3239.169922,938.789978,1.280573726,94.28199768,13.57999992,688,2753110000,1481360000,2753110000,231.797,0.15,135873,11281.1,7.6,95.11,-0.65,0.23,-1.47
4/2/2013,1575.099976,1570.25,3254.860107,934.2999878,1.285016775,93.18000031,12.77999973,2289,3312160000,1580800000,3312160000,231.797,0.15,135873,11281.1,7.6,95.11,-0.63,0.25,-1.44
4/3/2013,1552.800049,1553.689941,3218.600098,918.710022,1.282051325,93.36199951,14.21000004,2171,4060610000,1813910000,4060610000,231.797,0.15,135873,11281.1,7.6,95.11,-0.65,0.24,-1.45
4/4/2013,1551.800049,1559.97998,3224.97998,925.6599731,1.285016775,92.88899994,13.89000034,829,3350670000,1475720000,3350670000,231.797,0.15,135873,11281.1,7.6,95.11,-0.7,0.22,-1.44
4/5/2013,1575.400024,1553.280029,3203.860107,923.2800293,1.292824745,96.43699646,13.92000008,1184,3515410000,1594090000,3515410000,231.797,0.15,135873,11281.1,7.6,95.11,-0.74,0.24,-1.42
4/6/2013,1575.400024,1553.280029,3203.860107,923.2800293,1.292824745,96.43699646,13.92000008,1184,3515410000,1594090000,3515410000,231.797,0.15,135873,11281.1,7.6,95.11,-0.74,0.24,-1.42
4/7/2013,1575.400024,1553.280029,3203.860107,923.2800293,1.292824745,96.43699646,13.92000008,1184,3515410000,1594090000,3515410000,231.797,0.15,135873,11281.1,7.6,95.11,-0.74,0.24,-1.42
4/8/2013,1572,1563.069946,3222.25,931.4899902,1.299207449,98.75099945,13.18999958,101,2887120000,1323520000,2887120000,231.797,0.15,135873,11281.1,7.6,95.11,-0.69,0.24,-1.43
4/9/2013,1586.199951,1568.609985,3237.860107,929.3400269,1.302931666,99.27999878,12.84000015,215,3252780000,1498130000,3252780000,231.797,0.15,135873,11281.1,7.6,95.11,-0.67,0.24,-1.36
4/10/2013,1558.300049,1587.72998,3297.25,946.0900269,1.308027387,98.94999695,12.35999966,359,3453350000,1769870000,3453350000,231.797,0.15,135873,11281.1,7.6,95.11,-0.6,0.24,-1.36
4/11/2013,1564.300049,1593.369995,3300.159912,947.0499878,1.305534124,99.66600037,12.23999977,1070,3393950000,1829170000,3393950000,231.797,0.15,135873,11281.1,7.6,95.11,-0.65,0.24,-1.38
4/12/2013,1501,1588.849976,3294.949951,942.8499756,1.311475396,99.6210022,12.06000042,881,3206290000,1471180000,3206290000,231.797,0.15,135873,11281.1,7.6,95.11,-0.68,0.22,-1.41
4/13/2013,1501,1588.849976,3294.949951,942.8499756,1.311475396,99.6210022,12.06000042,881,3206290000,1471180000,3206290000,231.797,0.15,135873,11281.1,7.6,95.11,-0.68,0.22,-1.41
4/14/2013,1501,1588.849976,3294.949951,942.8499756,1.311475396,99.6210022,12.06000042,881,3206290000,1471180000,3206290000,231.797,0.15,135873,11281.1,7.6,95.11,-0.68,0.22,-1.41
4/15/2013,1360.599976,1552.359985,3216.48999,907.1799927,1.309929252,98.40599823,17.27000046,1309,4660130000,1779320000,4660130000,231.797,0.15,135873,11281.1,7.6,95.11,-0.69,0.22,-1.33
4/16/2013,1386.800049,1574.569946,3264.629883,923.2999878,1.305466056,96.80000305,13.96000004,619,3654700000,1515400000,3654700000,231.797,0.15,135873,11281.1,7.6,95.11,-0.65,0.24,-1.31
4/17/2013,1382.199951,1552.01001,3204.669922,906.7999878,1.317870259,97.61000061,16.51000023,92,4250310000,1902730000,4250310000,231.797,0.15,135873,11281.1,7.6,95.11,-0.64,0.24,-1.27
4/18/2013,1392,1541.609985,3166.360107,901.5100098,1.303492069,98.02899933,17.55999947,57,3890800000,1766000000,3890800000,231.797,0.15,135873,11281.1,7.6,95.11,-0.55,0.24,-1.29
4/19/2013,1395.300049,1555.25,3206.060059,912.5,1.305312634,98.20300293,14.97000027,241,3569870000,1738850000,3569870000,231.797,0.15,135873,11281.1,7.6,95.11,-0.59,0.24,-1.32
4/20/2013,1395.300049,1555.25,3206.060059,912.5,1.305312634,98.20300293,14.97000027,241,3569870000,1738850000,3569870000,231.797,0.15,135873,11281.1,7.6,95.11,-0.59,0.24,-1.32
4/21/2013,1395.300049,1555.25,3206.060059,912.5,1.305312634,98.20300293,14.97000027,241,3569870000,1738850000,3569870000,231.797,0.15,135873,11281.1,7.6,95.11,-0.59,0.24,-1.32
4/22/2013,1421,1562.5,3233.550049,914.7999878,1.305568218,99.79699707,14.39000034,70,2979880000,1628340000,2979880000,231.797,0.15,135873,11281.1,7.6,95.11,-0.63,0.24,-1.34
4/23/2013,1408.599976,1578.780029,3269.330078,929.3599854,1.306165099,99.16000366,13.47999954,334,3565150000,1684770000,3565150000,231.797,0.15,135873,11281.1,7.6,95.11,-0.64,0.23,-1.33
4/24/2013,1423.400024,1578.790039,3269.649902,934.1099854,1.299443841,99.67700195,13.60999966,138,3598240000,1738590000,3598240000,231.797,0.15,135873,11281.1,7.6,95.11,-0.65,0.23,-1.37
4/25/2013,1461.800049,1585.160034,3289.98999,940.2800293,1.301744342,99.41999817,13.61999989,222,3908580000,2012230000,3908580000,231.797,0.15,135873,11281.1,7.6,95.11,-0.66,0.23,-1.41
4/26/2013,1453.599976,1582.23999,3279.26001,935.25,1.300728321,99.34200287,13.60999966,976,3198620000,1721970000,3198620000,231.797,0.15,135873,11281.1,7.6,95.11,-0.68,0.22,-1.43
4/27/2013,1453.599976,1582.23999,3279.26001,935.25,1.300728321,99.34200287,13.60999966,976,3198620000,1721970000,3198620000,231.797,0.15,135873,11281.1,7.6,95.11,-0.68,0.22,-1.43
4/28/2013,1453.599976,1582.23999,3279.26001,935.25,1.300728321,99.34200287,13.60999966,976,3198620000,1721970000,3198620000,231.797,0.15,135873,11281.1,7.6,95.11,-0.68,0.22,-1.43
4/29/2013,1467.400024,1593.609985,3307.02002,942.4299927,1.304257154,97.84200287,13.71000004,269,2891200000,1594110000,2891200000,231.797,0.15,135873,11281.1,7.6,95.11,-0.67,0.2,-1.42
4/30/2013,1472.199951,1597.569946,3328.790039,947.460022,1.309586167,97.86399841,13.52000046,534,3745070000,1984270000,3745070000,231.797,0.15,135873,11281.1,7.6,95.11,-0.64,0.22,-1.38
5/1/2013,1446.300049,1582.699951,3299.129883,924.210022,1.316829085,97.26899719,14.48999977,131,3530320000,1884600000,3530320000,231.893,0.11,136095,11321.6,7.5,83.72,-0.64,0.2,-1.33
5/2/2013,1467.699951,1597.589966,3340.620117,939.8499756,1.318217754,97.13200378,13.59000015,244,3366950000,1757480000,3366950000,231.893,0.11,136095,11321.6,7.5,83.72,-0.62,0.2,-1.34
5/3/2013,1464.300049,1614.420044,3378.629883,954.4199829,1.306506395,97.94599915,12.85000038,68,3603910000,1745570000,3603910000,231.893,0.11,136095,11321.6,7.5,83.72,-0.53,0.22,-1.3
5/4/2013,1464.300049,1614.420044,3378.629883,954.4199829,1.306506395,97.94599915,12.85000038,68,3603910000,1745570000,3603910000,231.893,0.11,136095,11321.6,7.5,83.72,-0.53,0.22,-1.3
5/5/2013,1464.300049,1614.420044,3378.629883,954.4199829,1.306506395,97.94599915,12.85000038,68,3603910000,1745570000,3603910000,231.893,0.11,136095,11321.6,7.5,83.72,-0.53,0.22,-1.3
5/6/2013,1468.099976,1617.5,3392.969971,959.7999878,1.312335968,99.09999847,12.65999985,33,3062240000,1500410000,3062240000,231.893,0.11,136095,11321.6,7.5,83.72,-0.51,0.22,-1.31
5/7/2013,1449,1625.959961,3396.629883,967.8200073,1.307018638,99.34400177,12.82999992,91,3309580000,1709800000,3309580000,231.893,0.11,136095,11321.6,7.5,83.72,-0.5,0.22,-1.3
5/8/2013,1473.900024,1632.689941,3413.27002,970.4099731,1.307702422,98.77600098,12.65999985,81,3554700000,1756400000,3554700000,231.893,0.11,136095,11321.6,7.5,83.72,-0.48,0.22,-1.28
5/9/2013,1468.800049,1626.670044,3409.169922,966.2600098,1.316135764,98.87799835,13.13000011,27,3457400000,1826220000,3457400000,231.893,0.11,136095,11321.6,7.5,83.72,-0.5,0.22,-1.27
5/10/2013,1436.800049,1633.699951,3436.580078,975.1599731,1.303441048,100.7649994,12.59000015,569,3086470000,1689730000,3086470000,231.893,0.11,136095,11321.6,7.5,83.72,-0.45,0.26,-1.23
5/11/2013,1436.800049,1633.699951,3436.580078,975.1599731,1.303441048,100.7649994,12.59000015,569,3086470000,1689730000,3086470000,231.893,0.11,136095,11321.6,7.5,83.72,-0.45,0.26,-1.23
5/12/2013,1436.800049,1633.699951,3436.580078,975.1599731,1.303441048,100.7649994,12.59000015,569,3086470000,1689730000,3086470000,231.893,0.11,136095,11321.6,7.5,83.72,-0.45,0.26,-1.23
5/13/2013,1434.5,1633.77002,3438.790039,973.789978,1.296529174,101.9229965,12.55000019,344,2910600000,1615510000,2910600000,231.893,0.11,136095,11321.6,7.5,83.72,-0.41,0.24,-1.19
5/14/2013,1424.699951,1650.339966,3462.610107,985.960022,1.298802495,101.6669998,12.77000046,72,3457790000,1820520000,3457790000,231.893,0.11,136095,11321.6,7.5,83.72,-0.37,0.26,-1.18
5/15/2013,1396.5,1658.780029,3471.620117,988.539978,1.293711185,102.2099991,12.81000042,364,3657440000,1843910000,3657440000,231.893,0.11,136095,11321.6,7.5,83.72,-0.36,0.26,-1.17
5/16/2013,1387.099976,1650.469971,3465.23999,985.3400269,1.288244724,102.2580032,13.06999969,38,3513130000,1945760000,3513130000,231.893,0.11,136095,11321.6,7.5,83.72,-0.4,0.23,-1.18
5/17/2013,1364.900024,1667.469971,3498.969971,996.2800293,1.288327813,102.1350021,12.44999981,50,3440710000,1828610000,3440710000,231.893,0.11,136095,11321.6,7.5,83.72,-0.31,0.26,-1.14
5/18/2013,1364.900024,1667.469971,3498.969971,996.2800293,1.288327813,102.1350021,12.44999981,50,3440710000,1828610000,3440710000,231.893,0.11,136095,11321.6,7.5,83.72,-0.31,0.26,-1.14
5/19/2013,1364.900024,1667.469971,3498.969971,996.2800293,1.288327813,102.1350021,12.44999981,50,3440710000,1828610000,3440710000,231.893,0.11,136095,11321.6,7.5,83.72,-0.31,0.26,-1.14
5/20/2013,1384.300049,1666.290039,3496.429932,997.9799805,1.283565283,102.7009964,13.02000046,21,3275080000,1745260000,3275080000,231.893,0.11,136095,11321.6,7.5,83.72,-0.31,0.26,-1.15
5/21/2013,1377.800049,1669.160034,3502.120117,998.7800293,1.289108276,102.1660004,13.36999989,51,3513560000,1776780000,3513560000,231.893,0.11,136095,11321.6,7.5,83.72,-0.34,0.26,-1.15
5/22/2013,1367.599976,1655.349976,3463.300049,982.2600098,1.291906238,102.4420013,13.81999969,14,4361020000,2179330000,4361020000,231.893,0.11,136095,11321.6,7.5,83.72,-0.24,0.26,-1.06
5/23/2013,1392,1650.51001,3459.419922,984.2800293,1.284208179,103.1760025,14.06999969,58,3945510000,1820670000,3945510000,231.893,0.11,136095,11321.6,7.5,83.72,-0.24,0.26,-1.02
5/24/2013,1386.800049,1649.599976,3459.139893,984.2800293,1.29250741,102.4100037,13.98999977,2,2758080000,1449210000,2758080000,231.893,0.11,136095,11321.6,7.5,83.72,-0.26,0.26,-1.03
5/25/2013,1386.800049,1649.599976,3459.139893,984.2800293,1.29250741,102.4100037,13.98999977,2,2758080000,1449210000,2758080000,231.893,0.11,136095,11321.6,7.5,83.72,-0.26,0.26,-1.03
5/26/2013,1386.800049,1649.599976,3459.139893,984.2800293,1.29250741,102.4100037,13.98999977,2,2758080000,1449210000,2758080000,231.893,0.11,136095,11321.6,7.5,83.72,-0.26,0.26,-1.03
5/27/2013,1386.800049,1649.599976,3459.139893,984.2800293,1.293778181,101.060997,13.98999977,2,2758080000,1449210000,2758080000,231.893,0.11,136095,11321.6,7.5,83.72,-0.26,0.26,-1.03
5/28/2013,1379.099976,1660.060059,3488.889893,997.3499756,1.293393373,101.1050034,14.47999954,55,3457400000,1748070000,3457400000,231.893,0.11,136095,11321.6,7.5,83.72,-0.14,0.29,-0.94
5/29/2013,1391.300049,1648.359985,3467.52002,986.960022,1.284637094,102.4459991,14.82999992,168665,3587140000,1794650000,3587140000,231.893,0.11,136095,11321.6,7.5,83.72,-0.1,0.3,-0.89
5/30/2013,1411.5,1654.410034,3491.300049,994.4299927,1.294783354,100.9160004,14.52999973,45133,3498620000,1737320000,3498620000,231.893,0.11,136095,11321.6,7.5,83.72,-0.05,0.31,-0.82
5/31/2013,1392.599976,1630.73999,3455.909912,984.1500244,1.304393172,101.0999985,16.29999924,5997,4099600000,1968270000,4099600000,231.893,0.11,136095,11321.6,7.5,83.72,-0.05,0.3,-0.82
6/1/2013,1392.599976,1630.73999,3455.909912,984.1500244,1.304393172,101.0999985,16.29999924,5997,4099600000,1968270000,4099600000,232.445,0.09,136279,11344.4,7.5,82.97,-0.05,0.3,-0.82
6/2/2013,1392.599976,1630.73999,3455.909912,984.1500244,1.304393172,101.0999985,16.29999924,5997,4099600000,1968270000,4099600000,232.445,0.09,136279,11344.4,7.5,82.97,-0.05,0.3,-0.82
6/3/2013,1411.699951,1640.420044,3465.370117,990.5300293,1.299646497,100.4759979,16.28000069,1420,3952070000,2054100000,3952070000,232.445,0.09,136279,11344.4,7.5,82.97,-0.07,0.3,-0.86
6/4/2013,1397.099976,1631.380005,3445.26001,981.9699707,1.307291985,99.73799896,16.27000046,930,3653840000,1871640000,3653840000,232.445,0.09,136279,11344.4,7.5,82.97,-0.05,0.32,-0.87
6/5/2013,1398.400024,1608.900024,3401.47998,968.1599731,1.307343364,100.25,17.5,1687,3632350000,1813890000,3632350000,232.445,0.09,136279,11344.4,7.5,82.97,-0.06,0.3,-0.86
6/6/2013,1415.699951,1622.560059,3424.050049,979.460022,1.309328914,98.95200348,16.62999916,782,3547380000,1802700000,3547380000,232.445,0.09,136279,11344.4,7.5,82.97,-0.05,0.3,-0.86
6/7/2013,1383,1643.380005,3469.219971,987.6199951,1.324555874,97.32700348,15.14000034,1163,3371990000,1646810000,3371990000,232.445,0.09,136279,11344.4,7.5,82.97,0.03,0.32,-0.79
6/8/2013,1383,1643.380005,3469.219971,987.6199951,1.324555874,97.32700348,15.14000034,1163,3371990000,1646810000,3371990000,232.445,0.09,136279,11344.4,7.5,82.97,0.03,0.32,-0.79
6/9/2013,1383,1643.380005,3469.219971,987.6199951,1.324555874,97.32700348,15.14000034,1163,3371990000,1646810000,3371990000,232.445,0.09,136279,11344.4,7.5,82.97,0.03,0.32,-0.79
6/10/2013,1386.199951,1642.810059,3473.77002,992.6699829,1.322401404,98.23799896,15.43999958,367,2978730000,1556520000,2978730000,232.445,0.09,136279,11344.4,7.5,82.97,0.11,0.32,-0.72
6/11/2013,1377,1626.130005,3436.949951,981.4500122,1.322401404,98.84899902,17.06999969,482,3435710000,1560370000,3435710000,232.445,0.09,136279,11344.4,7.5,82.97,0.13,0.34,-0.71
6/12/2013,1391.800049,1612.52002,3400.429932,972.3099976,1.322401404,96.10199738,18.59000015,514,3202550000,1630200000,3202550000,232.445,0.09,136279,11344.4,7.5,82.97,0.21,0.34,-0.66
6/13/2013,1377.599976,1636.359985,3445.360107,989.6900024,1.333955884,95.92900085,16.40999985,458,3378620000,1584740000,3378620000,232.445,0.09,136279,11344.4,7.5,82.97,0.15,0.32,-0.69
6/14/2013,1387.300049,1626.72998,3423.560059,981.3800049,1.336791158,95.4940033,17.14999962,90,2939400000,1458030000,2939400000,232.445,0.09,136279,11344.4,7.5,82.97,0.09,0.29,-0.78
6/15/2013,1387.300049,1626.72998,3423.560059,981.3800049,1.336791158,95.4940033,17.14999962,90,2939400000,1458030000,2939400000,232.445,0.09,136279,11344.4,7.5,82.97,0.09,0.29,-0.78
6/16/2013,1387.300049,1626.72998,3423.560059,981.3800049,1.336791158,95.4940033,17.14999962,90,2939400000,1458030000,2939400000,232.445,0.09,136279,11344.4,7.5,82.97,0.09,0.29,-0.78
6/17/2013,1382.800049,1639.040039,3452.129883,987.8400269,1.334863901,94.24199677,16.79999924,114,3137080000,1581830000,3137080000,232.445,0.09,136279,11344.4,7.5,82.97,0.15,0.27,-0.74
6/18/2013,1366.599976,1651.810059,3482.179932,999.9899902,1.336308837,94.68000031,16.61000061,346,3120980000,1675090000,3120980000,232.445,0.09,136279,11344.4,7.5,82.97,0.14,0.27,-0.77
6/19/2013,1373.599976,1628.930054,3443.199951,986.5,1.338992834,95.51699829,16.63999939,198,3545060000,1649200000,3545060000,232.445,0.09,136279,11344.4,7.5,82.97,0.29,0.31,-0.59
6/20/2013,1285.900024,1588.189941,3364.639893,960.5200195,1.329186201,96.58999634,20.48999977,712,4858850000,2041500000,4858850000,232.445,0.09,136279,11344.4,7.5,82.97,0.46,0.33,-0.43
6/21/2013,1291.599976,1592.430054,3357.25,963.6799927,1.323556662,97.14099884,18.89999962,456,5797280000,2921900000,5797280000,232.445,0.09,136279,11344.4,7.5,82.97,0.59,0.38,-0.24
6/22/2013,1291.599976,1592.430054,3357.25,963.6799927,1.323556662,97.14099884,18.89999962,456,5797280000,2921900000,5797280000,232.445,0.09,136279,11344.4,7.5,82.97,0.59,0.38,-0.24
6/23/2013,1291.599976,1592.430054,3357.25,963.6799927,1.323556662,97.14099884,18.89999962,456,5797280000,2921900000,5797280000,232.445,0.09,136279,11344.4,7.5,82.97,0.59,0.38,-0.24
6/24/2013,1276.800049,1573.089966,3320.76001,951.0499878,1.310530066,98.42299652,20.11000061,321,4733660000,2030960000,4733660000,232.445,0.09,136279,11344.4,7.5,82.97,0.64,0.42,-0.14
6/25/2013,1274.800049,1588.030029,3347.889893,961.2600098,1.313232183,97.53099823,18.46999931,953,3761170000,1657280000,3761170000,232.445,0.09,136279,11344.4,7.5,82.97,0.64,0.43,-0.16
6/26/2013,1229.599976,1603.26001,3376.219971,963.8300171,1.307976007,98.14700317,17.20999908,981,3558340000,1671280000,3558340000,232.445,0.09,136279,11344.4,7.5,82.97,0.6,0.39,-0.22
6/27/2013,1211.400024,1613.199951,3401.860107,979.9199829,1.301337719,97.76999664,16.86000061,533,3364540000,1689800000,3364540000,232.445,0.09,136279,11344.4,7.5,82.97,0.5,0.36,-0.35
6/28/2013,1223.800049,1606.280029,3403.25,977.4799805,1.303593993,98.47599792,16.86000061,232,4977190000,3630410000,4977190000,232.445,0.09,136279,11344.4,7.5,82.97,0.53,0.36,-0.35
6/29/2013,1223.800049,1606.280029,3403.25,977.4799805,1.303593993,98.47599792,16.86000061,232,4977190000,3630410000,4977190000,232.445,0.09,136279,11344.4,7.5,82.97,0.53,0.36,-0.35
6/30/2013,1223.800049,1606.280029,3403.25,977.4799805,1.303593993,98.47599792,16.86000061,232,4977190000,3630410000,4977190000,232.445,0.09,136279,11344.4,7.5,82.97,0.53,0.36,-0.35
7/1/2013,1255.900024,1614.959961,3434.48999,989.8400269,1.301405549,99.37999725,16.37000084,150,3104690000,1586750000,3104690000,232.9,0.09,136391,11372.6,7.3,73.98,0.48,0.34,-0.41
7/2/2013,1243.599976,1614.079956,3433.399902,989.4699707,1.306762457,99.65699768,16.44000053,107,3317130000,1685190000,3317130000,232.9,0.09,136391,11372.6,7.3,73.98,0.44,0.34,-0.44
7/3/2013,1252.099976,1615.410034,3443.669922,991.1300049,1.297892213,100.7330017,16.20000076,19,1966050000,935980000,1966050000,232.9,0.09,136391,11372.6,7.3,73.98,0.48,0.36,-0.41
7/4/2013,1252.099976,1615.410034,3443.669922,991.1300049,1.301083803,99.95600128,16.20000076,19,1966050000,935980000,1966050000,232.9,0.09,136391,11372.6,7.3,73.98,0.48,0.36,-0.41
7/5/2013,1212.900024,1631.890015,3479.379883,1005.390015,1.2907722,100.2200012,14.89000034,72,2634140000,1254400000,2634140000,232.9,0.09,136391,11372.6,7.3,73.98,0.66,0.4,-0.27
7/6/2013,1212.900024,1631.890015,3479.379883,1005.390015,1.2907722,100.2200012,14.89000034,72,2634140000,1254400000,2634140000,232.9,0.09,136391,11372.6,7.3,73.98,0.66,0.4,-0.27
7/7/2013,1212.900024,1631.890015,3479.379883,1005.390015,1.2907722,100.2200012,14.89000034,72,2634140000,1254400000,2634140000,232.9,0.09,136391,11372.6,7.3,73.98,0.66,0.4,-0.27
7/8/2013,1234.900024,1640.459961,3484.830078,1009.25,1.282906532,101.3860016,14.77999973,58,3514590000,1521720000,3514590000,232.9,0.09,136391,11372.6,7.3,73.98,0.58,0.37,-0.36
7/9/2013,1245.900024,1652.319946,3504.26001,1018.049988,1.287100673,100.8499985,14.35000038,33,3155360000,1633520000,3155360000,232.9,0.09,136391,11372.6,7.3,73.98,0.59,0.37,-0.36
7/10/2013,1247.400024,1652.619995,3520.76001,1020.419983,1.278183937,101.1529999,14.21000004,58,3011010000,1567340000,3011010000,232.9,0.09,136391,11372.6,7.3,73.98,0.64,0.38,-0.33
7/11/2013,1280.099976,1675.02002,3578.300049,1033.180054,1.318774104,98.5510025,14.01000023,18,3446340000,1744210000,3446340000,232.9,0.09,136391,11372.6,7.3,73.98,0.56,0.34,-0.42
7/12/2013,1277.800049,1680.189941,3600.080078,1036.52002,1.309774756,99.04000092,13.84000015,6,3039070000,1615820000,3039070000,232.9,0.09,136391,11372.6,7.3,73.98,0.55,0.37,-0.41
7/13/2013,1277.800049,1680.189941,3600.080078,1036.52002,1.309774756,99.04000092,13.84000015,6,3039070000,1615820000,3039070000,232.9,0.09,136391,11372.6,7.3,73.98,0.55,0.37,-0.41
7/14/2013,1277.800049,1680.189941,3600.080078,1036.52002,1.309774756,99.04000092,13.84000015,6,3039070000,1615820000,3039070000,232.9,0.09,136391,11372.6,7.3,73.98,0.55,0.37,-0.41
7/15/2013,1283.800049,1682.5,3607.48999,1043.300049,1.305994511,99.1969986,13.78999996,19,2623200000,1449130000,2623200000,232.9,0.09,136391,11372.6,7.3,73.98,0.47,0.34,-0.46
7/16/2013,1290.800049,1676.26001,3598.5,1038.75,1.305875063,99.94599915,14.42000008,13,3081710000,1590540000,3081710000,232.9,0.09,136391,11372.6,7.3,73.98,0.41,0.34,-0.51
7/17/2013,1277.900024,1680.910034,3610,1042.530029,1.315114617,99.16000366,13.77999973,11,3153440000,1564340000,3153440000,232.9,0.09,136391,11372.6,7.3,73.98,0.38,0.32,-0.57
7/18/2013,1284.599976,1689.369995,3611.280029,1050.27002,1.311699033,99.66000366,13.77000046,26,3452370000,1719390000,3452370000,232.9,0.09,136391,11372.6,7.3,73.98,0.38,0.32,-0.54
7/19/2013,1293.300049,1692.089966,3587.610107,1050.47998,1.311062694,100.5220032,12.53999996,9,3302580000,1785460000,3302580000,232.9,0.09,136391,11372.6,7.3,73.98,0.29,0.32,-0.6
7/20/2013,1293.300049,1692.089966,3587.610107,1050.47998,1.311062694,100.5220032,12.53999996,9,3302580000,1785460000,3302580000,232.9,0.09,136391,11372.6,7.3,73.98,0.29,0.32,-0.6
7/21/2013,1293.300049,1692.089966,3587.610107,1050.47998,1.311062694,100.5220032,12.53999996,9,3302580000,1785460000,3302580000,232.9,0.09,136391,11372.6,7.3,73.98,0.29,0.32,-0.6
7/22/2013,1336.400024,1695.530029,3600.389893,1053.410034,1.315997243,100.3889999,12.28999996,18,2779130000,1507010000,2779130000,232.9,0.09,136391,11372.6,7.3,73.98,0.28,0.32,-0.59
7/23/2013,1335.099976,1692.390015,3579.27002,1052.199951,1.319034934,99.3239975,12.65999985,10,3096180000,1620350000,3096180000,232.9,0.09,136391,11372.6,7.3,73.98,0.33,0.33,-0.57
7/24/2013,1319.699951,1685.939941,3579.600098,1043.829956,1.322331548,99.49700165,13.18000031,42,3336120000,1856660000,3336120000,232.9,0.09,136391,11372.6,7.3,73.98,0.44,0.34,-0.47
7/25/2013,1329,1690.25,3605.189941,1054.180054,1.319087267,100.4520035,12.97000027,55,3322500000,2203970000,3322500000,232.9,0.09,136391,11372.6,7.3,73.98,0.44,0.32,-0.45
7/26/2013,1321.699951,1691.650024,3613.159912,1048.51001,1.327421904,99.27500153,12.72000027,66,2762770000,1796060000,2762770000,232.9,0.09,136391,11372.6,7.3,73.98,0.43,0.31,-0.47
7/27/2013,1321.699951,1691.650024,3613.159912,1048.51001,1.327421904,99.27500153,12.72000027,66,2762770000,1796060000,2762770000,232.9,0.09,136391,11372.6,7.3,73.98,0.43,0.31,-0.47
7/28/2013,1321.699951,1691.650024,3613.159912,1048.51001,1.327421904,99.27500153,12.72000027,66,2762770000,1796060000,2762770000,232.9,0.09,136391,11372.6,7.3,73.98,0.43,0.31,-0.47
7/29/2013,1328.400024,1685.329956,3599.139893,1040.660034,1.328744769,97.95999908,13.39000034,134359,2840520000,1545720000,2840520000,232.9,0.09,136391,11372.6,7.3,73.98,0.45,0.33,-0.44
7/30/2013,1324,1685.959961,3616.469971,1043.51001,1.326365471,98.04299927,13.39000034,44769,3320530000,1763580000,3320530000,232.9,0.09,136391,11372.6,7.3,73.98,0.46,0.33,-0.43
7/31/2013,1312.400024,1685.72998,3626.370117,1045.26001,1.326488614,98.01599884,13.44999981,6252,3847390000,1942380000,3847390000,232.9,0.09,136391,11372.6,7.3,73.98,0.38,0.31,-0.49
8/1/2013,1311,1706.869995,3675.73999,1059.880005,1.330140948,97.83300018,12.93999958,1562,3775170000,1863290000,3775170000,233.456,0.08,136646,11406.6,7.2,90.96,0.48,0.35,-0.45
8/2/2013,1310.599976,1709.670044,3689.590088,1059.859985,1.32119596,99.41999817,11.97999954,1451,3136630000,1683270000,3136630000,233.456,0.08,136646,11406.6,7.2,90.96,0.42,0.3,-0.55
8/3/2013,1310.599976,1709.670044,3689.590088,1059.859985,1.32119596,99.41999817,11.97999954,1451,3136630000,1683270000,3136630000,233.456,0.08,136646,11406.6,7.2,90.96,0.42,0.3,-0.55
8/4/2013,1310.599976,1709.670044,3689.590088,1059.859985,1.32119596,99.41999817,11.97999954,1451,3136630000,1683270000,3136630000,233.456,0.08,136646,11406.6,7.2,90.96,0.42,0.3,-0.55
8/5/2013,1302.599976,1707.140015,3692.949951,1063.01001,1.327897787,98.93499756,11.84000015,904,2529300000,1471860000,2529300000,233.456,0.08,136646,11406.6,7.2,90.96,0.42,0.32,-0.53
8/6/2013,1283.199951,1697.369995,3665.77002,1052.140015,1.325750113,98.23200226,12.72000027,1314,3141210000,1444200000,3141210000,233.456,0.08,136646,11406.6,7.2,90.96,0.39,0.32,-0.55
8/7/2013,1286.099976,1690.910034,3654.01001,1044.339966,1.330813646,97.30799866,12.97999954,989,3010230000,1659780000,3010230000,233.456,0.08,136646,11406.6,7.2,90.96,0.35,0.32,-0.55
8/8/2013,1310.699951,1697.47998,3669.120117,1049.469971,1.33409822,96.56999969,12.72999954,482,3271660000,1702950000,3271660000,233.456,0.08,136646,11406.6,7.2,90.96,0.34,0.3,-0.54
8/9/2013,1312.900024,1691.420044,3660.110107,1048.400024,1.33800745,96.73999786,13.40999985,449,2957670000,1546570000,2957670000,233.456,0.08,136646,11406.6,7.2,90.96,0.33,0.32,-0.55
8/10/2013,1312.900024,1691.420044,3660.110107,1048.400024,1.33800745,96.73999786,13.40999985,449,2957670000,1546570000,2957670000,233.456,0.08,136646,11406.6,7.2,90.96,0.33,0.32,-0.55
8/11/2013,1312.900024,1691.420044,3660.110107,1048.400024,1.33800745,96.73999786,13.40999985,449,2957670000,1546570000,2957670000,233.456,0.08,136646,11406.6,7.2,90.96,0.33,0.32,-0.55
8/12/2013,1334.699951,1689.469971,3669.949951,1053.670044,1.333938003,96.04399872,12.81000042,312,2789160000,1422420000,2789160000,233.456,0.08,136646,11406.6,7.2,90.96,0.37,0.32,-0.52
8/13/2013,1321.199951,1694.160034,3684.439941,1051.98999,1.329292297,97.19999695,12.31000042,209,3035560000,1644730000,3035560000,233.456,0.08,136646,11406.6,7.2,90.96,0.48,0.34,-0.43
8/14/2013,1334,1685.390015,3669.27002,1047.800049,1.326559067,98.15299988,13.03999996,333,2871430000,1589370000,2871430000,233.456,0.08,136646,11406.6,7.2,90.96,0.5,0.34,-0.38
8/15/2013,1361.599976,1661.319946,3606.120117,1027.609985,1.326418281,97.85299683,14.72999954,235,3426690000,1742510000,3426690000,233.456,0.08,136646,11406.6,7.2,90.96,0.6,0.36,-0.29
8/16/2013,1371.699951,1655.829956,3602.780029,1024.300049,1.335398793,97.05500031,14.36999989,175,3211450000,1520430000,3211450000,233.456,0.08,136646,11406.6,7.2,90.96,0.68,0.36,-0.19
8/17/2013,1371.699951,1655.829956,3602.780029,1024.300049,1.335398793,97.05500031,14.36999989,175,3211450000,1520430000,3211450000,233.456,0.08,136646,11406.6,7.2,90.96,0.68,0.36,-0.19
8/18/2013,1371.699951,1655.829956,3602.780029,1024.300049,1.335398793,97.05500031,14.36999989,175,3211450000,1520430000,3211450000,233.456,0.08,136646,11406.6,7.2,90.96,0.68,0.36,-0.19
8/19/2013,1366.199951,1646.060059,3589.090088,1013.25,1.332906723,97.66699982,15.10000038,139,2904530000,1381050000,2904530000,233.456,0.08,136646,11406.6,7.2,90.96,0.75,0.36,-0.13
8/20/2013,1373.099976,1652.349976,3613.590088,1028.569946,1.33338666,97.57900238,14.90999985,123,2994090000,1308280000,2994090000,233.456,0.08,136646,11406.6,7.2,90.96,0.67,0.36,-0.21
8/21/2013,1370.599976,1642.800049,3599.790039,1021.580017,1.342101693,97.30999756,15.93999958,109,2932180000,1438510000,2932180000,233.456,0.08,136646,11406.6,7.2,90.96,0.73,0.38,-0.13
8/22/2013,1371.199951,1656.959961,3638.709961,1036.199951,1.334294081,97.80999756,14.76000023,79,2537460000,927400000,2537460000,233.456,0.08,136646,11406.6,7.2,90.96,0.79,0.42,-0.06
8/23/2013,1395.699951,1663.5,3657.790039,1038.23999,1.335505724,98.8789978,13.97999954,178,2582670000,1499890000,2582670000,233.456,0.08,136646,11406.6,7.2,90.96,0.69,0.4,-0.16
8/24/2013,1395.699951,1663.5,3657.790039,1038.23999,1.335505724,98.8789978,13.97999954,178,2582670000,1499890000,2582670000,233.456,0.08,136646,11406.6,7.2,90.96,0.69,0.4,-0.16
8/25/2013,1395.699951,1663.5,3657.790039,1038.23999,1.335505724,98.8789978,13.97999954,178,2582670000,1499890000,2582670000,233.456,0.08,136646,11406.6,7.2,90.96,0.69,0.4,-0.16
8/26/2013,1393,1656.780029,3657.570068,1038.469971,1.338652253,98.70500183,14.98999977,203,2430670000,1404230000,2430670000,233.456,0.08,136646,11406.6,7.2,90.96,0.64,0.41,-0.21
8/27/2013,1420.599976,1630.47998,3578.52002,1013.48999,1.337917924,98.25800323,16.77000046,397,3219190000,1640040000,3219190000,233.456,0.08,136646,11406.6,7.2,90.96,0.57,0.38,-0.3
8/28/2013,1419,1634.959961,3593.350098,1016.5,1.339208007,96.89199829,16.48999977,489,2784010000,1370650000,2784010000,233.456,0.08,136646,11406.6,7.2,90.96,0.63,0.4,-0.23
8/29/2013,1412.900024,1638.170044,3620.300049,1026.939941,1.333493352,97.72799683,16.80999947,375,2527550000,1344900000,2527550000,233.456,0.08,136646,11406.6,7.2,90.96,0.65,0.39,-0.2
8/30/2013,1396.099976,1632.969971,3589.870117,1010.900024,1.323626757,98.29199982,17.01000023,0,2734300000,1328320000,2734300000,233.456,0.08,136646,11406.6,7.2,90.96,0.68,0.39,-0.16
8/31/2013,1396.099976,1632.969971,3589.870117,1010.900024,1.323626757,98.29199982,17.01000023,0,2734300000,1328320000,2734300000,233.456,0.08,136646,11406.6,7.2,90.96,0.68,0.39,-0.16
9/1/2013,1396.099976,1632.969971,3589.870117,1010.900024,1.323626757,98.29199982,17.01000023,0,2734300000,1328320000,2734300000,233.544,0.08,136821,11445.9,7.2,100.46,0.68,0.39,-0.16
9/2/2013,1396.099976,1632.969971,3589.870117,1010.900024,1.320829511,98.38500214,17.01000023,0,2734300000,1328320000,2734300000,233.544,0.08,136821,11445.9,7.2,100.46,0.68,0.39,-0.16
9/3/2013,1412,1639.77002,3612.610107,1016.26001,1.319000244,99.56999969,16.61000061,139,3731610000,1628810000,3731610000,233.544,0.08,136821,11445.9,7.2,100.46,0.76,0.43,-0.08
9/4/2013,1389.900024,1653.079956,3649.040039,1025.579956,1.317401648,99.55400085,15.88000011,104,3312150000,1855980000,3312150000,233.544,0.08,136821,11445.9,7.2,100.46,0.83,0.46,0
9/5/2013,1373.099976,1655.079956,3658.780029,1028.689941,1.32006228,99.72799683,15.77000046,37,2957110000,1550180000,2957110000,233.544,0.08,136821,11445.9,7.2,100.46,0.92,0.52,0.14
9/6/2013,1386.699951,1655.170044,3660.01001,1029.550049,1.31183672,100.1159973,15.85000038,52,3123880000,1647310000,3123880000,233.544,0.08,136821,11445.9,7.2,100.46,0.87,0.46,0.06
9/7/2013,1386.699951,1655.170044,3660.01001,1029.550049,1.31183672,100.1159973,15.85000038,52,3123880000,1647310000,3123880000,233.544,0.08,136821,11445.9,7.2,100.46,0.87,0.46,0.06
9/8/2013,1386.699951,1655.170044,3660.01001,1029.550049,1.31183672,100.1159973,15.85000038,52,3123880000,1647310000,3123880000,233.544,0.08,136821,11445.9,7.2,100.46,0.87,0.46,0.06
9/9/2013,1386.800049,1671.709961,3706.179932,1046.079956,1.317418814,99.97699738,15.63000011,44,3102780000,1664290000,3102780000,233.544,0.08,136821,11445.9,7.2,100.46,0.84,0.45,0.02
9/10/2013,1364.099976,1683.98999,3729.02002,1055.719971,1.325802803,99.71900177,14.52999973,21,3691800000,1842570000,3691800000,233.544,0.08,136821,11445.9,7.2,100.46,0.86,0.5,0.04
9/11/2013,1363.900024,1689.130005,3725.01001,1055.339966,1.3266294,100.2850037,13.81999969,60,3135460000,1722380000,3135460000,233.544,0.08,136821,11445.9,7.2,100.46,0.8,0.47,-0.04
9/12/2013,1330.400024,1683.420044,3715.969971,1048.47998,1.331557989,99.83000183,14.28999996,120,3106290000,1653860000,3106290000,233.544,0.08,136821,11445.9,7.2,100.46,0.81,0.45,-0.03
9/13/2013,1308.400024,1687.98999,3722.179932,1053.97998,1.329893351,99.57800293,14.15999985,38,2736500000,1460190000,2736500000,233.544,0.08,136821,11445.9,7.2,100.46,0.8,0.45,-0.04
9/14/2013,1308.400024,1687.98999,3722.179932,1053.97998,1.329893351,99.57800293,14.15999985,38,2736500000,1460190000,2736500000,233.544,0.08,136821,11445.9,7.2,100.46,0.8,0.45,-0.04
9/15/2013,1308.400024,1687.98999,3722.179932,1053.97998,1.329893351,99.57800293,14.15999985,38,2736500000,1460190000,2736500000,233.544,0.08,136821,11445.9,7.2,100.46,0.8,0.45,-0.04
9/16/2013,1317.900024,1697.599976,3717.850098,1056.25,1.335933924,99.01499939,14.38000011,107,3079800000,1542500000,3079800000,233.544,0.08,136821,11445.9,7.2,100.46,0.76,0.41,-0.11
9/17/2013,1309.5,1704.76001,3745.699951,1066.390015,1.333795667,99.06999969,14.52999973,24,2774240000,1338800000,2774240000,233.544,0.08,136821,11445.9,7.2,100.46,0.7,0.39,-0.17
9/18/2013,1307.800049,1725.52002,3783.639893,1076.969971,1.33579123,99.12799835,13.59000015,29,3989760000,1828820000,3989760000,233.544,0.08,136821,11445.9,7.2,100.46,0.49,0.34,-0.41
9/19/2013,1369.400024,1722.339966,3789.379883,1075.27002,1.352301598,98.20999908,13.15999985,35,3740130000,1775980000,3740130000,233.544,0.08,136821,11445.9,7.2,100.46,0.55,0.34,-0.34
9/20/2013,1332.5,1709.910034,3774.72998,1072.829956,1.353417993,99.38999939,13.11999989,2,5074030000,2711270000,5074030000,233.544,0.08,136821,11445.9,7.2,100.46,0.52,0.34,-0.35
9/21/2013,1332.5,1709.910034,3774.72998,1072.829956,1.353417993,99.38999939,13.11999989,2,5074030000,2711270000,5074030000,233.544,0.08,136821,11445.9,7.2,100.46,0.52,0.34,-0.35
9/22/2013,1332.5,1709.910034,3774.72998,1072.829956,1.353417993,99.38999939,13.11999989,2,5074030000,2711270000,5074030000,233.544,0.08,136821,11445.9,7.2,100.46,0.52,0.34,-0.35
9/23/2013,1326.900024,1701.839966,3765.290039,1072.130005,1.353454709,99.27700043,14.31000042,78,3126950000,1728620000,3126950000,233.544,0.08,136821,11445.9,7.2,100.46,0.46,0.35,-0.36
9/24/2013,1316,1697.420044,3768.25,1074.680054,1.34989202,98.73999786,14.07999992,61,3268930000,1810950000,3268930000,233.544,0.08,136821,11445.9,7.2,100.46,0.48,0.35,-0.33
9/25/2013,1335.900024,1692.77002,3761.100098,1073.51001,1.347182274,98.74500275,14.01000023,51,3148730000,1821790000,3148730000,233.544,0.08,136821,11445.9,7.2,100.46,0.45,0.36,-0.38
9/26/2013,1323.599976,1698.670044,3787.429932,1078.410034,1.351698399,98.43499756,14.06000042,13170,2813930000,1817960000,2813930000,233.544,0.08,136821,11445.9,7.2,100.46,0.47,0.34,-0.34
9/27/2013,1338.400024,1691.75,3781.590088,1074.189941,1.348617673,98.90499878,15.46000004,2990,2951700000,1699720000,2951700000,233.544,0.08,136821,11445.9,7.2,100.46,0.46,0.34,-0.36
9/28/2013,1338.400024,1691.75,3781.590088,1074.189941,1.348617673,98.90499878,15.46000004,2990,2951700000,1699720000,2951700000,233.544,0.08,136821,11445.9,7.2,100.46,0.46,0.34,-0.36
9/29/2013,1338.400024,1691.75,3781.590088,1074.189941,1.348617673,98.90499878,15.46000004,2990,2951700000,1699720000,2951700000,233.544,0.08,136821,11445.9,7.2,100.46,0.46,0.34,-0.36
9/30/2013,1326.5,1681.550049,3771.47998,1073.790039,1.349545956,97.82700348,16.60000038,597,3308630000,1895760000,3308630000,233.544,0.08,136821,11445.9,7.2,100.46,0.45,0.33,-0.35
10/1/2013,1286,1695,3817.97998,1087.430054,1.352521181,98.40000153,15.53999996,815,3238690000,1843320000,3238690000,233.669,0.09,137041,11498,7.2,72.95,0.46,0.33,-0.35
10/2/2013,1320.599976,1693.869995,3815.02002,1082.550049,1.352338195,97.9260025,16.60000038,152,3148600000,1792980000,3148600000,233.669,0.09,137041,11498,7.2,72.95,0.43,0.31,-0.42
10/3/2013,1317.400024,1678.660034,3774.340088,1070.900024,1.359101892,97.30000305,17.67000008,217,3279650000,1884340000,3279650000,233.669,0.09,137041,11498,7.2,72.95,0.43,0.33,-0.41
10/4/2013,1309.699951,1690.5,3807.75,1078.25,1.362416387,97.25900269,16.73999977,38,2880270000,1549600000,2880270000,233.669,0.09,137041,11498,7.2,72.95,0.46,0.33,-0.38
10/5/2013,1309.699951,1690.5,3807.75,1078.25,1.362416387,97.25900269,16.73999977,38,2880270000,1549600000,2880270000,233.669,0.09,137041,11498,7.2,72.95,0.46,0.33,-0.38
10/6/2013,1309.699951,1690.5,3807.75,1078.25,1.362416387,97.25900269,16.73999977,38,2880270000,1549600000,2880270000,233.669,0.09,137041,11498,7.2,72.95,0.46,0.33,-0.38
10/7/2013,1324.800049,1676.119995,3770.379883,1065.790039,1.356999397,97.29000092,19.40999985,84,2678490000,1475990000,2678490000,233.669,0.09,137041,11498,7.2,72.95,0.45,0.37,-0.38
10/8/2013,1324.199951,1655.449951,3694.830078,1047.26001,1.356999397,97.29000092,20.34000015,57,3569230000,2087580000,3569230000,233.669,0.09,137041,11498,7.2,72.95,0.48,0.4,-0.33
10/9/2013,1306.900024,1656.400024,3677.780029,1043.459961,1.359804153,96.90100098,19.60000038,140,3577840000,2242700000,3577840000,233.669,0.09,137041,11498,7.2,72.95,0.47,0.37,-0.35
10/10/2013,1296.599976,1692.560059,3760.75,1069.5,1.352027416,97.47899628,16.47999954,89,3362300000,1902410000,3345660000,233.669,0.09,137041,11498,7.2,72.95,0.5,0.35,-0.37
10/11/2013,1268,1703.199951,3791.870117,1084.310059,1.352667451,98.18499756,15.72000027,210,2944670000,1750350000,2944670000,233.669,0.09,137041,11498,7.2,72.95,0.5,0.35,-0.37
10/12/2013,1268,1703.199951,3791.870117,1084.310059,1.352667451,98.18499756,15.72000027,210,2944670000,1750350000,2944670000,233.669,0.09,137041,11498,7.2,72.95,0.5,0.35,-0.37
10/13/2013,1268,1703.199951,3791.870117,1084.310059,1.352667451,98.18499756,15.72000027,210,2944670000,1750350000,2944670000,233.669,0.09,137041,11498,7.2,72.95,0.5,0.35,-0.37
10/14/2013,1276.400024,1710.140015,3815.280029,1090.300049,1.355674863,98.31400299,16.06999969,61,2580580000,1455160000,2580580000,233.669,0.09,137041,11498,7.2,72.95,0.5,0.35,-0.37
10/15/2013,1273,1698.060059,3794.01001,1079.619995,1.355858684,98.65000153,18.65999985,208,3327740000,1745560000,3327740000,233.669,0.09,137041,11498,7.2,72.95,0.54,0.37,-0.34
10/16/2013,1282,1721.540039,3839.429932,1092.420044,1.352173686,98.54399872,14.71000004,86,3486180000,1744000000,3483180000,233.669,0.09,137041,11498,7.2,72.95,0.5,0.34,-0.38
10/17/2013,1322.699951,1733.150024,3863.149902,1102.27002,1.352246761,98.94000244,13.47999954,72,3453590000,1975140000,3453590000,233.669,0.09,137041,11498,7.2,72.95,0.45,0.33,-0.42
10/18/2013,1314.400024,1744.5,3914.280029,1114.77002,1.36669898,97.98999786,13.03999996,65,3664890000,1943090000,3664890000,233.669,0.09,137041,11498,7.2,72.95,0.42,0.33,-0.43
10/19/2013,1314.400024,1744.5,3914.280029,1114.77002,1.36669898,97.98999786,13.03999996,65,3664890000,1943090000,3664890000,233.669,0.09,137041,11498,7.2,72.95,0.42,0.33,-0.43
10/20/2013,1314.400024,1744.5,3914.280029,1114.77002,1.36669898,97.98999786,13.03999996,65,3664890000,1943090000,3664890000,233.669,0.09,137041,11498,7.2,72.95,0.42,0.33,-0.43
10/21/2013,1315.699951,1744.660034,3920.050049,1112.47998,1.368194938,97.92700195,13.15999985,23,3052710000,1674470000,3052710000,233.669,0.09,137041,11498,7.2,72.95,0.44,0.33,-0.41
10/22/2013,1342.5,1754.670044,3929.570068,1115.630005,1.367596149,98.19400024,13.32999992,55,3850840000,1890500000,3850840000,233.669,0.09,137041,11498,7.2,72.95,0.37,0.31,-0.46
10/23/2013,1333.900024,1746.380005,3907.070068,1110.930054,1.377846956,98.13300323,13.42000008,13,3713380000,1915030000,3713380000,233.669,0.09,137041,11498,7.2,72.95,0.36,0.31,-0.46
10/24/2013,1350.199951,1752.069946,3928.959961,1118.849976,1.378093839,97.41999817,13.19999981,18,3671700000,2054350000,3671700000,233.669,0.09,137041,11498,7.2,72.95,0.36,0.33,-0.45
10/25/2013,1352.400024,1759.77002,3943.360107,1118.339966,1.380395532,97.38500214,13.09000015,23,3175720000,2225780000,3175720000,233.669,0.09,137041,11498,7.2,72.95,0.34,0.32,-0.47
10/26/2013,1352.400024,1759.77002,3943.360107,1118.339966,1.380395532,97.38500214,13.09000015,23,3175720000,2225780000,3175720000,233.669,0.09,137041,11498,7.2,72.95,0.34,0.32,-0.47
10/27/2013,1352.400024,1759.77002,3943.360107,1118.339966,1.380395532,97.38500214,13.09000015,23,3175720000,2225780000,3175720000,233.669,0.09,137041,11498,7.2,72.95,0.34,0.32,-0.47
10/28/2013,1352,1762.109985,3940.129883,1117.969971,1.380529046,97.56999969,13.31000042,23,3282300000,1904810000,3282300000,233.669,0.09,137041,11498,7.2,72.95,0.35,0.32,-0.48
10/29/2013,1345.199951,1771.949951,3952.340088,1121.069946,1.378929973,97.62000275,13.40999985,168,3358460000,1897380000,3358460000,233.669,0.09,137041,11498,7.2,72.95,0.35,0.31,-0.47
10/30/2013,1349,1763.310059,3930.620117,1105.5,1.374306083,98.19400024,13.64999962,44,3523040000,1923000000,3523040000,233.669,0.09,137041,11498,7.2,72.95,0.37,0.33,-0.47
10/31/2013,1323.599976,1756.540039,3919.709961,1100.150024,1.372401118,98.50700378,13.75,62,3826530000,2139650000,3826530000,233.669,0.09,137041,11498,7.2,72.95,0.4,0.31,-0.43
11/1/2013,1313.099976,1761.640015,3922.040039,1095.670044,1.357976079,98.32099915,13.27999973,21,3686290000,1949460000,3686290000,234.1,0.08,137316,11562.5,6.9,77.78,0.5,0.33,-0.33
11/2/2013,1313.099976,1761.640015,3922.040039,1095.670044,1.357976079,98.32099915,13.27999973,21,3686290000,1949460000,3686290000,234.1,0.08,137316,11562.5,6.9,77.78,0.5,0.33,-0.33
11/3/2013,1313.099976,1761.640015,3922.040039,1095.670044,1.357976079,98.32099915,13.27999973,21,3686290000,1949460000,3686290000,234.1,0.08,137316,11562.5,6.9,77.78,0.5,0.33,-0.33
11/4/2013,1314.599976,1767.930054,3936.590088,1108.280029,1.349400282,98.69200134,12.93000031,39,3194870000,1817880000,3194870000,234.1,0.08,137316,11562.5,6.9,77.78,0.5,0.32,-0.35
11/5/2013,1308,1762.969971,3939.860107,1103.589966,1.351698399,98.6269989,13.27000046,98,3516680000,1934630000,3516680000,234.1,0.08,137316,11562.5,6.9,77.78,0.55,0.32,-0.33
11/6/2013,1317.699951,1770.48999,3931.949951,1098.630005,1.34730947,98.45600128,12.67000008,11,3322100000,2020160000,3322100000,234.1,0.08,137316,11562.5,6.9,77.78,0.48,0.3,-0.43
11/7/2013,1308.400024,1747.150024,3857.330078,1079.089966,1.351807952,98.65000153,13.90999985,129,4143200000,2303320000,4024730000,234.1,0.08,137316,11562.5,6.9,77.78,0.46,0.29,-0.45
11/8/2013,1284.5,1770.609985,3919.22998,1099.969971,1.340913892,98.17099762,12.89999962,22,3837170000,1981740000,3837170000,234.1,0.08,137316,11562.5,6.9,77.78,0.59,0.32,-0.35
11/9/2013,1284.5,1770.609985,3919.22998,1099.969971,1.340913892,98.17099762,12.89999962,22,3837170000,1981740000,3837170000,234.1,0.08,137316,11562.5,6.9,77.78,0.59,0.32,-0.35
11/10/2013,1284.5,1770.609985,3919.22998,1099.969971,1.340913892,98.17099762,12.89999962,22,3837170000,1981740000,3837170000,234.1,0.08,137316,11562.5,6.9,77.78,0.59,0.32,-0.35
11/11/2013,1281,1771.890015,3919.790039,1101.5,1.334792614,99.1989975,12.52999973,5,2534060000,1595340000,2534060000,234.1,0.08,137316,11562.5,6.9,77.78,0.59,0.32,-0.35
11/12/2013,1271.099976,1767.689941,3919.919922,1101.469971,1.340931892,99.13800049,12.81999969,3,3221030000,1776860000,3221030000,234.1,0.08,137316,11562.5,6.9,77.78,0.62,0.34,-0.32
11/13/2013,1268.300049,1782,3965.580078,1112.180054,1.34399569,99.61699677,12.52000046,17,3327480000,1827220000,3327480000,234.1,0.08,137316,11562.5,6.9,77.78,0.58,0.32,-0.38
11/14/2013,1286.199951,1790.619995,3972.73999,1111.439941,1.34896338,99.21800232,12.36999989,29,3139060000,1965350000,3139060000,234.1,0.08,137316,11562.5,6.9,77.78,0.51,0.29,-0.46
11/15/2013,1287.300049,1798.180054,3985.969971,1116.199951,1.344899416,100.2399979,12.18999958,16,3254820000,1899150000,3254820000,234.1,0.08,137316,11562.5,6.9,77.78,0.53,0.31,-0.44
11/16/2013,1287.300049,1798.180054,3985.969971,1116.199951,1.344899416,100.2399979,12.18999958,16,3254820000,1899150000,3254820000,234.1,0.08,137316,11562.5,6.9,77.78,0.53,0.31,-0.44
11/17/2013,1287.300049,1798.180054,3985.969971,1116.199951,1.344899416,100.2399979,12.18999958,16,3254820000,1899150000,3254820000,234.1,0.08,137316,11562.5,6.9,77.78,0.53,0.31,-0.44
11/18/2013,1272.199951,1791.530029,3949.070068,1107.290039,1.348399401,100.3539963,13.10000038,10,3168520000,1829870000,3168520000,234.1,0.08,137316,11562.5,6.9,77.78,0.48,0.31,-0.47
11/19/2013,1273.400024,1787.869995,3931.550049,1101.380005,1.350438952,99.86299896,13.39000034,10,3224450000,1747840000,3224450000,234.1,0.08,137316,11562.5,6.9,77.78,0.53,0.29,-0.4
11/20/2013,1257.900024,1781.369995,3921.27002,1099.790039,1.356741667,100.1809998,13.39999962,120,3109140000,1721160000,3109140000,234.1,0.08,137316,11562.5,6.9,77.78,0.64,0.28,-0.36
11/21/2013,1243.5,1795.849976,3969.159912,1119.619995,1.343381763,100.2070007,12.65999985,90,3256630000,1684250000,3256630000,234.1,0.08,137316,11562.5,6.9,77.78,0.6,0.29,-0.38
11/22/2013,1244,1804.76001,3991.649902,1124.920044,1.347182274,101.3190002,12.26000023,77,3055140000,1730280000,3055140000,234.1,0.08,137316,11562.5,6.9,77.78,0.56,0.31,-0.39
11/23/2013,1244,1804.76001,3991.649902,1124.920044,1.347182274,101.3190002,12.26000023,77,3055140000,1730280000,3055140000,234.1,0.08,137316,11562.5,6.9,77.78,0.56,0.31,-0.39
11/24/2013,1244,1804.76001,3991.649902,1124.920044,1.347182274,101.3190002,12.26000023,77,3055140000,1730280000,3055140000,234.1,0.08,137316,11562.5,6.9,77.78,0.56,0.31,-0.39
11/25/2013,1241.099976,1802.47998,3994.570068,1124.719971,1.355233908,101.2900009,12.78999996,19,2998540000,1795760000,2998540000,234.1,0.08,137316,11562.5,6.9,77.78,0.56,0.3,-0.38
11/26/2013,1241.400024,1802.75,4017.75,1134.530029,1.352759004,101.3499985,12.81000042,178417,3427120000,1907680000,3427120000,234.1,0.08,137316,11562.5,6.9,77.78,0.54,0.29,-0.37
11/27/2013,1237.800049,1807.22998,4044.75,1141.329956,1.356778502,101.2340012,12.97999954,82331,2613590000,1477020000,2613590000,234.1,0.08,137316,11562.5,6.9,77.78,0.58,0.28,-0.35
11/28/2013,1237.800049,1807.22998,4044.75,1141.329956,1.357367754,102.2099991,12.97999954,82331,2613590000,1477020000,2613590000,234.1,0.08,137316,11562.5,6.9,77.78,0.58,0.28,-0.35
11/29/2013,1250.599976,1805.810059,4059.889893,1142.890015,1.360396147,102.2919998,13.69999981,9203,1598300000,853500000,1598300000,234.1,0.08,137316,11562.5,6.9,77.78,0.6,0.28,-0.32
11/30/2013,1250.599976,1805.810059,4059.889893,1142.890015,1.360396147,102.2919998,13.69999981,9203,1598300000,853500000,1598300000,234.1,0.08,137316,11562.5,6.9,77.78,0.6,0.28,-0.32
12/1/2013,1250.599976,1805.810059,4059.889893,1142.890015,1.360396147,102.2919998,13.69999981,9203,1598300000,853500000,1598300000,234.719,0.09,137373,11593.2,6.7,70.37,0.6,0.28,-0.32
12/2/2013,1222.300049,1800.900024,4045.26001,1129.119995,1.35851109,102.4710007,14.22999954,4979,3095430000,1680380000,3095430000,234.719,0.09,137373,11593.2,6.7,70.37,0.66,0.3,-0.27
12/3/2013,1221.699951,1795.150024,4037.199951,1123.780029,1.354206204,102.9329987,14.55000019,1932,3475680000,1875010000,3475680000,234.719,0.09,137373,11593.2,6.7,70.37,0.64,0.28,-0.29
12/4/2013,1248.199951,1792.810059,4038,1121.380005,1.359064937,102.3509979,14.69999981,1823,3610540000,1886970000,3610540000,234.719,0.09,137373,11593.2,6.7,70.37,0.73,0.3,-0.19
12/5/2013,1233.199951,1785.030029,4033.169922,1122.469971,1.358640313,102.4039993,15.07999992,446,3336880000,1880950000,3336880000,234.719,0.09,137373,11593.2,6.7,70.37,0.76,0.3,-0.17
12/6/2013,1230.300049,1805.089966,4062.52002,1131.380005,1.366997957,101.7419968,13.78999996,1032,3150030000,1727130000,3150030000,234.719,0.09,137373,11593.2,6.7,70.37,0.77,0.3,-0.14
12/7/2013,1230.300049,1805.089966,4062.52002,1131.380005,1.366997957,101.7419968,13.78999996,1032,3150030000,1727130000,3150030000,234.719,0.09,137373,11593.2,6.7,70.37,0.77,0.3,-0.14
12/8/2013,1230.300049,1805.089966,4062.52002,1131.380005,1.366997957,101.7419968,13.78999996,1032,3150030000,1727130000,3150030000,234.719,0.09,137373,11593.2,6.7,70.37,0.77,0.3,-0.14
12/9/2013,1235.300049,1808.369995,4068.75,1129.459961,1.370651603,103.1309967,13.48999977,352,3129500000,1717120000,3129500000,234.719,0.09,137373,11593.2,6.7,70.37,0.74,0.3,-0.13
12/10/2013,1262.400024,1802.619995,4060.48999,1119.689941,1.374022722,103.2659988,13.90999985,882,3117150000,1864860000,3117150000,234.719,0.09,137373,11593.2,6.7,70.37,0.69,0.3,-0.18
12/11/2013,1258.5,1782.219971,4003.810059,1101.5,1.376443624,102.7979965,15.42000008,147,3472240000,1923520000,3472240000,234.719,0.09,137373,11593.2,6.7,70.37,0.71,0.31,-0.15
12/12/2013,1226,1775.5,3998.399902,1103.27002,1.378606796,102.5080032,15.53999996,609,3306640000,1893270000,3306640000,234.719,0.09,137373,11593.2,6.7,70.37,0.75,0.34,-0.1
12/13/2013,1235.699951,1775.319946,4000.97998,1107.050049,1.375080705,103.5400009,15.76000023,446,3061070000,1615340000,3061070000,234.719,0.09,137373,11593.2,6.7,70.37,0.72,0.34,-0.11
12/14/2013,1235.699951,1775.319946,4000.97998,1107.050049,1.375080705,103.5400009,15.76000023,446,3061070000,1615340000,3061070000,234.719,0.09,137373,11593.2,6.7,70.37,0.72,0.34,-0.11
12/15/2013,1235.699951,1775.319946,4000.97998,1107.050049,1.375080705,103.5400009,15.76000023,446,3061070000,1615340000,3061070000,234.719,0.09,137373,11593.2,6.7,70.37,0.72,0.34,-0.11
12/16/2013,1245.5,1786.540039,4029.52002,1119.849976,1.373928308,103.2699966,16.03000069,242,3209890000,1943830000,3209890000,234.719,0.09,137373,11593.2,6.7,70.37,0.71,0.34,-0.13
12/17/2013,1231.199951,1781,4023.679932,1118.890015,1.37629199,103.0270004,16.20999908,22,3270030000,1861130000,3270030000,234.719,0.09,137373,11593.2,6.7,70.37,0.67,0.34,-0.17
12/18/2013,1236.099976,1810.650024,4070.060059,1133.719971,1.377125978,102.6240005,13.80000019,114,4327770000,2178330000,4327770000,234.719,0.09,137373,11593.2,6.7,70.37,0.72,0.32,-0.12
12/19/2013,1195,1809.599976,4058.139893,1125.449951,1.368494511,104.2129974,14.14999962,124,3497210000,1813050000,3497210000,234.719,0.09,137373,11593.2,6.7,70.37,0.79,0.35,-0.12
12/20/2013,1205.099976,1818.319946,4104.740234,1146.469971,1.365579128,104.276001,13.78999996,204,5097700000,3510420000,5097700000,234.719,0.09,137373,11593.2,6.7,70.37,0.73,0.37,0.02
12/21/2013,1205.099976,1818.319946,4104.740234,1146.469971,1.365579128,104.276001,13.78999996,204,5097700000,3510420000,5097700000,234.719,0.09,137373,11593.2,6.7,70.37,0.73,0.37,0.02
12/22/2013,1205.099976,1818.319946,4104.740234,1146.469971,1.365579128,104.276001,13.78999996,204,5097700000,3510420000,5097700000,234.719,0.09,137373,11593.2,6.7,70.37,0.73,0.37,0.02
12/23/2013,1198.400024,1827.98999,4148.899902,1157.219971,1.367839336,104.0299988,13.03999996,123,2851540000,1779400000,2851540000,234.719,0.09,137373,11593.2,6.7,70.37,0.76,0.38,0.01
12/24/2013,1205.099976,1833.319946,4155.419922,1161.800049,1.369994402,104.1760025,12.47999954,184,1307630000,802270000,1307630000,234.719,0.09,137373,11593.2,6.7,70.37,0.8,0.38,0.05
12/25/2013,1205.099976,1833.319946,4155.419922,1161.800049,1.368194938,104.3000031,12.47999954,184,1307630000,802270000,1307630000,234.719,0.09,137373,11593.2,6.7,70.37,0.8,0.38,0.05
12/26/2013,1214.099976,1842.02002,4167.180176,1162.650024,1.366848469,104.5240021,12.32999992,140,1982270000,1180670000,1982270000,234.719,0.09,137373,11593.2,6.7,70.37,0.8,0.42,0.04
12/27/2013,1216.099976,1841.400024,4156.589844,1161.089966,1.369619131,104.8789978,12.46000004,278,2052920000,1255020000,2052920000,234.719,0.09,137373,11593.2,6.7,70.37,0.8,0.4,0.06
12/28/2013,1216.099976,1841.400024,4156.589844,1161.089966,1.369619131,104.8789978,12.46000004,278,2052920000,1255020000,2052920000,234.719,0.09,137373,11593.2,6.7,70.37,0.8,0.4,0.06
12/29/2013,1216.099976,1841.400024,4156.589844,1161.089966,1.369619131,104.8789978,12.46000004,278,2052920000,1255020000,2052920000,234.719,0.09,137373,11593.2,6.7,70.37,0.8,0.4,0.06
12/30/2013,1203.099976,1841.069946,4154.200195,1160.589966,1.37502408,105.3199997,13.56000042,351,2293860000,1349470000,2293860000,234.719,0.09,137373,11593.2,6.7,70.37,0.76,0.39,0.07
12/31/2013,1201.900024,1848.359985,4176.589844,1163.640015,1.381005645,104.9339981,13.72000027,124,2312840000,1401140000,2312840000,234.719,0.09,137373,11593.2,6.7,70.37,0.8,0.38,0.06
1/1/2014,1201.900024,1848.359985,4176.589844,1163.640015,1.374494791,105.3000031,13.72000027,124,2312840000,1401140000,2312840000,235.288,0.07,137561,11578.8,6.6,77.92,0.8,0.38,0.06
1/2/2014,1225,1831.97998,4143.069824,1150.719971,1.376670957,105.3239975,14.22999954,209,3080600000,1738820000,3080600000,235.288,0.07,137561,11578.8,6.6,77.92,0.74,0.39,0.01
1/3/2014,1238.400024,1831.369995,4131.910156,1156.089966,1.366661668,104.8330002,13.76000023,142,2774270000,1667480000,2774270000,235.288,0.07,137561,11578.8,6.6,77.92,0.75,0.41,0.04
1/4/2014,1238.400024,1831.369995,4131.910156,1156.089966,1.366661668,104.8330002,13.76000023,142,2774270000,1667480000,2774270000,235.288,0.07,137561,11578.8,6.6,77.92,0.75,0.41,0.04
1/5/2014,1238.400024,1831.369995,4131.910156,1156.089966,1.366661668,104.8330002,13.76000023,142,2774270000,1667480000,2774270000,235.288,0.07,137561,11578.8,6.6,77.92,0.75,0.41,0.04
1/6/2014,1237.800049,1826.77002,4113.680176,1147.160034,1.359600782,104.9120026,13.55000019,127,3294850000,2292840000,3294850000,235.288,0.07,137561,11578.8,6.6,77.92,0.72,0.4,-0.05
1/7/2014,1229.400024,1837.880005,4153.180176,1157.630005,1.363196492,104.2099991,12.92000008,73,3511750000,2278220000,3511750000,235.288,0.07,137561,11578.8,6.6,77.92,0.7,0.4,-0.14
1/8/2014,1225.300049,1837.48999,4165.609863,1157.459961,1.361637235,104.711998,12.86999989,189,3652140000,2345220000,3652140000,235.288,0.07,137561,11578.8,6.6,77.92,0.72,0.43,0.01
1/9/2014,1229.300049,1838.130005,4156.189941,1158.349976,1.357201934,104.8440018,12.89000034,7,3581150000,2214770000,3581150000,235.288,0.07,137561,11578.8,6.6,77.92,0.66,0.44,-0.08
1/10/2014,1246.699951,1842.369995,4174.669922,1164.530029,1.360710859,104.8300018,12.14000034,58,3335710000,2143070000,3335710000,235.288,0.07,137561,11578.8,6.6,77.92,0.59,0.39,-0.11
1/11/2014,1246.699951,1842.369995,4174.669922,1164.530029,1.360710859,104.8300018,12.14000034,58,3335710000,2143070000,3335710000,235.288,0.07,137561,11578.8,6.6,77.92,0.59,0.39,-0.11
1/12/2014,1246.699951,1842.369995,4174.669922,1164.530029,1.360710859,104.8300018,12.14000034,58,3335710000,2143070000,3335710000,235.288,0.07,137561,11578.8,6.6,77.92,0.59,0.39,-0.11
1/13/2014,1250.900024,1819.199951,4113.299805,1148.089966,1.367184877,103.9489975,13.27999973,46,3591350000,2322240000,3591350000,235.288,0.07,137561,11578.8,6.6,77.92,0.57,0.39,-0.11
1/14/2014,1245.199951,1838.880005,4183.02002,1163.430054,1.366997957,103.1159973,12.27999973,37,3353270000,2034180000,3353270000,235.288,0.07,137561,11578.8,6.6,77.92,0.62,0.39,-0.11
1/15/2014,1238.099976,1848.380005,4214.879883,1171.349976,1.366848469,104.1790009,12.27999973,68,3777800000,2101870000,3777800000,235.288,0.07,137561,11578.8,6.6,77.92,0.62,0.41,-0.04
1/16/2014,1240,1845.890015,4218.689941,1173.130005,1.359933615,104.5709991,12.52999973,48,3491310000,2005850000,3491310000,235.288,0.07,137561,11578.8,6.6,77.92,0.61,0.41,-0.08
1/17/2014,1251.699951,1838.699951,4197.580078,1168.430054,1.361804128,104.2949982,12.43999958,101,3626120000,2150370000,3626120000,235.288,0.07,137561,11578.8,6.6,77.92,0.58,0.4,-0.08
1/18/2014,1251.699951,1838.699951,4197.580078,1168.430054,1.361804128,104.2949982,12.43999958,101,3626120000,2150370000,3626120000,235.288,0.07,137561,11578.8,6.6,77.92,0.58,0.4,-0.08
1/19/2014,1251.699951,1838.699951,4197.580078,1168.430054,1.361804128,104.2949982,12.43999958,101,3626120000,2150370000,3626120000,235.288,0.07,137561,11578.8,6.6,77.92,0.58,0.4,-0.08
1/20/2014,1251.699951,1838.699951,4197.580078,1168.430054,1.352759004,104.237999,12.43999958,101,3626120000,2150370000,3626120000,235.288,0.07,137561,11578.8,6.6,77.92,0.58,0.4,-0.08
1/21/2014,1242.300049,1843.800049,4225.759766,1175.719971,1.35490334,104.2249985,12.86999989,224,3782470000,2034030000,3782470000,235.288,0.07,137561,11578.8,6.6,77.92,0.59,0.4,-0.04
1/22/2014,1239,1844.859985,4243,1181.290039,1.355913758,104.2229996,12.84000015,58,3374170000,2026910000,3374170000,235.288,0.07,137561,11578.8,6.6,77.92,0.62,0.44,-0.07
1/23/2014,1262.599976,1828.459961,4218.879883,1172.400024,1.354224443,104.6350021,13.77000046,40,3972250000,2191980000,3972250000,235.288,0.07,137561,11578.8,6.6,77.92,0.66,0.39,-0.1
1/24/2014,1264.5,1790.290039,4128.169922,1144.130005,1.368906617,103.3700027,18.13999939,38,4618450000,2489470000,4618450000,235.288,0.07,137561,11578.8,6.6,77.92,0.61,0.37,-0.1
1/25/2014,1264.5,1790.290039,4128.169922,1144.130005,1.368906617,103.3700027,18.13999939,38,4618450000,2489470000,4618450000,235.288,0.07,137561,11578.8,6.6,77.92,0.61,0.37,-0.1
1/26/2014,1264.5,1790.290039,4128.169922,1144.130005,1.368906617,103.3700027,18.13999939,38,4618450000,2489470000,4618450000,235.288,0.07,137561,11578.8,6.6,77.92,0.61,0.37,-0.1
1/27/2014,1263.599976,1781.560059,4083.610107,1127.72998,1.368794203,102.0500031,17.42000008,92,4045200000,2398280000,4045200000,235.288,0.07,137561,11578.8,6.6,77.92,0.64,0.37,-0.11
1/28/2014,1251,1792.5,4097.959961,1138.23999,1.367465258,102.6610031,15.80000019,20,3437830000,2091180000,3437830000,235.288,0.07,137561,11578.8,6.6,77.92,0.62,0.38,-0.12
1/29/2014,1262.199951,1774.199951,4051.429932,1122.449951,1.365504622,103.2310028,17.35000038,137028,3964020000,2231850000,3964020000,235.288,0.07,137561,11578.8,6.6,77.92,0.55,0.36,-0.2
1/30/2014,1242.199951,1794.189941,4123.129883,1139.359985,1.365859032,102.3000031,17.29000092,45276,3547510000,2168410000,3547510000,235.288,0.07,137561,11578.8,6.6,77.92,0.57,0.36,-0.21
1/31/2014,1240.099976,1782.589966,4103.879883,1130.880005,1.355877042,102.7580032,18.40999985,5820,4059690000,2300570000,4059690000,235.288,0.07,137561,11578.8,6.6,77.92,0.53,0.34,-0.23
2/1/2014,1240.099976,1782.589966,4103.879883,1130.880005,1.355877042,102.7580032,18.40999985,5820,4059690000,2300570000,4059690000,235.547,0.07,137712,11636.9,6.7,69,0.53,0.34,-0.23
2/2/2014,1240.099976,1782.589966,4103.879883,1130.880005,1.355877042,102.7580032,18.40999985,5820,4059690000,2300570000,4059690000,235.547,0.07,137712,11636.9,6.7,69,0.53,0.34,-0.23
2/3/2014,1260.400024,1741.890015,3996.959961,1094.579956,1.348817825,102.1920013,21.44000053,2914,4726040000,2617030000,4726040000,235.547,0.07,137712,11636.9,6.7,69,0.47,0.3,-0.26
2/4/2014,1251.699951,1755.199951,4031.52002,1102.839966,1.352502823,101.1419983,19.11000061,1745,4068410000,2173360000,4068410000,235.547,0.07,137712,11636.9,6.7,69,0.51,0.31,-0.31
2/5/2014,1257.300049,1751.640015,4011.550049,1093.589966,1.351588726,101.689003,19.95000076,1616,3984290000,2168360000,3984290000,235.547,0.07,137712,11636.9,6.7,69,0.56,0.32,-0.28
2/6/2014,1257.599976,1773.430054,4057.120117,1103.930054,1.353509665,101.4660034,17.22999954,274,3825410000,1942700000,3825410000,235.547,0.07,137712,11636.9,6.7,69,0.57,0.33,-0.3
2/7/2014,1263.300049,1797.02002,4125.859863,1116.550049,1.359212756,102.0390015,15.28999996,436,3775990000,2055850000,3775990000,235.547,0.07,137712,11636.9,6.7,69,0.53,0.3,-0.3
2/8/2014,1263.300049,1797.02002,4125.859863,1116.550049,1.359212756,102.0390015,15.28999996,436,3775990000,2055850000,3775990000,235.547,0.07,137712,11636.9,6.7,69,0.53,0.3,-0.3
2/9/2014,1263.300049,1797.02002,4125.859863,1116.550049,1.359212756,102.0390015,15.28999996,436,3775990000,2055850000,3775990000,235.547,0.07,137712,11636.9,6.7,69,0.53,0.3,-0.3
2/10/2014,1274.800049,1799.839966,4148.169922,1118.72998,1.361933947,102.5240021,15.26000023,742,3312160000,1811970000,3312160000,235.547,0.07,137712,11636.9,6.7,69,0.51,0.32,-0.31
2/11/2014,1290.099976,1819.75,4191.049805,1129.160034,1.364610195,102.1330032,14.51000023,562,3699380000,1993950000,3699380000,235.547,0.07,137712,11636.9,6.7,69,0.56,0.35,-0.26
2/12/2014,1295.300049,1819.26001,4201.290039,1132.540039,1.363902926,102.5199966,14.30000019,140,3326380000,2035890000,3326380000,235.547,0.07,137712,11636.9,6.7,69,0.59,0.35,-0.24
2/13/2014,1300.400024,1829.829956,4240.669922,1147.790039,1.359009504,102.4690018,14.14000034,877,3289510000,2249990000,3289510000,235.547,0.07,137712,11636.9,6.7,69,0.56,0.32,-0.26
2/14/2014,1319,1838.630005,4244.02002,1149.209961,1.367876768,102.1880035,13.56999969,308,3114750000,1881510000,3114750000,235.547,0.07,137712,11636.9,6.7,69,0.59,0.32,-0.14
2/15/2014,1319,1838.630005,4244.02002,1149.209961,1.367876768,102.1880035,13.56999969,308,3114750000,1881510000,3114750000,235.547,0.07,137712,11636.9,6.7,69,0.59,0.32,-0.14
2/16/2014,1319,1838.630005,4244.02002,1149.209961,1.367876768,102.1880035,13.56999969,308,3114750000,1881510000,3114750000,235.547,0.07,137712,11636.9,6.7,69,0.59,0.32,-0.14
2/17/2014,1319,1838.630005,4244.02002,1149.209961,1.369994402,101.564003,13.56999969,308,3114750000,1881510000,3114750000,235.547,0.07,137712,11636.9,6.7,69,0.59,0.32,-0.14
2/18/2014,1324.699951,1840.76001,4272.779785,1161.47998,1.370445013,102.0619965,13.86999989,373,3421110000,1886210000,3421110000,235.547,0.07,137712,11636.9,6.7,69,0.57,0.31,-0.29
2/19/2014,1320.599976,1828.75,4237.950195,1149.069946,1.376197338,102.3320007,15.5,193,3661570000,1956720000,3661570000,235.547,0.07,137712,11636.9,6.7,69,0.6,0.33,-0.25
2/20/2014,1317.099976,1839.780029,4267.549805,1162.119995,1.373041749,102.310997,14.78999996,116,3404980000,1992780000,3404980000,235.547,0.07,137712,11636.9,6.7,69,0.63,0.34,-0.21
2/21/2014,1323.900024,1836.25,4263.410156,1164.630005,1.372118592,102.3119965,14.68000031,171,3403880000,2138250000,3403880000,235.547,0.07,137712,11636.9,6.7,69,0.61,0.33,-0.18
2/22/2014,1323.900024,1836.25,4263.410156,1164.630005,1.372118592,102.3119965,14.68000031,171,3403880000,2138250000,3403880000,235.547,0.07,137712,11636.9,6.7,69,0.61,0.33,-0.18
2/23/2014,1323.900024,1836.25,4263.410156,1164.630005,1.372118592,102.3119965,14.68000031,171,3403880000,2138250000,3403880000,235.547,0.07,137712,11636.9,6.7,69,0.61,0.33,-0.18
2/24/2014,1338.300049,1847.609985,4292.970215,1174.550049,1.373796225,102.5130005,14.22999954,93,4014530000,2161300000,4014530000,235.547,0.07,137712,11636.9,6.7,69,0.59,0.35,-0.21
2/25/2014,1343,1845.119995,4287.589844,1173.949951,1.373607516,102.4820023,13.67000008,290,3515560000,2137150000,3515560000,235.547,0.07,137712,11636.9,6.7,69,0.55,0.34,-0.25
2/26/2014,1328.199951,1845.160034,4292.060059,1181.719971,1.374608278,102.1500015,14.35000038,485,3716730000,2108270000,3716730000,235.547,0.07,137712,11636.9,6.7,69,0.51,0.33,-0.26
2/27/2014,1331.599976,1854.290039,4318.930176,1187.939941,1.368194938,102.2990036,14.03999996,369,3547460000,2049160000,3547460000,235.547,0.07,137712,11636.9,6.7,69,0.49,0.33,-0.32
2/28/2014,1321.400024,1859.449951,4308.120117,1183.030029,1.37074554,102.1100006,14,239,3917450000,2617730000,3917450000,235.547,0.07,137712,11636.9,6.7,69,0.49,0.33,-0.28
3/1/2014,1321.400024,1859.449951,4308.120117,1183.030029,1.37074554,102.1100006,14,239,3917450000,2617730000,3917450000,236.028,0.08,137985,11722.3,6.7,119.84,0.49,0.33,-0.28
3/2/2014,1321.400024,1859.449951,4308.120117,1183.030029,1.37074554,102.1100006,14,239,3917450000,2617730000,3917450000,236.028,0.08,137985,11722.3,6.7,119.84,0.49,0.33,-0.28
3/3/2014,1350.099976,1845.72998,4277.299805,1176.359985,1.377695084,101.3050003,16,232,3428220000,2077500000,3428220000,236.028,0.08,137985,11722.3,6.7,119.84,0.44,0.32,-0.32
3/4/2014,1337.800049,1873.910034,4351.970215,1208.650024,1.373701811,101.4120026,14.10000038,80,3765770000,2477850000,3765770000,236.028,0.08,137985,11722.3,6.7,119.84,0.52,0.33,-0.25
3/5/2014,1340.199951,1873.810059,4357.970215,1205.910034,1.374117136,102.1780014,13.89000034,32,3392990000,2215980000,3392990000,236.028,0.08,137985,11722.3,6.7,119.84,0.52,0.33,-0.26
3/6/2014,1351.699951,1877.030029,4352.129883,1204.540039,1.373418808,102.3669968,14.21000004,59,3360450000,2136260000,3360450000,236.028,0.08,137985,11722.3,6.7,119.84,0.53,0.37,-0.27
3/7/2014,1338.099976,1878.040039,4336.220215,1203.319946,1.386308789,103.0319977,14.10999966,97,3564740000,2175560000,3564740000,236.028,0.08,137985,11722.3,6.7,119.84,0.57,0.38,-0.18
3/8/2014,1338.099976,1878.040039,4336.220215,1203.319946,1.386308789,103.0319977,14.10999966,97,3564740000,2175560000,3564740000,236.028,0.08,137985,11722.3,6.7,119.84,0.57,0.38,-0.18
3/9/2014,1338.099976,1878.040039,4336.220215,1203.319946,1.386308789,103.0319977,14.10999966,97,3564740000,2175560000,3564740000,236.028,0.08,137985,11722.3,6.7,119.84,0.57,0.38,-0.18
3/10/2014,1341.400024,1877.170044,4334.450195,1200.540039,1.387867332,103.1900024,14.19999981,97,3021350000,2111610000,3021350000,236.028,0.08,137985,11722.3,6.7,119.84,0.57,0.37,-0.24
3/11/2014,1346.5,1867.630005,4307.189941,1187.050049,1.387886524,103.2360001,14.80000019,53,3392400000,2477780000,3392400000,236.028,0.08,137985,11722.3,6.7,119.84,0.57,0.37,-0.24
3/12/2014,1370.300049,1868.199951,4323.330078,1191.369995,1.385809302,102.8399963,14.47000027,58,3270860000,2131880000,3270860000,236.028,0.08,137985,11722.3,6.7,119.84,0.54,0.37,-0.23
3/13/2014,1372.199951,1846.339966,4260.419922,1176.73999,1.3904531,102.7829971,16.21999931,23,3670990000,2383600000,3670990000,236.028,0.08,137985,11722.3,6.7,119.84,0.49,0.34,-0.22
3/14/2014,1379,1841.130005,4245.399902,1181.410034,1.386539459,101.7799988,17.81999969,91,3285460000,2196890000,3285460000,236.028,0.08,137985,11722.3,6.7,119.84,0.48,0.36,-0.19
3/15/2014,1379,1841.130005,4245.399902,1181.410034,1.386539459,101.7799988,17.81999969,91,3285460000,2196890000,3285460000,236.028,0.08,137985,11722.3,6.7,119.84,0.48,0.36,-0.19
3/16/2014,1379,1841.130005,4245.399902,1181.410034,1.386539459,101.7799988,17.81999969,91,3285460000,2196890000,3285460000,236.028,0.08,137985,11722.3,6.7,119.84,0.48,0.36,-0.19
3/17/2014,1372.900024,1858.829956,4279.950195,1188.22998,1.391304374,101.3300018,15.64000034,29,2860490000,1810410000,2860490000,236.028,0.08,137985,11722.3,6.7,119.84,0.52,0.38,-0.22
3/18/2014,1359,1872.25,4333.310059,1205.040039,1.392660618,101.8590012,14.52000046,35,2930190000,1962890000,2930190000,236.028,0.08,137985,11722.3,6.7,119.84,0.5,0.36,-0.21
3/19/2014,1341.400024,1860.77002,4307.600098,1195.660034,1.393087506,101.4400024,15.11999989,57,3289210000,1992750000,3289210000,236.028,0.08,137985,11722.3,6.7,119.84,0.62,0.47,0.02
3/20/2014,1330.5,1872.01001,4319.290039,1198.969971,1.381921649,102.4680023,14.52000046,72,3327540000,1847270000,3327540000,236.028,0.08,137985,11722.3,6.7,119.84,0.66,0.45,-0.02
3/21/2014,1336,1866.52002,4276.790039,1193.72998,1.378207803,102.4069977,15,3,5270710000,3245740000,5270710000,236.028,0.08,137985,11722.3,6.7,119.84,0.61,0.45,-0.06
3/22/2014,1336,1866.52002,4276.790039,1193.72998,1.378207803,102.4069977,15,3,5270710000,3245740000,5270710000,236.028,0.08,137985,11722.3,6.7,119.84,0.61,0.45,-0.06
3/23/2014,1336,1866.52002,4276.790039,1193.72998,1.378207803,102.4069977,15,3,5270710000,3245740000,5270710000,236.028,0.08,137985,11722.3,6.7,119.84,0.61,0.45,-0.06
3/24/2014,1311.199951,1857.439941,4226.390137,1178.22998,1.37955761,102.2409973,15.09000015,103,3409000000,2434650000,3409000000,236.028,0.08,137985,11722.3,6.7,119.84,0.59,0.47,-0.03
3/25/2014,1311.400024,1865.619995,4234.27002,1178.050049,1.383891582,102.2070007,14.02000046,46,3200560000,2270760000,3200560000,236.028,0.08,137985,11722.3,6.7,119.84,0.61,0.47,0.06
3/26/2014,1303.400024,1852.560059,4173.580078,1155.48999,1.381902575,102.2850037,14.93000031,4,3480850000,2455460000,3480850000,236.028,0.08,137985,11722.3,6.7,119.84,0.57,0.45,-0.05
3/27/2014,1294.699951,1849.040039,4151.22998,1151.439941,1.378207803,101.9029999,14.61999989,185016,3733430000,2270650000,3733430000,236.028,0.08,137985,11722.3,6.7,119.84,0.56,0.45,-0.03
3/28/2014,1293.800049,1857.619995,4155.759766,1151.810059,1.37413609,102.1470032,14.40999985,65486,2955520000,2029840000,2955520000,236.028,0.08,137985,11722.3,6.7,119.84,0.6,0.45,0.02
3/29/2014,1293.800049,1857.619995,4155.759766,1151.810059,1.37413609,102.1470032,14.40999985,65486,2955520000,2029840000,2955520000,236.028,0.08,137985,11722.3,6.7,119.84,0.6,0.45,0.02
3/30/2014,1293.800049,1857.619995,4155.759766,1151.810059,1.37413609,102.1470032,14.40999985,65486,2955520000,2029840000,2955520000,236.028,0.08,137985,11722.3,6.7,119.84,0.6,0.45,0.02
3/31/2014,1283.400024,1872.339966,4198.990234,1173.040039,1.375213146,102.8889999,13.88000011,4121,3274300000,2090850000,3274300000,236.028,0.08,137985,11722.3,6.7,119.84,0.6,0.44,0.03
4/1/2014,1279.599976,1885.52002,4268.040039,1188.699951,1.377505302,103.2139969,13.10000038,884,3336190000,2153130000,3336190000,236.468,0.09,138297,11762.3,6.2,93.22,0.63,0.44,0.03
4/2/2014,1290.5,1890.900024,4276.459961,1192.810059,1.379481554,103.6330032,13.09000015,1099,3131660000,2187100000,3131660000,236.468,0.09,138297,11762.3,6.2,93.22,0.68,0.47,0.08
4/3/2014,1284.400024,1888.77002,4237.740234,1181.119995,1.376822591,103.8669968,13.36999989,775,3055600000,2067370000,3055600000,236.468,0.09,138297,11762.3,6.2,93.22,0.66,0.46,0.11
4/4/2014,1303.199951,1865.089966,4127.72998,1153.380005,1.372382164,103.8960037,13.96000004,976,3583750000,2621270000,3583750000,236.468,0.09,138297,11762.3,6.2,93.22,0.61,0.43,0
4/5/2014,1303.199951,1865.089966,4127.72998,1153.380005,1.372382164,103.8960037,13.96000004,976,3583750000,2621270000,3583750000,236.468,0.09,138297,11762.3,6.2,93.22,0.61,0.43,0
4/6/2014,1303.199951,1865.089966,4127.72998,1153.380005,1.372382164,103.8960037,13.96000004,976,3583750000,2621270000,3583750000,236.468,0.09,138297,11762.3,6.2,93.22,0.61,0.43,0
4/7/2014,1298,1845.040039,4079.75,1135.780029,1.370407462,103.3199997,15.56999969,361,3801540000,2554680000,3801540000,236.468,0.09,138297,11762.3,6.2,93.22,0.59,0.41,0.07
4/8/2014,1308.699951,1851.959961,4112.990234,1144.23999,1.374306083,103.0690002,14.89000034,264,3721450000,2198900000,3721450000,236.468,0.09,138297,11762.3,6.2,93.22,0.58,0.4,-0.04
4/9/2014,1305.5,1872.180054,4183.899902,1159.959961,1.379329324,101.9550018,13.81999969,191,3308650000,1957560000,3308650000,236.468,0.09,138297,11762.3,6.2,93.22,0.57,0.37,-0.05
4/10/2014,1320.099976,1833.079956,4054.110107,1127.660034,1.3855021,102.1070023,15.89000034,127,3758780000,2421210000,3758780000,236.468,0.09,138297,11762.3,6.2,93.22,0.51,0.37,-0.1
4/11/2014,1318.699951,1815.689941,3999.72998,1111.439941,1.388638139,101.3799973,17.03000069,76,3743460000,2264480000,3743460000,236.468,0.09,138297,11762.3,6.2,93.22,0.5,0.37,-0.06
4/12/2014,1318.699951,1815.689941,3999.72998,1111.439941,1.388638139,101.3799973,17.03000069,76,3743460000,2264480000,3743460000,236.468,0.09,138297,11762.3,6.2,93.22,0.5,0.37,-0.06
4/13/2014,1318.699951,1815.689941,3999.72998,1111.439941,1.388638139,101.3799973,17.03000069,76,3743460000,2264480000,3743460000,236.468,0.09,138297,11762.3,6.2,93.22,0.5,0.37,-0.06
4/14/2014,1327.199951,1830.609985,4022.689941,1115.349976,1.384619594,101.4420013,16.11000061,328,3111540000,1890480000,3111540000,236.468,0.09,138297,11762.3,6.2,93.22,0.52,0.37,-0.1
4/15/2014,1300,1842.97998,4034.159912,1119.48999,1.381711721,101.9039993,15.60999966,238,3736440000,2413110000,3736440000,236.468,0.09,138297,11762.3,6.2,93.22,0.5,0.39,-0.05
4/16/2014,1303.099976,1862.310059,4086.22998,1131.77002,1.38119638,101.8769989,14.18000031,177,3155080000,1863110000,3155080000,236.468,0.09,138297,11762.3,6.2,93.22,0.48,0.39,-0.06
4/17/2014,1293.400024,1864.849976,4095.52002,1137.900024,1.382705092,102.2009964,13.35999966,124,3341430000,1954720000,3341430000,236.468,0.09,138297,11762.3,6.2,93.22,0.52,0.43,-0.2
4/18/2014,1293.400024,1864.849976,4095.52002,1137.900024,1.381215572,102.4430008,13.35999966,124,3341430000,1954720000,3341430000,236.468,0.09,138297,11762.3,6.2,93.22,0.52,0.43,-0.2
4/19/2014,1293.400024,1864.849976,4095.52002,1137.900024,1.381215572,102.4430008,13.35999966,124,3341430000,1954720000,3341430000,236.468,0.09,138297,11762.3,6.2,93.22,0.52,0.43,-0.2
4/20/2014,1293.400024,1864.849976,4095.52002,1137.900024,1.381215572,102.4430008,13.35999966,124,3341430000,1954720000,3341430000,236.468,0.09,138297,11762.3,6.2,93.22,0.52,0.43,-0.2
4/21/2014,1288,1871.890015,4121.549805,1142.310059,1.381520748,102.5599976,13.25,100,2642500000,1544440000,2642500000,236.468,0.09,138297,11762.3,6.2,93.22,0.53,0.42,-0.23
4/22/2014,1280.599976,1879.550049,4161.459961,1155.609985,1.379500628,102.6699982,13.18999958,100,3215440000,1875930000,3215440000,236.468,0.09,138297,11762.3,6.2,93.22,0.52,0.45,-0.22
4/23/2014,1284.199951,1875.390015,4126.970215,1147.079956,1.381005645,102.6210022,13.27000046,176,3085720000,1794760000,3085720000,236.468,0.09,138297,11762.3,6.2,93.22,0.49,0.43,-0.25
4/24/2014,1290.5,1878.609985,4148.339844,1144.349976,1.381921649,102.4800034,13.31999969,522,3191830000,2130870000,3191830000,236.468,0.09,138297,11762.3,6.2,93.22,0.49,0.43,-0.25
4/25/2014,1300.699951,1863.400024,4075.560059,1123.030029,1.383202434,102.302002,14.06000042,274,3213020000,2087140000,3213020000,236.468,0.09,138297,11762.3,6.2,93.22,0.48,0.43,-0.24
4/26/2014,1300.699951,1863.400024,4075.560059,1123.030029,1.383202434,102.302002,14.06000042,274,3213020000,2087140000,3213020000,236.468,0.09,138297,11762.3,6.2,93.22,0.48,0.43,-0.24
4/27/2014,1300.699951,1863.400024,4075.560059,1123.030029,1.383202434,102.302002,14.06000042,274,3213020000,2087140000,3213020000,236.468,0.09,138297,11762.3,6.2,93.22,0.48,0.43,-0.24
4/28/2014,1298.900024,1869.430054,4074.399902,1117.060059,1.384063959,102.1050034,13.97000027,388,4034680000,2348320000,4034680000,236.468,0.09,138297,11762.3,6.2,93.22,0.52,0.44,-0.22
4/29/2014,1296,1878.329956,4103.540039,1120.829956,1.38529098,102.5159988,13.71000004,904,3647820000,1911240000,3647820000,236.468,0.09,138297,11762.3,6.2,93.22,0.53,0.44,-0.21
4/30/2014,1295.599976,1883.949951,4114.560059,1126.859985,1.38136816,102.564003,13.40999985,181,3779230000,2151400000,3779230000,236.468,0.09,138297,11762.3,6.2,93.22,0.49,0.42,-0.27
5/1/2014,1283.099976,1883.680054,4127.450195,1125.969971,1.386924148,102.2200012,13.25,25,3416740000,2077040000,3416740000,236.918,0.09,138512,11807.3,6.3,83.43,0.43,0.41,-0.3
5/2/2014,1302.599976,1881.140015,4123.899902,1128.800049,1.387097239,102.2659988,12.90999985,90,3159560000,1844790000,3159560000,236.918,0.09,138512,11807.3,6.3,83.43,0.41,0.42,-0.28
5/3/2014,1302.599976,1881.140015,4123.899902,1128.800049,1.387097239,102.2659988,12.90999985,90,3159560000,1844790000,3159560000,236.918,0.09,138512,11807.3,6.3,83.43,0.41,0.42,-0.28
5/4/2014,1302.599976,1881.140015,4123.899902,1128.800049,1.387097239,102.2659988,12.90999985,90,3159560000,1844790000,3159560000,236.918,0.09,138512,11807.3,6.3,83.43,0.41,0.42,-0.28
5/5/2014,1309,1884.660034,4138.060059,1126.300049,1.387270451,102.1999969,13.28999996,31,2733730000,1561170000,2733730000,236.918,0.09,138512,11807.3,6.3,83.43,0.45,0.43,-0.24
5/6/2014,1308.300049,1867.719971,4080.76001,1108.01001,1.38759768,102.1399994,13.80000019,14,3327260000,1850610000,3327260000,236.918,0.09,138512,11807.3,6.3,83.43,0.45,0.43,-0.23
5/7/2014,1288.599976,1878.209961,4067.669922,1108.550049,1.393068075,101.6930008,13.39999962,21,3632950000,2486030000,3632950000,236.918,0.09,138512,11807.3,6.3,83.43,0.42,0.41,-0.27
5/8/2014,1287.400024,1875.630005,4051.5,1097.430054,1.391168952,101.8720016,13.43000031,65,3393420000,2411940000,3393420000,236.918,0.09,138512,11807.3,6.3,83.43,0.42,0.4,-0.3
5/9/2014,1287.300049,1878.47998,4071.870117,1107.219971,1.384427905,101.5930023,12.92000008,3,3025020000,1976160000,3025020000,236.918,0.09,138512,11807.3,6.3,83.43,0.44,0.4,-0.29
5/10/2014,1287.300049,1878.47998,4071.870117,1107.219971,1.384427905,101.5930023,12.92000008,3,3025020000,1976160000,3025020000,236.918,0.09,138512,11807.3,6.3,83.43,0.44,0.4,-0.29
5/11/2014,1287.300049,1878.47998,4071.870117,1107.219971,1.384427905,101.5930023,12.92000008,3,3025020000,1976160000,3025020000,236.918,0.09,138512,11807.3,6.3,83.43,0.44,0.4,-0.29
5/12/2014,1295.599976,1896.650024,4143.859863,1133.650024,1.376064658,101.9000015,12.22999954,19,3005740000,1880020000,3005740000,236.918,0.09,138512,11807.3,6.3,83.43,0.48,0.41,-0.24
5/13/2014,1294.599976,1897.449951,4130.169922,1121.160034,1.375667214,102.1849976,12.13000011,20,2915680000,1923480000,2915680000,236.918,0.09,138512,11807.3,6.3,83.43,0.45,0.39,-0.27
5/14/2014,1305.699951,1888.530029,4100.629883,1103.140015,1.370952249,102.2320023,12.17000008,25,2822060000,1764430000,2822060000,236.918,0.09,138512,11807.3,6.3,83.43,0.37,0.39,-0.35
5/15/2014,1293.5,1870.849976,4069.290039,1095.98999,1.372005582,101.8150024,13.17000008,27,3552640000,2083030000,3552640000,236.918,0.09,138512,11807.3,6.3,83.43,0.31,0.38,-0.41
5/16/2014,1293.300049,1877.859985,4090.590088,1102.910034,1.371648073,101.4990005,12.43999958,8,3173650000,1741070000,3173650000,236.918,0.09,138512,11807.3,6.3,83.43,0.34,0.38,-0.38
5/17/2014,1293.300049,1877.859985,4090.590088,1102.910034,1.371648073,101.4990005,12.43999958,8,3173650000,1741070000,3173650000,236.918,0.09,138512,11807.3,6.3,83.43,0.34,0.38,-0.38
5/18/2014,1293.300049,1877.859985,4090.590088,1102.910034,1.371648073,101.4990005,12.43999958,8,3173650000,1741070000,3173650000,236.918,0.09,138512,11807.3,6.3,83.43,0.34,0.38,-0.38
5/19/2014,1293.699951,1885.079956,4125.810059,1114.430054,1.37033236,101.5419998,12.42000008,44,2664250000,1601400000,2664250000,236.918,0.09,138512,11807.3,6.3,83.43,0.37,0.36,-0.37
5/20/2014,1294.5,1872.829956,4096.890137,1097.900024,1.37138474,101.5,12.96000004,8,3007700000,1797910000,3007700000,236.918,0.09,138512,11807.3,6.3,83.43,0.35,0.35,-0.39
5/21/2014,1288,1888.030029,4131.540039,1103.630005,1.370407462,101.262001,11.90999985,2,2777140000,1703500000,2777140000,236.918,0.09,138512,11807.3,6.3,83.43,0.36,0.37,-0.4
5/22/2014,1294.900024,1892.48999,4154.339844,1113.869995,1.368176222,101.4199982,12.02999973,4,2759800000,1835810000,2759800000,236.918,0.09,138512,11807.3,6.3,83.43,0.35,0.37,-0.4
5/23/2014,1291.599976,1900.530029,4185.810059,1126.189941,1.365448713,101.7649994,11.35999966,3,2396280000,1536610000,2396280000,236.918,0.09,138512,11807.3,6.3,83.43,0.32,0.37,-0.42
5/24/2014,1291.599976,1900.530029,4185.810059,1126.189941,1.365448713,101.7649994,11.35999966,3,2396280000,1536610000,2396280000,236.918,0.09,138512,11807.3,6.3,83.43,0.32,0.37,-0.42
5/25/2014,1291.599976,1900.530029,4185.810059,1126.189941,1.365448713,101.7649994,11.35999966,3,2396280000,1536610000,2396280000,236.918,0.09,138512,11807.3,6.3,83.43,0.32,0.37,-0.42
5/26/2014,1291.599976,1900.530029,4185.810059,1126.189941,1.362880588,101.961998,11.35999966,3,2396280000,1536610000,2396280000,236.918,0.09,138512,11807.3,6.3,83.43,0.32,0.37,-0.42
5/27/2014,1265.400024,1911.910034,4237.069824,1142.199951,1.365131855,101.8939972,11.51000023,25,2911020000,1812330000,2911020000,236.918,0.09,138512,11807.3,6.3,83.43,0.31,0.39,-0.39
5/28/2014,1259.300049,1909.780029,4225.080078,1136.680054,1.363698363,101.9769974,11.68000031,168825,2976450000,1785140000,2976450000,236.918,0.09,138512,11807.3,6.3,83.43,0.22,0.37,-0.44
5/29/2014,1256.300049,1920.030029,4247.950195,1140.069946,1.359342098,101.7300034,11.56999969,38045,2709050000,1714000000,2709050000,236.918,0.09,138512,11807.3,6.3,83.43,0.22,0.37,-0.44
5/30/2014,1245.599976,1923.569946,4242.620117,1134.5,1.360451579,101.7200012,11.39999962,3839,3263490000,1903660000,3263490000,236.918,0.09,138512,11807.3,6.3,83.43,0.26,0.37,-0.39
5/31/2014,1245.599976,1923.569946,4242.620117,1134.5,1.360451579,101.7200012,11.39999962,3839,3263490000,1903660000,3263490000,236.918,0.09,138512,11807.3,6.3,83.43,0.26,0.37,-0.39
6/1/2014,1245.599976,1923.569946,4242.620117,1134.5,1.360451579,101.7200012,11.39999962,3839,3263490000,1903660000,3263490000,237.231,0.1,138849,11861.7,6.1,98.77,0.26,0.37,-0.39
6/2/2014,1243.699951,1924.969971,4237.200195,1128.900024,1.362806201,101.8759995,11.57999992,774,2509020000,1631310000,2509020000,237.231,0.1,138849,11861.7,6.1,98.77,0.32,0.39,-0.33
6/3/2014,1244.300049,1924.23999,4234.080078,1126.150024,1.35989666,102.4199982,11.86999989,654,2867180000,1718640000,2867180000,237.231,0.1,138849,11861.7,6.1,98.77,0.41,0.41,-0.27
6/4/2014,1244,1927.880005,4251.640137,1131.219971,1.36210084,102.5400009,12.07999992,604,2793920000,1610090000,2793920000,237.231,0.1,138849,11861.7,6.1,98.77,0.44,0.41,-0.25
6/5/2014,1253,1940.459961,4296.22998,1153.939941,1.360414624,102.6809998,11.68000031,1317,3113270000,1926750000,3113270000,237.231,0.1,138849,11861.7,6.1,98.77,0.41,0.4,-0.29
6/6/2014,1252.099976,1949.439941,4321.399902,1165.209961,1.366194844,102.4229965,10.72999954,381,2864300000,1616650000,2864300000,237.231,0.1,138849,11861.7,6.1,98.77,0.4,0.41,-0.27
6/7/2014,1252.099976,1949.439941,4321.399902,1165.209961,1.366194844,102.4229965,10.72999954,381,2864300000,1616650000,2864300000,237.231,0.1,138849,11861.7,6.1,98.77,0.4,0.41,-0.27
6/8/2014,1252.099976,1949.439941,4321.399902,1165.209961,1.366194844,102.4229965,10.72999954,381,2864300000,1616650000,2864300000,237.231,0.1,138849,11861.7,6.1,98.77,0.4,0.41,-0.27
6/9/2014,1253.5,1951.27002,4336.240234,1175.880005,1.364293694,102.4800034,11.14999962,97,2812180000,1783060000,2812180000,237.231,0.1,138849,11861.7,6.1,98.77,0.41,0.43,-0.26
6/10/2014,1259.800049,1950.790039,4338,1172.709961,1.359268188,102.4800034,10.98999977,1007,2702360000,1787120000,2702360000,237.231,0.1,138849,11861.7,6.1,98.77,0.43,0.45,-0.23
6/11/2014,1260.800049,1943.890015,4331.930176,1166.709961,1.354096174,102.314003,11.60000038,128,2710620000,1778460000,2710620000,237.231,0.1,138849,11861.7,6.1,98.77,0.43,0.44,-0.24
6/12/2014,1273.599976,1930.109985,4297.629883,1159.400024,1.353711247,102,12.56000042,129,3040480000,1908190000,3040480000,237.231,0.1,138849,11861.7,6.1,98.77,0.39,0.42,-0.29
6/13/2014,1273.699951,1936.160034,4310.649902,1162.680054,1.355454326,101.6999969,12.18000031,145,2598230000,1754560000,2598230000,237.231,0.1,138849,11861.7,6.1,98.77,0.41,0.45,-0.23
6/14/2014,1273.699951,1936.160034,4310.649902,1162.680054,1.355454326,101.6999969,12.18000031,145,2598230000,1754560000,2598230000,237.231,0.1,138849,11861.7,6.1,98.77,0.41,0.45,-0.23
6/15/2014,1273.699951,1936.160034,4310.649902,1162.680054,1.355454326,101.6999969,12.18000031,145,2598230000,1754560000,2598230000,237.231,0.1,138849,11861.7,6.1,98.77,0.41,0.45,-0.23
6/16/2014,1274.900024,1937.780029,4321.100098,1166.819946,1.353802919,101.9670029,12.64999962,334,2926130000,1675120000,2926130000,237.231,0.1,138849,11861.7,6.1,98.77,0.41,0.49,-0.21
6/17/2014,1271.699951,1941.98999,4337.22998,1176.619995,1.357717991,101.8700027,12.06000042,819,2971260000,1814360000,2971260000,237.231,0.1,138849,11861.7,6.1,98.77,0.43,0.51,-0.2
6/18/2014,1272.400024,1956.97998,4362.839844,1183.130005,1.354793191,102.1740036,10.60999966,143,3065220000,1860660000,3065220000,237.231,0.1,138849,11861.7,6.1,98.77,0.38,0.48,-0.27
6/19/2014,1313.699951,1959.47998,4359.330078,1184.030029,1.359064937,101.8899994,10.61999989,601,2952150000,1845460000,2952150000,237.231,0.1,138849,11861.7,6.1,98.77,0.39,0.48,-0.31
6/20/2014,1316.199951,1962.869995,4368.040039,1188.430054,1.361136794,101.9300003,10.85000038,254,4336240000,2721380000,4336240000,237.231,0.1,138849,11861.7,6.1,98.77,0.35,0.5,-0.31
6/21/2014,1316.199951,1962.869995,4368.040039,1188.430054,1.361136794,101.9300003,10.85000038,254,4336240000,2721380000,4336240000,237.231,0.1,138849,11861.7,6.1,98.77,0.35,0.5,-0.31
6/22/2014,1316.199951,1962.869995,4368.040039,1188.430054,1.361136794,101.9300003,10.85000038,254,4336240000,2721380000,4336240000,237.231,0.1,138849,11861.7,6.1,98.77,0.35,0.5,-0.31
6/23/2014,1318,1962.609985,4368.680176,1184.949951,1.359305143,102.0660019,10.97999954,142,2717630000,1712930000,2717630000,237.231,0.1,138849,11861.7,6.1,98.77,0.35,0.48,-0.31
6/24/2014,1320.900024,1949.97998,4350.350098,1173.23999,1.360192657,101.8700027,12.13000011,223,3089700000,2014700000,3089700000,237.231,0.1,138849,11861.7,6.1,98.77,0.31,0.49,-0.35
6/25/2014,1322.199951,1959.530029,4379.759766,1182.680054,1.360581279,101.9100037,11.59000015,294,3106710000,1722820000,3106710000,237.231,0.1,138849,11861.7,6.1,98.77,0.29,0.48,-0.35
6/26/2014,1316.099976,1957.219971,4379.049805,1180.709961,1.362899184,101.8000031,11.63000011,1204,2778840000,1554070000,2778840000,237.231,0.1,138849,11861.7,6.1,98.77,0.26,0.46,-0.38
6/27/2014,1319,1960.959961,4397.930176,1189.5,1.361303568,101.637001,11.26000023,625,4290590000,3964930000,4290590000,237.231,0.1,138849,11861.7,6.1,98.77,0.27,0.45,-0.39
6/28/2014,1319,1960.959961,4397.930176,1189.5,1.361303568,101.637001,11.26000023,625,4290590000,3964930000,4290590000,237.231,0.1,138849,11861.7,6.1,98.77,0.27,0.45,-0.39
6/29/2014,1319,1960.959961,4397.930176,1189.5,1.361303568,101.637001,11.26000023,625,4290590000,3964930000,4290590000,237.231,0.1,138849,11861.7,6.1,98.77,0.27,0.45,-0.39
6/30/2014,1321.800049,1960.22998,4408.180176,1192.959961,1.364442587,101.4430008,11.56999969,744,3037350000,1848110000,3037350000,237.231,0.1,138849,11861.7,6.1,98.77,0.27,0.47,-0.38
7/1/2014,1326.400024,1973.319946,4458.649902,1205.949951,1.369356513,101.2900009,11.14999962,51,3188240000,1942550000,3188240000,237.498,0.09,139073,11904.4,6.2,138.75,0.32,0.47,-0.34
7/2/2014,1330.699951,1974.619995,4457.72998,1199.5,1.368082643,101.5400009,10.81999969,226,2851480000,1599480000,2851480000,237.498,0.09,139073,11904.4,6.2,138.75,0.38,0.49,-0.3
7/3/2014,1320.400024,1985.439941,4485.930176,1208.150024,1.365299582,101.8300018,10.31999969,40,1998090000,1001730000,1998090000,237.498,0.09,139073,11904.4,6.2,138.75,0.37,0.52,-0.29
7/4/2014,1320.400024,1985.439941,4485.930176,1208.150024,1.361007214,102.1800003,10.31999969,40,1998090000,1001730000,1998090000,237.498,0.09,139073,11904.4,6.2,138.75,0.37,0.52,-0.29
7/5/2014,1320.400024,1985.439941,4485.930176,1208.150024,1.361007214,102.1800003,10.31999969,40,1998090000,1001730000,1998090000,237.498,0.09,139073,11904.4,6.2,138.75,0.37,0.52,-0.29
7/6/2014,1320.400024,1985.439941,4485.930176,1208.150024,1.361007214,102.1800003,10.31999969,40,1998090000,1001730000,1998090000,237.498,0.09,139073,11904.4,6.2,138.75,0.37,0.52,-0.29
7/7/2014,1316.5,1977.650024,4451.529785,1186.73999,1.358843327,102.1100006,11.32999992,93,2681260000,1691390000,2681260000,237.498,0.09,139073,11904.4,6.2,138.75,0.36,0.52,-0.27
7/8/2014,1316,1963.709961,4391.459961,1172.150024,1.360618234,101.8000031,11.97999954,6,3302430000,2221820000,3302430000,237.498,0.09,139073,11904.4,6.2,138.75,0.31,0.51,-0.29
7/9/2014,1323.800049,1972.829956,4419.029785,1173.810059,1.361711383,101.4599991,11.64999962,16,2858800000,1736960000,2858800000,237.498,0.09,139073,11904.4,6.2,138.75,0.28,0.51,-0.3
7/10/2014,1338.699951,1964.680054,4396.200195,1161.859985,1.364293694,101.5350037,12.59000015,28,3165690000,1682920000,3165690000,237.498,0.09,139073,11904.4,6.2,138.75,0.27,0.46,-0.34
7/11/2014,1337,1967.569946,4415.490234,1159.930054,1.36050725,101.2829971,12.07999992,112,2684630000,1511250000,2684630000,237.498,0.09,139073,11904.4,6.2,138.75,0.25,0.48,-0.34
7/12/2014,1337,1967.569946,4415.490234,1159.930054,1.36050725,101.2829971,12.07999992,112,2684630000,1511250000,2684630000,237.498,0.09,139073,11904.4,6.2,138.75,0.25,0.48,-0.34
7/13/2014,1337,1967.569946,4415.490234,1159.930054,1.36050725,101.2829971,12.07999992,112,2684630000,1511250000,2684630000,237.498,0.09,139073,11904.4,6.2,138.75,0.25,0.48,-0.34
7/14/2014,1306.300049,1977.099976,4440.419922,1167.209961,1.36037755,101.3700027,11.81999969,103,2744920000,1579660000,2744920000,237.498,0.09,139073,11904.4,6.2,138.75,0.28,0.48,-0.31
7/15/2014,1296.900024,1973.280029,4416.390137,1153.810059,1.362175107,101.5199966,11.96000004,368,3328740000,1772030000,3328740000,237.498,0.09,139073,11904.4,6.2,138.75,0.31,0.49,-0.26
7/16/2014,1299.599976,1981.569946,4425.970215,1151.550049,1.357201934,101.6600037,11,34,3390950000,2059340000,3390950000,237.498,0.09,139073,11904.4,6.2,138.75,0.32,0.5,-0.24
7/17/2014,1316.699951,1958.119995,4363.450195,1133.599976,1.352996945,101.6299973,14.53999996,16,3381680000,2055240000,3381680000,237.498,0.09,139073,11904.4,6.2,138.75,0.24,0.47,-0.32
7/18/2014,1309.199951,1978.219971,4432.149902,1151.609985,1.351881146,101.2300034,12.06000042,27,3106060000,1823580000,3106060000,237.498,0.09,139073,11904.4,6.2,138.75,0.26,0.51,-0.27
7/19/2014,1309.199951,1978.219971,4432.149902,1151.609985,1.351881146,101.2300034,12.06000042,27,3106060000,1823580000,3106060000,237.498,0.09,139073,11904.4,6.2,138.75,0.26,0.51,-0.27
7/20/2014,1309.199951,1978.219971,4432.149902,1151.609985,1.351881146,101.2300034,12.06000042,27,3106060000,1823580000,3106060000,237.498,0.09,139073,11904.4,6.2,138.75,0.26,0.51,-0.27
7/21/2014,1313.699951,1973.630005,4424.700195,1146.660034,1.353216648,101.3399963,12.81000042,18,2611160000,1557820000,2611160000,237.498,0.09,139073,11904.4,6.2,138.75,0.25,0.51,-0.27
7/22/2014,1306.099976,1983.530029,4456.02002,1156.150024,1.352704048,101.4000015,12.23999977,2,2890480000,1724440000,2890480000,237.498,0.09,139073,11904.4,6.2,138.75,0.25,0.49,-0.25
7/23/2014,1304.5,1987.01001,4473.700195,1158.109985,1.346801281,101.4700012,11.52000046,0,2869720000,1909810000,2869720000,237.498,0.09,139073,11904.4,6.2,138.75,0.25,0.5,-0.25
7/24/2014,1290.599976,1987.97998,4472.109863,1156.26001,1.346293569,101.5199966,11.84000015,1,3203530000,1935090000,3203530000,237.498,0.09,139073,11904.4,6.2,138.75,0.25,0.53,-0.21
7/25/2014,1303.099976,1978.339966,4449.560059,1144.719971,1.346474886,101.7600021,12.68999958,8,2638960000,1711430000,2638960000,237.498,0.09,139073,11904.4,6.2,138.75,0.2,0.53,-0.26
7/26/2014,1303.099976,1978.339966,4449.560059,1144.719971,1.346474886,101.7600021,12.68999958,8,2638960000,1711430000,2638960000,237.498,0.09,139073,11904.4,6.2,138.75,0.2,0.53,-0.26
7/27/2014,1303.099976,1978.339966,4449.560059,1144.719971,1.346474886,101.7600021,12.68999958,8,2638960000,1711430000,2638960000,237.498,0.09,139073,11904.4,6.2,138.75,0.2,0.53,-0.26
7/28/2014,1303.300049,1978.910034,4444.910156,1139.5,1.342894673,101.7490005,12.56000042,52,2803320000,1783250000,2803320000,237.498,0.09,139073,11904.4,6.2,138.75,0.22,0.54,-0.22
7/29/2014,1298.300049,1969.949951,4442.700195,1141.640015,1.343905449,101.8099976,13.27999973,181554,3183300000,2090810000,3183300000,237.498,0.09,139073,11904.4,6.2,138.75,0.2,0.54,-0.24
7/30/2014,1294.900024,1970.069946,4462.899902,1146.569946,1.341111779,102.0759964,13.32999992,36189,3448250000,1872430000,3448250000,237.498,0.09,139073,11904.4,6.2,138.75,0.29,0.56,-0.19
7/31/2014,1281.300049,1930.670044,4369.77002,1120.069946,1.339602709,102.8399963,16.95000076,5663,4193000000,2273380000,4193000000,237.498,0.09,139073,11904.4,6.2,138.75,0.29,0.53,-0.21
8/1/2014,1293.599976,1925.150024,4352.640137,1114.859985,1.338992834,102.7730026,17.03000069,1985,3789660000,2050340000,3789660000,237.46,0.09,139269,11983.7,6.1,136.45,0.25,0.47,-0.25
8/2/2014,1293.599976,1925.150024,4352.640137,1114.859985,1.338992834,102.7730026,17.03000069,1985,3789660000,2050340000,3789660000,237.46,0.09,139269,11983.7,6.1,136.45,0.25,0.47,-0.25
8/3/2014,1293.599976,1925.150024,4352.640137,1114.859985,1.338992834,102.7730026,17.03000069,1985,3789660000,2050340000,3789660000,237.46,0.09,139269,11983.7,6.1,136.45,0.25,0.47,-0.25
8/4/2014,1287.699951,1938.98999,4383.890137,1124.819946,1.342894673,102.5630035,15.11999989,917,3072920000,1677400000,3072920000,237.46,0.09,139269,11983.7,6.1,136.45,0.26,0.47,-0.24
8/5/2014,1284,1920.209961,4352.839844,1121.560059,1.342209816,102.5419998,16.87000084,825,3462520000,1916180000,3462520000,237.46,0.09,139269,11983.7,6.1,136.45,0.25,0.47,-0.24
8/6/2014,1306.699951,1920.23999,4355.049805,1125.550049,1.337238073,102.5889969,16.37000084,706,3539150000,1819310000,3539150000,237.46,0.09,139269,11983.7,6.1,136.45,0.24,0.48,-0.24
8/7/2014,1310.800049,1909.569946,4334.970215,1119.76001,1.338294029,102.112999,16.65999985,225,3230520000,1866330000,3230520000,237.46,0.09,139269,11983.7,6.1,136.45,0.19,0.44,-0.29
8/8/2014,1308.900024,1931.589966,4370.899902,1131.349976,1.335826874,102.1289978,15.77000046,586,2902280000,1759060000,2902280000,237.46,0.09,139269,11983.7,6.1,136.45,0.19,0.45,-0.24
8/9/2014,1308.900024,1931.589966,4370.899902,1131.349976,1.335826874,102.1289978,15.77000046,586,2902280000,1759060000,2902280000,237.46,0.09,139269,11983.7,6.1,136.45,0.19,0.45,-0.24
8/10/2014,1308.900024,1931.589966,4370.899902,1131.349976,1.335826874,102.1289978,15.77000046,586,2902280000,1759060000,2902280000,237.46,0.09,139269,11983.7,6.1,136.45,0.19,0.45,-0.24
8/11/2014,1308.5,1936.920044,4401.330078,1141.930054,1.340518475,102.1549988,14.22999954,194,2784890000,1537880000,2784890000,237.46,0.09,139269,11983.7,6.1,136.45,0.19,0.47,-0.24
8/12/2014,1308.800049,1933.75,4389.25,1133.030029,1.338490963,102.2050018,14.13000011,438,2611700000,1560220000,2611700000,237.46,0.09,139269,11983.7,6.1,136.45,0.22,0.45,-0.24
8/13/2014,1312.800049,1946.719971,4434.129883,1141.780029,1.336612463,102.2819977,12.89999962,238,2718020000,1611690000,2718020000,237.46,0.09,139269,11983.7,6.1,136.45,0.2,0.43,-0.29
8/14/2014,1313.900024,1955.180054,4453,1143.339966,1.336791158,102.4079971,12.42000008,320,2609460000,1549820000,2609460000,237.46,0.09,139269,11983.7,6.1,136.45,0.19,0.42,-0.26
8/15/2014,1304.5,1955.060059,4464.930176,1141.650024,1.336398125,102.4960022,13.14999962,199,3023380000,1799460000,3023380000,237.46,0.09,139269,11983.7,6.1,136.45,0.16,0.42,-0.28
8/16/2014,1304.5,1955.060059,4464.930176,1141.650024,1.336398125,102.4960022,13.14999962,199,3023380000,1799460000,3023380000,237.46,0.09,139269,11983.7,6.1,136.45,0.16,0.42,-0.28
8/17/2014,1304.5,1955.060059,4464.930176,1141.650024,1.336398125,102.4960022,13.14999962,199,3023380000,1799460000,3023380000,237.46,0.09,139269,11983.7,6.1,136.45,0.16,0.42,-0.28
8/18/2014,1297.699951,1971.73999,4508.310059,1158.400024,1.339046597,102.4100037,12.31999969,100,2638160000,1571100000,2638160000,237.46,0.09,139269,11983.7,6.1,136.45,0.21,0.44,-0.27
8/19/2014,1295.099976,1981.599976,4527.509766,1162.469971,1.33611238,102.6100006,12.21000004,144,2656430000,1556560000,2656430000,237.46,0.09,139269,11983.7,6.1,136.45,0.23,0.46,-0.22
8/20/2014,1293.400024,1986.51001,4526.47998,1157.51001,1.332196593,102.9100037,11.77999973,332,2579560000,1502290000,2579560000,237.46,0.09,139269,11983.7,6.1,136.45,0.26,0.49,-0.18
8/21/2014,1273.699951,1992.369995,4532.100098,1160.030029,1.32604897,103.7009964,11.76000023,264,2638920000,1421730000,2638920000,237.46,0.09,139269,11983.7,6.1,136.45,0.24,0.49,-0.16
8/22/2014,1278.599976,1988.400024,4538.549805,1160.339966,1.327933073,103.848999,11.47000027,119,2301860000,1311810000,2301860000,237.46,0.09,139269,11983.7,6.1,136.45,0.26,0.53,-0.11
8/23/2014,1278.599976,1988.400024,4538.549805,1160.339966,1.327933073,103.848999,11.47000027,119,2301860000,1311810000,2301860000,237.46,0.09,139269,11983.7,6.1,136.45,0.26,0.53,-0.11
8/24/2014,1278.599976,1988.400024,4538.549805,1160.339966,1.327933073,103.848999,11.47000027,119,2301860000,1311810000,2301860000,237.46,0.09,139269,11983.7,6.1,136.45,0.26,0.53,-0.11
8/25/2014,1277.300049,1997.920044,4557.350098,1165.219971,1.319870591,104.2009964,11.69999981,251,2233880000,1384620000,2233880000,237.46,0.09,139269,11983.7,6.1,136.45,0.24,0.53,-0.09
8/26/2014,1283.800049,2000.02002,4570.640137,1175.170044,1.318895817,104.0699997,11.63000011,74,2451950000,1469620000,2451950000,237.46,0.09,139269,11983.7,6.1,136.45,0.25,0.52,-0.15
8/27/2014,1281.900024,2000.119995,4569.620117,1172.709961,1.317019939,104.0899963,11.77999973,783,2344350000,1389470000,2344350000,237.46,0.09,139269,11983.7,6.1,136.45,0.23,0.51,-0.15
8/28/2014,1288.699951,1996.73999,4557.700195,1165.949951,1.319087267,103.8779984,12.05000019,817,2282400000,1309580000,2282400000,237.46,0.09,139269,11983.7,6.1,136.45,0.21,0.5,-0.14
8/29/2014,1285.800049,2003.369995,4580.27002,1174.349976,1.31849587,103.6959991,12.09000015,116,2259130000,1352830000,2259130000,237.46,0.09,139269,11983.7,6.1,136.45,0.23,0.48,-0.13
8/30/2014,1285.800049,2003.369995,4580.27002,1174.349976,1.31849587,103.6959991,12.09000015,116,2259130000,1352830000,2259130000,237.46,0.09,139269,11983.7,6.1,136.45,0.23,0.48,-0.13
8/31/2014,1285.800049,2003.369995,4580.27002,1174.349976,1.31849587,103.6959991,12.09000015,116,2259130000,1352830000,2259130000,237.46,0.09,139269,11983.7,6.1,136.45,0.23,0.48,-0.13
9/1/2014,1285.800049,2003.369995,4580.27002,1174.349976,1.312783837,104.1679993,12.09000015,116,2259130000,1352830000,2259130000,237.477,0.09,139563,11991.4,5.9,131.56,0.23,0.48,-0.13
9/2/2014,1263.699951,2002.280029,4598.189941,1179.469971,1.313197613,104.3399963,12.25,280,2819980000,1859080000,2819980000,237.477,0.09,139563,11991.4,5.9,131.56,0.27,0.53,-0.07
9/3/2014,1268.900024,2000.719971,4572.560059,1172.199951,1.313197613,105.2369995,12.35999966,279,2809980000,1897450000,2809980000,237.477,0.09,139563,11991.4,5.9,131.56,0.24,0.52,-0.08
9/4/2014,1265.099976,1997.650024,4562.290039,1167.209961,1.315097332,104.8710022,12.64000034,290,3072410000,1728700000,3072410000,237.477,0.09,139563,11991.4,5.9,131.56,0.28,0.54,-0.05
9/5/2014,1265.800049,2007.709961,4582.899902,1170.130005,1.293276191,105.5820007,12.09000015,123,2818300000,1641830000,2818300000,237.477,0.09,139563,11991.4,5.9,131.56,0.31,0.52,-0.08
9/6/2014,1265.800049,2007.709961,4582.899902,1170.130005,1.293276191,105.5820007,12.09000015,123,2818300000,1641830000,2818300000,237.477,0.09,139563,11991.4,5.9,131.56,0.31,0.52,-0.08
9/7/2014,1265.800049,2007.709961,4582.899902,1170.130005,1.293276191,105.5820007,12.09000015,123,2818300000,1641830000,2818300000,237.477,0.09,139563,11991.4,5.9,131.56,0.31,0.52,-0.08
9/8/2014,1252.699951,2001.540039,4592.290039,1172.310059,1.295336723,105.1800003,12.65999985,2,2789090000,1670210000,2789090000,237.477,0.09,139563,11991.4,5.9,131.56,0.35,0.54,-0.02
9/9/2014,1246.800049,1988.439941,4552.290039,1158.5,1.289108276,106.1600037,13.5,0,2882830000,1956550000,2882830000,237.477,0.09,139563,11991.4,5.9,131.56,0.39,0.56,0.05
9/10/2014,1243.5,1995.689941,4586.52002,1164.98999,1.294196844,106.1230011,12.88000011,95,2912430000,1808650000,2912440000,237.477,0.09,139563,11991.4,5.9,131.56,0.44,0.58,0.1
9/11/2014,1237.400024,1997.449951,4591.810059,1172.339966,1.291705966,106.8259964,12.80000019,0,2941690000,1704850000,2941690000,237.477,0.09,139563,11991.4,5.9,131.56,0.42,0.58,0.03
9/12/2014,1229.900024,1985.540039,4567.600098,1160.609985,1.292356968,107.1050034,13.31000042,47,3206570000,1784170000,3207120000,237.477,0.09,139563,11991.4,5.9,131.56,0.49,0.58,0.08
9/13/2014,1229.900024,1985.540039,4567.600098,1160.609985,1.292356968,107.1050034,13.31000042,47,3206570000,1784170000,3207120000,237.477,0.09,139563,11991.4,5.9,131.56,0.49,0.58,0.08
9/14/2014,1229.900024,1985.540039,4567.600098,1160.609985,1.292356968,107.1050034,13.31000042,47,3206570000,1784170000,3207120000,237.477,0.09,139563,11991.4,5.9,131.56,0.49,0.58,0.08
9/15/2014,1233.599976,1984.130005,4518.899902,1146.52002,1.296008229,107.3300018,14.11999989,21,2776530000,1940520000,2776530000,237.477,0.09,139563,11991.4,5.9,131.56,0.47,0.58,0.07
9/16/2014,1235.199951,1998.97998,4552.759766,1150.969971,1.293979168,107.1380005,12.72999954,3,3160310000,1879350000,3160320000,237.477,0.09,139563,11991.4,5.9,131.56,0.48,0.55,0.03
9/17/2014,1234.400024,2001.569946,4562.189941,1153.890015,1.295907617,107.1500015,12.64999962,10,3209420000,1796710000,3209430000,237.477,0.09,139563,11991.4,5.9,131.56,0.56,0.59,0.19
9/18/2014,1225.699951,2011.359985,4593.430176,1159.27002,1.285000205,108.5159988,12.02999973,5,3235340000,1774840000,3235340000,237.477,0.09,139563,11991.4,5.9,131.56,0.61,0.59,0.29
9/19/2014,1215.300049,2010.400024,4579.790039,1146.920044,1.292006373,108.8000031,12.10999966,4,4880220000,3178490000,4680220000,237.477,0.09,139563,11991.4,5.9,131.56,0.56,0.59,0.27
9/20/2014,1215.300049,2010.400024,4579.790039,1146.920044,1.292006373,108.8000031,12.10999966,4,4880220000,3178490000,4680220000,237.477,0.09,139563,11991.4,5.9,131.56,0.56,0.59,0.27
9/21/2014,1215.300049,2010.400024,4579.790039,1146.920044,1.292006373,108.8000031,12.10999966,4,4880220000,3178490000,4680220000,237.477,0.09,139563,11991.4,5.9,131.56,0.56,0.59,0.27
9/22/2014,1216.800049,1994.290039,4527.689941,1129.359985,1.284142137,108.9400024,13.68999958,7,3349670000,1881520000,3349680000,237.477,0.09,139563,11991.4,5.9,131.56,0.58,0.58,0.2
9/23/2014,1221,1982.77002,4508.689941,1118.719971,1.285148859,108.75,14.93000031,5,3279350000,1847730000,3279360000,237.477,0.09,139563,11991.4,5.9,131.56,0.52,0.57,0.15
9/24/2014,1218.599976,1998.300049,4555.220215,1128.310059,1.285396576,108.5419998,13.27000046,2,3313850000,1765260000,3313850000,237.477,0.09,139563,11991.4,5.9,131.56,0.54,0.59,0.16
9/25/2014,1221.199951,1965.98999,4466.75,1110.23999,1.277808309,109.3160019,15.64000034,11,3273050000,1939610000,3273060000,237.477,0.09,139563,11991.4,5.9,131.56,0.5,0.56,0.13
9/26/2014,1214.099976,1982.849976,4512.189941,1119.329956,1.275705457,108.6100006,14.85000038,19497,2929440000,1637480000,2929440000,237.477,0.09,139563,11991.4,5.9,131.56,0.57,0.59,0.21
9/27/2014,1214.099976,1982.849976,4512.189941,1119.329956,1.275705457,108.6100006,14.85000038,19497,2929440000,1637480000,2929440000,237.477,0.09,139563,11991.4,5.9,131.56,0.57,0.59,0.21
9/28/2014,1214.099976,1982.849976,4512.189941,1119.329956,1.275705457,108.6100006,14.85000038,19497,2929440000,1637480000,2929440000,237.477,0.09,139563,11991.4,5.9,131.56,0.57,0.59,0.21
9/29/2014,1217.5,1977.800049,4505.850098,1117.910034,1.267314672,109.4110031,15.97999954,6344,3094440000,1737750000,3094440000,237.477,0.09,139563,11991.4,5.9,131.56,0.55,0.58,0.16
9/30/2014,1210.5,1972.290039,4493.390137,1101.680054,1.269083858,109.3899994,16.30999947,680,3951100000,2200380000,3951100000,237.477,0.09,139563,11991.4,5.9,131.56,0.55,0.58,0.22
10/1/2014,1214.599976,1946.160034,4422.089844,1085.410034,1.262833595,109.6600037,16.70999908,178,4188590000,2312630000,4188590000,237.43,0.09,139797,12064.7,5.7,83.66,0.46,0.53,0.09
10/2/2014,1214.199951,1946.170044,4430.200195,1096.380005,1.262419105,109.0199966,16.15999985,176,4012510000,2165500000,4012510000,237.43,0.09,139797,12064.7,5.7,83.66,0.49,0.53,0.13
10/3/2014,1192.199951,1967.900024,4475.620117,1104.73999,1.267057776,108.5230026,14.55000019,499,3560970000,1777640000,3560970000,237.43,0.09,139797,12064.7,5.7,83.66,0.52,0.57,0.17
10/4/2014,1192.199951,1967.900024,4475.620117,1104.73999,1.267057776,108.5230026,14.55000019,499,3560970000,1777640000,3560970000,237.43,0.09,139797,12064.7,5.7,83.66,0.52,0.57,0.17
10/5/2014,1192.199951,1967.900024,4475.620117,1104.73999,1.267057776,108.5230026,14.55000019,499,3560970000,1777640000,3560970000,237.43,0.09,139797,12064.7,5.7,83.66,0.52,0.57,0.17
10/6/2014,1206.699951,1964.819946,4454.799805,1094.650024,1.251360774,109.802002,15.46000004,415,3358220000,1828240000,3358220000,237.43,0.09,139797,12064.7,5.7,83.66,0.5,0.54,0.15
10/7/2014,1211.699951,1935.099976,4385.200195,1076.310059,1.264606237,108.8679962,17.20000076,272,3687870000,2111360000,3687870000,237.43,0.09,139797,12064.7,5.7,83.66,0.44,0.52,0.12
10/8/2014,1205.300049,1968.890015,4468.589844,1097.119995,1.26680088,108.0719986,15.10999966,9,4441890000,2451630000,4441890000,237.43,0.09,139797,12064.7,5.7,83.66,0.39,0.46,0.03
10/9/2014,1224.599976,1928.209961,4378.339844,1067.98999,1.274307489,108.1269989,18.76000023,19,4344020000,2264220000,4324020000,237.43,0.09,139797,12064.7,5.7,83.66,0.37,0.46,0.06
10/10/2014,1221,1906.130005,4276.240234,1053.319946,1.268906713,107.8300018,21.23999977,186,4550540000,2765750000,4550540000,237.43,0.09,139797,12064.7,5.7,83.66,0.35,0.45,0.03
10/11/2014,1221,1906.130005,4276.240234,1053.319946,1.268906713,107.8300018,21.23999977,186,4550540000,2765750000,4550540000,237.43,0.09,139797,12064.7,5.7,83.66,0.35,0.45,0.03
10/12/2014,1221,1906.130005,4276.240234,1053.319946,1.268906713,107.8300018,21.23999977,186,4550540000,2765750000,4550540000,237.43,0.09,139797,12064.7,5.7,83.66,0.35,0.45,0.03
10/13/2014,1229.300049,1874.73999,4213.660156,1049.300049,1.263982892,107.3379974,24.63999939,103,4352580000,2467830000,4352580000,237.43,0.09,139797,12064.7,5.7,83.66,0.35,0.45,0.03
10/14/2014,1233.599976,1877.699951,4227.169922,1061.599976,1.272394061,107.0630035,22.79000092,73,4812010000,2496120000,4812010000,237.43,0.09,139797,12064.7,5.7,83.66,0.29,0.39,0.04
10/15/2014,1244.099976,1862.48999,4215.319824,1072.449951,1.263902903,107.314003,25.27000046,250,6090800000,3058740000,6090800000,237.43,0.09,139797,12064.7,5.7,83.66,0.29,0.34,0
10/16/2014,1240.5,1862.76001,4217.390137,1086.109985,1.282166362,105.9800034,25.20000076,6,5073150000,2591940000,5073150000,237.43,0.09,139797,12064.7,5.7,83.66,0.28,0.35,0.02
10/17/2014,1238.300049,1886.76001,4258.439941,1082.329956,1.280442476,106.4049988,21.98999977,356,4482120000,2260070000,4482120000,237.43,0.09,139797,12064.7,5.7,83.66,0.3,0.39,0.01
10/18/2014,1238.300049,1886.76001,4258.439941,1082.329956,1.280442476,106.4049988,21.98999977,356,4482120000,2260070000,4482120000,237.43,0.09,139797,12064.7,5.7,83.66,0.3,0.39,0.01
10/19/2014,1238.300049,1886.76001,4258.439941,1082.329956,1.280442476,106.4049988,21.98999977,356,4482120000,2260070000,4482120000,237.43,0.09,139797,12064.7,5.7,83.66,0.3,0.39,0.01
10/20/2014,1244,1904.01001,4316.069824,1094.969971,1.274957299,107.1439972,18.56999969,105,3331210000,1717370000,3331210000,237.43,0.09,139797,12064.7,5.7,83.66,0.29,0.37,-0.04
10/21/2014,1251,1941.280029,4419.47998,1112.849976,1.279525042,106.9100037,16.07999992,48,3987090000,1997580000,3987090000,237.43,0.09,139797,12064.7,5.7,83.66,0.33,0.38,0.02
10/22/2014,1244.800049,1927.109985,4382.850098,1096.869995,1.271471977,107.0210037,17.87000084,2,3761930000,1967020000,3761930000,237.43,0.09,139797,12064.7,5.7,83.66,0.34,0.41,-0.01
10/23/2014,1228.5,1950.819946,4452.790039,1116.48999,1.264142513,107.1480026,16.53000069,2,3789250000,1952380000,3789250000,237.43,0.09,139797,12064.7,5.7,83.66,0.38,0.41,0.09
10/24/2014,1231.199951,1964.579956,4483.720215,1118.819946,1.265406251,108.1610031,16.11000061,71,3078380000,1754300000,3078380000,237.43,0.09,139797,12064.7,5.7,83.66,0.39,0.41,0.06
10/25/2014,1231.199951,1964.579956,4483.720215,1118.819946,1.265406251,108.1610031,16.11000061,71,3078380000,1754300000,3078380000,237.43,0.09,139797,12064.7,5.7,83.66,0.39,0.41,0.06
10/26/2014,1231.199951,1964.579956,4483.720215,1118.819946,1.265406251,108.1610031,16.11000061,71,3078380000,1754300000,3078380000,237.43,0.09,139797,12064.7,5.7,83.66,0.39,0.41,0.06
10/27/2014,1229.099976,1961.630005,4485.930176,1117.47998,1.267668128,108.2020035,16.04000092,282,3538860000,1585580000,3538860000,237.43,0.09,139797,12064.7,5.7,83.66,0.38,0.41,0.07
10/28/2014,1229.199951,1985.050049,4564.290039,1149.449951,1.270147681,107.8430023,14.39000034,46,3653260000,1966920000,3653260000,237.43,0.09,139797,12064.7,5.7,83.66,0.39,0.42,0.06
10/29/2014,1224.300049,1982.300049,4549.22998,1146.369995,1.273836613,108.1119995,15.14999962,631,3740350000,2184050000,3740350000,237.43,0.09,139797,12064.7,5.7,83.66,0.42,0.48,0.14
10/30/2014,1198.099976,1994.650024,4566.140137,1155.77002,1.263280272,108.8460007,14.52000046,521,3586150000,2034960000,3586150000,237.43,0.09,139797,12064.7,5.7,83.66,0.42,0.48,0.09
10/31/2014,1171.099976,2018.050049,4630.740234,1173.51001,1.261336207,109.2129974,14.02999973,260,4292290000,2424360000,4292290000,237.43,0.09,139797,12064.7,5.7,83.66,0.43,0.5,0.09
11/1/2014,1171.099976,2018.050049,4630.740234,1173.51001,1.261336207,109.2129974,14.02999973,260,4292290000,2424360000,4292290000,236.983,0.09,140090,12083.9,5.8,84.38,0.43,0.5,0.09
11/2/2014,1171.099976,2018.050049,4630.740234,1173.51001,1.261336207,109.2129974,14.02999973,260,4292290000,2424360000,4292290000,236.983,0.09,140090,12083.9,5.8,84.38,0.43,0.5,0.09
11/3/2014,1169.400024,2017.810059,4638.910156,1170.199951,1.250312567,112.8410034,14.72999954,60,3555440000,2033000000,3555440000,236.983,0.09,140090,12083.9,5.8,84.38,0.43,0.52,0.08
11/4/2014,1167.400024,2012.099976,4623.640137,1165.420044,1.249593854,113.6480026,14.89000034,40,3956260000,1939320000,3956260000,236.983,0.09,140090,12083.9,5.8,84.38,0.43,0.52,0.14
11/5/2014,1145.400024,2023.569946,4620.720215,1167.069946,1.255256414,113.4800034,14.17000008,157,3766590000,2001870000,3766590000,236.983,0.09,140090,12083.9,5.8,84.38,0.43,0.52,0.09
11/6/2014,1142.300049,2031.209961,4638.470215,1171.859985,1.248003125,114.6549988,13.67000008,137,3669770000,1986820000,3669770000,236.983,0.09,140090,12083.9,5.8,84.38,0.45,0.54,0.09
11/7/2014,1169.599976,2031.920044,4632.529785,1173.319946,1.23800683,115.1760025,13.11999989,97,3704280000,1978830000,3704280000,236.983,0.09,140090,12083.9,5.8,84.38,0.38,0.51,0.01
11/8/2014,1169.599976,2031.920044,4632.529785,1173.319946,1.23800683,115.1760025,13.11999989,97,3704280000,1978830000,3704280000,236.983,0.09,140090,12083.9,5.8,84.38,0.38,0.51,0.01
11/9/2014,1169.599976,2031.920044,4632.529785,1173.319946,1.23800683,115.1760025,13.11999989,97,3704280000,1978830000,3704280000,236.983,0.09,140090,12083.9,5.8,84.38,0.38,0.51,0.01
11/10/2014,1159.599976,2038.26001,4651.620117,1179.569946,1.246137023,114.5329971,12.67000008,40,3284940000,1830010000,3284940000,236.983,0.09,140090,12083.9,5.8,84.38,0.44,0.55,0.07
11/11/2014,1162.800049,2039.680054,4660.560059,1179.959961,1.24299264,114.7529984,12.92000008,22,2958320000,1663690000,2958320000,236.983,0.09,140090,12083.9,5.8,84.38,0.44,0.55,0.07
11/12/2014,1158.900024,2038.25,4675.140137,1186.469971,1.247582912,115.7210007,13.02000046,17,3246650000,1773060000,3246650000,236.983,0.09,140090,12083.9,5.8,84.38,0.46,0.55,0.12
11/13/2014,1161.099976,2039.329956,4680.140137,1175.420044,1.24299264,115.5699997,13.78999996,1047,3455270000,1857580000,3455270000,236.983,0.09,140090,12083.9,5.8,84.38,0.47,0.53,0.16
11/14/2014,1185,2039.819946,4688.540039,1173.810059,1.24759829,115.8239975,13.31000042,486,3227130000,1739950000,3227130000,236.983,0.09,140090,12083.9,5.8,84.38,0.43,0.54,0.17
11/15/2014,1185,2039.819946,4688.540039,1173.810059,1.24759829,115.8239975,13.31000042,486,3227130000,1739950000,3227130000,236.983,0.09,140090,12083.9,5.8,84.38,0.43,0.54,0.17
11/16/2014,1185,2039.819946,4688.540039,1173.810059,1.24759829,115.8239975,13.31000042,486,3227130000,1739950000,3227130000,236.983,0.09,140090,12083.9,5.8,84.38,0.43,0.54,0.17
11/17/2014,1183,2041.319946,4671,1164.22998,1.251846433,116.8960037,13.98999977,17,3152890000,1695070000,3152890000,236.983,0.09,140090,12083.9,5.8,84.38,0.48,0.54,0.22
11/18/2014,1196.699951,2051.800049,4702.439941,1170.280029,1.244895935,116.6460037,13.85999966,2,3416190000,1655760000,3416190000,236.983,0.09,140090,12083.9,5.8,84.38,0.48,0.53,0.21
11/19/2014,1193.599976,2048.719971,4675.709961,1157.689941,1.253337026,116.8690033,13.96000004,23,3390850000,1641560000,3360850000,236.983,0.09,140090,12083.9,5.8,84.38,0.53,0.54,0.27
11/20/2014,1190.699951,2052.75,4701.870117,1170.75,1.254075766,118.1480026,13.57999992,3,3128290000,1667330000,3128290000,236.983,0.09,140090,12083.9,5.8,84.38,0.49,0.53,0.23
11/21/2014,1197.5,2063.5,4712.970215,1172.420044,1.254500508,118.2360001,12.89999962,20,3916420000,1854340000,3916420000,236.983,0.09,140090,12083.9,5.8,84.38,0.45,0.53,0.19
11/22/2014,1197.5,2063.5,4712.970215,1172.420044,1.254500508,118.2360001,12.89999962,20,3916420000,1854340000,3916420000,236.983,0.09,140090,12083.9,5.8,84.38,0.45,0.53,0.19
11/23/2014,1197.5,2063.5,4712.970215,1172.420044,1.254500508,118.2360001,12.89999962,20,3916420000,1854340000,3916420000,236.983,0.09,140090,12083.9,5.8,84.38,0.45,0.53,0.19
11/24/2014,1195.5,2069.409912,4754.890137,1186.939941,1.237501264,117.7440033,12.61999989,17,3128060000,1568130000,3128060000,236.983,0.09,140090,12083.9,5.8,84.38,0.44,0.53,0.19
11/25/2014,1197.099976,2067.030029,4758.25,1186.329956,1.243317127,118.4540024,12.25,210753,3392940000,1720140000,3392940000,236.983,0.09,140090,12083.9,5.8,84.38,0.42,0.51,0.11
11/26/2014,1196.599976,2072.830078,4787.319824,1190.619995,1.248065472,117.8010025,12.06999969,75297,2745260000,1362930000,2745260000,236.983,0.09,140090,12083.9,5.8,84.38,0.42,0.53,0.12
11/27/2014,1196.599976,2072.830078,4787.319824,1190.619995,1.25059402,117.6299973,12.06999969,75297,2745260000,1362930000,2745260000,236.983,0.09,140090,12083.9,5.8,84.38,0.42,0.53,0.12
11/28/2014,1175.199951,2067.560059,4791.629883,1173.22998,1.246199131,117.8399963,13.32999992,11175,2504640000,998600000,2504640000,236.983,0.09,140090,12083.9,5.8,84.38,0.39,0.47,0.1
11/29/2014,1175.199951,2067.560059,4791.629883,1173.22998,1.246199131,117.8399963,13.32999992,11175,2504640000,998600000,2504640000,236.983,0.09,140090,12083.9,5.8,84.38,0.39,0.47,0.1
11/30/2014,1175.199951,2067.560059,4791.629883,1173.22998,1.246199131,117.8399963,13.32999992,11175,2504640000,998600000,2504640000,236.983,0.09,140090,12083.9,5.8,84.38,0.39,0.47,0.1
12/1/2014,1218,2053.439941,4727.350098,1154.050049,1.243827581,118.8639984,14.15999985,5524,4159010000,1893600000,4159010000,236.252,0.12,140364,12096.1,5.6,86.53,0.43,0.49,0.13
12/2/2014,1199.199951,2066.550049,4755.810059,1168.449951,1.247007132,118.3079987,12.85000038,1236,3686650000,1839170000,3686650000,236.252,0.12,140364,12096.1,5.6,86.53,0.51,0.55,0.23
12/3/2014,1208.5,2074.330078,4774.470215,1179.01001,1.238850355,119.1940002,12.5,440,3612680000,1734510000,3612680000,236.252,0.12,140364,12096.1,5.6,86.53,0.5,0.57,0.23
12/4/2014,1207.5,2071.919922,4769.439941,1173.01001,1.231663704,119.8610001,12.38000011,358,3408340000,1724090000,3408340000,236.252,0.12,140364,12096.1,5.6,86.53,0.48,0.55,0.23
12/5/2014,1190.099976,2075.370117,4780.759766,1182.430054,1.238666177,119.8119965,11.89000034,560,3419620000,1767100000,3419620000,236.252,0.12,140364,12096.1,5.6,86.53,0.56,0.65,0.34
12/6/2014,1190.099976,2075.370117,4780.759766,1182.430054,1.238666177,119.8119965,11.89000034,560,3419620000,1767100000,3419620000,236.252,0.12,140364,12096.1,5.6,86.53,0.56,0.65,0.34
12/7/2014,1190.099976,2075.370117,4780.759766,1182.430054,1.238666177,119.8119965,11.89000034,560,3419620000,1767100000,3419620000,236.252,0.12,140364,12096.1,5.6,86.53,0.56,0.65,0.34
12/8/2014,1194.699951,2060.310059,4740.689941,1167.209961,1.22940743,121.560997,14.21000004,183,3800990000,1966770000,3800990000,236.252,0.12,140364,12096.1,5.6,86.53,0.55,0.64,0.43
12/9/2014,1231.5,2059.820068,4766.470215,1188.060059,1.23151195,120.6500015,15.35000038,314,3970150000,1950330000,3970150000,236.252,0.12,140364,12096.1,5.6,86.53,0.49,0.64,0.29
12/10/2014,1228.900024,2026.140015,4684.02002,1161.859985,1.239495277,119.3420029,18.53000069,306,4114440000,1850810000,4114440000,236.252,0.12,140364,12096.1,5.6,86.53,0.47,0.59,0.31
12/11/2014,1225.099976,2035.329956,4708.160156,1166.959961,1.247395992,117.7089996,20.07999992,264,3917950000,1873050000,3917950000,236.252,0.12,140364,12096.1,5.6,86.53,0.49,0.62,0.35
12/12/2014,1222,2002.329956,4653.600098,1152.439941,1.239495277,119.0070038,21.07999992,203,4157650000,1888870000,4157650000,236.252,0.12,140364,12096.1,5.6,86.53,0.46,0.56,0.33
12/13/2014,1222,2002.329956,4653.600098,1152.439941,1.239495277,119.0070038,21.07999992,203,4157650000,1888870000,4157650000,236.252,0.12,140364,12096.1,5.6,86.53,0.46,0.56,0.33
12/14/2014,1222,2002.329956,4653.600098,1152.439941,1.239495277,119.0070038,21.07999992,203,4157650000,1888870000,4157650000,236.252,0.12,140364,12096.1,5.6,86.53,0.46,0.56,0.33
12/15/2014,1207.199951,1989.630005,4605.160156,1140.300049,1.246354461,118.1650009,20.42000008,77,4361990000,2143610000,4361990000,236.252,0.12,140364,12096.1,5.6,86.53,0.5,0.6,0.41
12/16/2014,1193.900024,1972.73999,4547.830078,1139.369995,1.244353771,117.7409973,23.56999969,223,4958680000,2231670000,4958680000,236.252,0.12,140364,12096.1,5.6,86.53,0.42,0.58,0.32
12/17/2014,1194.300049,2012.890015,4644.310059,1174.839966,1.251204371,116.612999,19.44000053,94,4942370000,2279930000,4912370000,236.252,0.12,140364,12096.1,5.6,86.53,0.49,0.62,0.39
12/18/2014,1194.699951,2061.22998,4748.399902,1192.160034,1.233897686,118.7959976,16.80999947,197,4703380000,2172260000,4703380000,236.252,0.12,140364,12096.1,5.6,86.53,0.57,0.67,0.48
12/19/2014,1195.900024,2070.649902,4765.379883,1195.959961,1.229044795,118.9380035,16.48999977,96,6465530000,3287920000,6465530000,236.252,0.12,140364,12096.1,5.6,86.53,0.49,0.67,0.39
12/20/2014,1195.900024,2070.649902,4765.379883,1195.959961,1.229044795,118.9380035,16.48999977,96,6465530000,3287920000,6465530000,236.252,0.12,140364,12096.1,5.6,86.53,0.49,0.67,0.39
12/21/2014,1195.900024,2070.649902,4765.379883,1195.959961,1.229044795,118.9380035,16.48999977,96,6465530000,3287920000,6465530000,236.252,0.12,140364,12096.1,5.6,86.53,0.49,0.67,0.39
12/22/2014,1179.699951,2078.540039,4781.419922,1201.859985,1.222598553,119.4970016,15.25,223,3369520000,1720070000,3369520000,236.252,0.12,140364,12096.1,5.6,86.53,0.47,0.71,0.38
12/23/2014,1177.900024,2082.169922,4765.419922,1202.439941,1.22237432,120.1500015,14.80000019,232,3043950000,1590820000,3043950000,236.252,0.12,140364,12096.1,5.6,86.53,0.56,0.73,0.46
12/24/2014,1173.5,2081.879883,4773.470215,1206.780029,1.217492938,120.6900024,14.36999989,23,1416980000,729750000,1416980000,236.252,0.12,140364,12096.1,5.6,86.53,0.59,0.73,0.5
12/25/2014,1173.5,2081.879883,4773.470215,1206.780029,1.219854355,120.4589996,14.36999989,23,1416980000,729750000,1416980000,236.252,0.12,140364,12096.1,5.6,86.53,0.59,0.73,0.5
12/26/2014,1195.300049,2088.77002,4806.859863,1215.209961,1.221001267,120.3700027,14.5,124,1735230000,930220000,1735230000,236.252,0.12,140364,12096.1,5.6,86.53,0.58,0.73,0.49
12/27/2014,1195.300049,2088.77002,4806.859863,1215.209961,1.221001267,120.3700027,14.5,124,1735230000,930220000,1735230000,236.252,0.12,140364,12096.1,5.6,86.53,0.58,0.73,0.49
12/28/2014,1195.300049,2088.77002,4806.859863,1215.209961,1.221001267,120.3700027,14.5,124,1735230000,930220000,1735230000,236.252,0.12,140364,12096.1,5.6,86.53,0.58,0.73,0.49
12/29/2014,1181.699951,2090.570068,4806.910156,1219.109985,1.216944695,120.4240036,15.06000042,180,2452360000,1227740000,2452360000,236.252,0.12,140364,12096.1,5.6,86.53,0.57,0.72,0.5
12/30/2014,1200.199951,2080.350098,4777.439941,1213.050049,1.215347409,120.6320038,15.92000008,191,2440280000,1269200000,2440280000,236.252,0.12,140364,12096.1,5.6,86.53,0.56,0.69,0.47
12/31/2014,1183.900024,2058.899902,4736.049805,1204.699951,1.216204762,119.4580002,19.20000076,92,2606070000,1515600000,2606070000,236.252,0.12,140364,12096.1,5.6,86.53,0.49,0.67,0.38
1/1/2015,1183.900024,2058.899902,4736.049805,1204.699951,1.209862828,119.6729965,19.20000076,92,2606070000,1515600000,2606070000,234.747,0.11,140568,12066.7,5.7,111.99,0.49,0.67,0.38
1/2/2015,1186,2058.199951,4726.810059,1198.800049,1.20894134,119.8700027,17.79000092,138,2708700000,1435150000,2708700000,234.747,0.11,140568,12066.7,5.7,111.99,0.41,0.66,0.31
1/3/2015,1186,2058.199951,4726.810059,1198.800049,1.20894134,119.8700027,17.79000092,138,2708700000,1435150000,2708700000,234.747,0.11,140568,12066.7,5.7,111.99,0.41,0.66,0.31
1/4/2015,1186,2058.199951,4726.810059,1198.800049,1.20894134,119.8700027,17.79000092,138,2708700000,1435150000,2708700000,234.747,0.11,140568,12066.7,5.7,111.99,0.41,0.66,0.31
1/5/2015,1203.900024,2020.579956,4652.569824,1181.349976,1.194643259,120.4339981,19.92000008,470,3799120000,1794470000,3799120000,234.747,0.11,140568,12066.7,5.7,111.99,0.4,0.68,0.32
1/6/2015,1219.300049,2002.609985,4592.740234,1161.310059,1.193901539,119.4250031,21.12000084,97,4460110000,2167320000,4460110000,234.747,0.11,140568,12066.7,5.7,111.99,0.41,0.65,0.34
1/7/2015,1210.599976,2025.900024,4650.470215,1175.969971,1.187535644,118.6729965,19.30999947,29,3805480000,1957950000,3805480000,234.747,0.11,140568,12066.7,5.7,111.99,0.39,0.62,0.31
1/8/2015,1208.400024,2062.139893,4736.189941,1196.130005,1.183600068,119.2890015,17.01000023,92,3934010000,2105450000,3934010000,234.747,0.11,140568,12066.7,5.7,111.99,0.41,0.62,0.29
1/9/2015,1216,2044.810059,4704.069824,1185.680054,1.179606915,119.7919998,17.54999924,43,3364140000,1715830000,3364140000,234.747,0.11,140568,12066.7,5.7,111.99,0.36,0.59,0.25
1/10/2015,1216,2044.810059,4704.069824,1185.680054,1.179606915,119.7919998,17.54999924,43,3364140000,1715830000,3364140000,234.747,0.11,140568,12066.7,5.7,111.99,0.36,0.59,0.25
1/11/2015,1216,2044.810059,4704.069824,1185.680054,1.179606915,119.7919998,17.54999924,43,3364140000,1715830000,3364140000,234.747,0.11,140568,12066.7,5.7,111.99,0.36,0.59,0.25
1/12/2015,1232.699951,2028.26001,4664.709961,1180.089966,1.18707037,118.211998,19.60000038,100,3456460000,1861960000,3456460000,234.747,0.11,140568,12066.7,5.7,111.99,0.35,0.56,0.23
1/13/2015,1234.300049,2023.030029,4661.5,1180.640015,1.18315196,118.3280029,20.55999947,20,4107300000,2162180000,4107300000,234.747,0.11,140568,12066.7,5.7,111.99,0.37,0.54,0.32
1/14/2015,1234.400024,2011.27002,4639.319824,1177.060059,1.17782855,117.7949982,21.47999954,21,4378680000,2073810000,4378680000,234.747,0.11,140568,12066.7,5.7,111.99,0.29,0.51,0.15
1/15/2015,1264.699951,1992.670044,4570.819824,1154.709961,1.178592086,117.3899994,22.38999939,130,4276720000,1976260000,4276720000,234.747,0.11,140568,12066.7,5.7,111.99,0.19,0.44,0.04
1/16/2015,1276.900024,2019.420044,4634.379883,1176.650024,1.163737893,116.1299973,20.95000076,44,4056410000,1970520000,4056410000,234.747,0.11,140568,12066.7,5.7,111.99,0.23,0.49,0.1
1/17/2015,1276.900024,2019.420044,4634.379883,1176.650024,1.163737893,116.1299973,20.95000076,44,4056410000,1970520000,4056410000,234.747,0.11,140568,12066.7,5.7,111.99,0.23,0.49,0.1
1/18/2015,1276.900024,2019.420044,4634.379883,1176.650024,1.163737893,116.1299973,20.95000076,44,4056410000,1970520000,4056410000,234.747,0.11,140568,12066.7,5.7,111.99,0.23,0.49,0.1
1/19/2015,1276.900024,2019.420044,4634.379883,1176.650024,1.156604171,117.5599976,20.95000076,44,4056410000,1970520000,4056410000,234.747,0.11,140568,12066.7,5.7,111.99,0.23,0.49,0.1
1/20/2015,1294.199951,2022.550049,4654.850098,1170.25,1.159796834,117.711998,19.88999939,157,3944340000,1835040000,3944340000,234.747,0.11,140568,12066.7,5.7,111.99,0.23,0.53,0.12
1/21/2015,1293.699951,2032.119995,4667.419922,1166.25,1.154694438,118.6490021,18.85000038,78,3730070000,1847420000,3730070000,234.747,0.11,140568,12066.7,5.7,111.99,0.26,0.53,0.18
1/22/2015,1300.699951,2063.149902,4750.399902,1190.369995,1.161534548,117.8600006,16.39999962,131,4176050000,1996550000,4176050000,234.747,0.11,140568,12066.7,5.7,111.99,0.29,0.53,0.2
1/23/2015,1292.599976,2051.820068,4757.879883,1188.930054,1.134674549,118.7509995,16.65999985,23,3573560000,1653830000,3573560000,234.747,0.11,140568,12066.7,5.7,111.99,0.21,0.52,0.12
1/24/2015,1292.599976,2051.820068,4757.879883,1188.930054,1.134674549,118.7509995,16.65999985,23,3573560000,1653830000,3573560000,234.747,0.11,140568,12066.7,5.7,111.99,0.21,0.52,0.12
1/25/2015,1292.599976,2051.820068,4757.879883,1188.930054,1.134674549,118.7509995,16.65999985,23,3573560000,1653830000,3573560000,234.747,0.11,140568,12066.7,5.7,111.99,0.21,0.52,0.12
1/26/2015,1279.400024,2057.090088,4771.759766,1200.73999,1.112545013,117.3610001,15.52000046,26,3465760000,1717510000,3465760000,234.747,0.11,140568,12066.7,5.7,111.99,0.22,0.54,0.12
1/27/2015,1291.699951,2029.550049,4681.5,1194.660034,1.12477088,118.5199966,17.21999931,20,3329810000,1954160000,3329810000,234.747,0.11,140568,12066.7,5.7,111.99,0.17,0.54,0.05
1/28/2015,1285.900024,2002.160034,4637.990234,1175.119995,1.136738181,117.7750015,20.44000053,180387,4067530000,2118680000,4067530000,234.747,0.11,140568,12066.7,5.7,111.99,0.12,0.5,0.01
1/29/2015,1254.599976,2021.25,4683.410156,1190.180054,1.128146172,117.5920029,18.76000023,67983,4127140000,2110710000,4127140000,234.747,0.11,140568,12066.7,5.7,111.99,0.15,0.51,-0.03
1/30/2015,1278.5,1994.98999,4635.240234,1165.390015,1.133555532,118.2480011,20.96999931,8626,4568650000,2264230000,4538650000,234.747,0.11,140568,12066.7,5.7,111.99,0.03,0.47,-0.11
1/31/2015,1278.5,1994.98999,4635.240234,1165.390015,1.133555532,118.2480011,20.96999931,8626,4568650000,2264230000,4538650000,234.747,0.11,140568,12066.7,5.7,111.99,0.03,0.47,-0.11
2/1/2015,1278.5,1994.98999,4635.240234,1165.390015,1.133555532,118.2480011,20.96999931,8626,4568650000,2264230000,4538650000,235.342,0.11,140827,12116.6,5.5,111.92,0.03,0.47,-0.11
2/2/2015,1276.199951,2020.849976,4676.689941,1175.51001,1.130901933,117.1839981,19.43000031,1654,4008330000,2006450000,4008330000,235.342,0.11,140827,12116.6,5.5,111.92,0.03,0.49,-0.13
2/3/2015,1259.699951,2050.030029,4727.740234,1196.98999,1.134172678,117.5749969,17.32999992,2380,4615900000,2153520000,4615900000,235.342,0.11,140827,12116.6,5.5,111.92,0.09,0.52,-0.12
2/4/2015,1263.800049,2041.51001,4716.700195,1191.439941,1.145737886,117.6460037,18.32999992,668,4141920000,2212960000,4141920000,235.342,0.11,140827,12116.6,5.5,111.92,0.1,0.52,-0.06
2/5/2015,1262,2062.52002,4765.100098,1208.709961,1.131874681,117.288002,16.85000038,133,3821990000,2036590000,3821990000,235.342,0.11,140827,12116.6,5.5,111.92,0.13,0.52,-0.08
2/6/2015,1233.900024,2055.469971,4744.399902,1205.459961,1.147196889,117.5350037,17.29000092,432,4232970000,2034060000,4232970000,235.342,0.11,140827,12116.6,5.5,111.92,0.24,0.65,0.12
2/7/2015,1233.900024,2055.469971,4744.399902,1205.459961,1.147196889,117.5350037,17.29000092,432,4232970000,2034060000,4232970000,235.342,0.11,140827,12116.6,5.5,111.92,0.24,0.65,0.12
2/8/2015,1233.900024,2055.469971,4744.399902,1205.459961,1.147196889,117.5350037,17.29000092,432,4232970000,2034060000,4232970000,235.342,0.11,140827,12116.6,5.5,111.92,0.24,0.65,0.12
2/9/2015,1240.800049,2046.73999,4726.009766,1195.829956,1.131439328,118.9700012,18.54999924,319,3549540000,1654680000,3549540000,235.342,0.11,140827,12116.6,5.5,111.92,0.25,0.65,0.13
2/10/2015,1231.599976,2068.590088,4787.640137,1203.180054,1.132695317,118.5630035,17.22999954,231,3669850000,1773730000,3669850000,235.342,0.11,140827,12116.6,5.5,111.92,0.31,0.67,0.2
2/11/2015,1219,2068.530029,4801.180176,1201.550049,1.132195115,119.3580017,16.95999908,102,3596860000,1793630000,3596860000,235.342,0.11,140827,12116.6,5.5,111.92,0.32,0.67,0.21
2/12/2015,1220.099976,2088.47998,4857.609863,1216.27002,1.131196141,120.1699982,15.34000015,99,3788350000,2075470000,3788350000,235.342,0.11,140827,12116.6,5.5,111.92,0.33,0.61,0.13
2/13/2015,1226.5,2096.98999,4893.839844,1223.130005,1.140393853,118.9160004,14.68999958,65,3527450000,1942240000,3527450000,235.342,0.11,140827,12116.6,5.5,111.92,0.34,0.66,0.21
2/14/2015,1226.5,2096.98999,4893.839844,1223.130005,1.140393853,118.9160004,14.68999958,65,3527450000,1942240000,3527450000,235.342,0.11,140827,12116.6,5.5,111.92,0.34,0.66,0.21
2/15/2015,1226.5,2096.98999,4893.839844,1223.130005,1.140393853,118.9160004,14.68999958,65,3527450000,1942240000,3527450000,235.342,0.11,140827,12116.6,5.5,111.92,0.34,0.66,0.21
2/16/2015,1226.5,2096.98999,4893.839844,1223.130005,1.14000392,118.5699997,14.68999958,65,3527450000,1942240000,3527450000,235.342,0.11,140827,12116.6,5.5,111.92,0.34,0.66,0.21
2/17/2015,1208.099976,2100.340088,4899.27002,1225.01001,1.133401275,118.4919968,15.80000019,204,3361750000,1751490000,3361750000,235.342,0.11,140827,12116.6,5.5,111.92,0.43,0.7,0.29
2/18/2015,1199.699951,2099.679932,4906.359863,1227.949951,1.140471935,119.2080002,15.44999981,147,3370020000,1684800000,3370020000,235.342,0.11,140827,12116.6,5.5,111.92,0.36,0.62,0.2
2/19/2015,1207.099976,2097.449951,4924.700195,1227.910034,1.14000392,118.689003,15.28999996,65,3247100000,1592890000,3247100000,235.342,0.11,140827,12116.6,5.5,111.92,0.37,0.67,0.23
2/20/2015,1204.400024,2110.300049,4955.970215,1231.790039,1.13667357,118.987999,14.30000019,51,3281600000,1761140000,3281600000,235.342,0.11,140827,12116.6,5.5,111.92,0.38,0.67,0.24
2/21/2015,1204.400024,2110.300049,4955.970215,1231.790039,1.13667357,118.987999,14.30000019,51,3281600000,1761140000,3281600000,235.342,0.11,140827,12116.6,5.5,111.92,0.38,0.67,0.24
2/22/2015,1204.400024,2110.300049,4955.970215,1231.790039,1.13667357,118.987999,14.30000019,51,3281600000,1761140000,3281600000,235.342,0.11,140827,12116.6,5.5,111.92,0.38,0.67,0.24
2/23/2015,1200.300049,2109.659912,4960.970215,1231.829956,1.138148427,119.0759964,14.56000042,268,3093680000,1754850000,3093680000,235.342,0.11,140827,12116.6,5.5,111.92,0.34,0.64,0.22
2/24/2015,1196.900024,2115.47998,4968.120117,1233.97998,1.133298516,118.9029999,13.68999958,151,3199840000,1834890000,3199840000,235.342,0.11,140827,12116.6,5.5,111.92,0.27,0.6,0.14
2/25/2015,1201,2113.860107,4967.140137,1235.099976,1.13390255,118.8919983,13.84000015,570,3312340000,1848560000,3312340000,235.342,0.11,140827,12116.6,5.5,111.92,0.24,0.61,0.11
2/26/2015,1209.599976,2110.73999,4987.890137,1239.109985,1.136363626,118.8219986,13.90999985,560,3408690000,1905550000,3408690000,235.342,0.11,140827,12116.6,5.5,111.92,0.24,0.66,0.05
2/27/2015,1212.599976,2104.5,4963.529785,1233.369995,1.120536089,119.3769989,13.34000015,195,3547380000,1955590000,3547380000,235.342,0.11,140827,12116.6,5.5,111.92,0.17,0.63,0.01
2/28/2015,1212.599976,2104.5,4963.529785,1233.369995,1.120536089,119.3769989,13.34000015,195,3547380000,1955590000,3547380000,235.342,0.11,140827,12116.6,5.5,111.92,0.17,0.63,0.01
3/1/2015,1212.599976,2104.5,4963.529785,1233.369995,1.120536089,119.3769989,13.34000015,195,3547380000,1955590000,3547380000,235.976,0.11,140923,12176.1,5.4,104.24,0.17,0.63,0.01
3/2/2015,1207.699951,2117.389893,5008.100098,1242.619995,1.116196036,119.8259964,13.03999996,124,3409490000,1931110000,3409490000,235.976,0.11,140923,12176.1,5.4,104.24,0.25,0.66,0.03
3/3/2015,1204,2107.780029,4979.899902,1234.76001,1.117905498,120.2040024,13.85999966,51,3262300000,2018900000,3262300000,235.976,0.11,140923,12176.1,5.4,104.24,0.26,0.68,0.04
3/4/2015,1200.599976,2098.530029,4967.140137,1230.72998,1.118217945,119.637001,14.22999954,27,3421110000,1824830000,3421110000,235.976,0.11,140923,12176.1,5.4,104.24,0.25,0.66,-0.01
3/5/2015,1195.900024,2101.040039,4982.810059,1234.310059,1.10820508,119.651001,14.03999996,29,3103030000,1724200000,3103030000,235.976,0.11,140923,12176.1,5.4,104.24,0.27,0.65,0.04
3/6/2015,1164.099976,2071.26001,4927.370117,1217.52002,1.103204846,120.0449982,15.19999981,168,3853570000,1918220000,3853570000,235.976,0.11,140923,12176.1,5.4,104.24,0.41,0.73,0.15
3/7/2015,1164.099976,2071.26001,4927.370117,1217.52002,1.103204846,120.0449982,15.19999981,168,3853570000,1918220000,3853570000,235.976,0.11,140923,12176.1,5.4,104.24,0.41,0.73,0.15
3/8/2015,1164.099976,2071.26001,4927.370117,1217.52002,1.103204846,120.0449982,15.19999981,168,3853570000,1918220000,3853570000,235.976,0.11,140923,12176.1,5.4,104.24,0.41,0.73,0.15
3/9/2015,1166.400024,2079.429932,4942.439941,1223.589966,1.08459866,120.7389984,15.06000042,45,3349090000,1696510000,3349090000,235.976,0.11,140923,12176.1,5.4,104.24,0.44,0.7,0.19
3/10/2015,1160.099976,2044.160034,4859.790039,1208.469971,1.083341479,121.4079971,16.69000053,94,3668900000,1876010000,3668900000,235.976,0.11,140923,12176.1,5.4,104.24,0.41,0.7,0.26
3/11/2015,1150.699951,2040.23999,4849.939941,1215.780029,1.070870161,121.038002,16.87000084,74,3406570000,1846020000,3406570000,235.976,0.11,140923,12176.1,5.4,104.24,0.39,0.7,0.15
3/12/2015,1152.099976,2065.949951,4893.290039,1236.640015,1.054874539,121.4110031,15.42000008,63,3405860000,1855110000,3405860000,235.976,0.11,140923,12176.1,5.4,104.24,0.39,0.67,0.18
3/13/2015,1152.599976,2053.399902,4871.759766,1232.140015,1.062631488,121.3180008,16,44,3498560000,1851410000,3498560000,235.976,0.11,140923,12176.1,5.4,104.24,0.44,0.68,0.2
3/14/2015,1152.599976,2053.399902,4871.759766,1232.140015,1.062631488,121.3180008,16,44,3498560000,1851410000,3498560000,235.976,0.11,140923,12176.1,5.4,104.24,0.44,0.68,0.2
3/15/2015,1152.599976,2053.399902,4871.759766,1232.140015,1.062631488,121.3180008,16,44,3498560000,1851410000,3498560000,235.976,0.11,140923,12176.1,5.4,104.24,0.44,0.68,0.2
3/16/2015,1153.300049,2081.189941,4929.509766,1239.780029,1.048163056,121.3430023,15.60999966,56,3295600000,1713480000,3295600000,235.976,0.11,140923,12176.1,5.4,104.24,0.45,0.66,0.3
3/17/2015,1148.300049,2074.280029,4937.430176,1242.22998,1.057294726,121.3669968,15.65999985,71,3221840000,1724370000,3221840000,235.976,0.11,140923,12176.1,5.4,104.24,0.42,0.7,0.22
3/18/2015,1151.400024,2099.5,4982.830078,1252.140015,1.059804797,121.2799988,13.97000027,112,4128210000,1983570000,4128210000,235.976,0.11,140923,12176.1,5.4,104.24,0.23,0.57,0.08
3/19/2015,1169.099976,2089.27002,4992.379883,1254.859985,1.084998846,120.064003,14.06999969,39,3305220000,1674970000,3305220000,235.976,0.11,140923,12176.1,5.4,104.24,0.19,0.63,-0.01
3/20/2015,1184.800049,2108.100098,5026.419922,1266.369995,1.066894293,120.762001,13.02000046,54,5554120000,2825670000,5554120000,235.976,0.11,140923,12176.1,5.4,104.24,0.17,0.6,-0.08
3/21/2015,1184.800049,2108.100098,5026.419922,1266.369995,1.066894293,120.762001,13.02000046,54,5554120000,2825670000,5554120000,235.976,0.11,140923,12176.1,5.4,104.24,0.17,0.6,-0.08
3/22/2015,1184.800049,2108.100098,5026.419922,1266.369995,1.066894293,120.762001,13.02000046,54,5554120000,2825670000,5554120000,235.976,0.11,140923,12176.1,5.4,104.24,0.17,0.6,-0.08
3/23/2015,1188,2104.419922,5010.970215,1264.709961,1.082661152,120.0270004,13.40999985,5,3267960000,1608880000,3267960000,235.976,0.11,140923,12176.1,5.4,104.24,0.17,0.6,-0.07
3/24/2015,1191.699951,2091.5,4994.72998,1263.459961,1.094499111,119.75,13.61999989,411,3189820000,1611670000,3189820000,235.976,0.11,140923,12176.1,5.4,104.24,0.11,0.58,-0.16
3/25/2015,1197.300049,2061.050049,4876.52002,1233.849976,1.090203404,119.7910004,15.43999958,11,3521140000,2219520000,3521140000,235.976,0.11,140923,12176.1,5.4,104.24,0.12,0.59,-0.15
3/26/2015,1205.099976,2056.149902,4863.359863,1231.98999,1.096046567,119.5179977,15.80000019,68,3510670000,2004960000,3510670000,235.976,0.11,140923,12176.1,5.4,104.24,0.21,0.61,-0.1
3/27/2015,1199.800049,2061.02002,4891.220215,1240.410034,1.088636756,119.1829987,15.06999969,172260,3008550000,1678650000,3008550000,235.976,0.11,140923,12176.1,5.4,104.24,0.19,0.58,-0.12
3/28/2015,1199.800049,2061.02002,4891.220215,1240.410034,1.088636756,119.1829987,15.06999969,172260,3008550000,1678650000,3008550000,235.976,0.11,140923,12176.1,5.4,104.24,0.19,0.58,-0.12
3/29/2015,1199.800049,2061.02002,4891.220215,1240.410034,1.088636756,119.1829987,15.06999969,172260,3008550000,1678650000,3008550000,235.976,0.11,140923,12176.1,5.4,104.24,0.19,0.58,-0.12
3/30/2015,1184.800049,2086.23999,4947.439941,1257.800049,1.088494658,119.25,14.51000023,37990,2917690000,1778520000,2917690000,235.976,0.11,140923,12176.1,5.4,104.24,0.23,0.58,-0.08
3/31/2015,1183.099976,2067.889893,4900.879883,1252.77002,1.083024621,120.0130005,15.28999996,3409,3376550000,1837660000,3376550000,235.976,0.11,140923,12176.1,5.4,104.24,0.18,0.56,-0.14
4/1/2015,1208.099976,2059.689941,4880.22998,1251.709961,1.073814034,120.0220032,15.10999966,1632,3543270000,1874960000,3543270000,236.222,0.12,141196,12209.1,5.4,102.19,0.07,0.55,-0.26
4/2/2015,1200.900024,2066.959961,4886.939941,1255.660034,1.0769943,119.5739975,14.67000008,1684,3095960000,1563670000,3095960000,236.222,0.12,141196,12209.1,5.4,102.19,0.11,0.55,-0.21
4/3/2015,1200.900024,2066.959961,4886.939941,1255.660034,1.087074637,119.6969986,14.67000008,1684,3095960000,1563670000,3095960000,236.222,0.12,141196,12209.1,5.4,102.19,0.02,0.49,-0.32
4/4/2015,1200.900024,2066.959961,4886.939941,1255.660034,1.087074637,119.6969986,14.67000008,1684,3095960000,1563670000,3095960000,236.222,0.12,141196,12209.1,5.4,102.19,0.02,0.49,-0.32
4/5/2015,1200.900024,2066.959961,4886.939941,1255.660034,1.087074637,119.6969986,14.67000008,1684,3095960000,1563670000,3095960000,236.222,0.12,141196,12209.1,5.4,102.19,0.02,0.49,-0.32
4/6/2015,1218.599976,2080.620117,4917.319824,1260.540039,1.100134254,118.822998,14.73999977,343,3302970000,1737560000,3302970000,236.222,0.12,141196,12209.1,5.4,102.19,0.07,0.51,-0.29
4/7/2015,1210.599976,2076.330078,4910.22998,1253.359985,1.093481779,119.4769974,14.77999973,406,3065510000,1572940000,3065510000,236.222,0.12,141196,12209.1,5.4,102.19,0.04,0.52,-0.28
4/8/2015,1203.099976,2081.899902,4950.819824,1262.709961,1.082415104,120.2900009,13.97999954,236,3265330000,1714210000,3265330000,236.222,0.12,141196,12209.1,5.4,102.19,0.08,0.54,-0.23
4/9/2015,1193.599976,2091.179932,4974.560059,1259.109985,1.07852757,120.0940018,13.09000015,521,3172360000,1729750000,3172360000,236.222,0.12,141196,12209.1,5.4,102.19,0.13,0.56,-0.19
4/10/2015,1204.599976,2102.060059,4995.97998,1264.77002,1.066905618,120.5500031,12.57999992,202,3156200000,1494240000,536200000,236.222,0.12,141196,12209.1,5.4,102.19,0.14,0.57,-0.15
4/11/2015,1204.599976,2102.060059,4995.97998,1264.77002,1.066905618,120.5500031,12.57999992,202,3156200000,1494240000,536200000,236.222,0.12,141196,12209.1,5.4,102.19,0.14,0.57,-0.15
4/12/2015,1204.599976,2102.060059,4995.97998,1264.77002,1.066905618,120.5500031,12.57999992,202,3156200000,1494240000,536200000,236.222,0.12,141196,12209.1,5.4,102.19,0.14,0.57,-0.15
4/13/2015,1199.300049,2092.429932,4988.25,1265.589966,1.060985446,120.2089996,13.93999958,424,2908420000,1544190000,2908420000,236.222,0.12,141196,12209.1,5.4,102.19,0.14,0.54,-0.17
4/14/2015,1192.800049,2095.840088,4977.290039,1265.349976,1.057294726,120.0589981,13.67000008,546,3301270000,1571360000,3301270000,236.222,0.12,141196,12209.1,5.4,102.19,0.1,0.53,-0.21
4/15/2015,1201.5,2106.629883,5011.02002,1275.349976,1.06471324,119.4570007,12.84000015,196,4013760000,1795530000,4013760000,236.222,0.12,141196,12209.1,5.4,102.19,0.07,0.51,-0.26
4/16/2015,1198,2104.98999,5007.790039,1272.900024,1.06768024,119.1429977,12.60000038,199,3434120000,1662850000,3434120000,236.222,0.12,141196,12209.1,5.4,102.19,0.05,0.5,-0.27
4/17/2015,1202.900024,2081.179932,4931.810059,1251.859985,1.075557947,119.0439987,13.89000034,21,3627600000,1985190000,3627600000,236.222,0.12,141196,12209.1,5.4,102.19,-0.02,0.51,-0.34
4/18/2015,1202.900024,2081.179932,4931.810059,1251.859985,1.075557947,119.0439987,13.89000034,21,3627600000,1985190000,3627600000,236.222,0.12,141196,12209.1,5.4,102.19,-0.02,0.51,-0.34
4/19/2015,1202.900024,2081.179932,4931.810059,1251.859985,1.075557947,119.0439987,13.89000034,21,3627600000,1985190000,3627600000,236.222,0.12,141196,12209.1,5.4,102.19,-0.02,0.51,-0.34
4/20/2015,1193.5,2100.399902,4994.600098,1264.920044,1.08102262,118.8180008,13.30000019,67,3000160000,1646340000,3000160000,236.222,0.12,141196,12209.1,5.4,102.19,0.01,0.55,-0.27
4/21/2015,1202.900024,2097.290039,5014.100098,1264.150024,1.074748755,119.1949997,13.25,33,3243410000,1721260000,3243410000,236.222,0.12,141196,12209.1,5.4,102.19,0.06,0.55,-0.24
4/22/2015,1186.900024,2107.959961,5035.169922,1265.47998,1.074171543,119.6330032,12.71000004,93,3348480000,1696380000,3348480000,236.222,0.12,141196,12209.1,5.4,102.19,0.12,0.57,-0.19
4/23/2015,1194.400024,2112.929932,5056.060059,1271.540039,1.07258153,119.9499969,12.47999954,331,3636670000,1858620000,3636670000,236.222,0.12,141196,12209.1,5.4,102.19,0.07,0.55,-0.33
4/24/2015,1175.199951,2117.689941,5092.080078,1267.540039,1.081501961,119.5709991,12.28999996,52,3375780000,1895150000,3375780000,236.222,0.12,141196,12209.1,5.4,102.19,0.04,0.54,-0.37
4/25/2015,1175.199951,2117.689941,5092.080078,1267.540039,1.081501961,119.5709991,12.28999996,52,3375780000,1895150000,3375780000,236.222,0.12,141196,12209.1,5.4,102.19,0.04,0.54,-0.37
4/26/2015,1175.199951,2117.689941,5092.080078,1267.540039,1.081501961,119.5709991,12.28999996,52,3375780000,1895150000,3375780000,236.222,0.12,141196,12209.1,5.4,102.19,0.04,0.54,-0.37
4/27/2015,1203.300049,2108.919922,5060.25,1252.699951,1.086897373,118.927002,13.11999989,194,3438750000,2172470000,3438750000,236.222,0.12,141196,12209.1,5.4,102.19,0.03,0.54,-0.35
4/28/2015,1214,2114.76001,5055.419922,1259.359985,1.087795973,119.1259995,12.40999985,401,3546270000,2032500000,3546270000,236.222,0.12,141196,12209.1,5.4,102.19,0.11,0.56,-0.3
4/29/2015,1209.800049,2106.850098,5023.640137,1246.949951,1.096912146,118.822998,13.39000034,114,4074970000,1871300000,4074970000,236.222,0.12,141196,12209.1,5.4,102.19,0.14,0.56,-0.27
4/30/2015,1182.400024,2085.51001,4941.419922,1220.130005,1.111432195,118.9700012,14.55000019,143,4509680000,2269290000,4509680000,236.222,0.12,141196,12209.1,5.4,102.19,0.11,0.58,-0.29
5/1/2015,1174.5,2108.290039,5005.390137,1228.109985,1.121465921,119.4520035,12.69999981,23,3379390000,1854400000,3379390000,237.001,0.12,141538,12275.4,5.6,76.26,0.18,0.6,-0.22
5/2/2015,1174.5,2108.290039,5005.390137,1228.109985,1.121465921,119.4520035,12.69999981,23,3379390000,1854400000,3379390000,237.001,0.12,141538,12275.4,5.6,76.26,0.18,0.6,-0.22
5/3/2015,1174.5,2108.290039,5005.390137,1228.109985,1.121465921,119.4520035,12.69999981,23,3379390000,1854400000,3379390000,237.001,0.12,141538,12275.4,5.6,76.26,0.18,0.6,-0.22
5/4/2015,1186.800049,2114.48999,5016.930176,1233.219971,1.118593216,120.1360016,12.85000038,38,3091580000,1668200000,3091580000,237.001,0.12,141538,12275.4,5.6,76.26,0.24,0.6,-0.18
5/5/2015,1193.199951,2089.459961,4939.330078,1215.420044,1.114914179,120.0999985,14.31000042,48,3793950000,2069490000,3793950000,237.001,0.12,141538,12275.4,5.6,76.26,0.25,0.62,-0.18
5/6/2015,1190.300049,2080.149902,4919.640137,1219.359985,1.118630767,119.9219971,15.14999962,14,3792210000,2144620000,3792210000,237.001,0.12,141538,12275.4,5.6,76.26,0.34,0.65,-0.11
5/7/2015,1182.400024,2088,4945.540039,1225.540039,1.134146929,119.3970032,15.13000011,44,3676640000,2042960000,3676640000,237.001,0.12,141538,12275.4,5.6,76.26,0.3,0.63,-0.11
5/8/2015,1189.099976,2116.100098,5003.549805,1234.930054,1.124694943,119.7089996,12.85999966,51,3399440000,1978760000,3399440000,237.001,0.12,141538,12275.4,5.6,76.26,0.28,0.59,-0.16
5/9/2015,1189.099976,2116.100098,5003.549805,1234.930054,1.124694943,119.7089996,12.85999966,51,3399440000,1978760000,3399440000,237.001,0.12,141538,12275.4,5.6,76.26,0.28,0.59,-0.16
5/10/2015,1189.099976,2116.100098,5003.549805,1234.930054,1.124694943,119.7089996,12.85999966,51,3399440000,1978760000,3399440000,237.001,0.12,141538,12275.4,5.6,76.26,0.28,0.59,-0.16
5/11/2015,1183.199951,2105.330078,4993.569824,1235.829956,1.119407177,119.7799988,13.85000038,26,2992670000,1731390000,2992670000,237.001,0.12,141538,12275.4,5.6,76.26,0.4,0.62,-0.05
5/12/2015,1192.599976,2099.120117,4976.189941,1233.130005,1.114441991,120.1309967,13.85999966,10,3139520000,1705870000,3139520000,237.001,0.12,141538,12275.4,5.6,76.26,0.4,0.61,-0.07
5/13/2015,1218.400024,2098.47998,4981.689941,1232.280029,1.122145534,119.8349991,13.76000023,34,3374260000,1672260000,3374260000,237.001,0.12,141538,12275.4,5.6,76.26,0.41,0.59,-0.1
5/14/2015,1225.400024,2121.100098,5050.799805,1245.109985,1.135048032,119.1600037,12.73999977,35,3225740000,1741970000,3225740000,237.001,0.12,141538,12275.4,5.6,76.26,0.36,0.56,-0.14
5/15/2015,1225.5,2122.72998,5048.290039,1243.949951,1.140497923,119.1910019,12.38000011,12,3092080000,1667260000,3092080000,237.001,0.12,141538,12275.4,5.6,76.26,0.31,0.55,-0.16
5/16/2015,1225.5,2122.72998,5048.290039,1243.949951,1.140497923,119.1910019,12.38000011,12,3092080000,1667260000,3092080000,237.001,0.12,141538,12275.4,5.6,76.26,0.31,0.55,-0.16
5/17/2015,1225.5,2122.72998,5048.290039,1243.949951,1.140497923,119.1910019,12.38000011,12,3092080000,1667260000,3092080000,237.001,0.12,141538,12275.4,5.6,76.26,0.31,0.55,-0.16
5/18/2015,1227.800049,2129.199951,5078.439941,1257.52002,1.144505262,119.3300018,12.72999954,8,2888190000,1643870000,2888190000,237.001,0.12,141538,12275.4,5.6,76.26,0.37,0.58,-0.1
5/19/2015,1206.900024,2127.830078,5070.029785,1255.660034,1.132618308,119.9000015,12.85000038,9,3296030000,1750980000,3296030000,237.001,0.12,141538,12275.4,5.6,76.26,0.42,0.63,-0.02
5/20/2015,1208.900024,2125.850098,5071.740234,1257.73999,1.114665627,120.6520004,12.88000011,11,3025880000,1786830000,3025880000,237.001,0.12,141538,12275.4,5.6,76.26,0.38,0.6,-0.08
5/21/2015,1204.400024,2130.820068,5090.790039,1256.73999,1.110075116,121.211998,12.10999966,43,3070460000,1683670000,3070460000,237.001,0.12,141538,12275.4,5.6,76.26,0.35,0.6,-0.1
5/22/2015,1204.300049,2126.060059,5089.359863,1252.219971,1.111185193,121.0390015,12.13000011,8,2571860000,1544920000,2571860000,237.001,0.12,141538,12275.4,5.6,76.26,0.34,0.64,-0.08
5/23/2015,1204.300049,2126.060059,5089.359863,1252.219971,1.111185193,121.0390015,12.13000011,8,2571860000,1544920000,2571860000,237.001,0.12,141538,12275.4,5.6,76.26,0.34,0.64,-0.08
5/24/2015,1204.300049,2126.060059,5089.359863,1252.219971,1.111185193,121.0390015,12.13000011,8,2571860000,1544920000,2571860000,237.001,0.12,141538,12275.4,5.6,76.26,0.34,0.64,-0.08
5/25/2015,1204.300049,2126.060059,5089.359863,1252.219971,1.099299788,121.5709991,12.13000011,8,2571860000,1544920000,2571860000,237.001,0.12,141538,12275.4,5.6,76.26,0.34,0.64,-0.08
5/26/2015,1187.199951,2104.199951,5032.75,1238.76001,1.097116709,121.5999985,14.06000042,40,3342130000,1731950000,3342130000,237.001,0.12,141538,12275.4,5.6,76.26,0.32,0.64,-0.05
5/27/2015,1185.900024,2123.47998,5106.589844,1254.359985,1.088885784,122.9860001,13.27000046,200216,3127960000,1809550000,3127960000,237.001,0.12,141538,12275.4,5.6,76.26,0.34,0.64,-0.01
5/28/2015,1188.099976,2120.790039,5097.97998,1253.099976,1.090001464,123.7399979,13.31000042,52705,2980350000,1741420000,2980350000,237.001,0.12,141538,12275.4,5.6,76.26,0.33,0.62,-0.02
5/29/2015,1189.400024,2107.389893,5070.029785,1246.530029,1.096034527,123.8199997,13.84000015,4748,3927390000,2024170000,3927390000,237.001,0.12,141538,12275.4,5.6,76.26,0.32,0.61,-0.08
5/30/2015,1189.400024,2107.389893,5070.029785,1246.530029,1.096034527,123.8199997,13.84000015,4748,3927390000,2024170000,3927390000,237.001,0.12,141538,12275.4,5.6,76.26,0.32,0.61,-0.08
5/31/2015,1189.400024,2107.389893,5070.029785,1246.530029,1.096034527,123.8199997,13.84000015,4748,3927390000,2024170000,3927390000,237.001,0.12,141538,12275.4,5.6,76.26,0.32,0.61,-0.08
6/1/2015,1188.300049,2111.72998,5082.930176,1249.619995,1.09579432,124.1930008,13.97000027,1236,3011710000,1902120000,3011710000,237.657,0.13,141709,12307.9,5.3,85.91,0.39,0.64,0
6/2/2015,1194.099976,2109.600098,5076.52002,1251.800049,1.092299342,124.8470001,14.23999977,1003,3049350000,1729750000,3049350000,237.657,0.13,141709,12307.9,5.3,85.91,0.44,0.64,0.02
6/3/2015,1184.699951,2114.070068,5099.22998,1264.579956,1.115001202,124.0360031,13.65999985,630,3099980000,1852680000,3099980000,237.657,0.13,141709,12307.9,5.3,85.91,0.55,0.69,0.1
6/4/2015,1174.900024,2095.840088,5059.120117,1251.290039,1.125783801,124.3040009,14.71000004,447,3200050000,1813960000,3200050000,237.657,0.13,141709,12307.9,5.3,85.91,0.5,0.66,0.06
6/5/2015,1167.800049,2092.830078,5068.459961,1261.01001,1.120787263,124.3799973,14.21000004,390,3243690000,1842890000,3243690000,237.657,0.13,141709,12307.9,5.3,85.91,0.55,0.73,0.11
6/6/2015,1167.800049,2092.830078,5068.459961,1261.01001,1.120787263,124.3799973,14.21000004,390,3243690000,1842890000,3243690000,237.657,0.13,141709,12307.9,5.3,85.91,0.55,0.73,0.11
6/7/2015,1167.800049,2092.830078,5068.459961,1261.01001,1.120787263,124.3799973,14.21000004,390,3243690000,1842890000,3243690000,237.657,0.13,141709,12307.9,5.3,85.91,0.55,0.73,0.11
6/8/2015,1173.199951,2079.280029,5021.629883,1253.699951,1.110814929,125.6289978,15.28999996,173,2917150000,1712210000,2917150000,237.657,0.13,141709,12307.9,5.3,85.91,0.54,0.7,0.09
6/9/2015,1177.300049,2080.149902,5013.870117,1249.660034,1.128095269,124.5630035,14.47000027,144,3034580000,1754340000,3034580000,237.657,0.13,141709,12307.9,5.3,85.91,0.56,0.72,0.09
6/10/2015,1186.099976,2105.199951,5076.689941,1266.930054,1.129905224,124.3389969,13.22000027,295,3414320000,1792980000,3414320000,237.657,0.13,141709,12307.9,5.3,85.91,0.63,0.75,0.14
6/11/2015,1179.900024,2108.860107,5082.509766,1268.920044,1.131196141,122.8659973,12.85000038,69,3128600000,1623950000,3128600000,237.657,0.13,141709,12307.9,5.3,85.91,0.56,0.73,0.11
6/12/2015,1178.800049,2094.110107,5051.100098,1265.02002,1.124062777,123.5810013,13.77999973,141,2719400000,1428900000,2719400000,237.657,0.13,141709,12307.9,5.3,85.91,0.55,0.74,0.11
6/13/2015,1178.800049,2094.110107,5051.100098,1265.02002,1.124062777,123.5810013,13.77999973,141,2719400000,1428900000,2719400000,237.657,0.13,141709,12307.9,5.3,85.91,0.55,0.74,0.11
6/14/2015,1178.800049,2094.110107,5051.100098,1265.02002,1.124062777,123.5810013,13.77999973,141,2719400000,1428900000,2719400000,237.657,0.13,141709,12307.9,5.3,85.91,0.55,0.74,0.11
6/15/2015,1185.300049,2084.429932,5029.970215,1261.040039,1.121994495,123.2900009,15.39000034,102,3061570000,1790280000,3061570000,237.657,0.13,141709,12307.9,5.3,85.91,0.51,0.72,0.07
6/16/2015,1180.5,2096.290039,5055.549805,1269.530029,1.127700806,123.4199982,14.81000042,29,2919900000,1654820000,2919900000,237.657,0.13,141709,12307.9,5.3,85.91,0.44,0.71,0.01
6/17/2015,1176.400024,2100.439941,5064.879883,1268.329956,1.124201775,123.439003,14.5,168,3222240000,1712820000,3222240000,237.657,0.13,141709,12307.9,5.3,85.91,0.42,0.67,-0.06
6/18/2015,1201.5,2121.23999,5132.950195,1284.680054,1.136996746,123.5299988,13.18999958,130,3520360000,1877920000,3499000000,237.657,0.13,141709,12307.9,5.3,85.91,0.46,0.66,-0.02
6/19/2015,1201.5,2109.98999,5117,1284.660034,1.137074232,123.0019989,13.96000004,142,4449810000,2468310000,4449810000,237.657,0.13,141709,12307.9,5.3,85.91,0.4,0.65,-0.04
6/20/2015,1201.5,2109.98999,5117,1284.660034,1.137074232,123.0019989,13.96000004,142,4449810000,2468310000,4449810000,237.657,0.13,141709,12307.9,5.3,85.91,0.4,0.65,-0.04
6/21/2015,1201.5,2109.98999,5117,1284.660034,1.137074232,123.0019989,13.96000004,142,4449810000,2468310000,4449810000,237.657,0.13,141709,12307.9,5.3,85.91,0.4,0.65,-0.04
6/22/2015,1183.699951,2122.850098,5153.970215,1292.390015,1.137294173,122.7509995,12.73999977,30,3030020000,1619970000,3030020000,237.657,0.13,141709,12307.9,5.3,85.91,0.47,0.68,0.03
6/23/2015,1176.199951,2124.199951,5160.089844,1295.800049,1.134906292,123.3789978,12.10999966,60,3091190000,1613540000,3091190000,237.657,0.13,141709,12307.9,5.3,85.91,0.5,0.7,0.04
6/24/2015,1172.599976,2108.580078,5122.410156,1283.920044,1.117218614,123.8600006,13.26000023,263,3102480000,1628800000,3102480000,237.657,0.13,141709,12307.9,5.3,85.91,0.48,0.68,0.05
6/25/2015,1171.5,2102.310059,5112.189941,1283.280029,1.120699286,123.8509979,14.01000023,95,3214610000,1614760000,3214610000,237.657,0.13,141709,12307.9,5.3,85.91,0.49,0.68,0.07
6/26/2015,1172.900024,2101.48999,5080.509766,1279.800049,1.120297551,123.5979996,14.02000046,308,5025470000,3843810000,5025470000,237.657,0.13,141709,12307.9,5.3,85.91,0.57,0.72,0.09
6/27/2015,1172.900024,2101.48999,5080.509766,1279.800049,1.120297551,123.5979996,14.02000046,308,5025470000,3843810000,5025470000,237.657,0.13,141709,12307.9,5.3,85.91,0.57,0.72,0.09
6/28/2015,1172.900024,2101.48999,5080.509766,1279.800049,1.120297551,123.5979996,14.02000046,308,5025470000,3843810000,5025470000,237.657,0.13,141709,12307.9,5.3,85.91,0.57,0.72,0.09
6/29/2015,1178.5,2057.639893,4958.470215,1246.75,1.097502112,122.6119995,18.85000038,174,3678960000,2025580000,3678960000,237.657,0.13,141709,12307.9,5.3,85.91,0.46,0.64,0.03
6/30/2015,1171.5,2063.110107,4986.870117,1253.949951,1.122296691,122.6699982,18.22999954,223,4078540000,2034430000,4078540000,237.657,0.13,141709,12307.9,5.3,85.91,0.48,0.64,0.02
7/1/2015,1169,2077.419922,5013.120117,1256.400024,1.113498926,122.3860016,16.09000015,455,3727260000,1814560000,3727260000,238.034,0.13,141991,12364.9,5.2,106.81,0.54,0.69,0.1
7/2/2015,1163,2076.780029,5009.209961,1248.26001,1.103363037,123.3199997,16.79000092,316,2996540000,1490810000,2996540000,238.034,0.13,141991,12364.9,5.2,106.81,0.49,0.64,0.02
7/3/2015,1163,2076.780029,5009.209961,1248.26001,1.10869658,123.0589981,16.79000092,316,2996540000,1490810000,2996540000,238.034,0.13,141991,12364.9,5.2,106.81,0.49,0.64,0.02
7/4/2015,1163,2076.780029,5009.209961,1248.26001,1.10869658,123.0589981,16.79000092,316,2996540000,1490810000,2996540000,238.034,0.13,141991,12364.9,5.2,106.81,0.49,0.64,0.02
7/5/2015,1163,2076.780029,5009.209961,1248.26001,1.10869658,123.0589981,16.79000092,316,2996540000,1490810000,2996540000,238.034,0.13,141991,12364.9,5.2,106.81,0.49,0.64,0.02
7/6/2015,1172.900024,2068.76001,4991.939941,1246.959961,1.099505186,122.4069977,17.01000023,634,3486360000,1741500000,3486360000,238.034,0.13,141991,12364.9,5.2,106.81,0.43,0.6,-0.01
7/7/2015,1152.400024,2081.340088,4997.459961,1248.050049,1.104899168,122.6110001,16.09000015,469,4458660000,2132080000,4458660000,238.034,0.13,141991,12364.9,5.2,106.81,0.4,0.58,-0.02
7/8/2015,1163.300049,2046.680054,4909.759766,1228.959961,1.100994229,122.4899979,19.65999985,65,3608780000,1931520000,3608780000,238.034,0.13,141991,12364.9,5.2,106.81,0.39,0.55,-0.04
7/9/2015,1159,2051.310059,4922.399902,1234.150024,1.107100964,120.8619995,19.96999931,65,3446810000,1861600000,3446810000,238.034,0.13,141991,12364.9,5.2,106.81,0.47,0.6,0.02
7/10/2015,1157.699951,2076.620117,4997.700195,1252.02002,1.106304884,121.6999969,16.82999992,27,3065070000,1590230000,3065070000,238.034,0.13,141991,12364.9,5.2,106.81,0.55,0.65,0.1
7/11/2015,1157.699951,2076.620117,4997.700195,1252.02002,1.106304884,121.6999969,16.82999992,27,3065070000,1590230000,3065070000,238.034,0.13,141991,12364.9,5.2,106.81,0.55,0.65,0.1
7/12/2015,1157.699951,2076.620117,4997.700195,1252.02002,1.106304884,121.6999969,16.82999992,27,3065070000,1590230000,3065070000,238.034,0.13,141991,12364.9,5.2,106.81,0.55,0.65,0.1
7/13/2015,1155.199951,2099.600098,5071.509766,1265.349976,1.112904191,122.4960022,13.89999962,14,3096730000,1694140000,3096730000,238.034,0.13,141991,12364.9,5.2,106.81,0.58,0.69,0.15
7/14/2015,1153.300049,2108.949951,5104.890137,1273.329956,1.099045992,123.5699997,13.36999989,39,3002120000,1682660000,3002120000,238.034,0.13,141991,12364.9,5.2,106.81,0.56,0.66,0.12
7/15/2015,1147.199951,2107.399902,5098.939941,1264.52002,1.100800276,123.3199997,13.22999954,15,3261810000,1691350000,3261810000,238.034,0.13,141991,12364.9,5.2,106.81,0.52,0.64,0.1
7/16/2015,1143.800049,2124.290039,5163.180176,1272.829956,1.094355345,123.8700027,12.10999966,14,3227080000,1823530000,3227080000,238.034,0.13,141991,12364.9,5.2,106.81,0.52,0.67,0.14
7/17/2015,1131.800049,2126.639893,5210.140137,1267.089966,1.088601232,124.1490021,11.94999981,120,3362750000,1854450000,3362750000,238.034,0.13,141991,12364.9,5.2,106.81,0.51,0.68,0.17
7/18/2015,1131.800049,2126.639893,5210.140137,1267.089966,1.088601232,124.1490021,11.94999981,120,3362750000,1854450000,3362750000,238.034,0.13,141991,12364.9,5.2,106.81,0.51,0.68,0.17
7/19/2015,1131.800049,2126.639893,5210.140137,1267.089966,1.088601232,124.1490021,11.94999981,120,3362750000,1854450000,3362750000,238.034,0.13,141991,12364.9,5.2,106.81,0.51,0.68,0.17
7/20/2015,1106.699951,2128.280029,5218.859863,1260.219971,1.083024621,124.1419983,12.25,189,3245870000,1814180000,3245870000,238.034,0.13,141991,12364.9,5.2,106.81,0.56,0.71,0.23
7/21/2015,1103.400024,2119.209961,5208.120117,1254.569946,1.083541036,124.2939987,12.22000027,118,3343690000,1774570000,3343690000,238.034,0.13,141991,12364.9,5.2,106.81,0.53,0.71,0.2
7/22/2015,1091.400024,2114.149902,5171.77002,1258.349976,1.093996167,123.8600006,12.11999989,46,3694070000,2035730000,3694070000,238.034,0.13,141991,12364.9,5.2,106.81,0.53,0.75,0.21
7/23/2015,1094,2102.149902,5146.410156,1244.969971,1.092705131,124.0680008,12.64000034,64,3772810000,2003310000,3772810000,238.034,0.13,141991,12364.9,5.2,106.81,0.49,0.71,0.2
7/24/2015,1085.599976,2079.649902,5088.629883,1225.98999,1.098901033,123.8759995,13.73999977,52,3870040000,2004380000,3870040000,238.034,0.13,141991,12364.9,5.2,106.81,0.51,0.7,0.24
7/25/2015,1085.599976,2079.649902,5088.629883,1225.98999,1.098901033,123.8759995,13.73999977,52,3870040000,2004380000,3870040000,238.034,0.13,141991,12364.9,5.2,106.81,0.51,0.7,0.24
7/26/2015,1085.599976,2079.649902,5088.629883,1225.98999,1.098901033,123.8759995,13.73999977,52,3870040000,2004380000,3870040000,238.034,0.13,141991,12364.9,5.2,106.81,0.51,0.7,0.24
7/27/2015,1096.5,2067.639893,5039.779785,1214.609985,1.09723711,123.7630005,15.60000038,19,3836750000,1942520000,3836750000,238.034,0.13,141991,12364.9,5.2,106.81,0.5,0.68,0.23
7/28/2015,1096.300049,2093.25,5089.209961,1224.599976,1.109004021,123.2399979,13.43999958,31,4117740000,2025110000,4117740000,238.034,0.13,141991,12364.9,5.2,106.81,0.51,0.69,0.23
7/29/2015,1092.699951,2108.570068,5111.72998,1229.599976,1.106598616,123.5759964,12.5,159142,4038900000,1890350000,4038900000,238.034,0.13,141991,12364.9,5.2,106.81,0.52,0.7,0.22
7/30/2015,1088.400024,2108.629883,5128.779785,1232.069946,1.098406196,123.9400024,12.13000011,49298,3579410000,1908480000,3579410000,238.034,0.13,141991,12364.9,5.2,106.81,0.51,0.72,0.22
7/31/2015,1094.900024,2103.840088,5128.279785,1238.680054,1.093924403,124.0709991,12.11999989,5700,3681340000,1926360000,3681340000,238.034,0.13,141991,12364.9,5.2,106.81,0.46,0.67,0.18
8/1/2015,1094.900024,2103.840088,5128.279785,1238.680054,1.093924403,124.0709991,12.11999989,5700,3681340000,1926360000,3681340000,238.033,0.14,142125,12396.2,5.1,82.48,0.46,0.67,0.18
8/2/2015,1094.900024,2103.840088,5128.279785,1238.680054,1.093924403,124.0709991,12.11999989,5700,3681340000,1926360000,3681340000,238.033,0.14,142125,12396.2,5.1,82.48,0.46,0.67,0.18
8/3/2015,1089.400024,2098.040039,5115.379883,1231.790039,1.096900105,124.0400009,12.56000042,2418,3476770000,1790080000,3476770000,238.033,0.14,142125,12396.2,5.1,82.48,0.46,0.68,0.21
8/4/2015,1090.699951,2093.320068,5105.549805,1228.849976,1.095602274,123.9449997,13,1139,3546710000,1819700000,3546710000,238.033,0.14,142125,12396.2,5.1,82.48,0.52,0.74,0.29
8/5/2015,1085.699951,2099.840088,5139.939941,1231.75,1.088897586,124.2740021,12.51000023,1207,3968680000,2041490000,3968680000,238.033,0.14,142125,12396.2,5.1,82.48,0.58,0.73,0.34
8/6/2015,1090.199951,2083.560059,5056.439941,1215.849976,1.090310454,124.7300034,13.77000046,269,4246570000,2290950000,4246570000,238.033,0.14,142125,12396.2,5.1,82.48,0.56,0.71,0.31
8/7/2015,1094.099976,2077.570068,5043.540039,1206.900024,1.092705131,124.7340012,13.39000034,614,3602320000,2008360000,3602320000,238.033,0.14,142125,12396.2,5.1,82.48,0.52,0.73,0.31
8/8/2015,1094.099976,2077.570068,5043.540039,1206.900024,1.092705131,124.7340012,13.39000034,614,3602320000,2008360000,3602320000,238.033,0.14,142125,12396.2,5.1,82.48,0.52,0.73,0.31
8/9/2015,1094.099976,2077.570068,5043.540039,1206.900024,1.092705131,124.7340012,13.39000034,614,3602320000,2008360000,3602320000,238.033,0.14,142125,12396.2,5.1,82.48,0.52,0.73,0.31
8/10/2015,1104.199951,2104.179932,5101.799805,1222.670044,1.096503258,124.3000031,12.22999954,900,3514460000,1784930000,3514460000,238.033,0.14,142125,12396.2,5.1,82.48,0.55,0.73,0.32
8/11/2015,1107.599976,2084.070068,5036.790039,1211.140015,1.101697683,124.612999,13.71000004,997,3708880000,1912340000,3708880000,238.033,0.14,142125,12396.2,5.1,82.48,0.49,0.68,0.26
8/12/2015,1123.199951,2086.050049,5044.390137,1208.97998,1.104203701,125.0699997,13.60999966,797,4269130000,2089460000,4269130000,238.033,0.14,142125,12396.2,5.1,82.48,0.52,0.67,0.25
8/13/2015,1115.699951,2083.389893,5033.560059,1204.73999,1.116096377,124.2549973,13.48999977,441,3221300000,1632340000,3221300000,238.033,0.14,142125,12396.2,5.1,82.48,0.57,0.72,0.34
8/14/2015,1112.900024,2091.540039,5048.240234,1212.689941,1.116096377,124.362999,12.82999992,908,2795590000,1487630000,2795590000,238.033,0.14,142125,12396.2,5.1,82.48,0.58,0.73,0.36
8/15/2015,1112.900024,2091.540039,5048.240234,1212.689941,1.116096377,124.362999,12.82999992,908,2795590000,1487630000,2795590000,238.033,0.14,142125,12396.2,5.1,82.48,0.58,0.73,0.36
8/16/2015,1112.900024,2091.540039,5048.240234,1212.689941,1.116096377,124.362999,12.82999992,908,2795590000,1487630000,2795590000,238.033,0.14,142125,12396.2,5.1,82.48,0.58,0.73,0.36
8/17/2015,1118.599976,2102.439941,5091.700195,1225.089966,1.109299302,124.3499985,13.02000046,399,2867690000,1510790000,2867690000,238.033,0.14,142125,12396.2,5.1,82.48,0.58,0.72,0.36
8/18/2015,1117.099976,2096.919922,5059.350098,1214.890015,1.107800007,124.4380035,13.78999996,475,2949990000,1501540000,2949990000,238.033,0.14,142125,12396.2,5.1,82.48,0.62,0.74,0.39
8/19/2015,1128.099976,2079.610107,5019.049805,1202.97998,1.103083134,124.3710022,15.25,348,3512920000,1785420000,3512920000,238.033,0.14,142125,12396.2,5.1,82.48,0.55,0.67,0.33
8/20/2015,1153,2035.72998,4877.490234,1172.52002,1.111802936,123.8970032,19.13999939,409,3922470000,2087000000,3922470000,238.033,0.14,142125,12396.2,5.1,82.48,0.53,0.69,0.33
8/21/2015,1159.599976,1970.890015,4706.040039,1156.790039,1.123696566,123.4199982,28.03000069,261,5018240000,2768540000,5018240000,238.033,0.14,142125,12396.2,5.1,82.48,0.52,0.64,0.31
8/22/2015,1159.599976,1970.890015,4706.040039,1156.790039,1.123696566,123.4199982,28.03000069,261,5018240000,2768540000,5018240000,238.033,0.14,142125,12396.2,5.1,82.48,0.52,0.64,0.31
8/23/2015,1159.599976,1970.890015,4706.040039,1156.790039,1.123696566,123.4199982,28.03000069,261,5018240000,2768540000,5018240000,238.033,0.14,142125,12396.2,5.1,82.48,0.52,0.64,0.31
8/24/2015,1153.400024,1893.209961,4526.25,1111.689941,1.137695193,121.7320023,40.74000168,299,6612690000,3508840000,6612690000,238.033,0.14,142125,12396.2,5.1,82.48,0.52,0.59,0.28
8/25/2015,1138.199951,1867.609985,4506.490234,1104.099976,1.158305645,118.8840027,36.02000046,217,5183560000,2612800000,5183560000,238.033,0.14,142125,12396.2,5.1,82.48,0.59,0.67,0.33
8/26/2015,1124.599976,1940.51001,4697.540039,1132.189941,1.155094504,118.5400009,30.31999969,116,5338250000,2631660000,5338250000,238.033,0.14,142125,12396.2,5.1,82.48,0.65,0.67,0.36
8/27/2015,1122.400024,1987.660034,4812.709961,1153.609985,1.134005427,120.0579987,26.10000038,564,5006390000,2368880000,4976390000,238.033,0.14,142125,12396.2,5.1,82.48,0.6,0.68,0.29
8/28/2015,1133.099976,1988.869995,4828.319824,1162.910034,1.124796152,121.0029984,26.04999924,279,3949080000,1936540000,3949080000,238.033,0.14,142125,12396.2,5.1,82.48,0.58,0.72,0.3
8/29/2015,1133.099976,1988.869995,4828.319824,1162.910034,1.124796152,121.0029984,26.04999924,279,3949080000,1936540000,3949080000,238.033,0.14,142125,12396.2,5.1,82.48,0.58,0.72,0.3
8/30/2015,1133.099976,1988.869995,4828.319824,1162.910034,1.124796152,121.0029984,26.04999924,279,3949080000,1936540000,3949080000,238.033,0.14,142125,12396.2,5.1,82.48,0.58,0.72,0.3
8/31/2015,1131.599976,1972.180054,4776.509766,1159.449951,1.121403098,121.2890015,28.43000031,194,3915100000,1839010000,3915100000,238.033,0.14,142125,12396.2,5.1,82.48,0.58,0.74,0.28
9/1/2015,1138.699951,1913.849976,4636.100098,1128.050049,1.122586489,121.0889969,31.39999962,375,4371850000,2253750000,4371850000,237.498,0.14,142275,12386.4,5,98.77,0.6,0.7,0.31
9/2/2015,1132.5,1948.859985,4749.97998,1146.030029,1.129343748,119.7149963,26.09000015,201,3742620000,1929080000,3742620000,237.498,0.14,142275,12386.4,5,98.77,0.64,0.72,0.33
9/3/2015,1123.699951,1951.130005,4733.5,1145.150024,1.121604323,120.5800018,25.61000061,122,3520700000,1803320000,3520700000,237.498,0.14,142275,12386.4,5,98.77,0.64,0.71,0.33
9/4/2015,1120.599976,1921.219971,4683.919922,1136.170044,1.112594604,120.0559998,27.79999924,51,3167090000,1574720000,3167090000,237.498,0.14,142275,12386.4,5,98.77,0.62,0.71,0.33
9/5/2015,1120.599976,1921.219971,4683.919922,1136.170044,1.112594604,120.0559998,27.79999924,51,3167090000,1574720000,3167090000,237.498,0.14,142275,12386.4,5,98.77,0.62,0.71,0.33
9/6/2015,1120.599976,1921.219971,4683.919922,1136.170044,1.112594604,120.0559998,27.79999924,51,3167090000,1574720000,3167090000,237.498,0.14,142275,12386.4,5,98.77,0.62,0.71,0.33
9/7/2015,1120.599976,1921.219971,4683.919922,1136.170044,1.115200162,119.1640015,27.79999924,51,3167090000,1574720000,3167090000,237.498,0.14,142275,12386.4,5,98.77,0.62,0.71,0.33
9/8/2015,1120.400024,1969.410034,4811.930176,1161.76001,1.116395473,119.4029999,24.89999962,138,3548650000,1765600000,3548650000,237.498,0.14,142275,12386.4,5,98.77,0.67,0.74,0.38
9/9/2015,1102.199951,1942.040039,4756.529785,1148.22998,1.120736957,120.0889969,26.22999954,150,3652120000,1963750000,3652120000,237.498,0.14,142275,12386.4,5,98.77,0.65,0.75,0.38
9/10/2015,1109.5,1952.290039,4796.25,1153.030029,1.122069955,120.2779999,24.37000084,56,3626320000,1845770000,3626320000,237.498,0.14,142275,12386.4,5,98.77,0.64,0.75,0.34
9/11/2015,1103.5,1961.050049,4822.339844,1157.790039,1.129088759,120.6190033,23.20000076,81,3218590000,1686190000,3218590000,237.498,0.14,142275,12386.4,5,98.77,0.61,0.71,0.31
9/12/2015,1103.5,1961.050049,4822.339844,1157.790039,1.129088759,120.6190033,23.20000076,81,3218590000,1686190000,3218590000,237.498,0.14,142275,12386.4,5,98.77,0.61,0.71,0.31
9/13/2015,1103.5,1961.050049,4822.339844,1157.790039,1.129088759,120.6190033,23.20000076,81,3218590000,1686190000,3218590000,237.498,0.14,142275,12386.4,5,98.77,0.61,0.71,0.31
9/14/2015,1107.699951,1953.030029,4805.759766,1153.5,1.134404302,120.7959976,24.25,19,3000200000,1467740000,3000200000,237.498,0.14,142275,12386.4,5,98.77,0.62,0.73,0.32
9/15/2015,1102.800049,1978.089966,4860.52002,1166,1.130761266,120.3600006,22.54000092,8,3239860000,1587460000,3239860000,237.498,0.14,142275,12386.4,5,98.77,0.72,0.82,0.41
9/16/2015,1119.199951,1995.310059,4889.240234,1175.199951,1.127179623,120.4339981,21.35000038,31,3630680000,1666380000,3630680000,237.498,0.14,142275,12386.4,5,98.77,0.73,0.82,0.41
9/17/2015,1117.300049,1990.199951,4893.950195,1180.689941,1.129203439,120.5230026,21.13999939,14,4183790000,1891510000,4183790000,237.498,0.14,142275,12386.4,5,98.77,0.63,0.7,0.26
9/18/2015,1138.099976,1958.030029,4827.22998,1163.349976,1.140094876,120.0459976,22.28000069,59,6021240000,3272150000,6000240000,237.498,0.14,142275,12386.4,5,98.77,0.58,0.69,0.26
9/19/2015,1138.099976,1958.030029,4827.22998,1163.349976,1.140094876,120.0459976,22.28000069,59,6021240000,3272150000,6000240000,237.498,0.14,142275,12386.4,5,98.77,0.58,0.69,0.26
9/20/2015,1138.099976,1958.030029,4827.22998,1163.349976,1.140094876,120.0459976,22.28000069,59,6021240000,3272150000,6000240000,237.498,0.14,142275,12386.4,5,98.77,0.58,0.69,0.26
9/21/2015,1133.099976,1966.969971,4828.950195,1161.089966,1.129203439,120.0009995,20.13999939,17,3269350000,2021530000,3259350000,237.498,0.14,142275,12386.4,5,98.77,0.66,0.72,0.32
9/22/2015,1125,1942.73999,4756.720215,1143.030029,1.119094014,120.4980011,22.44000053,43,3808260000,2042880000,3808260000,237.498,0.14,142275,12386.4,5,98.77,0.63,0.69,0.29
9/23/2015,1131.599976,1938.76001,4752.740234,1140.050049,1.112074971,120.0800018,22.12999916,33,3190530000,1606330000,3190530000,237.498,0.14,142275,12386.4,5,98.77,0.64,0.7,0.31
9/24/2015,1153.800049,1932.23999,4734.47998,1137.540039,1.118993759,120.1999969,23.46999931,37,4091530000,1995820000,4091530000,237.498,0.14,142275,12386.4,5,98.77,0.64,0.67,0.33
9/25/2015,1146,1931.339966,4686.5,1122.790039,1.117892981,120.2399979,23.62000084,56,3721870000,2050530000,3721870000,237.498,0.14,142275,12386.4,5,98.77,0.71,0.7,0.37
9/26/2015,1146,1931.339966,4686.5,1122.790039,1.117892981,120.2399979,23.62000084,56,3721870000,2050530000,3721870000,237.498,0.14,142275,12386.4,5,98.77,0.71,0.7,0.37
9/27/2015,1146,1931.339966,4686.5,1122.790039,1.117892981,120.2399979,23.62000084,56,3721870000,2050530000,3721870000,237.498,0.14,142275,12386.4,5,98.77,0.71,0.7,0.37
9/28/2015,1132,1881.77002,4543.970215,1090.569946,1.120172024,120.3679962,27.62999916,4346,4326660000,2387610000,4326660000,237.498,0.14,142275,12386.4,5,98.77,0.71,0.67,0.4
9/29/2015,1127.099976,1884.089966,4517.319824,1083.910034,1.12310338,119.8399963,26.82999992,2417,4132390000,2293450000,4132390000,237.498,0.14,142275,12386.4,5,98.77,0.66,0.64,0.34
9/30/2015,1115.5,1920.030029,4620.160156,1100.689941,1.125593781,119.8600006,24.5,865,4525070000,2398350000,4525070000,237.498,0.14,142275,12386.4,5,98.77,0.65,0.64,0.3
10/1/2015,1114.199951,1923.819946,4627.080078,1097.550049,1.117206097,119.8590012,22.54999924,1181,3983600000,2133990000,3983600000,237.733,0.12,142579,12394.9,5,91.93,0.59,0.64,0.24
10/2/2015,1137.099976,1951.359985,4707.779785,1114.119995,1.119344473,119.8099976,20.94000053,323,4378570000,2183320000,4378570000,237.733,0.12,142579,12394.9,5,91.93,0.51,0.58,0.14
10/3/2015,1137.099976,1951.359985,4707.779785,1114.119995,1.119344473,119.8099976,20.94000053,323,4378570000,2183320000,4378570000,237.733,0.12,142579,12394.9,5,91.93,0.51,0.58,0.14
10/4/2015,1137.099976,1951.359985,4707.779785,1114.119995,1.119344473,119.8099976,20.94000053,323,4378570000,2183320000,4378570000,237.733,0.12,142579,12394.9,5,91.93,0.51,0.58,0.14
10/5/2015,1138.099976,1987.050049,4781.259766,1141.640015,1.122699857,119.9950027,19.54000092,226,4334490000,2005320000,4334490000,237.733,0.12,142579,12394.9,5,91.93,0.56,0.61,0.17
10/6/2015,1146.800049,1979.920044,4748.359863,1133.689941,1.119519949,120.4609985,19.39999962,145,4202400000,2085020000,4202400000,237.733,0.12,142579,12394.9,5,91.93,0.53,0.61,0.12
10/7/2015,1149,1995.829956,4791.149902,1152.599976,1.12679863,120.2399979,18.39999962,104,4666470000,2149890000,4666470000,237.733,0.12,142579,12394.9,5,91.93,0.53,0.65,0.15
10/8/2015,1144.699951,2013.430054,4810.790039,1163.23999,1.123999596,119.9150009,17.42000008,138,3939140000,1984230000,3939140000,237.733,0.12,142579,12394.9,5,91.93,0.54,0.65,0.14
10/9/2015,1156.300049,2014.890015,4830.470215,1165.359985,1.128693581,119.9290009,17.07999992,22,3706900000,1804260000,3706900000,237.733,0.12,142579,12394.9,5,91.93,0.58,0.65,0.19
10/10/2015,1156.300049,2014.890015,4830.470215,1165.359985,1.128693581,119.9290009,17.07999992,22,3706900000,1804260000,3706900000,237.733,0.12,142579,12394.9,5,91.93,0.58,0.65,0.19
10/11/2015,1156.300049,2014.890015,4830.470215,1165.359985,1.128693581,119.9290009,17.07999992,22,3706900000,1804260000,3706900000,237.733,0.12,142579,12394.9,5,91.93,0.58,0.65,0.19
10/12/2015,1164.900024,2017.459961,4838.640137,1164.400024,1.136996746,120.1790009,16.17000008,40,2893250000,1343820000,2893250000,237.733,0.12,142579,12394.9,5,91.93,0.58,0.65,0.19
10/13/2015,1165.800049,2003.689941,4796.609863,1147.839966,1.135550618,120.0110016,17.67000008,132,3401920000,1565060000,3401920000,237.733,0.12,142579,12394.9,5,91.93,0.54,0.64,0.18
10/14/2015,1180.099976,1994.23999,4782.850098,1136.969971,1.138498306,119.7200012,18.03000069,143,3644590000,1902460000,3644590000,237.733,0.12,142579,12394.9,5,91.93,0.5,0.57,0.14
10/15/2015,1187.900024,2023.859985,4870.100098,1162.77002,1.147552252,118.8300018,16.04999924,143,3746290000,1942900000,3706290000,237.733,0.12,142579,12394.9,5,91.93,0.54,0.61,0.16
10/16/2015,1183.599976,2033.109985,4886.689941,1162.310059,1.136815786,119.0500031,15.05000019,243,3595430000,1855290000,3595430000,237.733,0.12,142579,12394.9,5,91.93,0.56,0.61,0.18
10/17/2015,1183.599976,2033.109985,4886.689941,1162.310059,1.136815786,119.0500031,15.05000019,243,3595430000,1855290000,3595430000,237.733,0.12,142579,12394.9,5,91.93,0.56,0.61,0.18
10/18/2015,1183.599976,2033.109985,4886.689941,1162.310059,1.136815786,119.0500031,15.05000019,243,3595430000,1855290000,3595430000,237.733,0.12,142579,12394.9,5,91.93,0.56,0.61,0.18
10/19/2015,1173.300049,2033.660034,4905.470215,1164.300049,1.136105418,119.2699966,14.97999954,62,3287320000,1619920000,3287320000,237.733,0.12,142579,12394.9,5,91.93,0.59,0.61,0.22
10/20/2015,1178,2030.77002,4880.970215,1163.27002,1.132900596,119.5029984,15.75,19,3331500000,1711700000,3331500000,237.733,0.12,142579,12394.9,5,91.93,0.6,0.66,0.24
10/21/2015,1167.599976,2018.939941,4840.120117,1144.949951,1.135396004,119.7799988,16.70000076,41,3627790000,1895390000,3627790000,237.733,0.12,142579,12394.9,5,91.93,0.59,0.64,0.24
10/22/2015,1166.599976,2052.51001,4920.049805,1154.52002,1.134803295,119.8420029,14.44999981,48,4430850000,2156040000,4430850000,237.733,0.12,142579,12394.9,5,91.93,0.57,0.61,0.22
10/23/2015,1163.300049,2075.149902,5031.859863,1166.060059,1.108094573,120.8600006,14.46000004,38,4108460000,2178270000,4108460000,237.733,0.12,142579,12394.9,5,91.93,0.58,0.66,0.24
10/24/2015,1163.300049,2075.149902,5031.859863,1166.060059,1.108094573,120.8600006,14.46000004,38,4108460000,2178270000,4108460000,237.733,0.12,142579,12394.9,5,91.93,0.58,0.66,0.24
10/25/2015,1163.300049,2075.149902,5031.859863,1166.060059,1.108094573,120.8600006,14.46000004,38,4108460000,2178270000,4108460000,237.733,0.12,142579,12394.9,5,91.93,0.58,0.66,0.24
10/26/2015,1167,2071.179932,5034.700195,1159.5,1.102037668,121.2959976,15.28999996,176,3385800000,1758690000,3385800000,237.733,0.12,142579,12394.9,5,91.93,0.59,0.66,0.25
10/27/2015,1166.800049,2065.889893,5030.149902,1145.290039,1.106598616,120.9489975,15.43000031,302,4216880000,1986840000,4216880000,237.733,0.12,142579,12394.9,5,91.93,0.57,0.65,0.23
10/28/2015,1177.099976,2090.350098,5095.689941,1178.719971,1.103703976,120.4769974,14.32999992,217,4698110000,2141130000,4698110000,237.733,0.12,142579,12394.9,5,91.93,0.63,0.73,0.33
10/29/2015,1147.199951,2089.409912,5074.27002,1165.630005,1.092896104,120.8600006,14.60999966,329,4008940000,1928310000,4008940000,237.733,0.12,142579,12394.9,5,91.93,0.67,0.75,0.34
10/30/2015,1141.5,2079.360107,5053.75,1161.859985,1.099384308,121,15.06999969,249,4256200000,2016390000,4256200000,237.733,0.12,142579,12394.9,5,91.93,0.63,0.75,0.32
10/31/2015,1141.5,2079.360107,5053.75,1161.859985,1.099384308,121,15.06999969,249,4256200000,2016390000,4256200000,237.733,0.12,142579,12394.9,5,91.93,0.63,0.75,0.32
11/1/2015,1141.5,2079.360107,5053.75,1161.859985,1.099384308,121,15.06999969,249,4256200000,2016390000,4256200000,238.017,0.12,142808,12423.2,5.1,150.72,0.63,0.75,0.32
11/2/2015,1135.800049,2104.050049,5127.149902,1186.089966,1.102596641,120.4950027,14.14999962,180,3760020000,1888180000,3760020000,238.017,0.12,142808,12423.2,5.1,150.72,0.65,0.77,0.34
11/3/2015,1114.199951,2109.790039,5145.129883,1191.579956,1.101600647,120.788002,14.53999996,185,4272060000,2028630000,4272060000,238.017,0.12,142808,12423.2,5.1,150.72,0.65,0.8,0.32
11/4/2015,1106.5,2102.310059,5142.47998,1190.380005,1.096395016,121.0950012,15.51000023,141,4078870000,2096110000,4078870000,238.017,0.12,142808,12423.2,5.1,150.72,0.68,0.84,0.38
11/5/2015,1104.400024,2099.929932,5127.740234,1190.689941,1.086802959,121.4899979,15.05000019,84,4051890000,2054490000,4051890000,238.017,0.12,142808,12423.2,5.1,150.72,0.71,0.85,0.42
11/6/2015,1087.599976,2099.199951,5147.120117,1199.75,1.088399768,121.6699982,14.32999992,78,4369020000,2066430000,4369020000,238.017,0.12,142808,12423.2,5.1,150.72,0.75,0.9,0.48
11/7/2015,1087.599976,2099.199951,5147.120117,1199.75,1.088399768,121.6699982,14.32999992,78,4369020000,2066430000,4369020000,238.017,0.12,142808,12423.2,5.1,150.72,0.75,0.9,0.48
11/8/2015,1087.599976,2099.199951,5147.120117,1199.75,1.088399768,121.6699982,14.32999992,78,4369020000,2066430000,4369020000,238.017,0.12,142808,12423.2,5.1,150.72,0.75,0.9,0.48
11/9/2015,1087.900024,2078.580078,5095.299805,1184.430054,1.07334137,123.1999969,16.52000046,5,3882350000,1850770000,3882350000,238.017,0.12,142808,12423.2,5.1,150.72,0.76,0.89,0.47
11/10/2015,1088.199951,2081.719971,5083.240234,1187.699951,1.075951457,123.0770035,15.28999996,18,3821440000,1906120000,3821440000,238.017,0.12,142808,12423.2,5.1,150.72,0.77,0.87,0.47
11/11/2015,1084.699951,2075,5067.02002,1178.069946,1.073756337,123.0839996,16.05999947,15,3692410000,1672340000,3692410000,238.017,0.12,142808,12423.2,5.1,150.72,0.77,0.87,0.47
11/12/2015,1080.800049,2045.969971,5005.080078,1154.810059,1.076298833,122.7570038,18.37000084,4,4016370000,1820930000,4016370000,238.017,0.12,142808,12423.2,5.1,150.72,0.78,0.89,0.49
11/13/2015,1080.800049,2023.040039,4927.879883,1146.550049,1.081501961,122.5599976,20.07999992,23,4278750000,2001050000,4278750000,238.017,0.12,142808,12423.2,5.1,150.72,0.76,0.86,0.46
11/14/2015,1080.800049,2023.040039,4927.879883,1146.550049,1.081501961,122.5599976,20.07999992,23,4278750000,2001050000,4278750000,238.017,0.12,142808,12423.2,5.1,150.72,0.76,0.86,0.46
11/15/2015,1080.800049,2023.040039,4927.879883,1146.550049,1.081501961,122.5599976,20.07999992,23,4278750000,2001050000,4278750000,238.017,0.12,142808,12423.2,5.1,150.72,0.76,0.86,0.46
11/16/2015,1083.699951,2053.189941,4984.620117,1156.079956,1.069999337,122.3639984,18.15999985,11,3741240000,1819190000,3741240000,238.017,0.12,142808,12423.2,5.1,150.72,0.76,0.88,0.46
11/17/2015,1068.699951,2050.439941,4986.02002,1153.209961,1.068798542,123.2659988,18.84000015,6,4427350000,1861710000,4427350000,238.017,0.12,142808,12423.2,5.1,150.72,0.72,0.86,0.43
11/18/2015,1068.800049,2083.580078,5075.200195,1171.75,1.064384699,123.4449997,16.85000038,5,3926390000,2017390000,3926390000,238.017,0.12,142808,12423.2,5.1,150.72,0.71,0.9,0.44
11/19/2015,1078,2081.23999,5073.640137,1166.72998,1.066996694,123.5250015,16.98999977,10,3628110000,1794110000,3628110000,238.017,0.12,142808,12423.2,5.1,150.72,0.68,0.91,0.41
11/20/2015,1076.400024,2089.169922,5104.919922,1175.150024,1.0726161,122.9120026,15.47000027,5,3929600000,1766630000,3929600000,238.017,0.12,142808,12423.2,5.1,150.72,0.66,0.93,0.39
11/21/2015,1076.400024,2089.169922,5104.919922,1175.150024,1.0726161,122.9120026,15.47000027,5,3929600000,1766630000,3929600000,238.017,0.12,142808,12423.2,5.1,150.72,0.66,0.93,0.39
11/22/2015,1076.400024,2089.169922,5104.919922,1175.150024,1.0726161,122.9120026,15.47000027,5,3929600000,1766630000,3929600000,238.017,0.12,142808,12423.2,5.1,150.72,0.66,0.93,0.39
11/23/2015,1066.800049,2086.590088,5102.47998,1180.359985,1.064101458,122.9229965,15.61999989,57,3587980000,1668280000,3587980000,238.017,0.12,142808,12423.2,5.1,150.72,0.64,0.94,0.37
11/24/2015,1074.300049,2089.139893,5102.810059,1188.810059,1.064203382,122.9150009,15.93000031,222,3884930000,1956920000,3884930000,238.017,0.12,142808,12423.2,5.1,150.72,0.62,0.93,0.33
11/25/2015,1070.5,2088.870117,5116.140137,1198.02002,1.064384699,122.5049973,15.18999958,148662,2852940000,1539300000,2852940000,238.017,0.12,142808,12423.2,5.1,150.72,0.62,0.93,0.35
11/26/2015,1070.5,2088.870117,5116.140137,1198.02002,1.062496066,122.6800003,15.18999958,148662,2852940000,1539300000,2852940000,238.017,0.12,142808,12423.2,5.1,150.72,0.62,0.93,0.35
11/27/2015,1056.199951,2090.110107,5127.52002,1202.380005,1.060445309,122.6340027,15.11999989,52133,1466840000,781730000,1466840000,238.017,0.12,142808,12423.2,5.1,150.72,0.62,0.92,0.33
11/28/2015,1056.199951,2090.110107,5127.52002,1202.380005,1.060445309,122.6340027,15.11999989,52133,1466840000,781730000,1466840000,238.017,0.12,142808,12423.2,5.1,150.72,0.62,0.92,0.33
11/29/2015,1056.199951,2090.110107,5127.52002,1202.380005,1.060445309,122.6340027,15.11999989,52133,1466840000,781730000,1466840000,238.017,0.12,142808,12423.2,5.1,150.72,0.62,0.92,0.33
11/30/2015,1065.800049,2080.409912,5108.669922,1198.109985,1.058301806,122.8300018,16.12999916,4601,4275030000,2244550000,4245030000,238.017,0.12,142808,12423.2,5.1,150.72,0.62,0.94,0.35
12/1/2015,1063.800049,2102.629883,5156.310059,1204.160034,1.057294726,123.2099991,14.67000008,3441,3712120000,2035570000,3712120000,237.761,0.24,143077,12452,5,148.24,0.58,0.91,0.3
12/2/2015,1054.199951,2079.51001,5123.220215,1191.689941,1.062586308,122.9150009,15.90999985,503,3950640000,2060340000,3950640000,237.761,0.24,143077,12452,5,148.24,0.62,0.94,0.36
12/3/2015,1061.699951,2049.620117,5037.529785,1170.569946,1.061300755,123.2259979,18.11000061,1161,4306490000,2088100000,4306490000,237.761,0.24,143077,12452,5,148.24,0.72,0.96,0.41
12/4/2015,1084.5,2091.689941,5142.27002,1183.400024,1.091595769,122.6529999,14.81000042,889,4214910000,1897490000,4214910000,237.761,0.24,143077,12452,5,148.24,0.68,0.96,0.41
12/5/2015,1084.5,2091.689941,5142.27002,1183.400024,1.091595769,122.6529999,14.81000042,889,4214910000,1897490000,4214910000,237.761,0.24,143077,12452,5,148.24,0.68,0.96,0.41
12/6/2015,1084.5,2091.689941,5142.27002,1183.400024,1.091595769,122.6529999,14.81000042,889,4214910000,1897490000,4214910000,237.761,0.24,143077,12452,5,148.24,0.68,0.96,0.41
12/7/2015,1076.400024,2077.070068,5101.810059,1164.300049,1.088399768,123.1900024,15.84000015,656,4043820000,1952690000,4043820000,237.761,0.24,143077,12452,5,148.24,0.67,0.94,0.42
12/8/2015,1076.300049,2063.590088,5098.240234,1159.400024,1.08340013,123.2799988,17.60000038,306,4173570000,1871450000,4173570000,237.761,0.24,143077,12452,5,148.24,0.68,0.94,0.43
12/9/2015,1077.599976,2047.619995,5022.870117,1145.869995,1.089395761,122.9120026,19.61000061,386,4385250000,2003450000,4385250000,237.761,0.24,143077,12452,5,148.24,0.69,0.93,0.43
12/10/2015,1073.099976,2052.22998,5045.169922,1149.02002,1.101794839,121.6999969,19.34000015,226,3715150000,1746520000,3715150000,237.761,0.24,143077,12452,5,148.24,0.73,0.95,0.48
12/11/2015,1076.900024,2012.369995,4933.470215,1123.609985,1.094810605,121.7099991,24.38999939,410,4301060000,2084950000,4301060000,237.761,0.24,143077,12452,5,148.24,0.67,0.88,0.39
12/12/2015,1076.900024,2012.369995,4933.470215,1123.609985,1.094810605,121.7099991,24.38999939,410,4301060000,2084950000,4301060000,237.761,0.24,143077,12452,5,148.24,0.67,0.88,0.39
12/13/2015,1076.900024,2012.369995,4933.470215,1123.609985,1.094810605,121.7099991,24.38999939,410,4301060000,2084950000,4301060000,237.761,0.24,143077,12452,5,148.24,0.67,0.88,0.39
12/14/2015,1064.699951,2021.939941,4952.22998,1115.859985,1.098394156,120.8929977,22.72999954,509,4612440000,2216060000,4612440000,237.761,0.24,143077,12452,5,148.24,0.78,0.97,0.49
12/15/2015,1062.900024,2043.410034,4995.359863,1131.550049,1.099299788,121.0899963,20.95000076,220,4353540000,2054710000,4353540000,237.761,0.24,143077,12452,5,148.24,0.8,0.98,0.49
12/16/2015,1078,2073.070068,5071.129883,1148.969971,1.093625188,121.6750031,17.86000061,81,4635450000,2036610000,4595450000,237.761,0.24,143077,12452,5,148.24,0.84,1.02,0.55
12/17/2015,1050.800049,2041.890015,5002.549805,1135.359985,1.087453008,122.4629974,18.94000053,56,4327390000,1897220000,4327390000,237.761,0.24,143077,12452,5,148.24,0.77,1,0.52
12/18/2015,1066.199951,2005.550049,4923.080078,1121.02002,1.084410429,122.4499969,20.70000076,253,6683070000,3765210000,6683070000,237.761,0.24,143077,12452,5,148.24,0.73,0.97,0.46
12/19/2015,1066.199951,2005.550049,4923.080078,1121.02002,1.084410429,122.4499969,20.70000076,253,6683070000,3765210000,6683070000,237.761,0.24,143077,12452,5,148.24,0.73,0.97,0.46
12/20/2015,1066.199951,2005.550049,4923.080078,1121.02002,1.084410429,122.4499969,20.70000076,253,6683070000,3765210000,6683070000,237.761,0.24,143077,12452,5,148.24,0.73,0.97,0.46
12/21/2015,1081.900024,2021.150024,4968.919922,1127.73999,1.086992025,121.3000031,18.70000076,26,3760280000,1673400000,3760280000,237.761,0.24,143077,12452,5,148.24,0.75,0.96,0.48
12/22/2015,1074.800049,2038.969971,5001.109863,1137.689941,1.091297984,121.2060013,16.60000038,106,3520860000,1556670000,3520860000,237.761,0.24,143077,12452,5,148.24,0.78,0.99,0.52
12/23/2015,1069.400024,2064.290039,5045.930176,1152.819946,1.095002413,121.0299988,15.56999969,202,3484090000,1591490000,3484090000,237.761,0.24,143077,12452,5,148.24,0.76,1.01,0.49
12/24/2015,1077.199951,2060.98999,5048.490234,1154.76001,1.090916991,120.9349976,15.73999977,24,1411860000,706880000,1411860000,237.761,0.24,143077,12452,5,148.24,0.73,1.03,0.5
12/25/2015,1077.199951,2060.98999,5048.490234,1154.76001,1.096996427,120.1699982,15.73999977,24,1411860000,706880000,1411860000,237.761,0.24,143077,12452,5,148.24,0.73,1.03,0.5
12/26/2015,1077.199951,2060.98999,5048.490234,1154.76001,1.096996427,120.1699982,15.73999977,24,1411860000,706880000,1411860000,237.761,0.24,143077,12452,5,148.24,0.73,1.03,0.5
12/27/2015,1077.199951,2060.98999,5048.490234,1154.76001,1.096996427,120.1699982,15.73999977,24,1411860000,706880000,1411860000,237.761,0.24,143077,12452,5,148.24,0.73,1.03,0.5
12/28/2015,1070.5,2056.5,5040.990234,1148.209961,1.09659946,120.2310028,16.90999985,361,2492510000,1310650000,2492510000,237.761,0.24,143077,12452,5,148.24,0.74,1.05,0.49
12/29/2015,1077.5,2078.360107,5107.939941,1160.52002,1.097526193,120.3499985,16.07999992,252,2542000000,1383470000,2542000000,237.761,0.24,143077,12452,5,148.24,0.79,1.09,0.53
12/30/2015,1060.099976,2063.360107,5065.850098,1149.640015,1.092800617,120.5289993,17.29000092,71,2367430000,1247530000,2367430000,237.761,0.24,143077,12452,5,148.24,0.77,1.08,0.52
12/31/2015,1060.300049,2043.939941,5007.410156,1135.890015,1.093398094,120.4499969,18.20999908,10,2655330000,1437480000,2655330000,237.761,0.24,143077,12452,5,148.24,0.73,1.06,0.45
1/1/2016,1060.300049,2043.939941,5007.410156,1135.890015,1.085906029,120.288002,18.20999908,10,2655330000,1437480000,2655330000,237.652,0.34,143210,12478,4.8,118.21,0.73,1.06,0.45
1/2/2016,1060.300049,2043.939941,5007.410156,1135.890015,1.085906029,120.288002,18.20999908,10,2655330000,1437480000,2655330000,237.652,0.34,143210,12478,4.8,118.21,0.73,1.06,0.45
1/3/2016,1060.300049,2043.939941,5007.410156,1135.890015,1.085906029,120.288002,18.20999908,10,2655330000,1437480000,2655330000,237.652,0.34,143210,12478,4.8,118.21,0.73,1.06,0.45
1/4/2016,1075.099976,2012.660034,4903.089844,1108.619995,1.085399151,120.310997,20.70000076,143,4304880000,2218420000,4304880000,237.652,0.34,143210,12478,4.8,118.21,0.69,1.02,0.42
1/5/2016,1078.400024,2016.709961,4891.430176,1110.439941,1.08275497,119.4670029,19.34000015,82,3706620000,1927380000,3706620000,237.652,0.34,143210,12478,4.8,118.21,0.69,1.04,0.42
1/6/2016,1091.900024,1990.26001,4835.759766,1094.369995,1.075199366,119.1019974,20.59000015,52,4336660000,2168620000,4336660000,237.652,0.34,143210,12478,4.8,118.21,0.65,0.99,0.39
1/7/2016,1107.699951,1943.089966,4689.430176,1064.569946,1.077899814,118.6100006,24.98999977,122,5076590000,2552590000,5076590000,237.652,0.34,143210,12478,4.8,118.21,0.66,0.96,0.36
1/8/2016,1097.800049,1922.030029,4643.629883,1046.199951,1.092597604,117.5400009,27.01000023,98,4664940000,2288750000,4664940000,237.652,0.34,143210,12478,4.8,118.21,0.65,0.94,0.34
1/9/2016,1097.800049,1922.030029,4643.629883,1046.199951,1.092597604,117.5400009,27.01000023,98,4664940000,2288750000,4664940000,237.652,0.34,143210,12478,4.8,118.21,0.65,0.94,0.34
1/10/2016,1097.800049,1922.030029,4643.629883,1046.199951,1.092597604,117.5400009,27.01000023,98,4664940000,2288750000,4664940000,237.652,0.34,143210,12478,4.8,118.21,0.65,0.94,0.34
1/11/2016,1096.5,1923.670044,4637.990234,1041.900024,1.094103813,117.0800018,24.29999924,43,4607290000,2391110000,4607290000,237.652,0.34,143210,12478,4.8,118.21,0.72,0.94,0.39
1/12/2016,1085.599976,1938.680054,4685.919922,1044.699951,1.085799932,117.6500015,22.46999931,87,4887260000,2147470000,4887260000,237.652,0.34,143210,12478,4.8,118.21,0.69,0.93,0.36
1/13/2016,1087.5,1890.280029,4526.060059,1010.190002,1.084398746,117.8300018,25.21999931,50,5087030000,2533200000,5087030000,237.652,0.34,143210,12478,4.8,118.21,0.65,0.91,0.33
1/14/2016,1073.900024,1921.839966,4615,1025.670044,1.088601232,117.4250031,23.95000076,59,5241110000,2565560000,5241110000,237.652,0.34,143210,12478,4.8,118.21,0.67,0.9,0.32
1/15/2016,1091.5,1880.329956,4488.419922,1007.719971,1.085894227,118.2030029,27.02000046,44,5468460000,2818630000,5468460000,237.652,0.34,143210,12478,4.8,118.21,0.67,0.85,0.34
1/16/2016,1091.5,1880.329956,4488.419922,1007.719971,1.085894227,118.2030029,27.02000046,44,5468460000,2818630000,5468460000,237.652,0.34,143210,12478,4.8,118.21,0.67,0.85,0.34
1/17/2016,1091.5,1880.329956,4488.419922,1007.719971,1.085894227,118.2030029,27.02000046,44,5468460000,2818630000,5468460000,237.652,0.34,143210,12478,4.8,118.21,0.67,0.85,0.34
1/18/2016,1091.5,1880.329956,4488.419922,1007.719971,1.092001081,116.9899979,27.02000046,44,5468460000,2818630000,5468460000,237.652,0.34,143210,12478,4.8,118.21,0.67,0.85,0.34
1/19/2016,1089.900024,1881.329956,4476.950195,994.8699951,1.089502573,117.3840027,26.04999924,17,4928350000,2394550000,4928350000,237.652,0.34,143210,12478,4.8,118.21,0.68,0.88,0.33
1/20/2016,1107.099976,1859.329956,4471.689941,999.3099976,1.091297984,117.5650024,27.59000015,30,6416070000,3204130000,6416070000,237.652,0.34,143210,12478,4.8,118.21,0.69,0.85,0.34
1/21/2016,1099.099976,1868.98999,4472.060059,997.3400269,1.087701321,117.1340027,26.69000053,16,5078810000,2447750000,5078810000,237.652,0.34,143210,12478,4.8,118.21,0.74,0.84,0.36
1/22/2016,1097.199951,1906.900024,4591.180176,1020.659973,1.086200953,117.9240036,22.34000015,4,4901760000,2153340000,4901760000,237.652,0.34,143210,12478,4.8,118.21,0.72,0.88,0.34
1/23/2016,1097.199951,1906.900024,4591.180176,1020.659973,1.086200953,117.9240036,22.34000015,4,4901760000,2153340000,4901760000,237.652,0.34,143210,12478,4.8,118.21,0.72,0.88,0.34
1/24/2016,1097.199951,1906.900024,4591.180176,1020.659973,1.086200953,117.9240036,22.34000015,4,4901760000,2153340000,4901760000,237.652,0.34,143210,12478,4.8,118.21,0.72,0.88,0.34
1/25/2016,1106.199951,1877.079956,4518.490234,997.3699951,1.079901934,118.5719986,24.14999962,8,4401380000,2028880000,4401380000,237.652,0.34,143210,12478,4.8,118.21,0.69,0.88,0.32
1/26/2016,1121.699951,1903.630005,4567.669922,1017.969971,1.085304976,118.2279968,22.5,181,4357940000,1981180000,4357940000,237.652,0.34,143210,12478,4.8,118.21,0.65,0.85,0.28
1/27/2016,1116.099976,1882.949951,4468.169922,1002.75,1.086495876,118.3799973,23.11000061,168706,4754040000,2115710000,4754040000,237.652,0.34,143210,12478,4.8,118.21,0.62,0.84,0.25
1/28/2016,1115.599976,1893.359985,4506.680176,1003.27002,1.09079802,118.4670029,22.42000008,52861,4693010000,2322310000,4693010000,237.652,0.34,143210,12478,4.8,118.21,0.58,0.83,0.2
1/29/2016,1116.400024,1940.23999,4613.950195,1035.380005,1.093697071,118.9300003,20.20000076,6955,5497570000,2617550000,5497570000,237.652,0.34,143210,12478,4.8,118.21,0.53,0.76,0.14
1/30/2016,1116.400024,1940.23999,4613.950195,1035.380005,1.093697071,118.9300003,20.20000076,6955,5497570000,2617550000,5497570000,237.652,0.34,143210,12478,4.8,118.21,0.53,0.76,0.14
1/31/2016,1116.400024,1940.23999,4613.950195,1035.380005,1.093697071,118.9300003,20.20000076,6955,5497570000,2617550000,5497570000,237.652,0.34,143210,12478,4.8,118.21,0.53,0.76,0.14
2/1/2016,1127.900024,1939.380005,4620.370117,1032.390015,1.082590818,121.3399963,19.97999954,1682,4322530000,1983340000,4322530000,237.336,0.38,143407,12554.5,4.9,103.75,0.57,0.81,0.18
2/2/2016,1127.300049,1903.030029,4516.950195,1008.840027,1.089728236,120.8399963,21.97999954,1230,4463190000,2185180000,4463190000,237.336,0.38,143407,12554.5,4.9,103.75,0.51,0.75,0.14
2/3/2016,1141.300049,1912.530029,4504.240234,1010.299988,1.092203856,119.8560028,21.64999962,1630,5172950000,2466190000,5172950000,237.336,0.38,143407,12554.5,4.9,103.75,0.5,0.72,0.11
2/4/2016,1157.599976,1915.449951,4509.560059,1014.789978,1.109102368,118.1200027,21.84000015,771,5193320000,2200930000,5193320000,237.336,0.38,143407,12554.5,4.9,103.75,0.51,0.7,0.12
2/5/2016,1157.800049,1880.050049,4363.140137,985.6199951,1.119996428,116.8659973,23.37999916,877,4929940000,2489280000,4929940000,237.336,0.38,143407,12554.5,4.9,103.75,0.53,0.74,0.18
2/6/2016,1157.800049,1880.050049,4363.140137,985.6199951,1.119996428,116.8659973,23.37999916,877,4929940000,2489280000,4929940000,237.336,0.38,143407,12554.5,4.9,103.75,0.53,0.74,0.18
2/7/2016,1157.800049,1880.050049,4363.140137,985.6199951,1.119996428,116.8659973,23.37999916,877,4929940000,2489280000,4929940000,237.336,0.38,143407,12554.5,4.9,103.75,0.53,0.74,0.18
2/8/2016,1197.900024,1853.439941,4283.75,969.3400269,1.114504099,116.9499969,26,931,5636460000,2702070000,5636460000,237.336,0.38,143407,12554.5,4.9,103.75,0.52,0.66,0.19
2/9/2016,1198.699951,1852.209961,4268.759766,963.9000244,1.118981242,115.6679993,26.54000092,700,5183220000,2465790000,5132140000,237.336,0.38,143407,12554.5,4.9,103.75,0.53,0.69,0.22
2/10/2016,1194.699951,1851.859985,4283.589844,963.4799805,1.128999472,115.1910019,26.29000092,671,4471170000,2448380000,4471170000,237.336,0.38,143407,12554.5,4.9,103.75,0.5,0.71,0.2
2/11/2016,1247.900024,1829.079956,4266.839844,953.7199707,1.128095269,113.2519989,28.13999939,995,5500800000,2812330000,5500800000,237.336,0.38,143407,12554.5,4.9,103.75,0.45,0.64,0.17
2/12/2016,1239.099976,1864.780029,4337.509766,971.9899902,1.13179791,112.4970016,25.39999962,250,4696920000,1983190000,4696920000,237.336,0.38,143407,12554.5,4.9,103.75,0.49,0.71,0.17
2/13/2016,1239.099976,1864.780029,4337.509766,971.9899902,1.13179791,112.4970016,25.39999962,250,4696920000,1983190000,4696920000,237.336,0.38,143407,12554.5,4.9,103.75,0.49,0.71,0.17
2/14/2016,1239.099976,1864.780029,4337.509766,971.9899902,1.13179791,112.4970016,25.39999962,250,4696920000,1983190000,4696920000,237.336,0.38,143407,12554.5,4.9,103.75,0.49,0.71,0.17
2/15/2016,1239.099976,1864.780029,4337.509766,971.9899902,1.122599006,113.6699982,25.39999962,250,4696920000,1983190000,4696920000,237.336,0.38,143407,12554.5,4.9,103.75,0.49,0.71,0.17
2/16/2016,1207.900024,1895.579956,4435.959961,995.7999878,1.117405772,114.3219986,24.11000061,422,4570670000,2117920000,4570670000,237.336,0.38,143407,12554.5,4.9,103.75,0.53,0.74,0.2
2/17/2016,1211.099976,1926.819946,4534.060059,1011.130005,1.11470294,114.0800018,22.30999947,53,5011540000,2296440000,5011540000,237.336,0.38,143407,12554.5,4.9,103.75,0.53,0.74,0.22
2/18/2016,1226.099976,1917.829956,4487.540039,1004.710022,1.112297535,114.2799988,21.63999939,315,4436490000,1955870000,4436490000,237.336,0.38,143407,12554.5,4.9,103.75,0.51,0.71,0.19
2/19/2016,1230.400024,1917.780029,4504.430176,1010.01001,1.111098766,113.25,20.53000069,76,4142850000,1903770000,4142850000,237.336,0.38,143407,12554.5,4.9,103.75,0.5,0.76,0.18
2/20/2016,1230.400024,1917.780029,4504.430176,1010.01001,1.111098766,113.25,20.53000069,76,4142850000,1903770000,4142850000,237.336,0.38,143407,12554.5,4.9,103.75,0.5,0.76,0.18
2/21/2016,1230.400024,1917.780029,4504.430176,1010.01001,1.111098766,113.25,20.53000069,76,4142850000,1903770000,4142850000,237.336,0.38,143407,12554.5,4.9,103.75,0.5,0.76,0.18
2/22/2016,1209.5,1945.5,4570.609863,1021.73999,1.112396598,112.4889984,19.37999916,280,4054710000,1794020000,4054710000,237.336,0.38,143407,12554.5,4.9,103.75,0.46,0.78,0.14
2/23/2016,1222.300049,1921.27002,4503.580078,1012.150024,1.102803349,112.9710007,20.97999954,351,3890650000,1777750000,3890650000,237.336,0.38,143407,12554.5,4.9,103.75,0.42,0.76,0.1
2/24/2016,1238.699951,1929.800049,4542.609863,1022.080017,1.102706075,111.8799973,20.71999931,111,4317250000,1978180000,4317250000,237.336,0.38,143407,12554.5,4.9,103.75,0.39,0.75,0.06
2/25/2016,1238.199951,1951.699951,4582.200195,1031.579956,1.101394415,112.1009979,19.11000061,1349,4118210000,1667840000,4118210000,237.336,0.38,143407,12554.5,4.9,103.75,0.32,0.72,-0.02
2/26/2016,1219.800049,1948.050049,4590.470215,1037.180054,1.102499366,113.1179962,19.80999947,656,4348510000,1814920000,4348510000,237.336,0.38,143407,12554.5,4.9,103.75,0.35,0.8,0.03
2/27/2016,1219.800049,1948.050049,4590.470215,1037.180054,1.102499366,113.1179962,19.80999947,656,4348510000,1814920000,4348510000,237.336,0.38,143407,12554.5,4.9,103.75,0.35,0.8,0.03
2/28/2016,1219.800049,1948.050049,4590.470215,1037.180054,1.102499366,113.1179962,19.80999947,656,4348510000,1814920000,4348510000,237.336,0.38,143407,12554.5,4.9,103.75,0.35,0.8,0.03
2/29/2016,1233.900024,1932.22998,4557.950195,1033.900024,1.09239471,113.6600037,20.54999924,580,4588180000,2065260000,4588180000,237.336,0.38,143407,12554.5,4.9,103.75,0.32,0.78,-0.01
3/1/2016,1230.300049,1978.349976,4689.600098,1054.48999,1.088897586,112.4300003,17.70000076,477,4819750000,2080150000,4819750000,238.08,0.36,143662,12537,5,109.72,0.35,0.85,0.02
3/2/2016,1241.099976,1986.449951,4703.419922,1065.670044,1.087594867,113.9300003,17.09000015,267,4666610000,1912510000,4666610000,238.08,0.36,143662,12537,5,109.72,0.33,0.85,0
3/3/2016,1257.400024,1993.400024,4707.419922,1076.050049,1.086897373,113.4660034,16.70000076,123,5081700000,1936290000,5081700000,238.08,0.36,143662,12537,5,109.72,0.3,0.85,-0.03
3/4/2016,1269.900024,1999.98999,4717.02002,1081.930054,1.094894528,113.6699982,16.86000061,268,6049930000,2171230000,6049930000,238.08,0.36,143662,12537,5,109.72,0.37,0.88,0.02
3/5/2016,1269.900024,1999.98999,4717.02002,1081.930054,1.094894528,113.6699982,16.86000061,268,6049930000,2171230000,6049930000,238.08,0.36,143662,12537,5,109.72,0.37,0.88,0.02
3/6/2016,1269.900024,1999.98999,4717.02002,1081.930054,1.094894528,113.6699982,16.86000061,268,6049930000,2171230000,6049930000,238.08,0.36,143662,12537,5,109.72,0.37,0.88,0.02
3/7/2016,1263.199951,2001.76001,4708.25,1094.150024,1.099396467,113.8030014,17.35000038,67,4968180000,2084390000,4968180000,238.08,0.36,143662,12537,5,109.72,0.43,0.91,0.06
3/8/2016,1262.099976,1979.26001,4648.819824,1067.880005,1.101600647,113.4520035,18.67000008,43,4641650000,1993060000,4641650000,238.08,0.36,143662,12537,5,109.72,0.37,0.88,0.01
3/9/2016,1256.599976,1989.26001,4674.379883,1072.77002,1.100400567,112.6600037,18.34000015,79,4038120000,1789550000,4038120000,238.08,0.36,143662,12537,5,109.72,0.39,0.9,0.02
3/10/2016,1272,1989.569946,4662.160156,1063.98999,1.098901033,113.2529984,18.04999924,119,4376790000,1936470000,4376790000,238.08,0.36,143662,12537,5,109.72,0.45,0.93,0.1
3/11/2016,1258.699951,2022.189941,4748.470215,1087.560059,1.117843032,112.8600006,16.5,87,4078620000,1801790000,4078620000,238.08,0.36,143662,12537,5,109.72,0.44,0.97,0.08
3/12/2016,1258.699951,2022.189941,4748.470215,1087.560059,1.117843032,112.8600006,16.5,87,4078620000,1801790000,4078620000,238.08,0.36,143662,12537,5,109.72,0.44,0.97,0.08
3/13/2016,1258.699951,2022.189941,4748.470215,1087.560059,1.117843032,112.8600006,16.5,87,4078620000,1801790000,4078620000,238.08,0.36,143662,12537,5,109.72,0.44,0.97,0.08
3/14/2016,1244.400024,2019.640015,4750.279785,1084.25,1.116794348,113.7779999,16.92000008,58,3487850000,1615100000,3487850000,238.08,0.36,143662,12537,5,109.72,0.45,0.97,0.11
3/15/2016,1230.400024,2015.930054,4728.669922,1066.670044,1.110198259,113.8300018,16.84000015,37,3560280000,1692420000,3560280000,238.08,0.36,143662,12537,5,109.72,0.47,0.98,0.15
3/16/2016,1229.300049,2027.219971,4763.970215,1074.51001,1.110901237,113.1050034,14.98999977,45,4057020000,1781060000,4057020000,238.08,0.36,143662,12537,5,109.72,0.36,0.87,-0.04
3/17/2016,1264.5,2040.589966,4774.990234,1091.25,1.121893764,112.7519989,14.43999958,27,4530480000,1907190000,4530480000,238.08,0.36,143662,12537,5,109.72,0.34,0.87,-0.07
3/18/2016,1253.800049,2049.580078,4795.649902,1101.670044,1.13179791,111.3499985,14.02000046,542,6503140000,2829040000,6503140000,238.08,0.36,143662,12537,5,109.72,0.27,0.84,-0.13
3/19/2016,1253.800049,2049.580078,4795.649902,1101.670044,1.13179791,111.3499985,14.02000046,542,6503140000,2829040000,6503140000,238.08,0.36,143662,12537,5,109.72,0.27,0.84,-0.13
3/20/2016,1253.800049,2049.580078,4795.649902,1101.670044,1.13179791,111.3499985,14.02000046,542,6503140000,2829040000,6503140000,238.08,0.36,143662,12537,5,109.72,0.27,0.84,-0.13
3/21/2016,1243.800049,2051.600098,4808.870117,1098.579956,1.127904296,111.4449997,13.78999996,1061,3376600000,1609230000,3376600000,238.08,0.36,143662,12537,5,109.72,0.28,0.87,-0.12
3/22/2016,1248.199951,2049.800049,4821.660156,1097.339966,1.123595476,112.1389999,14.17000008,20,3418460000,1596200000,3418460000,238.08,0.36,143662,12537,5,109.72,0.31,0.91,-0.06
3/23/2016,1223.699951,2036.709961,4768.859863,1075.699951,1.122296691,112.2519989,14.93999958,28,3639510000,1732630000,3639510000,238.08,0.36,143662,12537,5,109.72,0.3,0.87,-0.07
3/24/2016,1221.400024,2035.939941,4773.5,1079.540039,1.118105412,112.4000015,14.73999977,13,3407720000,1590990000,3407720000,238.08,0.36,143662,12537,5,109.72,0.34,0.89,-0.03
3/25/2016,1221.400024,2035.939941,4773.5,1079.540039,1.116794348,112.8300018,14.73999977,13,3407720000,1590990000,3407720000,238.08,0.36,143662,12537,5,109.72,0.34,0.89,-0.03
3/26/2016,1221.400024,2035.939941,4773.5,1079.540039,1.116794348,112.8300018,14.73999977,13,3407720000,1590990000,3407720000,238.08,0.36,143662,12537,5,109.72,0.34,0.89,-0.03
3/27/2016,1221.400024,2035.939941,4773.5,1079.540039,1.116794348,112.8300018,14.73999977,13,3407720000,1590990000,3407720000,238.08,0.36,143662,12537,5,109.72,0.34,0.89,-0.03
3/28/2016,1219.900024,2037.050049,4766.790039,1080.22998,1.115996718,113.4499969,15.23999977,33,2809090000,1381000000,2809090000,238.08,0.36,143662,12537,5,109.72,0.33,0.89,-0.03
3/29/2016,1235.599976,2055.01001,4846.620117,1109.079956,1.120272398,113.3639984,13.81999969,189732,3822330000,1806490000,3822330000,238.08,0.36,143662,12537,5,109.72,0.2,0.78,-0.18
3/30/2016,1226.900024,2063.949951,4869.290039,1110.439941,1.129203439,112.6800003,13.56000042,48248,3590310000,1717820000,3590310000,238.08,0.36,143662,12537,5,109.72,0.18,0.76,-0.26
3/31/2016,1234.199951,2059.73999,4869.850098,1114.030029,1.133465528,112.3659973,13.94999981,3377,3715280000,1774270000,3715280000,238.08,0.36,143662,12537,5,109.72,0.16,0.73,-0.28
4/1/2016,1222.199951,2072.780029,4914.540039,1117.680054,1.13796711,112.4800034,13.10000038,1602,3749990000,1812250000,3749990000,238.992,0.37,143855,12611.5,5.1,85.22,0.17,0.76,-0.25
4/2/2016,1222.199951,2072.780029,4914.540039,1117.680054,1.13796711,112.4800034,13.10000038,1602,3749990000,1812250000,3749990000,238.992,0.37,143855,12611.5,5.1,85.22,0.17,0.76,-0.25
4/3/2016,1222.199951,2072.780029,4914.540039,1117.680054,1.13796711,112.4800034,13.10000038,1602,3749990000,1812250000,3749990000,238.992,0.37,143855,12611.5,5.1,85.22,0.17,0.76,-0.25
4/4/2016,1218,2066.129883,4891.799805,1108.540039,1.139003992,111.7220001,14.11999989,2038,3485710000,1705730000,3485710000,238.992,0.37,143855,12611.5,5.1,85.22,0.14,0.75,-0.26
4/5/2016,1228.400024,2045.170044,4843.930176,1095.849976,1.13890028,111.25,15.42000008,477,4154920000,1726010000,4154920000,238.992,0.37,143855,12611.5,5.1,85.22,0.14,0.72,-0.26
4/6/2016,1222.5,2066.659912,4920.720215,1108.810059,1.138200283,110.3779984,14.09000015,248,3750800000,1761770000,3750800000,238.992,0.37,143855,12611.5,5.1,85.22,0.17,0.73,-0.23
4/7/2016,1236.199951,2041.910034,4848.370117,1092.790039,1.140497923,109.6989975,16.15999985,375,3801250000,1908940000,3801250000,238.992,0.37,143855,12611.5,5.1,85.22,0.12,0.7,-0.27
4/8/2016,1242.5,2047.599976,4850.689941,1097.310059,1.137397647,108.427002,15.35999966,409,3359530000,1588830000,3359530000,238.992,0.37,143855,12611.5,5.1,85.22,0.14,0.7,-0.27
4/9/2016,1242.5,2047.599976,4850.689941,1097.310059,1.137397647,108.427002,15.35999966,409,3359530000,1588830000,3359530000,238.992,0.37,143855,12611.5,5.1,85.22,0.14,0.7,-0.27
4/10/2016,1242.5,2047.599976,4850.689941,1097.310059,1.137397647,108.427002,15.35999966,409,3359530000,1588830000,3359530000,238.992,0.37,143855,12611.5,5.1,85.22,0.14,0.7,-0.27
4/11/2016,1256.699951,2041.98999,4833.399902,1094.339966,1.140302896,108.310997,16.26000023,437,3567840000,1545540000,3567840000,238.992,0.37,143855,12611.5,5.1,85.22,0.17,0.7,-0.25
4/12/2016,1259.400024,2061.719971,4872.089844,1105.709961,1.141291857,107.9300003,14.85000038,185,4239740000,1759280000,4239740000,238.992,0.37,143855,12611.5,5.1,85.22,0.22,0.74,-0.17
4/13/2016,1246.800049,2082.419922,4947.419922,1129.930054,1.138498306,108.6399994,13.84000015,203,4191830000,1936450000,4191830000,238.992,0.37,143855,12611.5,5.1,85.22,0.21,0.75,-0.21
4/14/2016,1225,2082.780029,4945.890137,1128.589966,1.127904296,109.4199982,13.72000027,264,3765870000,1645810000,3765870000,238.992,0.37,143855,12611.5,5.1,85.22,0.24,0.77,-0.16
4/15/2016,1233.099976,2080.72998,4938.220215,1130.920044,1.127001762,109.3160019,13.61999989,97,3701450000,1684790000,3701450000,238.992,0.37,143855,12611.5,5.1,85.22,0.2,0.74,-0.2
4/16/2016,1233.099976,2080.72998,4938.220215,1130.920044,1.127001762,109.3160019,13.61999989,97,3701450000,1684790000,3701450000,238.992,0.37,143855,12611.5,5.1,85.22,0.2,0.74,-0.2
4/17/2016,1233.099976,2080.72998,4938.220215,1130.920044,1.127001762,109.3160019,13.61999989,97,3701450000,1684790000,3701450000,238.992,0.37,143855,12611.5,5.1,85.22,0.2,0.74,-0.2
4/18/2016,1233.599976,2094.340088,4960.02002,1139.280029,1.129994631,108.0169983,13.35000038,304,3316880000,1672260000,3316880000,238.992,0.37,143855,12611.5,5.1,85.22,0.21,0.75,-0.17
4/19/2016,1253,2100.800049,4940.330078,1140.22998,1.130901933,109.072998,13.23999977,386,3896830000,1824250000,3896830000,238.992,0.37,143855,12611.5,5.1,85.22,0.19,0.77,-0.2
4/20/2016,1253.199951,2102.399902,4948.129883,1142.290039,1.13596344,109.2399979,13.27999973,180,4184880000,1781340000,4184880000,238.992,0.37,143855,12611.5,5.1,85.22,0.23,0.8,-0.17
4/21/2016,1249,2091.47998,4945.890137,1135.77002,1.130505562,109.8379974,13.94999981,124,4175290000,1758190000,4175290000,238.992,0.37,143855,12611.5,5.1,85.22,0.24,0.82,-0.21
4/22/2016,1228.699951,2091.580078,4906.22998,1146.689941,1.129203439,109.4369965,13.22000027,188,3790580000,2018930000,3790580000,238.992,0.37,143855,12611.5,5.1,85.22,0.25,0.84,-0.19
4/23/2016,1228.699951,2091.580078,4906.22998,1146.689941,1.129203439,109.4369965,13.22000027,188,3790580000,2018930000,3790580000,238.992,0.37,143855,12611.5,5.1,85.22,0.25,0.84,-0.19
4/24/2016,1228.699951,2091.580078,4906.22998,1146.689941,1.129203439,109.4369965,13.22000027,188,3790580000,2018930000,3790580000,238.992,0.37,143855,12611.5,5.1,85.22,0.25,0.84,-0.19
4/25/2016,1238.900024,2087.790039,4895.790039,1138.099976,1.123406172,111.435997,14.07999992,442,3319740000,1582270000,3319740000,238.992,0.37,143855,12611.5,5.1,85.22,0.26,0.85,-0.18
4/26/2016,1242.199951,2091.699951,4888.279785,1150.72998,1.126900196,111.1360016,13.96000004,97,3557190000,1825020000,3557190000,238.992,0.37,143855,12611.5,5.1,85.22,0.27,0.86,-0.16
4/27/2016,1249.199951,2095.149902,4863.140137,1154.150024,1.129905224,111.2300034,13.77000046,547,4100110000,1938780000,4100110000,238.992,0.37,143855,12611.5,5.1,85.22,0.19,0.83,-0.24
4/28/2016,1265.5,2075.810059,4805.290039,1140.400024,1.132900596,111.5199966,15.22000027,887,4309840000,2161400000,4309840000,238.992,0.37,143855,12611.5,5.1,85.22,0.12,0.78,-0.33
4/29/2016,1289.199951,2065.300049,4775.359863,1130.849976,1.135589361,108.0759964,15.69999981,464,4704720000,2376460000,4704720000,238.992,0.37,143855,12611.5,5.1,85.22,0.12,0.77,-0.32
4/30/2016,1289.199951,2065.300049,4775.359863,1130.849976,1.135589361,108.0759964,15.69999981,464,4704720000,2376460000,4704720000,238.992,0.37,143855,12611.5,5.1,85.22,0.12,0.77,-0.32
5/1/2016,1289.199951,2065.300049,4775.359863,1130.849976,1.135589361,108.0759964,15.69999981,464,4704720000,2376460000,4704720000,239.557,0.37,143900,12652.7,4.8,88.33,0.12,0.77,-0.32
5/2/2016,1294.699951,2081.429932,4817.589844,1140.920044,1.146302581,106.4530029,14.68000031,192,3841110000,1880460000,3841110000,239.557,0.37,143900,12652.7,4.8,88.33,0.2,0.8,-0.26
5/3/2016,1290.699951,2063.370117,4763.220215,1121.76001,1.152498603,106.3960037,15.60000038,151,4173390000,1984340000,4173390000,239.557,0.37,143900,12652.7,4.8,88.33,0.17,0.75,-0.29
5/4/2016,1273.300049,2051.120117,4725.640137,1113.130005,1.150403738,106.6800003,16.04999924,109,4058560000,1950800000,4058560000,239.557,0.37,143900,12652.7,4.8,88.33,0.16,0.75,-0.29
5/5/2016,1271.400024,2050.629883,4717.089844,1107.949951,1.149306417,106.9199982,15.90999985,330,4008530000,1888350000,4008530000,239.557,0.37,143900,12652.7,4.8,88.33,0.13,0.72,-0.32
5/6/2016,1292.900024,2057.139893,4736.160156,1114.719971,1.140601993,107.2750015,14.72000027,305,3796350000,1860800000,3796350000,239.557,0.37,143900,12652.7,4.8,88.33,0.18,0.74,-0.28
5/7/2016,1292.900024,2057.139893,4736.160156,1114.719971,1.140601993,107.2750015,14.72000027,305,3796350000,1860800000,3796350000,239.557,0.37,143900,12652.7,4.8,88.33,0.18,0.74,-0.28
5/8/2016,1292.900024,2057.139893,4736.160156,1114.719971,1.140601993,107.2750015,14.72000027,305,3796350000,1860800000,3796350000,239.557,0.37,143900,12652.7,4.8,88.33,0.18,0.74,-0.28
5/9/2016,1265.599976,2058.689941,4750.209961,1118.25,1.138796568,107.3600006,14.56999969,341,3788620000,1625100000,3788620000,239.557,0.37,143900,12652.7,4.8,88.33,0.18,0.72,-0.3
5/10/2016,1263.900024,2084.389893,4809.879883,1128.829956,1.138796568,108.3310013,13.63000011,23,3600200000,1760120000,3600200000,239.557,0.37,143900,12652.7,4.8,88.33,0.15,0.72,-0.33
5/11/2016,1274.599976,2064.459961,4760.689941,1114.73999,1.13743639,109.1940002,14.68999958,50,3821980000,1859110000,3821980000,239.557,0.37,143900,12652.7,4.8,88.33,0.14,0.74,-0.33
5/12/2016,1270.300049,2064.110107,4737.330078,1108.599976,1.142700434,108.4150009,14.40999985,101,3782390000,1930450000,3782390000,239.557,0.37,143900,12652.7,4.8,88.33,0.15,0.76,-0.29
5/13/2016,1271.900024,2046.609985,4717.680176,1102.439941,1.137695193,109.0999985,15.03999996,66,3579880000,1698030000,3579880000,239.557,0.37,143900,12652.7,4.8,88.33,0.13,0.76,-0.3
5/14/2016,1271.900024,2046.609985,4717.680176,1102.439941,1.137695193,109.0999985,15.03999996,66,3579880000,1698030000,3579880000,239.557,0.37,143900,12652.7,4.8,88.33,0.13,0.76,-0.3
5/15/2016,1271.900024,2046.609985,4717.680176,1102.439941,1.137695193,109.0999985,15.03999996,66,3579880000,1698030000,3579880000,239.557,0.37,143900,12652.7,4.8,88.33,0.13,0.76,-0.3
5/16/2016,1273.400024,2066.659912,4775.459961,1116.209961,1.13169539,108.6610031,14.68000031,44,3501360000,1741510000,3501360000,239.557,0.37,143900,12652.7,4.8,88.33,0.15,0.79,-0.27
5/17/2016,1276.199951,2047.209961,4715.72998,1097.680054,1.131605744,109.0800018,15.56999969,16,4108960000,1925230000,4108960000,239.557,0.37,143900,12652.7,4.8,88.33,0.15,0.82,-0.27
5/18/2016,1273.699951,2047.630005,4739.120117,1102.949951,1.131605744,108.9499969,15.94999981,17,4101320000,1934100000,4101320000,239.557,0.37,143900,12652.7,4.8,88.33,0.26,0.9,-0.13
5/19/2016,1254.199951,2040.040039,4712.529785,1094.780029,1.122296691,110.1399994,16.32999992,69,3846770000,1805890000,3846770000,239.557,0.37,143900,12652.7,4.8,88.33,0.29,0.89,-0.13
5/20/2016,1252.400024,2052.320068,4769.560059,1112.280029,1.120598793,109.8809967,15.19999981,44,3507650000,1970520000,3507650000,239.557,0.37,143900,12652.7,4.8,88.33,0.29,0.89,-0.13
5/21/2016,1252.400024,2052.320068,4769.560059,1112.280029,1.120598793,109.8809967,15.19999981,44,3507650000,1970520000,3507650000,239.557,0.37,143900,12652.7,4.8,88.33,0.29,0.89,-0.13
5/22/2016,1252.400024,2052.320068,4769.560059,1112.280029,1.120598793,109.8809967,15.19999981,44,3507650000,1970520000,3507650000,239.557,0.37,143900,12652.7,4.8,88.33,0.29,0.89,-0.13
5/23/2016,1251.099976,2048.040039,4765.779785,1111.369995,1.122170806,110.0500031,15.81999969,56,3055480000,1865110000,3055480000,239.557,0.37,143900,12652.7,4.8,88.33,0.3,0.91,-0.11
5/24/2016,1228.900024,2076.060059,4861.060059,1135.310059,1.121604323,109.3740005,14.42000008,20,3627340000,1942280000,3627340000,239.557,0.37,143900,12652.7,4.8,88.33,0.31,0.92,-0.1
5/25/2016,1223.5,2090.540039,4894.890137,1141.02002,1.113796592,110.1699982,13.89999962,5,3859160000,1784420000,3859160000,239.557,0.37,143900,12652.7,4.8,88.33,0.29,0.92,-0.11
5/26/2016,1220.099976,2090.100098,4901.77002,1139.75,1.115897059,110.1110001,13.43000031,199778,3230990000,1606250000,3230990000,239.557,0.37,143900,12652.7,4.8,88.33,0.25,0.87,-0.16
5/27/2016,1213.800049,2099.060059,4933.5,1150.449951,1.119206667,109.7129974,13.11999989,63739,3079150000,1505020000,3079150000,239.557,0.37,143900,12652.7,4.8,88.33,0.27,0.9,-0.12
5/28/2016,1213.800049,2099.060059,4933.5,1150.449951,1.119206667,109.7129974,13.11999989,63739,3079150000,1505020000,3079150000,239.557,0.37,143900,12652.7,4.8,88.33,0.27,0.9,-0.12
5/29/2016,1213.800049,2099.060059,4933.5,1150.449951,1.119206667,109.7129974,13.11999989,63739,3079150000,1505020000,3079150000,239.557,0.37,143900,12652.7,4.8,88.33,0.27,0.9,-0.12
5/30/2016,1213.800049,2099.060059,4933.5,1150.449951,1.111000061,110.7699966,13.11999989,63739,3079150000,1505020000,3079150000,239.557,0.37,143900,12652.7,4.8,88.33,0.27,0.9,-0.12
5/31/2016,1214.800049,2096.949951,4948.049805,1154.790039,1.114839673,110.8410034,14.18999958,6432,4514410000,2285350000,4514410000,239.557,0.37,143900,12652.7,4.8,88.33,0.3,0.87,-0.1
6/1/2016,1211.900024,2099.330078,4952.25,1163.040039,1.113598108,110.6699982,14.19999981,2717,3525170000,1797090000,3525170000,240.222,0.38,144146,12731.2,4.9,90.17,0.31,0.91,-0.08
6/2/2016,1209.800049,2105.26001,4971.359863,1170.579956,1.11890614,109.4769974,13.63000011,1627,3632720000,1729050000,3632720000,240.222,0.38,144146,12731.2,4.9,90.17,0.27,0.89,-0.12
6/3/2016,1240.099976,2099.129883,4942.52002,1164.130005,1.115200162,108.8600006,13.47000027,1622,3627780000,1697840000,3627780000,240.222,0.38,144146,12731.2,4.9,90.17,0.19,0.78,-0.22
6/4/2016,1240.099976,2099.129883,4942.52002,1164.130005,1.115200162,108.8600006,13.47000027,1622,3627780000,1697840000,3627780000,240.222,0.38,144146,12731.2,4.9,90.17,0.19,0.78,-0.22
6/5/2016,1240.099976,2099.129883,4942.52002,1164.130005,1.115200162,108.8600006,13.47000027,1622,3627780000,1697840000,3627780000,240.222,0.38,144146,12731.2,4.9,90.17,0.19,0.78,-0.22
6/6/2016,1244.599976,2109.409912,4968.709961,1176.869995,1.13509953,106.7210007,13.64999962,1135,3442020000,1663840000,3442020000,240.222,0.38,144146,12731.2,4.9,90.17,0.19,0.8,-0.24
6/7/2016,1244.400024,2112.129883,4961.75,1179.969971,1.136402369,107.4380035,14.05000019,281,3534730000,1747760000,3534730000,240.222,0.38,144146,12731.2,4.9,90.17,0.15,0.78,-0.28
6/8/2016,1259.800049,2119.120117,4974.640137,1188.949951,1.135782838,107.2539978,14.07999992,406,3562060000,1692640000,3562060000,240.222,0.38,144146,12731.2,4.9,90.17,0.12,0.78,-0.31
6/9/2016,1270.199951,2115.47998,4958.620117,1181.199951,1.140706182,106.7799988,14.64000034,381,3290320000,1632340000,3290320000,240.222,0.38,144146,12731.2,4.9,90.17,0.12,0.77,-0.31
6/10/2016,1273.400024,2096.070068,4894.549805,1163.930054,1.131503344,107.0899963,17.03000069,397,3515010000,1822200000,3515010000,240.222,0.38,144146,12731.2,4.9,90.17,0.12,0.73,-0.32
6/11/2016,1273.400024,2096.070068,4894.549805,1163.930054,1.131503344,107.0899963,17.03000069,397,3515010000,1822200000,3515010000,240.222,0.38,144146,12731.2,4.9,90.17,0.12,0.73,-0.32
6/12/2016,1273.400024,2096.070068,4894.549805,1163.930054,1.131503344,107.0899963,17.03000069,397,3515010000,1822200000,3515010000,240.222,0.38,144146,12731.2,4.9,90.17,0.12,0.73,-0.32
6/13/2016,1284.400024,2079.060059,4848.439941,1150.699951,1.123999596,106.5039978,20.96999931,328,3392030000,1888300000,3392030000,240.222,0.38,144146,12731.2,4.9,90.17,0.15,0.73,-0.31
6/14/2016,1285.599976,2075.320068,4843.549805,1147.819946,1.129101515,106.2259979,20.5,554,3759770000,1919710000,3759770000,240.222,0.38,144146,12731.2,4.9,90.17,0.17,0.74,-0.3
6/15/2016,1285.800049,2071.5,4834.930176,1149.300049,1.121302485,106.086998,20.13999939,162,3544720000,1802200000,3544720000,240.222,0.38,144146,12731.2,4.9,90.17,0.13,0.69,-0.37
6/16/2016,1296.099976,2077.98999,4844.919922,1148.189941,1.126265645,105.8499985,19.37000084,251,3628280000,1851770000,3628280000,240.222,0.38,144146,12731.2,4.9,90.17,0.15,0.7,-0.32
6/17/2016,1292.5,2071.219971,4800.339844,1144.699951,1.125201106,104.7429962,19.40999985,129,4952630000,2638220000,4902630000,240.222,0.38,144146,12731.2,4.9,90.17,0.2,0.7,-0.3
6/18/2016,1292.5,2071.219971,4800.339844,1144.699951,1.125201106,104.7429962,19.40999985,129,4952630000,2638220000,4902630000,240.222,0.38,144146,12731.2,4.9,90.17,0.2,0.7,-0.3
6/19/2016,1292.5,2071.219971,4800.339844,1144.699951,1.125201106,104.7429962,19.40999985,129,4952630000,2638220000,4902630000,240.222,0.38,144146,12731.2,4.9,90.17,0.2,0.7,-0.3
6/20/2016,1290,2083.25,4837.209961,1157.699951,1.134906292,104.6480026,18.37000084,153,3467440000,1779560000,3467440000,240.222,0.38,144146,12731.2,4.9,90.17,0.24,0.74,-0.26
6/21/2016,1270.5,2088.899902,4843.759766,1153.869995,1.132297635,103.8239975,18.47999954,134,3232880000,1698080000,3232880000,240.222,0.38,144146,12731.2,4.9,90.17,0.28,0.76,-0.19
6/22/2016,1268,2085.449951,4833.319824,1148.969971,1.12506187,104.6699982,21.17000008,53,3168160000,1682220000,3168160000,240.222,0.38,144146,12731.2,4.9,90.17,0.25,0.75,-0.21
6/23/2016,1261.199951,2113.320068,4910.040039,1172.219971,1.132823586,104.6500015,17.25,218,3297940000,1738570000,3297940000,240.222,0.38,144146,12731.2,4.9,90.17,0.24,0.78,-0.22
6/24/2016,1320,2037.410034,4707.97998,1127.540039,1.132400274,104.8960037,25.76000023,694,7597450000,4411040000,7597450000,240.222,0.38,144146,12731.2,4.9,90.17,0.15,0.64,-0.28
6/25/2016,1320,2037.410034,4707.97998,1127.540039,1.132400274,104.8960037,25.76000023,694,7597450000,4411040000,7597450000,240.222,0.38,144146,12731.2,4.9,90.17,0.15,0.64,-0.28
6/26/2016,1320,2037.410034,4707.97998,1127.540039,1.132400274,104.8960037,25.76000023,694,7597450000,4411040000,7597450000,240.222,0.38,144146,12731.2,4.9,90.17,0.15,0.64,-0.28
6/27/2016,1322.5,2000.540039,4594.439941,1089.650024,1.103594422,102.1269989,23.85000038,92,5431220000,2659650000,5431220000,240.222,0.38,144146,12731.2,4.9,90.17,0.12,0.61,-0.27
6/28/2016,1315.300049,2036.089966,4691.870117,1107.300049,1.101503491,101.8119965,18.75,1072,4385810000,2074090000,4385810000,240.222,0.38,144146,12731.2,4.9,90.17,0.09,0.61,-0.32
6/29/2016,1323.900024,2070.77002,4779.25,1131.619995,1.107395172,102.7009964,16.63999939,414,4241740000,2116550000,4241740000,240.222,0.38,144146,12731.2,4.9,90.17,0.1,0.62,-0.33
6/30/2016,1318.400024,2098.860107,4842.669922,1151.920044,1.112805009,102.7779999,15.63000011,560,4622820000,2171180000,4622820000,240.222,0.38,144146,12731.2,4.9,90.17,0.09,0.58,-0.37
7/1/2016,1336.699951,2102.949951,4862.569824,1156.77002,1.110605121,103.072998,14.77000046,137,3458890000,1745130000,3458890000,240.101,0.39,144520,12756.7,4.8,114.61,0.03,0.59,-0.43
7/2/2016,1336.699951,2102.949951,4862.569824,1156.77002,1.110605121,103.072998,14.77000046,137,3458890000,1745130000,3458890000,240.101,0.39,144520,12756.7,4.8,114.61,0.03,0.59,-0.43
7/3/2016,1336.699951,2102.949951,4862.569824,1156.77002,1.110605121,103.072998,14.77000046,137,3458890000,1745130000,3458890000,240.101,0.39,144520,12756.7,4.8,114.61,0.03,0.59,-0.43
7/4/2016,1336.699951,2102.949951,4862.569824,1156.77002,1.113102317,102.487999,14.77000046,137,3458890000,1745130000,3458890000,240.101,0.39,144520,12756.7,4.8,114.61,0.03,0.59,-0.43
7/5/2016,1356.400024,2088.550049,4822.899902,1139.449951,1.114603519,102.5179977,15.57999992,90,3658380000,1690340000,3658380000,240.101,0.39,144520,12756.7,4.8,114.61,-0.03,0.56,-0.45
7/6/2016,1364.900024,2099.72998,4859.160156,1147.329956,1.106500745,101.1409988,14.96000004,130,3909380000,1876090000,3909380000,240.101,0.39,144520,12756.7,4.8,114.61,-0.05,0.58,-0.46
7/7/2016,1360.099976,2097.899902,4876.810059,1149.76001,1.109902501,101.1500015,14.76000023,207,3604550000,1672770000,3604550000,240.101,0.39,144520,12756.7,4.8,114.61,-0.03,0.58,-0.44
7/8/2016,1356.599976,2129.899902,4956.759766,1177.359985,1.106574178,100.7900009,13.19999981,249,3607500000,1947260000,3607500000,240.101,0.39,144520,12756.7,4.8,114.61,-0.06,0.61,-0.44
7/9/2016,1356.599976,2129.899902,4956.759766,1177.359985,1.106574178,100.7900009,13.19999981,249,3607500000,1947260000,3607500000,240.101,0.39,144520,12756.7,4.8,114.61,-0.06,0.61,-0.44
7/10/2016,1356.599976,2129.899902,4956.759766,1177.359985,1.106574178,100.7900009,13.19999981,249,3607500000,1947260000,3607500000,240.101,0.39,144520,12756.7,4.8,114.61,-0.06,0.61,-0.44
7/11/2016,1355,2137.159912,4988.640137,1190.030029,1.104398847,100.6920013,13.53999996,26,3253340000,1718450000,3253340000,240.101,0.39,144520,12756.7,4.8,114.61,0.01,0.66,-0.38
7/12/2016,1334.099976,2152.139893,5022.819824,1205.890015,1.105803251,102.5240021,13.55000019,252,4097820000,1866280000,4097820000,240.101,0.39,144520,12756.7,4.8,114.61,0.07,0.69,-0.36
7/13/2016,1342.400024,2152.429932,5005.72998,1201.160034,1.106292605,104.7559967,13.03999996,7,3502320000,1650820000,3502320000,240.101,0.39,144520,12756.7,4.8,114.61,0.03,0.68,-0.36
7/14/2016,1331.300049,2163.75,5034.060059,1202.170044,1.109496117,104.0759964,12.81999969,20,3465610000,1641170000,3465610000,240.101,0.39,144520,12756.7,4.8,114.61,0.08,0.68,-0.34
7/15/2016,1326.5,2161.73999,5029.589844,1205.310059,1.110605121,105.1910019,12.67000008,52,3122600000,1610300000,3122600000,240.101,0.39,144520,12756.7,4.8,114.61,0.11,0.71,-0.29
7/16/2016,1326.5,2161.73999,5029.589844,1205.310059,1.110605121,105.1910019,12.67000008,52,3122600000,1610300000,3122600000,240.101,0.39,144520,12756.7,4.8,114.61,0.11,0.71,-0.29
7/17/2016,1326.5,2161.73999,5029.589844,1205.310059,1.110605121,105.1910019,12.67000008,52,3122600000,1610300000,3122600000,240.101,0.39,144520,12756.7,4.8,114.61,0.11,0.71,-0.29
7/18/2016,1328.400024,2166.889893,5055.779785,1207.910034,1.105314374,105.4589996,12.43999958,54,3009310000,1585570000,3009310000,240.101,0.39,144520,12756.7,4.8,114.61,0.1,0.68,-0.27
7/19/2016,1331.5,2163.780029,5036.370117,1200.449951,1.107186675,106.1460037,11.97000027,322,2968340000,1694740000,2968340000,240.101,0.39,144520,12756.7,4.8,114.61,0.12,0.7,-0.27
7/20/2016,1318.800049,2173.02002,5089.930176,1209.73999,1.101357937,106.137001,11.77000046,751,3211860000,1877330000,3211860000,240.101,0.39,144520,12756.7,4.8,114.61,0.13,0.73,-0.25
7/21/2016,1330.5,2165.169922,5073.899902,1203.859985,1.101952672,107.2040024,12.73999977,318,3438900000,1880310000,3438900000,240.101,0.39,144520,12756.7,4.8,114.61,0.05,0.7,-0.27
7/22/2016,1323.099976,2175.030029,5100.160156,1212.890015,1.103289962,105.810997,12.02000046,55,3023280000,1639000000,3023280000,240.101,0.39,144520,12756.7,4.8,114.61,0.06,0.71,-0.23
7/23/2016,1323.099976,2175.030029,5100.160156,1212.890015,1.103289962,105.810997,12.02000046,55,3023280000,1639000000,3023280000,240.101,0.39,144520,12756.7,4.8,114.61,0.06,0.71,-0.23
7/24/2016,1323.099976,2175.030029,5100.160156,1212.890015,1.103289962,105.810997,12.02000046,55,3023280000,1639000000,3023280000,240.101,0.39,144520,12756.7,4.8,114.61,0.06,0.71,-0.23
7/25/2016,1319.300049,2168.47998,5097.629883,1209.819946,1.097044587,106.3259964,12.86999989,548,3057240000,1770620000,3057240000,240.101,0.39,144520,12756.7,4.8,114.61,0.08,0.72,-0.19
7/26/2016,1320.699951,2169.179932,5110.049805,1216.859985,1.099118471,105.5780029,13.05000019,63,3442350000,2038060000,3442350000,240.101,0.39,144520,12756.7,4.8,114.61,0.07,0.75,-0.18
7/27/2016,1326.599976,2166.580078,5139.810059,1218.930054,1.098780394,104.848999,12.82999992,215388,3995500000,2122250000,3995500000,240.101,0.39,144520,12756.7,4.8,114.61,0.03,0.73,-0.21
7/28/2016,1332.300049,2170.060059,5154.97998,1217.329956,1.107346058,104.9509964,12.72000027,56908,3664240000,1950910000,3664240000,240.101,0.39,144520,12756.7,4.8,114.61,0,0.72,-0.24
7/29/2016,1349,2173.600098,5162.129883,1219.939941,1.108438492,104.7450027,11.86999989,6076,4038840000,2072640000,4038840000,240.101,0.39,144520,12756.7,4.8,114.61,-0.03,0.67,-0.28
7/30/2016,1349,2173.600098,5162.129883,1219.939941,1.108438492,104.7450027,11.86999989,6076,4038840000,2072640000,4038840000,240.101,0.39,144520,12756.7,4.8,114.61,-0.03,0.67,-0.28
7/31/2016,1349,2173.600098,5162.129883,1219.939941,1.108438492,104.7450027,11.86999989,6076,4038840000,2072640000,4038840000,240.101,0.39,144520,12756.7,4.8,114.61,-0.03,0.67,-0.28
8/1/2016,1351.400024,2170.840088,5184.200195,1219.119995,1.116806865,102.3320007,12.43999958,1257,3505990000,1866590000,3505990000,240.545,0.4,144662,12788.1,4.9,98.74,0.05,0.67,-0.21
8/2/2016,1364.400024,2157.030029,5137.72998,1202.349976,1.116806865,102.3590012,13.36999989,2941,3848750000,2142010000,3848750000,240.545,0.4,144662,12788.1,4.9,98.74,0.11,0.67,-0.18
8/3/2016,1356.099976,2163.790039,5159.740234,1212.72998,1.121906281,101.0680008,12.85999966,715,3786530000,1909470000,3786530000,240.545,0.4,144662,12788.1,4.9,98.74,0.09,0.67,-0.21
8/4/2016,1358.800049,2164.25,5166.25,1213.76001,1.115150452,101.336998,12.42000008,381,3709200000,1930000000,3709200000,240.545,0.4,144662,12788.1,4.9,98.74,0.04,0.64,-0.27
8/5/2016,1336.400024,2182.870117,5221.120117,1231.300049,1.113474131,101.1989975,11.39000034,1107,3663070000,2017720000,3663070000,240.545,0.4,144662,12788.1,4.9,98.74,0.09,0.72,-0.2
8/6/2016,1336.400024,2182.870117,5221.120117,1231.300049,1.113474131,101.1989975,11.39000034,1107,3663070000,2017720000,3663070000,240.545,0.4,144662,12788.1,4.9,98.74,0.09,0.72,-0.2
8/7/2016,1336.400024,2182.870117,5221.120117,1231.300049,1.113474131,101.1989975,11.39000034,1107,3663070000,2017720000,3663070000,240.545,0.4,144662,12788.1,4.9,98.74,0.09,0.72,-0.2
8/8/2016,1333.400024,2180.889893,5213.140137,1230.420044,1.108954787,102.1449966,11.5,587,3327550000,1624450000,3327550000,240.545,0.4,144662,12788.1,4.9,98.74,0.08,0.74,-0.19
8/9/2016,1339,2181.73999,5225.47998,1231.73999,1.10836482,102.288002,11.65999985,620,3334300000,1664320000,3334300000,240.545,0.4,144662,12788.1,4.9,98.74,0.06,0.71,-0.19
8/10/2016,1344.300049,2175.48999,5204.580078,1223.27002,1.111580491,101.9150009,12.05000019,110,3254950000,1651240000,3254950000,240.545,0.4,144662,12788.1,4.9,98.74,0.06,0.69,-0.2
8/11/2016,1342.5,2185.790039,5228.399902,1229.119995,1.118643403,101.1330032,11.68000031,666,3423160000,1511670000,3423160000,240.545,0.4,144662,12788.1,4.9,98.74,0.1,0.76,-0.16
8/12/2016,1335.800049,2184.050049,5232.890137,1229.819946,1.113908291,101.8079987,11.55000019,113,3000660000,1501620000,3000660000,240.545,0.4,144662,12788.1,4.9,98.74,0.07,0.71,-0.19
8/13/2016,1335.800049,2184.050049,5232.890137,1229.819946,1.113908291,101.8079987,11.55000019,113,3000660000,1501620000,3000660000,240.545,0.4,144662,12788.1,4.9,98.74,0.07,0.71,-0.19
8/14/2016,1335.800049,2184.050049,5232.890137,1229.819946,1.113908291,101.8079987,11.55000019,113,3000660000,1501620000,3000660000,240.545,0.4,144662,12788.1,4.9,98.74,0.07,0.71,-0.19
8/15/2016,1340.300049,2190.149902,5262.02002,1241.859985,1.11669457,101.2829971,11.81000042,62,3078530000,1533170000,3078530000,240.545,0.4,144662,12788.1,4.9,98.74,0.1,0.72,-0.16
8/16/2016,1350.5,2178.149902,5227.109863,1231.130005,1.118405581,101.2399979,12.64000034,338,3196400000,1698390000,3196400000,240.545,0.4,144662,12788.1,4.9,98.74,0.13,0.76,-0.12
8/17/2016,1342.699951,2182.219971,5228.660156,1227.680054,1.12759912,100.1999969,12.18999958,135,3388910000,1747890000,3388910000,240.545,0.4,144662,12788.1,4.9,98.74,0.09,0.74,-0.16
8/18/2016,1351.199951,2187.02002,5240.149902,1236.849976,1.129892468,99.90599823,11.43000031,140,3300570000,1659080000,3300570000,240.545,0.4,144662,12788.1,4.9,98.74,0.06,0.71,-0.2
8/19/2016,1340.400024,2183.870117,5238.379883,1236.77002,1.134944916,100.1119995,11.34000015,197,3084800000,1632740000,3084800000,240.545,0.4,144662,12788.1,4.9,98.74,0.1,0.76,-0.17
8/20/2016,1340.400024,2183.870117,5238.379883,1236.77002,1.134944916,100.1119995,11.34000015,197,3084800000,1632740000,3084800000,240.545,0.4,144662,12788.1,4.9,98.74,0.1,0.76,-0.17
8/21/2016,1340.400024,2183.870117,5238.379883,1236.77002,1.134944916,100.1119995,11.34000015,197,3084800000,1632740000,3084800000,240.545,0.4,144662,12788.1,4.9,98.74,0.1,0.76,-0.17
8/22/2016,1337.699951,2182.639893,5244.600098,1239.73999,1.129815817,100.5540009,12.27000046,117,2777550000,1560210000,2777550000,240.545,0.4,144662,12788.1,4.9,98.74,0.08,0.76,-0.19
8/23/2016,1340.599976,2186.899902,5260.080078,1248.579956,1.13192606,100.2509995,12.38000011,551,3041490000,1547050000,3041490000,240.545,0.4,144662,12788.1,4.9,98.74,0.07,0.74,-0.19
8/24/2016,1324.400024,2175.439941,5217.689941,1237.25,1.130083919,100.310997,13.44999981,262,3148280000,1714780000,3148280000,240.545,0.4,144662,12788.1,4.9,98.74,0.08,0.76,-0.19
8/25/2016,1320.099976,2172.469971,5212.200195,1240,1.126379848,100.552002,13.63000011,58,2969310000,1511890000,2969310000,240.545,0.4,144662,12788.1,4.9,98.74,0.09,0.78,-0.17
8/26/2016,1321.5,2169.040039,5218.919922,1238.030029,1.129050493,100.5550003,13.64999962,141,3342340000,1591060000,3342340000,240.545,0.4,144662,12788.1,4.9,98.74,0.15,0.84,-0.08
8/27/2016,1321.5,2169.040039,5218.919922,1238.030029,1.129050493,100.5550003,13.64999962,141,3342340000,1591060000,3342340000,240.545,0.4,144662,12788.1,4.9,98.74,0.15,0.84,-0.08
8/28/2016,1321.5,2169.040039,5218.919922,1238.030029,1.129050493,100.5550003,13.64999962,141,3342340000,1591060000,3342340000,240.545,0.4,144662,12788.1,4.9,98.74,0.15,0.84,-0.08
8/29/2016,1322.900024,2180.379883,5232.330078,1244.939941,1.119946241,101.9199982,12.93999958,437,2654780000,1416640000,2654780000,240.545,0.4,144662,12788.1,4.9,98.74,0.11,0.81,-0.11
8/30/2016,1311.699951,2176.120117,5222.990234,1246.030029,1.119281888,101.8089981,13.11999989,705,3006800000,1561020000,3006800000,240.545,0.4,144662,12788.1,4.9,98.74,0.11,0.8,-0.1
8/31/2016,1306.900024,2170.949951,5213.220215,1239.910034,1.115324497,102.8679962,13.42000008,214,3766390000,1761770000,3766390000,240.545,0.4,144662,12788.1,4.9,98.74,0.11,0.8,-0.08
9/1/2016,1312.199951,2170.860107,5227.209961,1239.800049,1.116071343,103.302002,13.47999954,225,3392120000,1592520000,3392120000,241.176,0.4,144967,12846.6,5,104.55,0.12,0.78,-0.06
9/2/2016,1322.099976,2179.97998,5249.899902,1251.829956,1.120071769,103.2580032,11.97999954,55,3091120000,1474200000,3091120000,241.176,0.4,144967,12846.6,5,104.55,0.13,0.8,-0.08
9/3/2016,1322.099976,2179.97998,5249.899902,1251.829956,1.120071769,103.2580032,11.97999954,55,3091120000,1474200000,3091120000,241.176,0.4,144967,12846.6,5,104.55,0.13,0.8,-0.08
9/4/2016,1322.099976,2179.97998,5249.899902,1251.829956,1.120071769,103.2580032,11.97999954,55,3091120000,1474200000,3091120000,241.176,0.4,144967,12846.6,5,104.55,0.13,0.8,-0.08
9/5/2016,1322.099976,2179.97998,5249.899902,1251.829956,1.116196036,103.9339981,11.97999954,55,3091120000,1474200000,3091120000,241.176,0.4,144967,12846.6,5,104.55,0.13,0.8,-0.08
9/6/2016,1349.400024,2186.47998,5275.910156,1253.369995,1.115324497,103.5100021,12.02000046,46,3447650000,1777940000,3447650000,241.176,0.4,144967,12846.6,5,104.55,0.06,0.74,-0.16
9/7/2016,1344.300049,2186.159912,5283.930176,1261.01001,1.125365734,101.5250015,11.93999958,14,3319420000,1878460000,3319420000,241.176,0.4,144967,12846.6,5,104.55,0.03,0.74,-0.18
9/8/2016,1336.800049,2181.300049,5259.47998,1258.359985,1.124100804,101.8290024,12.51000023,30,3727840000,1839790000,3727840000,241.176,0.4,144967,12846.6,5,104.55,0.09,0.78,-0.15
9/9/2016,1330.099976,2127.810059,5125.910156,1219.209961,1.127141595,102.3059998,17.5,35,4233960000,2208690000,4233960000,241.176,0.4,144967,12846.6,5,104.55,0.17,0.79,-0.09
9/10/2016,1330.099976,2127.810059,5125.910156,1219.209961,1.127141595,102.3059998,17.5,35,4233960000,2208690000,4233960000,241.176,0.4,144967,12846.6,5,104.55,0.17,0.79,-0.09
9/11/2016,1330.099976,2127.810059,5125.910156,1219.209961,1.127141595,102.3059998,17.5,35,4233960000,2208690000,4233960000,241.176,0.4,144967,12846.6,5,104.55,0.17,0.79,-0.09
9/12/2016,1321,2159.040039,5211.890137,1235.869995,1.124113321,102.4380035,15.15999985,177,4010480000,2007610000,4010480000,241.176,0.4,144967,12846.6,5,104.55,0.17,0.79,-0.12
9/13/2016,1319,2127.02002,5155.25,1212.319946,1.124353528,101.7509995,17.85000038,79,4141670000,2071460000,4141670000,241.176,0.4,144967,12846.6,5,104.55,0.24,0.8,-0.05
9/14/2016,1321.5,2125.77002,5173.77002,1211.589966,1.12186861,102.5039978,18.13999939,73,3664100000,1902680000,3664100000,241.176,0.4,144967,12846.6,5,104.55,0.21,0.77,-0.09
9/15/2016,1313.5,2147.26001,5249.689941,1227.02002,1.124732852,102.5479965,16.29999924,37,3373720000,1950940000,3373720000,241.176,0.4,144967,12846.6,5,104.55,0.22,0.74,-0.11
9/16/2016,1305.800049,2139.159912,5244.569824,1224.780029,1.124593735,102.0080032,15.36999989,4,5014360000,3013860000,5014360000,241.176,0.4,144967,12846.6,5,104.55,0.19,0.77,-0.13
9/17/2016,1305.800049,2139.159912,5244.569824,1224.780029,1.124593735,102.0080032,15.36999989,4,5014360000,3013860000,5014360000,241.176,0.4,144967,12846.6,5,104.55,0.19,0.77,-0.13
9/18/2016,1305.800049,2139.159912,5244.569824,1224.780029,1.124593735,102.0080032,15.36999989,4,5014360000,3013860000,5014360000,241.176,0.4,144967,12846.6,5,104.55,0.19,0.77,-0.13
9/19/2016,1313.5,2139.120117,5235.029785,1232.530029,1.115847349,102.3069992,15.52999973,20,3141820000,1792650000,3141820000,241.176,0.4,144967,12846.6,5,104.55,0.2,0.79,-0.13
9/20/2016,1313.699951,2139.76001,5241.350098,1228.329956,1.11806798,101.8460007,15.92000008,97,3117380000,1697530000,3117380000,241.176,0.4,144967,12846.6,5,104.55,0.2,0.79,-0.13
9/21/2016,1326.900024,2163.120117,5295.180176,1245.040039,1.115399241,101.5469971,13.30000019,76,3685450000,2001890000,3685450000,241.176,0.4,144967,12846.6,5,104.55,0.15,0.79,-0.17
9/22/2016,1340.400024,2177.179932,5339.52002,1263.439941,1.119319439,100.3929977,12.02000046,23,3523860000,1914550000,3523860000,241.176,0.4,144967,12846.6,5,104.55,0.08,0.79,-0.22
9/23/2016,1337.199951,2164.689941,5305.75,1254.619995,1.121013403,100.8310013,12.28999996,40,3289860000,1762700000,3289860000,241.176,0.4,144967,12846.6,5,104.55,0.05,0.77,-0.26
9/24/2016,1337.199951,2164.689941,5305.75,1254.619995,1.121013403,100.8310013,12.28999996,40,3289860000,1762700000,3289860000,241.176,0.4,144967,12846.6,5,104.55,0.05,0.77,-0.26
9/25/2016,1337.199951,2164.689941,5305.75,1254.619995,1.121013403,100.8310013,12.28999996,40,3289860000,1762700000,3289860000,241.176,0.4,144967,12846.6,5,104.55,0.05,0.77,-0.26
9/26/2016,1339.699951,2146.100098,5257.490234,1240.939941,1.123923898,100.8889999,14.5,24,3199910000,1672190000,3199910000,241.176,0.4,144967,12846.6,5,104.55,0.05,0.76,-0.27
9/27/2016,1325.900024,2159.929932,5305.709961,1246.380005,1.124985933,100.3590012,13.10000038,48,3414090000,1754700000,3414090000,241.176,0.4,144967,12846.6,5,104.55,0.04,0.75,-0.26
9/28/2016,1319.400024,2171.370117,5318.549805,1255.670044,1.121956706,100.4680023,12.39000034,10551,3860390000,1788240000,3860390000,241.176,0.4,144967,12846.6,5,104.55,0.01,0.75,-0.31
9/29/2016,1321.699951,2151.129883,5269.149902,1237.75,1.122498274,100.9349976,14.02000046,6108,4215620000,1946150000,4215620000,241.176,0.4,144967,12846.6,5,104.55,0.02,0.73,-0.32
9/30/2016,1313.300049,2168.27002,5312,1251.650024,1.121956706,101.1989975,13.28999996,868,4158800000,2063260000,4158800000,241.176,0.4,144967,12846.6,5,104.55,0,0.77,-0.31
10/1/2016,1313.300049,2168.27002,5312,1251.650024,1.121956706,101.1989975,13.28999996,868,4158800000,2063260000,4158800000,241.741,0.4,145066,12867,4.9,85.75,0,0.77,-0.31
10/2/2016,1313.300049,2168.27002,5312,1251.650024,1.121956706,101.1989975,13.28999996,868,4158800000,2063260000,4158800000,241.741,0.4,145066,12867,4.9,85.75,0,0.77,-0.31
10/3/2016,1309,2161.199951,5300.870117,1245.780029,1.123469234,101.5630035,13.56999969,299,3113850000,1606460000,3113850000,241.741,0.4,145066,12867,4.9,85.75,0,0.8,-0.29
10/4/2016,1266.300049,2150.48999,5289.660156,1239.780029,1.121038556,101.8170013,13.63000011,1893,3716100000,1711810000,3716100000,241.741,0.4,145066,12867,4.9,85.75,0.07,0.82,-0.23
10/5/2016,1265.199951,2159.72998,5316.02002,1248.369995,1.121076226,102.8799973,12.98999977,246,3883710000,1755640000,3883710000,241.741,0.4,145066,12867,4.9,85.75,0.1,0.85,-0.22
10/6/2016,1249.800049,2160.77002,5306.850098,1246.23999,1.120824933,103.4599991,12.84000015,114,3438040000,1655480000,3438040000,241.741,0.4,145066,12867,4.9,85.75,0.11,0.86,-0.21
10/7/2016,1248.900024,2153.73999,5292.399902,1236.560059,1.114454508,103.7649994,13.47999954,169,3578770000,1647330000,3578770000,241.741,0.4,145066,12867,4.9,85.75,0.1,0.83,-0.24
10/8/2016,1248.900024,2153.73999,5292.399902,1236.560059,1.114454508,103.7649994,13.47999954,169,3578770000,1647330000,3578770000,241.741,0.4,145066,12867,4.9,85.75,0.1,0.83,-0.24
10/9/2016,1248.900024,2153.73999,5292.399902,1236.560059,1.114454508,103.7649994,13.47999954,169,3578770000,1647330000,3578770000,241.741,0.4,145066,12867,4.9,85.75,0.1,0.83,-0.24
10/10/2016,1248.900024,2163.659912,5328.669922,1250.76001,1.119695425,103.0179977,13.38000011,169,2881970000,1365600000,2881970000,241.741,0.4,145066,12867,4.9,85.75,0.1,0.83,-0.24
10/11/2016,1253,2136.72998,5246.790039,1227.619995,1.114081979,103.6969986,15.35999966,26,3393060000,1822980000,3393060000,241.741,0.4,145066,12867,4.9,85.75,0.13,0.87,-0.21
10/12/2016,1251.099976,2139.179932,5239.02002,1227.22998,1.106194735,103.3420029,15.90999985,127,2959510000,1567930000,2959510000,241.741,0.4,145066,12867,4.9,85.75,0.15,0.87,-0.2
10/13/2016,1255,2132.550049,5213.330078,1215.75,1.101188183,104.3040009,16.69000053,315,3538030000,1737720000,3538030000,241.741,0.4,145066,12867,4.9,85.75,0.12,0.85,-0.23
10/14/2016,1253.099976,2132.97998,5214.160156,1212.410034,1.104972363,103.7220001,16.12000084,311,3187910000,1593610000,3187910000,241.741,0.4,145066,12867,4.9,85.75,0.13,0.84,-0.25
10/15/2016,1253.099976,2132.97998,5214.160156,1212.410034,1.104972363,103.7220001,16.12000084,311,3187910000,1593610000,3187910000,241.741,0.4,145066,12867,4.9,85.75,0.13,0.84,-0.25
10/16/2016,1253.099976,2132.97998,5214.160156,1212.410034,1.104972363,103.7220001,16.12000084,311,3187910000,1593610000,3187910000,241.741,0.4,145066,12867,4.9,85.75,0.13,0.84,-0.25
10/17/2016,1254.400024,2126.5,5199.819824,1210.140015,1.096779943,104.0390015,16.20999908,41,2832440000,1427060000,2832440000,241.741,0.4,145066,12867,4.9,85.75,0.09,0.81,-0.29
10/18/2016,1260.800049,2139.600098,5243.839844,1217.300049,1.101564169,103.8509979,15.27999973,11,3172940000,1476970000,3172940000,241.741,0.4,145066,12867,4.9,85.75,0.09,0.82,-0.3
10/19/2016,1267.900024,2144.290039,5246.410156,1222.640015,1.097694874,103.8649979,14.40999985,219,3364990000,1548910000,3364990000,241.741,0.4,145066,12867,4.9,85.75,0.08,0.81,-0.32
10/20/2016,1265.599976,2141.340088,5241.830078,1219.790039,1.097514153,103.3909988,13.75,415,3339320000,1745270000,3339320000,241.741,0.4,145066,12867,4.9,85.75,0.08,0.84,-0.3
10/21/2016,1265.900024,2141.159912,5257.399902,1218.099976,1.093039513,104.1090012,13.34000015,224,3456390000,1651490000,3456390000,241.741,0.4,145066,12867,4.9,85.75,0.07,0.84,-0.31
10/22/2016,1265.900024,2141.159912,5257.399902,1218.099976,1.093039513,104.1090012,13.34000015,224,3456390000,1651490000,3456390000,241.741,0.4,145066,12867,4.9,85.75,0.07,0.84,-0.31
10/23/2016,1265.900024,2141.159912,5257.399902,1218.099976,1.093039513,104.1090012,13.34000015,224,3456390000,1651490000,3456390000,241.741,0.4,145066,12867,4.9,85.75,0.07,0.84,-0.31
10/24/2016,1262,2151.330078,5309.830078,1226.449951,1.08825767,103.9169998,13.02000046,42,3359950000,1533370000,3359950000,241.741,0.4,145066,12867,4.9,85.75,0.11,0.84,-0.26
10/25/2016,1271.900024,2143.159912,5283.399902,1216.099976,1.087547541,104.3209991,13.46000004,61,3756200000,1580830000,3756200000,241.741,0.4,145066,12867,4.9,85.75,0.07,0.86,-0.28
10/26/2016,1264.800049,2139.429932,5250.27002,1204.75,1.088731647,104.1539993,14.23999977,279,3778120000,1732300000,3778120000,241.741,0.4,145066,12867,4.9,85.75,0.08,0.86,-0.28
10/27/2016,1267.900024,2133.040039,5215.970215,1189.949951,1.091202736,104.5630035,15.35999966,338,4209400000,1926820000,4209400000,241.741,0.4,145066,12867,4.9,85.75,0.13,0.87,-0.24
10/28/2016,1275.5,2126.409912,5190.100098,1187.609985,1.090037107,105.2089996,16.19000053,560,4028270000,1911810000,4028270000,241.741,0.4,145066,12867,4.9,85.75,0.13,0.86,-0.27
10/29/2016,1275.5,2126.409912,5190.100098,1187.609985,1.090037107,105.2089996,16.19000053,560,4028270000,1911810000,4028270000,241.741,0.4,145066,12867,4.9,85.75,0.13,0.86,-0.27
10/30/2016,1275.5,2126.409912,5190.100098,1187.609985,1.090037107,105.2089996,16.19000053,560,4028270000,1911810000,4028270000,241.741,0.4,145066,12867,4.9,85.75,0.13,0.86,-0.27
10/31/2016,1271.5,2126.149902,5189.140137,1191.390015,1.098466516,104.5650024,17.05999947,58,3926560000,1709060000,3926560000,241.741,0.4,145066,12867,4.9,85.75,0.11,0.86,-0.28
11/1/2016,1286.400024,2111.719971,5153.580078,1177.939941,1.097333431,104.8199997,18.55999947,49,4539190000,1880920000,4539190000,242.026,0.41,145183,12893,4.7,82.92,0.11,0.83,-0.29
11/2/2016,1306.800049,2097.939941,5105.569824,1162.52002,1.1057055,104.0920029,19.31999969,30,4289120000,2124990000,4289120000,242.026,0.41,145183,12893,4.7,82.92,0.11,0.81,-0.29
11/3/2016,1302.099976,2088.659912,5058.410156,1156.890015,1.109754801,103.3779984,22.07999992,73,3892100000,2113730000,3892100000,242.026,0.41,145183,12893,4.7,82.92,0.14,0.81,-0.26
11/4/2016,1303.300049,2085.179932,5046.370117,1163.439941,1.110247612,103.052002,22.51000023,11,3841910000,2020130000,3841910000,242.026,0.41,145183,12893,4.7,82.92,0.11,0.8,-0.28
11/5/2016,1303.300049,2085.179932,5046.370117,1163.439941,1.110247612,103.052002,22.51000023,11,3841910000,2020130000,3841910000,242.026,0.41,145183,12893,4.7,82.92,0.11,0.8,-0.28
11/6/2016,1303.300049,2085.179932,5046.370117,1163.439941,1.110247612,103.052002,22.51000023,11,3841910000,2020130000,3841910000,242.026,0.41,145183,12893,4.7,82.92,0.11,0.8,-0.28
11/7/2016,1278.300049,2131.52002,5166.169922,1192.25,1.11012435,104.1949997,18.70999908,34,3739720000,1916620000,3739720000,242.026,0.41,145183,12893,4.7,82.92,0.12,0.82,-0.27
11/8/2016,1273.400024,2139.560059,5193.490234,1195.140015,1.105216622,104.4380035,18.73999977,50,3921850000,1739440000,3921850000,242.026,0.41,145183,12893,4.7,82.92,0.15,0.87,-0.23
11/9/2016,1272.599976,2163.26001,5251.069824,1232.160034,1.101904154,105.0299988,14.38000011,108,6267590000,2827570000,6267590000,242.026,0.41,145183,12893,4.7,82.92,0.25,0.9,-0.18
11/10/2016,1265.5,2167.47998,5208.799805,1251.609985,1.092060685,105.8529968,14.73999977,63,6458450000,2986760000,6458450000,242.026,0.41,145183,12893,4.7,82.92,0.27,0.92,-0.14
11/11/2016,1265.5,2164.449951,5237.109863,1282.380005,1.088968754,106.8560028,14.17000008,63,4993990000,2290080000,4993990000,242.026,0.41,145183,12893,4.7,82.92,0.27,0.92,-0.14
11/12/2016,1265.5,2164.449951,5237.109863,1282.380005,1.088968754,106.8560028,14.17000008,63,4993990000,2290080000,4993990000,242.026,0.41,145183,12893,4.7,82.92,0.27,0.92,-0.14
11/13/2016,1265.5,2164.449951,5237.109863,1282.380005,1.088968754,106.8560028,14.17000008,63,4993990000,2290080000,4993990000,242.026,0.41,145183,12893,4.7,82.92,0.27,0.92,-0.14
11/14/2016,1221.199951,2164.199951,5218.399902,1298.599976,1.082485437,106.8710022,14.47999954,216,5373670000,2371900000,5373670000,242.026,0.41,145183,12893,4.7,82.92,0.4,1,0.01
11/15/2016,1224,2180.389893,5275.620117,1302.140015,1.075037599,108.2020035,13.36999989,20,4548110000,2159180000,4548110000,242.026,0.41,145183,12893,4.7,82.92,0.41,1.02,0.01
11/16/2016,1223.400024,2176.939941,5294.580078,1302.199951,1.072731137,109.038002,13.72000027,66,3847900000,2066130000,3847900000,242.026,0.41,145183,12893,4.7,82.92,0.39,1,0.02
11/17/2016,1216.5,2187.120117,5333.970215,1309.47998,1.07066381,108.7850037,13.35000038,1139,3811730000,2084710000,3811730000,242.026,0.41,145183,12893,4.7,82.92,0.42,1.04,0.02
11/18/2016,1208.5,2181.899902,5321.509766,1315.640015,1.062304139,110.2559967,12.85000038,607,3580900000,1865770000,3580900000,242.026,0.41,145183,12893,4.7,82.92,0.44,1.07,0.06
11/19/2016,1208.5,2181.899902,5321.509766,1315.640015,1.062304139,110.2559967,12.85000038,607,3580900000,1865770000,3580900000,242.026,0.41,145183,12893,4.7,82.92,0.44,1.07,0.06
11/20/2016,1208.5,2181.899902,5321.509766,1315.640015,1.062304139,110.2559967,12.85000038,607,3580900000,1865770000,3580900000,242.026,0.41,145183,12893,4.7,82.92,0.44,1.07,0.06
11/21/2016,1209.599976,2198.179932,5368.859863,1322.22998,1.058425069,110.9729996,12.42000008,19,3611500000,1748170000,3611500000,242.026,0.41,145183,12893,4.7,82.92,0.42,1.08,0.05
11/22/2016,1211,2202.939941,5386.350098,1334.339966,1.063886404,110.6500015,12.40999985,19,3960520000,1890410000,3960520000,242.026,0.41,145183,12893,4.7,82.92,0.41,1.07,0.02
11/23/2016,1189.099976,2204.719971,5380.680176,1342.089966,1.063377261,111.0059967,12.43000031,309,3419850000,1617700000,3419850000,242.026,0.41,145183,12893,4.7,82.92,0.44,1.12,0.09
11/24/2016,1189.099976,2204.719971,5380.680176,1342.089966,1.05451858,112.5820007,12.43000031,309,3419850000,1617700000,3419850000,242.026,0.41,145183,12893,4.7,82.92,0.44,1.12,0.09
11/25/2016,1178.199951,2213.350098,5398.919922,1347.199951,1.056189299,113.2919998,12.34000015,14,1584590000,768080000,1584590000,242.026,0.41,145183,12893,4.7,82.92,0.47,1.12,0.09
11/26/2016,1178.199951,2213.350098,5398.919922,1347.199951,1.056189299,113.2919998,12.34000015,14,1584590000,768080000,1584590000,242.026,0.41,145183,12893,4.7,82.92,0.47,1.12,0.09
11/27/2016,1178.199951,2213.350098,5398.919922,1347.199951,1.056189299,113.2919998,12.34000015,14,1584590000,768080000,1584590000,242.026,0.41,145183,12893,4.7,82.92,0.47,1.12,0.09
11/28/2016,1190.599976,2201.719971,5368.810059,1329.829956,1.061233163,112.6520004,13.14999962,189914,3515100000,1630150000,3515100000,242.026,0.41,145183,12893,4.7,82.92,0.47,1.11,0.11
11/29/2016,1187.900024,2204.659912,5379.919922,1328.219971,1.062134862,111.6900024,12.89999962,42124,3709190000,1791760000,3709190000,242.026,0.41,145183,12893,4.7,82.92,0.44,1.09,0.09
11/30/2016,1170.800049,2198.810059,5323.680176,1322.339966,1.064849257,112.4700012,13.32999992,7158,5538400000,2056060000,5538400000,242.026,0.41,145183,12893,4.7,82.92,0.43,1.11,0.06
12/1/2016,1166.900024,2191.080078,5251.109863,1313.800049,1.059209824,114.6940002,14.06999969,1588,5067470000,2269790000,5067470000,242.637,0.54,145408,13005.9,4.7,102.18,0.48,1.14,0.09
12/2/2016,1175.099976,2191.949951,5255.649902,1314.25,1.066314101,113.9089966,14.11999989,1521,3782370000,1851030000,3782370000,242.637,0.54,145408,13005.9,4.7,102.18,0.49,1.11,0.08
12/3/2016,1175.099976,2191.949951,5255.649902,1314.25,1.066314101,113.9089966,14.11999989,1521,3782370000,1851030000,3782370000,242.637,0.54,145408,13005.9,4.7,102.18,0.49,1.11,0.08
12/4/2016,1175.099976,2191.949951,5255.649902,1314.25,1.066314101,113.9089966,14.11999989,1521,3782370000,1851030000,3782370000,242.637,0.54,145408,13005.9,4.7,102.18,0.49,1.11,0.08
12/5/2016,1174,2204.709961,5308.890137,1337.790039,1.058201075,113.5049973,12.14000034,358,3898530000,1800570000,3898530000,242.637,0.54,145408,13005.9,4.7,102.18,0.45,1.13,0.05
12/6/2016,1167.599976,2212.22998,5333,1352.670044,1.075731516,113.862999,11.78999996,652,3857290000,1977480000,3857290000,242.637,0.54,145408,13005.9,4.7,102.18,0.44,1.12,0.04
12/7/2016,1175,2241.350098,5393.759766,1364.51001,1.072041154,114.052002,12.22000027,182,4504070000,2125370000,4504070000,242.637,0.54,145408,13005.9,4.7,102.18,0.42,1.1,0.02
12/8/2016,1169.800049,2246.189941,5417.359863,1386.369995,1.076194525,113.7129974,12.64000034,322,4203270000,2236580000,4203270000,242.637,0.54,145408,13005.9,4.7,102.18,0.45,1.12,0
12/9/2016,1159.400024,2259.530029,5444.5,1388.069946,1.062134862,114.0749969,11.75,365,3886460000,2042340000,3886460000,242.637,0.54,145408,13005.9,4.7,102.18,0.51,1.15,0.06
12/10/2016,1159.400024,2259.530029,5444.5,1388.069946,1.062134862,114.0749969,11.75,365,3886460000,2042340000,3886460000,242.637,0.54,145408,13005.9,4.7,102.18,0.51,1.15,0.06
12/11/2016,1159.400024,2259.530029,5444.5,1388.069946,1.062134862,114.0749969,11.75,365,3886460000,2042340000,3886460000,242.637,0.54,145408,13005.9,4.7,102.18,0.51,1.15,0.06
12/12/2016,1163.5,2256.959961,5412.540039,1373.140015,1.054741144,115.4120026,12.64000034,331,4038850000,1931840000,4038850000,242.637,0.54,145408,13005.9,4.7,102.18,0.51,1.15,0.04
12/13/2016,1156.699951,2271.719971,5463.830078,1373.530029,1.064169407,115.0019989,12.72000027,637,3875630000,2094860000,3875630000,242.637,0.54,145408,13005.9,4.7,102.18,0.53,1.17,0.06
12/14/2016,1161.300049,2253.280029,5436.669922,1356.02002,1.0629251,115.223999,13.18999958,487,4409670000,1976570000,4409670000,242.637,0.54,145408,13005.9,4.7,102.18,0.6,1.27,0.2
12/15/2016,1127.800049,2262.030029,5456.850098,1366.410034,1.051414132,117.2109985,12.78999996,244,4173360000,2101320000,4173360000,242.637,0.54,145408,13005.9,4.7,102.18,0.7,1.29,0.32
12/16/2016,1135.300049,2258.070068,5437.160156,1364.189941,1.041883707,118.2409973,12.19999981,146,5928980000,3281480000,5928980000,242.637,0.54,145408,13005.9,4.7,102.18,0.74,1.28,0.32
12/17/2016,1135.300049,2258.070068,5437.160156,1364.189941,1.041883707,118.2409973,12.19999981,146,5928980000,3281480000,5928980000,242.637,0.54,145408,13005.9,4.7,102.18,0.74,1.28,0.32
12/18/2016,1135.300049,2258.070068,5437.160156,1364.189941,1.041883707,118.2409973,12.19999981,146,5928980000,3281480000,5928980000,242.637,0.54,145408,13005.9,4.7,102.18,0.74,1.28,0.32
12/19/2016,1140.5,2262.530029,5457.439941,1371.680054,1.044997573,117.7910004,11.71000004,249,3252840000,1688680000,3252840000,242.637,0.54,145408,13005.9,4.7,102.18,0.68,1.24,0.29
12/20/2016,1131.5,2270.76001,5483.939941,1383.959961,1.040582657,117.0370026,11.44999981,46,3306250000,1679630000,3306250000,242.637,0.54,145408,13005.9,4.7,102.18,0.67,1.25,0.26
12/21/2016,1131.099976,2265.179932,5471.430176,1375.189941,1.03904736,117.875,11.27000046,50,2854880000,1496850000,2854880000,242.637,0.54,145408,13005.9,4.7,102.18,0.64,1.21,0.3
12/22/2016,1128.800049,2260.959961,5447.419922,1362.660034,1.042861581,117.6039963,11.43000031,104,2880670000,1585470000,2880670000,242.637,0.54,145408,13005.9,4.7,102.18,0.6,1.22,0.18
12/23/2016,1131.900024,2263.790039,5462.689941,1371.51001,1.043765068,117.5419998,11.43999958,70,2021230000,1144900000,2021230000,242.637,0.54,145408,13005.9,4.7,102.18,0.58,1.22,0.2
12/24/2016,1131.900024,2263.790039,5462.689941,1371.51001,1.043765068,117.5419998,11.43999958,70,2021230000,1144900000,2021230000,242.637,0.54,145408,13005.9,4.7,102.18,0.58,1.22,0.2
12/25/2016,1131.900024,2263.790039,5462.689941,1371.51001,1.043765068,117.5419998,11.43999958,70,2021230000,1144900000,2021230000,242.637,0.54,145408,13005.9,4.7,102.18,0.58,1.22,0.2
12/26/2016,1131.900024,2263.790039,5462.689941,1371.51001,1.045478344,117.3099976,11.43999958,70,2021230000,1144900000,2021230000,242.637,0.54,145408,13005.9,4.7,102.18,0.58,1.22,0.2
12/27/2016,1137.300049,2268.879883,5487.439941,1377.709961,1.045696974,117.1920013,11.98999977,84,1989730000,1219050000,1989730000,242.637,0.54,145408,13005.9,4.7,102.18,0.58,1.28,0.19
12/28/2016,1139.400024,2249.919922,5438.560059,1360.829956,1.046233058,117.4800034,12.94999981,1570,2402750000,1326660000,2402750000,242.637,0.54,145408,13005.9,4.7,102.18,0.56,1.26,0.17
12/29/2016,1156.400024,2249.26001,5432.089844,1363.180054,1.041699171,117.086998,13.36999989,950,2338700000,1266350000,2338700000,242.637,0.54,145408,13005.9,4.7,102.18,0.55,1.22,0.15
12/30/2016,1150,2238.830078,5383.120117,1357.130005,1.057529688,116.2669983,14.03999996,16,2671550000,1551690000,2671550000,242.637,0.54,145408,13005.9,4.7,102.18,0.5,1.2,0.09
12/31/2016,1150,2238.830078,5383.120117,1357.130005,1.057529688,116.2669983,14.03999996,16,2671550000,1551690000,2671550000,242.637,0.54,145408,13005.9,4.7,102.18,0.5,1.2,0.09
1/1/2017,1150,2238.830078,5383.120117,1357.130005,1.057529688,116.2669983,14.03999996,16,2671550000,1551690000,2671550000,243.618,0.65,145628,13063.7,4.7,105.2,0.5,1.2,0.09
1/2/2017,1150,2238.830078,5383.120117,1357.130005,1.052698016,116.7949982,14.03999996,16,2671550000,1551690000,2671550000,243.618,0.65,145628,13063.7,4.7,105.2,0.5,1.2,0.09
1/3/2017,1160.400024,2257.830078,5429.080078,1365.48999,1.046003222,117.4950027,12.85000038,52,3773010000,1887670000,3773010000,243.618,0.65,145628,13063.7,4.7,105.2,0.47,1.22,0.08
1/4/2017,1163.800049,2270.75,5477,1387.949951,1.041992307,117.6589966,11.85000038,36,3768890000,1885490000,3768890000,243.618,0.65,145628,13063.7,4.7,105.2,0.47,1.24,0.08
1/5/2017,1179.699951,2269,5487.939941,1371.939941,1.05008924,117.112999,11.67000008,500,3785080000,1799170000,3785080000,243.618,0.65,145628,13063.7,4.7,105.2,0.42,1.17,0.03
1/6/2017,1171.900024,2276.97998,5521.060059,1367.280029,1.060591578,115.2649994,11.31999969,16,3342080000,1711870000,3342080000,243.618,0.65,145628,13063.7,4.7,105.2,0.46,1.22,0.08
1/7/2017,1171.900024,2276.97998,5521.060059,1367.280029,1.060591578,115.2649994,11.31999969,16,3342080000,1711870000,3342080000,243.618,0.65,145628,13063.7,4.7,105.2,0.46,1.22,0.08
1/8/2017,1171.900024,2276.97998,5521.060059,1367.280029,1.060591578,115.2649994,11.31999969,16,3342080000,1711870000,3342080000,243.618,0.65,145628,13063.7,4.7,105.2,0.46,1.22,0.08
1/9/2017,1183.5,2268.899902,5531.819824,1357.48999,1.053185821,117.1500015,11.56000042,62,3219730000,1887740000,3219730000,243.618,0.65,145628,13063.7,4.7,105.2,0.43,1.21,0.04
1/10/2017,1184.199951,2268.899902,5551.819824,1370.900024,1.05886209,115.9850006,11.48999977,8,3640560000,1798610000,3640560000,243.618,0.65,145628,13063.7,4.7,105.2,0.43,1.19,0.05
1/11/2017,1195.599976,2275.320068,5563.649902,1373.300049,1.055241942,115.8720016,11.26000023,20,3625080000,1960830000,3625080000,243.618,0.65,145628,13063.7,4.7,105.2,0.39,1.2,0.04
1/12/2017,1198.900024,2270.439941,5547.490234,1361.069946,1.059771061,115.0979996,11.53999996,110,3466220000,1805840000,3466220000,243.618,0.65,145628,13063.7,4.7,105.2,0.38,1.18,0
1/13/2017,1195.300049,2274.639893,5574.120117,1372.050049,1.061683774,114.6640015,11.22999954,65,3090680000,1611260000,3090680000,243.618,0.65,145628,13063.7,4.7,105.2,0.41,1.21,0.05
1/14/2017,1195.300049,2274.639893,5574.120117,1372.050049,1.061683774,114.6640015,11.22999954,65,3090680000,1611260000,3090680000,243.618,0.65,145628,13063.7,4.7,105.2,0.41,1.21,0.05
1/15/2017,1195.300049,2274.639893,5574.120117,1372.050049,1.061683774,114.6640015,11.22999954,65,3090680000,1611260000,3090680000,243.618,0.65,145628,13063.7,4.7,105.2,0.41,1.21,0.05
1/16/2017,1195.300049,2274.639893,5574.120117,1372.050049,1.062868714,114.2269974,11.22999954,65,3090680000,1611260000,3090680000,243.618,0.65,145628,13063.7,4.7,105.2,0.41,1.21,0.05
1/17/2017,1212,2267.889893,5538.72998,1352.319946,1.060299158,114.1520004,11.86999989,79,3586950000,1759440000,3586950000,243.618,0.65,145628,13063.7,4.7,105.2,0.36,1.17,0
1/18/2017,1211.300049,2271.889893,5555.649902,1358.560059,1.069678903,112.8779984,12.47999954,114,3317670000,1686260000,3317670000,243.618,0.65,145628,13063.7,4.7,105.2,0.42,1.23,0.07
1/19/2017,1200.900024,2263.689941,5540.080078,1345.73999,1.062778354,114.762001,12.77999973,26,3168390000,1809900000,3168390000,243.618,0.65,145628,13063.7,4.7,105.2,0.43,1.25,0.07
1/20/2017,1204.300049,2271.310059,5555.330078,1351.849976,1.065973043,114.9800034,11.53999996,38,3536850000,1750340000,3536850000,243.618,0.65,145628,13063.7,4.7,105.2,0.44,1.2,0.03
1/21/2017,1204.300049,2271.310059,5555.330078,1351.849976,1.065973043,114.9800034,11.53999996,38,3536850000,1750340000,3536850000,243.618,0.65,145628,13063.7,4.7,105.2,0.44,1.2,0.03
1/22/2017,1204.300049,2271.310059,5555.330078,1351.849976,1.065973043,114.9800034,11.53999996,38,3536850000,1750340000,3536850000,243.618,0.65,145628,13063.7,4.7,105.2,0.44,1.2,0.03
1/23/2017,1215,2265.199951,5552.939941,1347.839966,1.071375012,113.8099976,11.77000046,16,3155240000,1652370000,3155240000,243.618,0.65,145628,13063.7,4.7,105.2,0.39,1.16,0.02
1/24/2017,1210.300049,2280.070068,5600.959961,1369.209961,1.076078773,112.7799988,11.06999969,24,3816950000,1808560000,3816950000,243.618,0.65,145628,13063.7,4.7,105.2,0.41,1.21,0.01
1/25/2017,1197.300049,2298.370117,5656.339844,1382.439941,1.072869301,113.8399963,10.81000042,403,3849340000,1964040000,3849340000,243.618,0.65,145628,13063.7,4.7,105.2,0.45,1.23,0.03
1/26/2017,1189.5,2296.679932,5655.180176,1375.599976,1.075199366,113.2929993,10.63000011,19,3611510000,1837020000,3611510000,243.618,0.65,145628,13063.7,4.7,105.2,0.43,1.21,0.01
1/27/2017,1188.099976,2294.689941,5660.779785,1370.699951,1.068296194,114.4550018,10.57999992,234352,3137420000,1669190000,3137420000,243.618,0.65,145628,13063.7,4.7,105.2,0.41,1.22,-0.02
1/28/2017,1188.099976,2294.689941,5660.779785,1370.699951,1.068296194,114.4550018,10.57999992,234352,3137420000,1669190000,3137420000,243.618,0.65,145628,13063.7,4.7,105.2,0.41,1.22,-0.02
1/29/2017,1188.099976,2294.689941,5660.779785,1370.699951,1.068296194,114.4550018,10.57999992,234352,3137420000,1669190000,3137420000,243.618,0.65,145628,13063.7,4.7,105.2,0.41,1.22,-0.02
1/30/2017,1193.199951,2280.899902,5613.709961,1352.329956,1.07139802,114.6679993,11.88000011,50503,3595040000,1782380000,3595040000,243.618,0.65,145628,13063.7,4.7,105.2,0.42,1.22,-0.01
1/31/2017,1208.599976,2278.870117,5614.790039,1361.819946,1.070858717,113.6500015,11.98999977,3212,4089730000,2047460000,4089730000,243.618,0.65,145628,13063.7,4.7,105.2,0.4,1.19,-0.04
2/1/2017,1205.599976,2279.550049,5642.649902,1361.22998,1.080380321,112.7429962,11.81000042,1145,3919190000,2239570000,3919190000,244.006,0.66,145848,13088.4,4.6,114.21,0.43,1.22,0.01
2/2/2017,1216.699951,2280.850098,5636.200195,1357.430054,1.076739192,113.310997,11.93000031,1512,3809760000,2077010000,3809760000,244.006,0.66,145848,13088.4,4.6,114.21,0.43,1.21,-0.01
2/3/2017,1218.5,2297.419922,5666.77002,1377.839966,1.076171398,112.7890015,10.97000027,865,3605970000,1792330000,3605970000,244.006,0.66,145848,13088.4,4.6,114.21,0.44,1.21,0.02
2/4/2017,1218.5,2297.419922,5666.77002,1377.839966,1.076171398,112.7890015,10.97000027,865,3605970000,1792330000,3605970000,244.006,0.66,145848,13088.4,4.6,114.21,0.44,1.21,0.02
2/5/2017,1218.5,2297.419922,5666.77002,1377.839966,1.076171398,112.7890015,10.97000027,865,3605970000,1792330000,3605970000,244.006,0.66,145848,13088.4,4.6,114.21,0.44,1.21,0.02
2/6/2017,1230,2292.560059,5663.549805,1366.660034,1.078294992,112.6389999,11.36999989,908,3112390000,1736140000,3112390000,244.006,0.66,145848,13088.4,4.6,114.21,0.4,1.16,-0.05
2/7/2017,1234.199951,2293.080078,5674.220215,1361.060059,1.074321628,111.8270035,11.28999996,1177,3452460000,1922030000,3452460000,244.006,0.66,145848,13088.4,4.6,114.21,0.4,1.16,-0.02
2/8/2017,1237.599976,2294.669922,5682.450195,1358.73999,1.067805648,112.387001,11.44999981,288,3611950000,1947100000,3611950000,244.006,0.66,145848,13088.4,4.6,114.21,0.38,1.15,-0.01
2/9/2017,1235.099976,2307.870117,5715.180176,1378.530029,1.069221377,111.9520035,10.88000011,885,3681600000,1948120000,3681600000,244.006,0.66,145848,13088.4,4.6,114.21,0.41,1.2,0.02
2/10/2017,1234.400024,2316.100098,5734.129883,1388.839966,1.065859437,113.4339981,10.85000038,391,3496600000,1867270000,3496600000,244.006,0.66,145848,13088.4,4.6,114.21,0.4,1.2,0.02
2/11/2017,1234.400024,2316.100098,5734.129883,1388.839966,1.065859437,113.4339981,10.85000038,391,3496600000,1867270000,3496600000,244.006,0.66,145848,13088.4,4.6,114.21,0.4,1.2,0.02
2/12/2017,1234.400024,2316.100098,5734.129883,1388.839966,1.065859437,113.4339981,10.85000038,391,3496600000,1867270000,3496600000,244.006,0.66,145848,13088.4,4.6,114.21,0.4,1.2,0.02
2/13/2017,1224.400024,2328.25,5763.959961,1392.380005,1.061954379,113.9140015,11.06999969,398,3352370000,1843480000,3352370000,244.006,0.66,145848,13088.4,4.6,114.21,0.43,1.2,0.05
2/14/2017,1223.900024,2337.580078,5782.569824,1396.650024,1.059849739,113.7050018,10.73999977,159,3528040000,1952370000,3528040000,244.006,0.66,145848,13088.4,4.6,114.21,0.46,1.25,0.11
2/15/2017,1231.699951,2349.25,5819.439941,1404.209961,1.057831645,114.3010025,11.97000027,175,3785870000,2094140000,3785870000,244.006,0.66,145848,13088.4,4.6,114.21,0.45,1.27,0.08
2/16/2017,1240,2347.219971,5814.899902,1399.130005,1.060737848,114.1119995,11.76000023,87,3675900000,1945600000,3675900000,244.006,0.66,145848,13088.4,4.6,114.21,0.43,1.22,0.05
2/17/2017,1237.599976,2351.159912,5838.580078,1399.859985,1.067224503,113.3050003,11.48999977,301,3516830000,1879030000,3516830000,244.006,0.66,145848,13088.4,4.6,114.21,0.41,1.21,0.07
2/18/2017,1237.599976,2351.159912,5838.580078,1399.859985,1.067224503,113.3050003,11.48999977,301,3516830000,1879030000,3516830000,244.006,0.66,145848,13088.4,4.6,114.21,0.41,1.21,0.07
2/19/2017,1237.599976,2351.159912,5838.580078,1399.859985,1.067224503,113.3050003,11.48999977,301,3516830000,1879030000,3516830000,244.006,0.66,145848,13088.4,4.6,114.21,0.41,1.21,0.07
2/20/2017,1237.599976,2351.159912,5838.580078,1399.859985,1.062665343,112.9110031,11.48999977,301,3516830000,1879030000,3516830000,244.006,0.66,145848,13088.4,4.6,114.21,0.41,1.21,0.07
2/21/2017,1237.5,2365.379883,5865.950195,1410.339966,1.060940385,113.2799988,11.56999969,119,3587520000,1940110000,3587520000,244.006,0.66,145848,13088.4,4.6,114.21,0.4,1.22,0.06
2/22/2017,1232,2362.820068,5860.629883,1403.859985,1.054207325,113.6689987,11.73999977,36,3473170000,1874710000,3473170000,244.006,0.66,145848,13088.4,4.6,114.21,0.38,1.22,0
2/23/2017,1250.199951,2363.810059,5835.509766,1394.619995,1.055408955,113.4169998,11.71000004,112,4021770000,1881490000,4021770000,244.006,0.66,145848,13088.4,4.6,114.21,0.35,1.18,-0.03
2/24/2017,1256.900024,2367.340088,5845.310059,1394.52002,1.05844748,112.6819992,11.47000027,1264,3832410000,1684650000,3832410000,244.006,0.66,145848,13088.4,4.6,114.21,0.31,1.12,-0.1
2/25/2017,1256.900024,2367.340088,5845.310059,1394.52002,1.05844748,112.6819992,11.47000027,1264,3832410000,1684650000,3832410000,244.006,0.66,145848,13088.4,4.6,114.21,0.31,1.12,-0.1
2/26/2017,1256.900024,2367.340088,5845.310059,1394.52002,1.05844748,112.6819992,11.47000027,1264,3832410000,1684650000,3832410000,244.006,0.66,145848,13088.4,4.6,114.21,0.31,1.12,-0.1
2/27/2017,1257.400024,2369.75,5861.899902,1407.969971,1.055275321,112.1880035,12.09000015,544,3584680000,1882610000,3584680000,244.006,0.66,145848,13088.4,4.6,114.21,0.35,1.2,0.01
2/28/2017,1252.599976,2363.639893,5825.439941,1386.680054,1.058425069,112.7450027,12.92000008,721,4212460000,2303390000,4212460000,244.006,0.66,145848,13088.4,4.6,114.21,0.34,1.22,0
3/1/2017,1248.900024,2395.959961,5904.029785,1413.640015,1.056914806,113.0770035,12.53999996,138,4347630000,2220350000,4347630000,243.892,0.79,145969,13139.9,4.4,96.64,0.43,1.29,0.15
3/2/2017,1231.900024,2381.919922,5861.220215,1395.670044,1.053585291,114.1210022,11.81000042,79,3824030000,2043610000,3824030000,243.892,0.79,145969,13139.9,4.4,96.64,0.48,1.32,0.19
3/3/2017,1225.5,2383.120117,5870.75,1394.130005,1.050972104,114.3420029,10.96000004,121,3556670000,1853600000,3556670000,243.892,0.79,145969,13139.9,4.4,96.64,0.45,1.32,0.1
3/4/2017,1225.5,2383.120117,5870.75,1394.130005,1.050972104,114.3420029,10.96000004,121,3556670000,1853600000,3556670000,243.892,0.79,145969,13139.9,4.4,96.64,0.45,1.32,0.1
3/5/2017,1225.5,2383.120117,5870.75,1394.130005,1.050972104,114.3420029,10.96000004,121,3556670000,1853600000,3556670000,243.892,0.79,145969,13139.9,4.4,96.64,0.45,1.32,0.1
3/6/2017,1224.5,2375.310059,5849.180176,1384.25,1.062044621,113.8470001,11.23999977,29,3251800000,1774040000,3251800000,243.892,0.79,145969,13139.9,4.4,96.64,0.48,1.31,0.12
3/7/2017,1215.099976,2368.389893,5833.930176,1374.880005,1.057921171,113.9169998,11.44999981,53,3526300000,1825510000,3526300000,243.892,0.79,145969,13139.9,4.4,96.64,0.49,1.32,0.13
3/8/2017,1208.5,2362.97998,5837.549805,1366.040039,1.057015419,113.9260025,11.85999966,24,3814080000,1813080000,3814080000,243.892,0.79,145969,13139.9,4.4,96.64,0.56,1.36,0.18
3/9/2017,1202.400024,2364.870117,5838.810059,1360.119995,1.054741144,114.4110031,12.30000019,37,3718450000,1886780000,3718450000,243.892,0.79,145969,13139.9,4.4,96.64,0.6,1.37,0.24
3/10/2017,1200.699951,2372.600098,5861.72998,1365.26001,1.057842851,115.1490021,11.65999985,3,3434400000,1999440000,3434400000,243.892,0.79,145969,13139.9,4.4,96.64,0.57,1.36,0.21
3/11/2017,1200.699951,2372.600098,5861.72998,1365.26001,1.057842851,115.1490021,11.65999985,3,3434400000,1999440000,3434400000,243.892,0.79,145969,13139.9,4.4,96.64,0.57,1.36,0.21
3/12/2017,1200.699951,2372.600098,5861.72998,1365.26001,1.057842851,115.1490021,11.65999985,3,3434400000,1999440000,3434400000,243.892,0.79,145969,13139.9,4.4,96.64,0.57,1.36,0.21
3/13/2017,1202.400024,2373.469971,5875.779785,1370.280029,1.069004178,114.7320023,11.35000038,35,3166650000,1812460000,3166650000,243.892,0.79,145969,13139.9,4.4,96.64,0.61,1.4,0.28
3/14/2017,1201.900024,2365.449951,5856.819824,1362.380005,1.0651443,114.9150009,12.30000019,22,3173760000,1664870000,3173760000,243.892,0.79,145969,13139.9,4.4,96.64,0.61,1.4,0.25
3/15/2017,1200.099976,2385.26001,5900.049805,1382.829956,1.061244369,114.6589966,11.63000011,36,3909490000,1955400000,3909490000,243.892,0.79,145969,13139.9,4.4,96.64,0.5,1.33,0.18
3/16/2017,1226.5,2381.379883,5900.759766,1386.030029,1.073790908,113.4020004,11.21000004,47,3368880000,1770640000,3368880000,243.892,0.79,145969,13139.9,4.4,96.64,0.51,1.35,0.18
3/17/2017,1229.800049,2378.25,5901,1391.52002,1.077470064,113.3399963,11.27999973,26,5179820000,3189970000,5179820000,243.892,0.79,145969,13139.9,4.4,96.64,0.49,1.33,0.14
3/18/2017,1229.800049,2378.25,5901,1391.52002,1.077470064,113.3399963,11.27999973,26,5179820000,3189970000,5179820000,243.892,0.79,145969,13139.9,4.4,96.64,0.49,1.33,0.14
3/19/2017,1229.800049,2378.25,5901,1391.52002,1.077470064,113.3399963,11.27999973,26,5179820000,3189970000,5179820000,243.892,0.79,145969,13139.9,4.4,96.64,0.49,1.33,0.14
3/20/2017,1233.599976,2373.469971,5901.529785,1384.099976,1.074298501,112.6740036,11.34000015,23,3061560000,1736790000,3061560000,243.892,0.79,145969,13139.9,4.4,96.64,0.47,1.3,0.14
3/21/2017,1246.099976,2344.02002,5793.830078,1346.550049,1.0737679,112.572998,12.47000027,11,4278890000,2199920000,4278890000,243.892,0.79,145969,13139.9,4.4,96.64,0.45,1.27,0.16
3/22/2017,1249.300049,2348.449951,5821.640137,1345.599976,1.081244707,111.5319977,12.81000042,3,3575160000,1860290000,3575160000,243.892,0.79,145969,13139.9,4.4,96.64,0.43,1.27,0.16
3/23/2017,1246.900024,2345.959961,5817.689941,1353.430054,1.079016447,111.3690033,13.11999989,16,3262400000,1746990000,3262400000,243.892,0.79,145969,13139.9,4.4,96.64,0.46,1.26,0.2
3/24/2017,1248.199951,2343.97998,5828.740234,1354.640015,1.078388095,111.0039978,12.96000004,3,2978530000,1855040000,2978530000,243.892,0.79,145969,13139.9,4.4,96.64,0.42,1.26,0.2
3/25/2017,1248.199951,2343.97998,5828.740234,1354.640015,1.078388095,111.0039978,12.96000004,3,2978530000,1855040000,2978530000,243.892,0.79,145969,13139.9,4.4,96.64,0.42,1.26,0.2
3/26/2017,1248.199951,2343.97998,5828.740234,1354.640015,1.078388095,111.0039978,12.96000004,3,2978530000,1855040000,2978530000,243.892,0.79,145969,13139.9,4.4,96.64,0.42,1.26,0.2
3/27/2017,1255.400024,2341.590088,5840.370117,1357.319946,1.084951758,110.552002,12.5,72,3242300000,1673060000,3242300000,243.892,0.79,145969,13139.9,4.4,96.64,0.41,1.27,0.18
3/28/2017,1255.300049,2358.570068,5875.140137,1367.26001,1.086094737,110.7710037,11.52999973,19,3369120000,1823600000,3369120000,243.892,0.79,145969,13139.9,4.4,96.64,0.45,1.3,0.24
3/29/2017,1253.400024,2361.129883,5897.549805,1371.640015,1.081771135,111.2259979,11.42000008,190678,3107670000,1722190000,3107670000,243.892,0.79,145969,13139.9,4.4,96.64,0.41,1.26,0.13
3/30/2017,1245,2368.060059,5914.339844,1382.349976,1.075962901,111.1539993,11.53999996,51328,3159680000,1732100000,3159680000,243.892,0.79,145969,13139.9,4.4,96.64,0.46,1.28,0.15
3/31/2017,1247.300049,2362.719971,5911.740234,1385.920044,1.068707228,111.776001,12.36999989,8223,3356740000,1905150000,3356740000,243.892,0.79,145969,13139.9,4.4,96.64,0.43,1.27,0.16
4/1/2017,1247.300049,2362.719971,5911.740234,1385.920044,1.068707228,111.776001,12.36999989,8223,3356740000,1905150000,3356740000,244.193,0.9,146174,13169.2,4.4,119.46,0.43,1.27,0.16
4/2/2017,1247.300049,2362.719971,5911.740234,1385.920044,1.068707228,111.776001,12.36999989,8223,3356740000,1905150000,3356740000,244.193,0.9,146174,13169.2,4.4,119.46,0.43,1.27,0.16
4/3/2017,1250.800049,2358.840088,5894.680176,1369.670044,1.066882968,111.2649994,12.38000011,1160,3418730000,1852990000,3418730000,244.193,0.9,146174,13169.2,4.4,119.46,0.39,1.24,0.15
4/4/2017,1255,2360.159912,5898.609863,1368.180054,1.067008138,110.7089996,11.78999996,724,3208340000,1795260000,3208340000,244.193,0.9,146174,13169.2,4.4,119.46,0.4,1.25,0.11
4/5/2017,1245.400024,2352.949951,5864.47998,1352.140015,1.068033814,110.8539963,12.89000034,907,3780650000,2208600000,3780650000,244.193,0.9,146174,13169.2,4.4,119.46,0.37,1.24,0.08
4/6/2017,1250.300049,2357.48999,5878.950195,1364.430054,1.067247272,110.3809967,12.39000034,169,3203250000,1849790000,3203250000,244.193,0.9,146174,13169.2,4.4,119.46,0.39,1.24,0.16
4/7/2017,1254.300049,2355.540039,5877.810059,1364.560059,1.064463973,110.8970032,12.86999989,445,3054700000,1703730000,3054700000,244.193,0.9,146174,13169.2,4.4,119.46,0.44,1.29,0.22
4/8/2017,1254.300049,2355.540039,5877.810059,1364.560059,1.064463973,110.8970032,12.86999989,445,3054700000,1703730000,3054700000,244.193,0.9,146174,13169.2,4.4,119.46,0.44,1.29,0.22
4/9/2017,1254.300049,2355.540039,5877.810059,1364.560059,1.064463973,110.8970032,12.86999989,445,3054700000,1703730000,3054700000,244.193,0.9,146174,13169.2,4.4,119.46,0.44,1.29,0.22
4/10/2017,1251.099976,2357.159912,5880.930176,1367.089966,1.058201075,111.2249985,14.05000019,182,2792570000,1633190000,2792570000,244.193,0.9,146174,13169.2,4.4,119.46,0.44,1.29,0.22
4/11/2017,1271.199951,2353.780029,5866.77002,1376.949951,1.059759855,110.7170029,15.06999969,401,3120900000,1830760000,3120900000,244.193,0.9,146174,13169.2,4.4,119.46,0.41,1.24,0.14
4/12/2017,1275.300049,2344.929932,5836.160156,1359.199951,1.061131835,109.586998,15.77000046,492,3201300000,1666570000,3201300000,244.193,0.9,146174,13169.2,4.4,119.46,0.38,1.24,0.12
4/13/2017,1285.900024,2328.949951,5805.149902,1345.23999,1.067065001,108.9020004,15.96000004,915,3146380000,1587150000,3146380000,244.193,0.9,146174,13169.2,4.4,119.46,0.32,1.21,0.03
4/14/2017,1285.900024,2328.949951,5805.149902,1345.23999,1.061638713,109.1009979,15.96000004,915,3146380000,1587150000,3146380000,244.193,0.9,146174,13169.2,4.4,119.46,0.32,1.21,0.03
4/15/2017,1285.900024,2328.949951,5805.149902,1345.23999,1.061638713,109.1009979,15.96000004,915,3146380000,1587150000,3146380000,244.193,0.9,146174,13169.2,4.4,119.46,0.32,1.21,0.03
4/16/2017,1285.900024,2328.949951,5805.149902,1345.23999,1.061638713,109.1009979,15.96000004,915,3146380000,1587150000,3146380000,244.193,0.9,146174,13169.2,4.4,119.46,0.32,1.21,0.03
4/17/2017,1289.400024,2349.01001,5856.790039,1361.180054,1.061053038,108.322998,14.65999985,73,2826890000,1383550000,2826890000,244.193,0.9,146174,13169.2,4.4,119.46,0.38,1.21,0.1
4/18/2017,1291.699951,2342.189941,5849.470215,1361.890015,1.064452529,109.1119995,14.42000008,394,3272210000,1610230000,3272210000,244.193,0.9,146174,13169.2,4.4,119.46,0.33,1.18,0.06
4/19/2017,1281.400024,2338.169922,5863.029785,1367.130005,1.072869301,108.5350037,14.93000031,194,3521160000,1754240000,3521160000,244.193,0.9,146174,13169.2,4.4,119.46,0.36,1.19,0.08
4/20/2017,1281.900024,2355.840088,5916.779785,1384.150024,1.071501255,108.8339996,14.14999962,127,3648990000,1751490000,3648990000,244.193,0.9,146174,13169.2,4.4,119.46,0.39,1.21,-0.04
4/21/2017,1287.400024,2348.689941,5910.52002,1379.849976,1.071489811,109.375,14.63000011,474,3524160000,1736420000,3524160000,244.193,0.9,146174,13169.2,4.4,119.46,0.4,1.2,-0.02
4/22/2017,1287.400024,2348.689941,5910.52002,1379.849976,1.071489811,109.375,14.63000011,474,3524160000,1736420000,3524160000,244.193,0.9,146174,13169.2,4.4,119.46,0.4,1.2,-0.02
4/23/2017,1287.400024,2348.689941,5910.52002,1379.849976,1.071489811,109.375,14.63000011,474,3524160000,1736420000,3524160000,244.193,0.9,146174,13169.2,4.4,119.46,0.4,1.2,-0.02
4/24/2017,1275.800049,2374.149902,5983.819824,1397.939941,1.08739388,109.9779968,10.84000015,605,3711170000,1842880000,3711170000,244.193,0.9,146174,13169.2,4.4,119.46,0.41,1.25,0
4/25/2017,1265.599976,2388.610107,6025.490234,1411.079956,1.086484075,109.6409988,10.76000023,356,4005820000,1898120000,4005820000,244.193,0.9,146174,13169.2,4.4,119.46,0.44,1.29,0.02
4/26/2017,1262.099976,2387.449951,6025.22998,1419.430054,1.092824578,111.0459976,10.85000038,1156,4111350000,1899570000,4111350000,244.193,0.9,146174,13169.2,4.4,119.46,0.42,1.28,0.01
4/27/2017,1263.699951,2388.77002,6048.939941,1417.130005,1.090893269,111.1910019,10.35999966,206,4099940000,1883610000,4099940000,244.193,0.9,146174,13169.2,4.4,119.46,0.39,1.25,0
4/28/2017,1266.099976,2384.199951,6047.609863,1400.430054,1.086425185,111.2259979,10.81999969,85,3721350000,2005870000,3721350000,244.193,0.9,146174,13169.2,4.4,119.46,0.37,1.28,0
4/29/2017,1266.099976,2384.199951,6047.609863,1400.430054,1.086425185,111.2259979,10.81999969,85,3721350000,2005870000,3721350000,244.193,0.9,146174,13169.2,4.4,119.46,0.37,1.28,0
4/30/2017,1266.099976,2384.199951,6047.609863,1400.430054,1.086425185,111.2259979,10.81999969,85,3721350000,2005870000,3721350000,244.193,0.9,146174,13169.2,4.4,119.46,0.37,1.28,0
5/1/2017,1253.300049,2388.330078,6091.600098,1407.359985,1.090750456,111.302002,10.10999966,34,3201500000,1763100000,3201500000,244.004,0.91,146380,13171.9,4.4,102.58,0.41,1.28,0.04
5/2/2017,1255.099976,2391.169922,6095.370117,1399.359985,1.090893269,111.8119965,10.59000015,90,3861360000,2162610000,3861360000,244.004,0.91,146380,13171.9,4.4,102.58,0.41,1.27,0.04
5/3/2017,1246.400024,2388.129883,6072.549805,1390.920044,1.093565464,111.9690018,10.68000031,195,3896760000,2152850000,3896760000,244.004,0.91,146380,13171.9,4.4,102.58,0.46,1.3,0.1
5/4/2017,1226.5,2389.52002,6075.339844,1388.849976,1.088897586,112.7829971,10.46000004,72,4367860000,2059820000,4367860000,244.004,0.91,146380,13171.9,4.4,102.58,0.5,1.32,0.16
5/5/2017,1224.800049,2399.290039,6100.759766,1397,1.098152995,112.5370026,10.56999969,16,3543240000,1903040000,3543240000,244.004,0.91,146380,13171.9,4.4,102.58,0.5,1.32,0.14
5/6/2017,1224.800049,2399.290039,6100.759766,1397,1.098152995,112.5370026,10.56999969,16,3543240000,1903040000,3543240000,244.004,0.91,146380,13171.9,4.4,102.58,0.5,1.32,0.14
5/7/2017,1224.800049,2399.290039,6100.759766,1397,1.098152995,112.5370026,10.56999969,16,3543240000,1903040000,3543240000,244.004,0.91,146380,13171.9,4.4,102.58,0.5,1.32,0.14
5/8/2017,1225.300049,2399.379883,6102.660156,1391.640015,1.096515298,112.6839981,9.770000458,43,3429990000,1912030000,3429990000,244.004,0.91,146380,13171.9,4.4,102.58,0.53,1.33,0.16
5/9/2017,1214.300049,2396.919922,6120.589844,1391.859985,1.092776775,113.2300034,9.960000038,55,3657840000,2005820000,3657840000,244.004,0.91,146380,13171.9,4.4,102.58,0.56,1.37,0.2
5/10/2017,1217.300049,2399.629883,6129.140137,1399.589966,1.088684201,113.697998,10.21000004,23,3649370000,2111850000,3649370000,244.004,0.91,146380,13171.9,4.4,102.58,0.56,1.35,0.16
5/11/2017,1222.699951,2394.439941,6115.959961,1390.199951,1.087074637,114.3280029,10.60000038,13,3727710000,1952650000,3727710000,244.004,0.91,146380,13171.9,4.4,102.58,0.51,1.35,0.11
5/12/2017,1226.199951,2390.899902,6121.22998,1382.77002,1.086495876,113.8089981,10.39999962,29,3304620000,1749010000,3304620000,244.004,0.91,146380,13171.9,4.4,102.58,0.49,1.29,0.1
5/13/2017,1226.199951,2390.899902,6121.22998,1382.77002,1.086495876,113.8089981,10.39999962,29,3304620000,1749010000,3304620000,244.004,0.91,146380,13171.9,4.4,102.58,0.49,1.29,0.1
5/14/2017,1226.199951,2390.899902,6121.22998,1382.77002,1.086495876,113.8089981,10.39999962,29,3304620000,1749010000,3304620000,244.004,0.91,146380,13171.9,4.4,102.58,0.49,1.29,0.1
5/15/2017,1228.599976,2402.320068,6149.669922,1393.920044,1.092728972,113.2710037,10.42000008,13,3490080000,1865450000,3490080000,244.004,0.91,146380,13171.9,4.4,102.58,0.52,1.31,0.12
5/16/2017,1235,2400.669922,6169.870117,1394.680054,1.098177075,113.6419983,10.64999962,20,3421810000,2006980000,3421810000,244.004,0.91,146380,13171.9,4.4,102.58,0.51,1.29,0.12
5/17/2017,1257.5,2357.030029,6011.240234,1355.890015,1.10939765,112.6460037,15.59000015,26,4164760000,2355460000,4164760000,244.004,0.91,146380,13171.9,4.4,102.58,0.44,1.26,0.06
5/18/2017,1251.699951,2365.719971,6055.129883,1361.079956,1.115635633,111.1259995,14.65999985,43,4319440000,2134610000,4319440000,244.004,0.91,146380,13171.9,4.4,102.58,0.43,1.27,0.06
5/19/2017,1252.699951,2381.72998,6083.700195,1367.329956,1.111358047,111.401001,12.03999996,14,3831700000,1908030000,3831700000,244.004,0.91,146380,13171.9,4.4,102.58,0.41,1.28,0.04
5/20/2017,1252.699951,2381.72998,6083.700195,1367.329956,1.111358047,111.401001,12.03999996,14,3831700000,1908030000,3831700000,244.004,0.91,146380,13171.9,4.4,102.58,0.41,1.28,0.04
5/21/2017,1252.699951,2381.72998,6083.700195,1367.329956,1.111358047,111.401001,12.03999996,14,3831700000,1908030000,3831700000,244.004,0.91,146380,13171.9,4.4,102.58,0.41,1.28,0.04
5/22/2017,1260.699951,2394.02002,6133.620117,1377.140015,1.120485783,111.2839966,10.93000031,14,3176580000,1728190000,3176580000,244.004,0.91,146380,13171.9,4.4,102.58,0.43,1.29,0.05
5/23/2017,1254.800049,2398.419922,6138.709961,1380.97998,1.123885989,110.8909988,10.72000027,20,3216560000,1709140000,3216560000,244.004,0.91,146380,13171.9,4.4,102.58,0.46,1.31,0.07
5/24/2017,1252.400024,2404.389893,6163.02002,1382.51001,1.117930532,111.9570007,10.02000046,14,3389240000,1672380000,3389240000,244.004,0.91,146380,13171.9,4.4,102.58,0.45,1.29,0.06
5/25/2017,1255.800049,2415.070068,6205.259766,1383.390015,1.123090744,111.5240021,9.989999771,11,3538210000,1775750000,3538210000,244.004,0.91,146380,13171.9,4.4,102.58,0.45,1.3,0.08
5/26/2017,1267.599976,2415.820068,6210.189941,1382.23999,1.121076226,111.7300034,9.81000042,271457,2806930000,1573200000,2806930000,244.004,0.91,146380,13171.9,4.4,102.58,0.44,1.3,0.06
5/27/2017,1267.599976,2415.820068,6210.189941,1382.23999,1.121076226,111.7300034,9.81000042,271457,2806930000,1573200000,2806930000,244.004,0.91,146380,13171.9,4.4,102.58,0.44,1.3,0.06
5/28/2017,1267.599976,2415.820068,6210.189941,1382.23999,1.121076226,111.7300034,9.81000042,271457,2806930000,1573200000,2806930000,244.004,0.91,146380,13171.9,4.4,102.58,0.44,1.3,0.06
5/29/2017,1267.599976,2415.820068,6210.189941,1382.23999,1.117605567,111.2559967,9.81000042,271457,2806930000,1573200000,2806930000,244.004,0.91,146380,13171.9,4.4,102.58,0.44,1.3,0.06
5/30/2017,1262.099976,2412.909912,6203.189941,1371.189941,1.112904191,111.1740036,10.38000011,129819,3205860000,1690930000,3205860000,244.004,0.91,146380,13171.9,4.4,102.58,0.4,1.28,0.03
5/31/2017,1272,2411.800049,6198.52002,1370.209961,1.117168665,110.8389969,10.40999985,2712,4518040000,2212130000,4518040000,244.004,0.91,146380,13171.9,4.4,102.58,0.4,1.28,0.03
6/1/2017,1267,2430.060059,6246.830078,1396.060059,1.124353528,110.7959976,9.890000343,825,3860620000,1946000000,3860620000,244.163,1.04,146583,13225.2,4.3,126.79,0.4,1.28,0.03
6/2/2017,1276.800049,2439.070068,6305.799805,1405.390015,1.12157917,111.4369965,9.75,1732,3465500000,1825450000,3465500000,244.163,1.04,146583,13225.2,4.3,126.79,0.36,1.28,-0.01
6/3/2017,1276.800049,2439.070068,6305.799805,1405.390015,1.12157917,111.4369965,9.75,1732,3465500000,1825450000,3465500000,244.163,1.04,146583,13225.2,4.3,126.79,0.36,1.28,-0.01
6/4/2017,1276.800049,2439.070068,6305.799805,1405.390015,1.12157917,111.4369965,9.75,1732,3465500000,1825450000,3465500000,244.163,1.04,146583,13225.2,4.3,126.79,0.36,1.28,-0.01
6/5/2017,1279.300049,2436.100098,6295.680176,1396.449951,1.128082514,110.4629974,10.06999969,433,2916720000,1742160000,2916720000,244.163,1.04,146583,13225.2,4.3,126.79,0.39,1.32,0.02
6/6/2017,1294.400024,2429.330078,6275.060059,1394.900024,1.125682473,110.3809967,10.44999981,942,3376750000,1893110000,3376750000,244.163,1.04,146583,13225.2,4.3,126.79,0.37,1.3,0
6/7/2017,1290.099976,2433.139893,6297.379883,1396.670044,1.127141595,109.5090027,10.39000034,641,3576220000,1827220000,3576220000,244.163,1.04,146583,13225.2,4.3,126.79,0.4,1.32,0.05
6/8/2017,1276.300049,2433.790039,6321.759766,1415.609985,1.125517726,109.9000015,10.15999985,319,3735980000,2134350000,3735980000,244.163,1.04,146583,13225.2,4.3,126.79,0.41,1.33,0.06
6/9/2017,1268.5,2431.77002,6207.919922,1421.709961,1.118480563,109.8590012,10.69999981,467,4029860000,3154590000,4029860000,244.163,1.04,146583,13225.2,4.3,126.79,0.43,1.35,0.09
6/10/2017,1268.5,2431.77002,6207.919922,1421.709961,1.118480563,109.8590012,10.69999981,467,4029860000,3154590000,4029860000,244.163,1.04,146583,13225.2,4.3,126.79,0.43,1.35,0.09
6/11/2017,1268.5,2431.77002,6207.919922,1421.709961,1.118480563,109.8590012,10.69999981,467,4029860000,3154590000,4029860000,244.163,1.04,146583,13225.2,4.3,126.79,0.43,1.35,0.09
6/12/2017,1266.099976,2429.389893,6175.459961,1419.209961,1.120197177,110.288002,11.46000004,255,4031840000,2588860000,4031840000,244.163,1.04,146583,13225.2,4.3,126.79,0.46,1.35,0.11
6/13/2017,1265.800049,2440.350098,6220.370117,1425.98999,1.119620204,109.9209976,10.42000008,150,3278240000,2063930000,3278240000,244.163,1.04,146583,13225.2,4.3,126.79,0.46,1.38,0.12
6/14/2017,1272.800049,2437.919922,6194.890137,1417.569946,1.120887756,110.0550003,10.64000034,336,3558640000,1949040000,3558640000,244.163,1.04,146583,13225.2,4.3,126.79,0.44,1.35,0.15
6/15/2017,1252.199951,2432.459961,6165.5,1410.079956,1.12157917,109.4459991,10.89999962,743,3371980000,1870010000,3371980000,244.163,1.04,146583,13225.2,4.3,126.79,0.49,1.35,0.2
6/16/2017,1254,2433.149902,6151.759766,1406.72998,1.114690542,110.9520035,10.38000011,34,5299380000,3133000000,5299380000,244.163,1.04,146583,13225.2,4.3,126.79,0.49,1.32,0.19
6/17/2017,1254,2433.149902,6151.759766,1406.72998,1.114690542,110.9520035,10.38000011,34,5299380000,3133000000,5299380000,244.163,1.04,146583,13225.2,4.3,126.79,0.49,1.32,0.19
6/18/2017,1254,2433.149902,6151.759766,1406.72998,1.114690542,110.9520035,10.38000011,34,5299380000,3133000000,5299380000,244.163,1.04,146583,13225.2,4.3,126.79,0.49,1.32,0.19
6/19/2017,1244.199951,2453.459961,6239.009766,1418.079956,1.120824933,110.9540024,10.36999989,108,3271480000,1989290000,3271480000,244.163,1.04,146583,13225.2,4.3,126.79,0.52,1.36,0.24
6/20/2017,1241,2437.030029,6188.029785,1402.969971,1.114454508,111.6729965,10.85999966,75,3422700000,2580440000,3422700000,244.163,1.04,146583,13225.2,4.3,126.79,0.5,1.36,0.23
6/21/2017,1243.400024,2435.610107,6233.950195,1399.25,1.11369741,111.3339996,10.75,205,3599190000,2408800000,3599190000,244.163,1.04,146583,13225.2,4.3,126.79,0.5,1.36,0.24
6/22/2017,1247.599976,2434.5,6236.689941,1404.540039,1.116719604,111.3099976,10.47999954,156,3477250000,2177430000,3477250000,244.163,1.04,146583,13225.2,4.3,126.79,0.46,1.34,0.19
6/23/2017,1256.199951,2438.300049,6265.25,1414.780029,1.114964008,111.2900009,10.02000046,269,5282460000,4164310000,5282460000,244.163,1.04,146583,13225.2,4.3,126.79,0.45,1.34,0.18
6/24/2017,1256.199951,2438.300049,6265.25,1414.780029,1.114964008,111.2900009,10.02000046,269,5282460000,4164310000,5282460000,244.163,1.04,146583,13225.2,4.3,126.79,0.45,1.34,0.18
6/25/2017,1256.199951,2438.300049,6265.25,1414.780029,1.114964008,111.2900009,10.02000046,269,5282460000,4164310000,5282460000,244.163,1.04,146583,13225.2,4.3,126.79,0.45,1.34,0.18
6/26/2017,1246.300049,2439.070068,6247.149902,1416.640015,1.119883537,111.2389984,9.899999619,194,3243660000,2155460000,3243660000,244.163,1.04,146583,13225.2,4.3,126.79,0.43,1.36,0.16
6/27/2017,1246.400024,2419.379883,6146.620117,1403.52002,1.118355632,111.8580017,11.06000042,111,3564770000,2189250000,3564770000,244.163,1.04,146583,13225.2,4.3,126.79,0.5,1.38,0.21
6/28/2017,1248,2440.689941,6234.410156,1425.27002,1.133915424,112.1880035,10.02999973,370,3479980000,2077390000,3479980000,244.163,1.04,146583,13225.2,4.3,126.79,0.49,1.34,0.16
6/29/2017,1244.199951,2419.699951,6144.350098,1416.199951,1.138265014,112.3539963,11.43999958,540,3869560000,2410510000,3869560000,244.163,1.04,146583,13225.2,4.3,126.79,0.55,1.38,0.23
6/30/2017,1240.699951,2423.409912,6140.419922,1415.359985,1.144164801,112.0090027,11.18000031,43,3366030000,2011720000,3366030000,244.163,1.04,146583,13225.2,4.3,126.79,0.58,1.38,0.26
7/1/2017,1240.699951,2423.409912,6140.419922,1415.359985,1.144164801,112.0090027,11.18000031,43,3366030000,2011720000,3366030000,244.243,1.15,146772,13263.3,4.3,102.81,0.58,1.38,0.26
7/2/2017,1240.699951,2423.409912,6140.419922,1415.359985,1.144164801,112.0090027,11.18000031,43,3366030000,2011720000,3366030000,244.243,1.15,146772,13263.3,4.3,102.81,0.58,1.38,0.26
7/3/2017,1217.900024,2429.01001,6110.060059,1426.680054,1.142308831,112.262001,11.22000027,33,1901480000,1091030000,1901480000,244.243,1.15,146772,13263.3,4.3,102.81,0.6,1.41,0.27
7/4/2017,1217.900024,2429.01001,6110.060059,1426.680054,1.137138963,113.3860016,11.22000027,33,1901480000,1091030000,1901480000,244.243,1.15,146772,13263.3,4.3,102.81,0.6,1.41,0.27
7/5/2017,1220.400024,2432.540039,6150.859863,1420.150024,1.136015058,112.961998,11.06999969,40,3368150000,1874040000,3368150000,244.243,1.15,146772,13263.3,4.3,102.81,0.58,1.41,0.27
7/6/2017,1222.199951,2409.75,6089.459961,1400.810059,1.134687424,113.1869965,12.53999996,5,3368710000,1993290000,3368710000,244.243,1.15,146772,13263.3,4.3,102.81,0.61,1.4,0.28
7/7/2017,1208.599976,2425.179932,6153.080078,1415.839966,1.142478466,113.1490021,11.18999958,116,2929390000,1712490000,2929390000,244.243,1.15,146772,13263.3,4.3,102.81,0.66,1.4,0.32
7/8/2017,1208.599976,2425.179932,6153.080078,1415.839966,1.142478466,113.1490021,11.18999958,116,2929390000,1712490000,2929390000,244.243,1.15,146772,13263.3,4.3,102.81,0.66,1.4,0.32
7/9/2017,1208.599976,2425.179932,6153.080078,1415.839966,1.142478466,113.1490021,11.18999958,116,2929390000,1712490000,2929390000,244.243,1.15,146772,13263.3,4.3,102.81,0.66,1.4,0.32
7/10/2017,1212.099976,2427.429932,6176.390137,1408.469971,1.140380859,113.9850006,11.10999966,28,3009880000,1681270000,3009880000,244.243,1.15,146772,13263.3,4.3,102.81,0.66,1.4,0.33
7/11/2017,1213.599976,2425.530029,6193.299805,1413.050049,1.140380859,113.9850006,10.89000034,12,3108800000,1812560000,3108800000,244.243,1.15,146772,13263.3,4.3,102.81,0.62,1.37,0.31
7/12/2017,1218.099976,2443.25,6261.169922,1424.319946,1.1473943,113.7480011,10.30000019,7,3176900000,1827740000,3176900000,244.243,1.15,146772,13263.3,4.3,102.81,0.57,1.35,0.25
7/13/2017,1216.300049,2447.830078,6274.439941,1425.660034,1.141891479,113.3349991,9.899999619,7,3068510000,1806160000,3068510000,244.243,1.15,146772,13263.3,4.3,102.81,0.58,1.37,0.25
7/14/2017,1226.599976,2459.27002,6312.470215,1428.819946,1.140393853,113.4179993,9.510000229,23,2738460000,1615440000,2738460000,244.243,1.15,146772,13263.3,4.3,102.81,0.57,1.35,0.25
7/15/2017,1226.599976,2459.27002,6312.470215,1428.819946,1.140393853,113.4179993,9.510000229,23,2738460000,1615440000,2738460000,244.243,1.15,146772,13263.3,4.3,102.81,0.57,1.35,0.25
7/16/2017,1226.599976,2459.27002,6312.470215,1428.819946,1.140393853,113.4179993,9.510000229,23,2738460000,1615440000,2738460000,244.243,1.15,146772,13263.3,4.3,102.81,0.57,1.35,0.25
7/17/2017,1232.800049,2459.139893,6314.430176,1431.599976,1.147539139,112.3970032,9.819999695,7,2800580000,1563390000,2800580000,244.243,1.15,146772,13263.3,4.3,102.81,0.54,1.36,0.22
7/18/2017,1241.099976,2460.610107,6344.310059,1427.609985,1.147433758,112.5810013,9.890000343,29,2974090000,1773220000,2974090000,244.243,1.15,146772,13263.3,4.3,102.81,0.51,1.36,0.2
7/19/2017,1241.199951,2473.830078,6385.040039,1441.77002,1.154974461,111.9950027,9.789999962,3,3063810000,1867470000,3063810000,244.243,1.15,146772,13263.3,4.3,102.81,0.51,1.37,0.18
7/20/2017,1244.800049,2473.449951,6390,1442.349976,1.152844071,111.8769989,9.579999924,5,3223820000,1850000000,3223820000,244.243,1.15,146772,13263.3,4.3,102.81,0.5,1.37,0.2
7/21/2017,1254.300049,2472.540039,6387.75,1435.839966,1.162871838,111.8850021,9.359999657,16,3066880000,1807110000,3066880000,244.243,1.15,146772,13263.3,4.3,102.81,0.48,1.36,0.19
7/22/2017,1254.300049,2472.540039,6387.75,1435.839966,1.162871838,111.8850021,9.359999657,16,3066880000,1807110000,3066880000,244.243,1.15,146772,13263.3,4.3,102.81,0.48,1.36,0.19
7/23/2017,1254.300049,2472.540039,6387.75,1435.839966,1.162871838,111.8850021,9.359999657,16,3066880000,1807110000,3066880000,244.243,1.15,146772,13263.3,4.3,102.81,0.48,1.36,0.19
7/24/2017,1253.900024,2469.909912,6410.810059,1438.050049,1.168169737,110.9449997,9.430000305,8,3019920000,1748140000,3019920000,244.243,1.15,146772,13263.3,4.3,102.81,0.48,1.37,0.21
7/25/2017,1251.699951,2477.129883,6412.169922,1450.390015,1.163886905,111.2320023,9.430000305,18,4116360000,1930840000,4116360000,244.243,1.15,146772,13263.3,4.3,102.81,0.52,1.4,0.23
7/26/2017,1249,2477.830078,6422.75,1442.280029,1.164456129,112.0029984,9.600000381,7,3597830000,1996680000,3597830000,244.243,1.15,146772,13263.3,4.3,102.81,0.49,1.36,0.17
7/27/2017,1259.599976,2475.419922,6382.189941,1433.619995,1.172800422,111.1279984,10.10999966,220309,4035740000,2501400000,4035740000,244.243,1.15,146772,13263.3,4.3,102.81,0.49,1.36,0.16
7/28/2017,1268.400024,2472.100098,6374.680176,1429.26001,1.168866038,111.0970001,10.28999996,64180,3302850000,1877100000,3302850000,244.243,1.15,146772,13263.3,4.3,102.81,0.47,1.34,0.15
7/29/2017,1268.400024,2472.100098,6374.680176,1429.26001,1.168866038,111.0970001,10.28999996,64180,3302850000,1877100000,3302850000,244.243,1.15,146772,13263.3,4.3,102.81,0.47,1.34,0.15
7/30/2017,1268.400024,2472.100098,6374.680176,1429.26001,1.168866038,111.0970001,10.28999996,64180,3302850000,1877100000,3302850000,244.243,1.15,146772,13263.3,4.3,102.81,0.47,1.34,0.15
7/31/2017,1266.599976,2470.300049,6348.120117,1425.140015,1.174729228,110.5100021,10.26000023,7780,3475930000,1898830000,3475930000,244.243,1.15,146772,13263.3,4.3,102.81,0.48,1.34,0.17
8/1/2017,1272.599976,2476.350098,6362.939941,1428.329956,1.182410479,110.3590012,10.09000015,1061,3470260000,1821780000,3470260000,245.183,1.16,146919,13294.6,4.4,138.53,0.47,1.34,0.18
8/2/2017,1271.800049,2477.570068,6362.649902,1412.900024,1.181125641,110.4319992,10.27999973,393,3487150000,2115870000,3487150000,245.183,1.16,146919,13294.6,4.4,138.53,0.48,1.36,0.19
8/3/2017,1267.800049,2472.159912,6340.339844,1405.22998,1.18511498,110.7570038,10.43999958,878,3662410000,2124100000,3662410000,245.183,1.16,146919,13294.6,4.4,138.53,0.46,1.34,0.17
8/4/2017,1258.300049,2476.830078,6351.560059,1412.319946,1.188495278,109.9000015,10.02999973,521,3239980000,1908930000,3239980000,245.183,1.16,146919,13294.6,4.4,138.53,0.47,1.36,0.17
8/5/2017,1258.300049,2476.830078,6351.560059,1412.319946,1.188495278,109.9000015,10.02999973,521,3239980000,1908930000,3239980000,245.183,1.16,146919,13294.6,4.4,138.53,0.47,1.36,0.17
8/6/2017,1258.300049,2476.830078,6351.560059,1412.319946,1.188495278,109.9000015,10.02999973,521,3239980000,1908930000,3239980000,245.183,1.16,146919,13294.6,4.4,138.53,0.47,1.36,0.17
8/7/2017,1258.199951,2480.909912,6383.77002,1414.170044,1.177842498,110.7860031,9.930000305,260,2935130000,1704010000,2935130000,245.183,1.16,146919,13294.6,4.4,138.53,0.46,1.36,0.16
8/8/2017,1256.400024,2474.919922,6370.459961,1410.150024,1.180094123,110.75,10.96000004,555,3347480000,1931490000,3347480000,245.183,1.16,146919,13294.6,4.4,138.53,0.46,1.36,0.15
8/9/2017,1273,2474.02002,6352.330078,1396.949951,1.175461054,110.1019974,11.10999966,574,3310960000,2037810000,3310960000,245.183,1.16,146919,13294.6,4.4,138.53,0.42,1.33,0.11
8/10/2017,1283.699951,2438.209961,6216.870117,1372.540039,1.176152349,110.0490036,16.04000092,608,3635820000,2214990000,3635820000,245.183,1.16,146919,13294.6,4.4,138.53,0.4,1.33,0.1
8/11/2017,1287.699951,2441.320068,6256.560059,1374.22998,1.177024484,109.1060028,15.51000023,139,3161830000,1799780000,3161830000,245.183,1.16,146919,13294.6,4.4,138.53,0.4,1.3,0.1
8/12/2017,1287.699951,2441.320068,6256.560059,1374.22998,1.177024484,109.1060028,15.51000023,139,3161830000,1799780000,3161830000,245.183,1.16,146919,13294.6,4.4,138.53,0.4,1.3,0.1
8/13/2017,1287.699951,2441.320068,6256.560059,1374.22998,1.177024484,109.1060028,15.51000023,139,3161830000,1799780000,3161830000,245.183,1.16,146919,13294.6,4.4,138.53,0.4,1.3,0.1
8/14/2017,1284.199951,2465.840088,6340.22998,1394.310059,1.182550311,109.2300034,12.32999992,338,2824320000,1702570000,2824320000,245.183,1.16,146919,13294.6,4.4,138.53,0.45,1.33,0.18
8/15/2017,1273.699951,2464.610107,6333.009766,1383.23999,1.177578926,109.9319992,12.03999996,188,2922430000,1582560000,2922430000,245.183,1.16,146919,13294.6,4.4,138.53,0.49,1.35,0.2
8/16/2017,1276.900024,2468.110107,6345.109863,1383.530029,1.174122334,110.5960007,11.73999977,110,2956570000,1809070000,2956570000,245.183,1.16,146919,13294.6,4.4,138.53,0.45,1.33,0.17
8/17/2017,1286.400024,2430.01001,6221.910156,1358.939941,1.177426457,109.9990005,15.55000019,43,3164950000,2052940000,3164950000,245.183,1.16,146919,13294.6,4.4,138.53,0.42,1.32,0.15
8/18/2017,1285.699951,2425.550049,6216.529785,1357.790039,1.171550155,109.3280029,14.26000023,358,3426970000,1968470000,3426970000,245.183,1.16,146919,13294.6,4.4,138.53,0.43,1.33,0.16
8/19/2017,1285.699951,2425.550049,6216.529785,1357.790039,1.171550155,109.3280029,14.26000023,358,3426970000,1968470000,3426970000,245.183,1.16,146919,13294.6,4.4,138.53,0.43,1.33,0.16
8/20/2017,1285.699951,2425.550049,6216.529785,1357.790039,1.171550155,109.3280029,14.26000023,358,3426970000,1968470000,3426970000,245.183,1.16,146919,13294.6,4.4,138.53,0.43,1.33,0.16
8/21/2017,1290.800049,2428.370117,6213.129883,1356.900024,1.175626874,109.3199997,13.18999958,18,2803650000,1582990000,2803650000,245.183,1.16,146919,13294.6,4.4,138.53,0.43,1.32,0.17
8/22/2017,1285.099976,2452.51001,6297.47998,1371.540039,1.181195378,108.9440002,11.35000038,100,2780990000,1599760000,2780990000,245.183,1.16,146919,13294.6,4.4,138.53,0.45,1.33,0.19
8/23/2017,1288.900024,2444.040039,6278.410156,1369.73999,1.17622149,109.7310028,12.25,250,2796950000,1535320000,2796950000,245.183,1.16,146919,13294.6,4.4,138.53,0.42,1.32,0.18
8/24/2017,1286.5,2438.969971,6271.330078,1373.880005,1.181655884,108.9100037,12.22999954,550,2849680000,1618660000,2849680000,245.183,1.16,146919,13294.6,4.4,138.53,0.44,1.33,0.18
8/25/2017,1292.5,2443.050049,6265.640137,1377.449951,1.180219531,109.5139999,11.27999973,280,2593350000,1445590000,2593350000,245.183,1.16,146919,13294.6,4.4,138.53,0.42,1.35,0.2
8/26/2017,1292.5,2443.050049,6265.640137,1377.449951,1.180219531,109.5139999,11.27999973,280,2593350000,1445590000,2593350000,245.183,1.16,146919,13294.6,4.4,138.53,0.42,1.35,0.2
8/27/2017,1292.5,2443.050049,6265.640137,1377.449951,1.180219531,109.5139999,11.27999973,280,2593350000,1445590000,2593350000,245.183,1.16,146919,13294.6,4.4,138.53,0.42,1.35,0.2
8/28/2017,1309.699951,2444.23999,6283.02002,1382.22998,1.195185781,109.3460007,11.31999969,145,2682920000,1565110000,2682920000,245.183,1.16,146919,13294.6,4.4,138.53,0.41,1.33,0.18
8/29/2017,1313.099976,2446.300049,6301.890137,1383.680054,1.196386933,108.7369995,11.69999981,1178,2739460000,1639810000,2739460000,245.183,1.16,146919,13294.6,4.4,138.53,0.39,1.33,0.16
8/30/2017,1308.099976,2457.590088,6368.310059,1391.319946,1.197045684,109.7900009,11.22000027,1178,2637780000,1717060000,2637780000,245.183,1.16,146919,13294.6,4.4,138.53,0.39,1.33,0.15
8/31/2017,1316.199951,2471.649902,6428.660156,1405.280029,1.189343452,110.4599991,10.59000015,373,3353860000,1889500000,3353860000,245.183,1.16,146919,13294.6,4.4,138.53,0.36,1.33,0.12
9/1/2017,1324.5,2476.550049,6435.330078,1413.569946,1.191043258,110.1289978,10.13000011,313,2712780000,1489120000,2712780000,246.435,1.15,147007,13417.3,4.3,115.53,0.37,1.35,0.1
9/2/2017,1324.5,2476.550049,6435.330078,1413.569946,1.191043258,110.1289978,10.13000011,313,2712780000,1489120000,2712780000,246.435,1.15,147007,13417.3,4.3,115.53,0.37,1.35,0.1
9/3/2017,1324.5,2476.550049,6435.330078,1413.569946,1.191043258,110.1289978,10.13000011,313,2712780000,1489120000,2712780000,246.435,1.15,147007,13417.3,4.3,115.53,0.37,1.35,0.1
9/4/2017,1324.5,2476.550049,6435.330078,1413.569946,1.188283563,109.7949982,10.13000011,313,2712780000,1489120000,2712780000,246.435,1.15,147007,13417.3,4.3,115.53,0.37,1.35,0.1
9/5/2017,1339.199951,2457.850098,6375.569824,1399.660034,1.189343452,109.8099976,12.22999954,39,3502190000,1889620000,3502190000,246.435,1.15,147007,13417.3,4.3,115.53,0.3,1.3,0.07
9/6/2017,1333.900024,2465.540039,6393.310059,1402.199951,1.192406774,108.6019974,11.63000011,20,3400200000,1902720000,3400200000,246.435,1.15,147007,13417.3,4.3,115.53,0.32,1.3,0.09
9/7/2017,1345.099976,2465.100098,6397.870117,1398.670044,1.192776561,109.1340027,11.55000019,26,3365780000,2000910000,3365780000,246.435,1.15,147007,13417.3,4.3,115.53,0.26,1.27,0.02
9/8/2017,1346,2461.429932,6360.189941,1399.430054,1.202906251,108.2699966,12.11999989,37,3308360000,1786070000,3308360000,246.435,1.15,147007,13417.3,4.3,115.53,0.25,1.27,0.01
9/9/2017,1346,2461.429932,6360.189941,1399.430054,1.202906251,108.2699966,12.11999989,37,3308360000,1786070000,3308360000,246.435,1.15,147007,13417.3,4.3,115.53,0.25,1.27,0.01
9/10/2017,1346,2461.429932,6360.189941,1399.430054,1.202906251,108.2699966,12.11999989,37,3308360000,1786070000,3308360000,246.435,1.15,147007,13417.3,4.3,115.53,0.25,1.27,0.01
9/11/2017,1331,2488.110107,6432.259766,1414.829956,1.201764226,108.2310028,10.72999954,9,3293460000,1819310000,3293460000,246.435,1.15,147007,13417.3,4.3,115.53,0.31,1.32,0.08
9/12/2017,1328,2496.47998,6454.279785,1423.459961,1.195943356,109.3949966,10.57999992,15,3234280000,1747620000,3234280000,246.435,1.15,147007,13417.3,4.3,115.53,0.33,1.33,0.08
9/13/2017,1323.400024,2498.370117,6460.189941,1426.890015,1.197461367,110.2259979,10.5,16,3371370000,1944630000,3371370000,246.435,1.15,147007,13417.3,4.3,115.53,0.35,1.35,0.1
9/14/2017,1324.699951,2495.620117,6429.080078,1425.02002,1.189060569,110.5149994,10.43999958,316,3422470000,1817840000,3422470000,246.435,1.15,147007,13417.3,4.3,115.53,0.35,1.37,0.09
9/15/2017,1320.400024,2500.22998,6448.470215,1431.709961,1.192165017,109.9189987,10.17000008,15,4862970000,2827910000,4862970000,246.435,1.15,147007,13417.3,4.3,115.53,0.35,1.39,0.09
9/16/2017,1320.400024,2500.22998,6448.470215,1431.709961,1.192165017,109.9189987,10.17000008,15,4862970000,2827910000,4862970000,246.435,1.15,147007,13417.3,4.3,115.53,0.35,1.39,0.09
9/17/2017,1320.400024,2500.22998,6448.470215,1431.709961,1.192165017,109.9189987,10.17000008,15,4862970000,2827910000,4862970000,246.435,1.15,147007,13417.3,4.3,115.53,0.35,1.39,0.09
9/18/2017,1306.300049,2503.870117,6454.640137,1441.079956,1.193716288,111.1969986,10.14999962,129,3204700000,1881900000,3204700000,246.435,1.15,147007,13417.3,4.3,115.53,0.36,1.4,0.09
9/19/2017,1306.199951,2506.649902,6461.319824,1440.400024,1.19592905,111.4960022,10.18000031,20,3253760000,1816080000,3253760000,246.435,1.15,147007,13417.3,4.3,115.53,0.37,1.4,0.1
9/20/2017,1312,2508.23999,6456.040039,1445.420044,1.19925642,111.5780029,9.779999733,12,3584570000,2083580000,3584570000,246.435,1.15,147007,13417.3,4.3,115.53,0.43,1.45,0.18
9/21/2017,1290.599976,2500.600098,6422.689941,1444.180054,1.187211394,112.5459976,9.670000076,336,2965590000,1779600000,2965590000,246.435,1.15,147007,13417.3,4.3,115.53,0.44,1.45,0.19
9/22/2017,1293.300049,2502.219971,6426.919922,1450.780029,1.194557548,112.4520035,9.590000153,209,2877980000,1648690000,2877980000,246.435,1.15,147007,13417.3,4.3,115.53,0.42,1.46,0.17
9/23/2017,1293.300049,2502.219971,6426.919922,1450.780029,1.194557548,112.4520035,9.590000153,209,2877980000,1648690000,2877980000,246.435,1.15,147007,13417.3,4.3,115.53,0.42,1.46,0.17
9/24/2017,1293.300049,2502.219971,6426.919922,1450.780029,1.194557548,112.4520035,9.590000153,209,2877980000,1648690000,2877980000,246.435,1.15,147007,13417.3,4.3,115.53,0.42,1.46,0.17
9/25/2017,1306.800049,2496.659912,6370.589844,1451.959961,1.192719698,112.4440002,10.21000004,51,3314530000,2061150000,3314530000,246.435,1.15,147007,13417.3,4.3,115.53,0.38,1.44,0.13
9/26/2017,1297,2496.840088,6380.160156,1456.859985,1.185564637,111.7610016,10.17000008,39,3070770000,1935990000,3070770000,246.435,1.15,147007,13417.3,4.3,115.53,0.4,1.45,0.15
9/27/2017,1283.400024,2507.040039,6453.259766,1484.810059,1.178605914,112.3769989,9.869999886,19488,3485070000,2068400000,3485070000,246.435,1.15,147007,13417.3,4.3,115.53,0.44,1.47,0.17
9/28/2017,1285.5,2510.060059,6453.450195,1488.790039,1.174963832,112.8600006,9.550000191,5226,3173030000,1882790000,3173030000,246.435,1.15,147007,13417.3,4.3,115.53,0.44,1.45,0.16
9/29/2017,1281.5,2519.360107,6495.959961,1490.859985,1.178175449,112.4670029,9.510000229,492,3220260000,1970720000,3220260000,246.435,1.15,147007,13417.3,4.3,115.53,0.49,1.47,0.24
9/30/2017,1281.5,2519.360107,6495.959961,1490.859985,1.178175449,112.4670029,9.510000229,492,3220260000,1970720000,3220260000,246.435,1.15,147007,13417.3,4.3,115.53,0.49,1.47,0.24
10/1/2017,1281.5,2519.360107,6495.959961,1490.859985,1.178175449,112.4670029,9.510000229,492,3220260000,1970720000,3220260000,246.626,1.15,147150,13447.5,4.2,91.46,0.49,1.47,0.24
10/2/2017,1272.699951,2529.120117,6516.720215,1509.469971,1.180735111,112.6380005,9.449999809,136,3226370000,1984400000,3226370000,246.626,1.15,147150,13447.5,4.2,91.46,0.51,1.49,0.21
10/3/2017,1271.5,2534.580078,6531.709961,1511.969971,1.173378348,112.7699966,9.510000229,192,3073480000,1972760000,3073480000,246.626,1.15,147150,13447.5,4.2,91.46,0.49,1.47,0.24
10/4/2017,1273.699951,2537.73999,6534.629883,1507.76001,1.174756885,112.8479996,9.630000114,218,3020770000,1941470000,3020770000,246.626,1.15,147150,13447.5,4.2,91.46,0.48,1.47,0.19
10/5/2017,1269.900024,2552.070068,6585.359863,1512.089966,1.175723672,112.822998,9.18999958,36,3059730000,1888970000,3059730000,246.626,1.15,147150,13447.5,4.2,91.46,0.49,1.49,0.2
10/6/2017,1271.599976,2549.330078,6590.180176,1510.219971,1.171234488,112.7740021,9.649999619,46,2898270000,1752170000,2898270000,246.626,1.15,147150,13447.5,4.2,91.46,0.5,1.54,0.19
10/7/2017,1271.599976,2549.330078,6590.180176,1510.219971,1.171234488,112.7740021,9.649999619,46,2898270000,1752170000,2898270000,246.626,1.15,147150,13447.5,4.2,91.46,0.5,1.54,0.19
10/8/2017,1271.599976,2549.330078,6590.180176,1510.219971,1.171234488,112.7740021,9.649999619,46,2898270000,1752170000,2898270000,246.626,1.15,147150,13447.5,4.2,91.46,0.5,1.54,0.19
10/9/2017,1281.800049,2544.72998,6579.72998,1503.560059,1.17424643,112.5510025,10.32999992,19,2486940000,1494160000,2486940000,246.626,1.15,147150,13447.5,4.2,91.46,0.5,1.54,0.19
10/10/2017,1290.599976,2550.639893,6587.25,1508.01001,1.174163699,112.6579971,10.07999992,18,2962610000,1802480000,2962610000,246.626,1.15,147150,13447.5,4.2,91.46,0.47,1.51,0.2
10/11/2017,1285.800049,2555.23999,6603.549805,1506.920044,1.181488395,112.3450012,9.850000381,21,2991320000,1837860000,2991320000,246.626,1.15,147150,13447.5,4.2,91.46,0.46,1.51,0.2
10/12/2017,1293.300049,2550.929932,6591.509766,1505.160034,1.186549306,112.4339981,9.909999847,14,3157280000,2020330000,3157280000,246.626,1.15,147150,13447.5,4.2,91.46,0.44,1.51,0.16
10/13/2017,1301.5,2553.169922,6605.799805,1502.660034,1.183179975,112.2389984,9.609999657,74,3150470000,1761700000,3150470000,246.626,1.15,147150,13447.5,4.2,91.46,0.43,1.51,0.2
10/14/2017,1301.5,2553.169922,6605.799805,1502.660034,1.183179975,112.2389984,9.609999657,74,3150470000,1761700000,3150470000,246.626,1.15,147150,13447.5,4.2,91.46,0.43,1.51,0.2
10/15/2017,1301.5,2553.169922,6605.799805,1502.660034,1.183179975,112.2389984,9.609999657,74,3150470000,1761700000,3150470000,246.626,1.15,147150,13447.5,4.2,91.46,0.43,1.51,0.2
10/16/2017,1299.900024,2557.639893,6624,1502.680054,1.18140471,111.8820038,9.909999847,173,2918030000,1632240000,2918030000,246.626,1.15,147150,13447.5,4.2,91.46,0.46,1.54,0.29
10/17/2017,1283,2559.360107,6623.660156,1497.5,1.17945385,112.1949997,10.31000042,571,2901890000,1653160000,2901890000,246.626,1.15,147150,13447.5,4.2,91.46,0.48,1.54,0.28
10/18/2017,1279.900024,2561.26001,6624.220215,1505.140015,1.177190781,112.2129974,10.06999969,163,2999320000,1738060000,2999320000,246.626,1.15,147150,13447.5,4.2,91.46,0.5,1.59,0.3
10/19/2017,1286.900024,2562.100098,6605.069824,1502.040039,1.179523468,113.0130005,10.05000019,134,3019520000,1847020000,3019520000,246.626,1.15,147150,13447.5,4.2,91.46,0.49,1.58,0.32
10/20/2017,1277.400024,2575.209961,6629.049805,1509.25,1.184805989,112.6800003,9.970000267,304,3394450000,1812220000,3394450000,246.626,1.15,147150,13447.5,4.2,91.46,0.52,1.6,0.27
10/21/2017,1277.400024,2575.209961,6629.049805,1509.25,1.184805989,112.6800003,9.970000267,304,3394450000,1812220000,3394450000,246.626,1.15,147150,13447.5,4.2,91.46,0.52,1.6,0.27
10/22/2017,1277.400024,2575.209961,6629.049805,1509.25,1.184805989,112.6800003,9.970000267,304,3394450000,1812220000,3394450000,246.626,1.15,147150,13447.5,4.2,91.46,0.52,1.6,0.27
10/23/2017,1277.699951,2564.97998,6586.830078,1497.48999,1.175364375,114.0479965,11.06999969,115,3214470000,1813080000,3214470000,246.626,1.15,147150,13447.5,4.2,91.46,0.52,1.58,0.32
10/24/2017,1275,2569.129883,6598.430176,1500.420044,1.175917268,113.3399963,11.15999985,111,3435660000,1852610000,3435660000,246.626,1.15,147150,13447.5,4.2,91.46,0.55,1.6,0.32
10/25/2017,1275.400024,2557.149902,6563.890137,1493.47998,1.17590344,113.9459991,11.22999954,105,3885470000,2205790000,3885470000,246.626,1.15,147150,13447.5,4.2,91.46,0.56,1.61,0.32
10/26/2017,1266.300049,2560.399902,6556.77002,1497.459961,1.182075024,113.5579987,11.30000019,39,3891750000,2125640000,3891750000,246.626,1.15,147150,13447.5,4.2,91.46,0.57,1.63,0.31
10/27/2017,1268.5,2581.070068,6701.259766,1508.319946,1.163724422,114.1240005,9.800000191,567,3896100000,2414520000,3896100000,246.626,1.15,147150,13447.5,4.2,91.46,0.54,1.59,0.27
10/28/2017,1268.5,2581.070068,6701.259766,1508.319946,1.163724422,114.1240005,9.800000191,567,3896100000,2414520000,3896100000,246.626,1.15,147150,13447.5,4.2,91.46,0.54,1.59,0.27
10/29/2017,1268.5,2581.070068,6701.259766,1508.319946,1.163724422,114.1240005,9.800000191,567,3896100000,2414520000,3896100000,246.626,1.15,147150,13447.5,4.2,91.46,0.54,1.59,0.27
10/30/2017,1274.099976,2572.830078,6698.959961,1490.900024,1.1604563,113.7389984,10.5,222,3660230000,2015920000,3660230000,246.626,1.15,147150,13447.5,4.2,91.46,0.5,1.58,0.23
10/31/2017,1267,2575.26001,6727.669922,1502.530029,1.165270329,112.9960022,10.18000031,235,3844420000,2054220000,3844420000,246.626,1.15,147150,13447.5,4.2,91.46,0.5,1.6,0.22
11/1/2017,1274.099976,2579.360107,6716.529785,1492.780029,1.1651752,113.6500015,10.19999981,78,3841200000,2074230000,3841200000,247.284,1.16,147373,13540.6,4.2,92.6,0.49,1.61,0.3
11/2/2017,1274.900024,2579.850098,6714.939941,1496.550049,1.162871838,114.1520004,9.930000305,70,4050140000,2282300000,4050140000,247.284,1.16,147373,13540.6,4.2,92.6,0.48,1.61,0.21
11/3/2017,1266.5,2587.840088,6764.439941,1494.910034,1.16618073,114.0159988,9.140000343,75,3568710000,2203880000,3568710000,247.284,1.16,147373,13540.6,4.2,92.6,0.48,1.63,0.25
11/4/2017,1266.5,2587.840088,6764.439941,1494.910034,1.16618073,114.0159988,9.140000343,75,3568710000,2203880000,3568710000,247.284,1.16,147373,13540.6,4.2,92.6,0.48,1.63,0.25
11/5/2017,1266.5,2587.840088,6764.439941,1494.910034,1.16618073,114.0159988,9.140000343,75,3568710000,2203880000,3568710000,247.284,1.16,147373,13540.6,4.2,92.6,0.48,1.63,0.25
11/6/2017,1279.400024,2591.129883,6786.439941,1497.959961,1.161494136,114.1780014,9.399999619,128,3541970000,2173120000,3541970000,247.284,1.16,147373,13540.6,4.2,92.6,0.46,1.61,0.22
11/7/2017,1273.699951,2590.639893,6767.779785,1479.089966,1.161264896,113.7710037,9.890000343,11,3815190000,2209280000,3815190000,247.284,1.16,147373,13540.6,4.2,92.6,0.44,1.63,0.19
11/8/2017,1281.599976,2594.379883,6789.120117,1481.72998,1.160106301,113.7610016,9.779999733,15,3898450000,2121340000,3898450000,247.284,1.16,147373,13540.6,4.2,92.6,0.45,1.65,0.24
11/9/2017,1285.599976,2584.620117,6750.049805,1475.02002,1.159689188,113.927002,10.5,18,3844100000,2243500000,3844100000,247.284,1.16,147373,13540.6,4.2,92.6,0.46,1.63,0.21
11/10/2017,1272.400024,2582.300049,6750.939941,1475.27002,1.16468668,113.375,11.28999996,10,3489740000,1979120000,3489740000,247.284,1.16,147373,13540.6,4.2,92.6,0.52,1.67,0.28
11/11/2017,1272.400024,2582.300049,6750.939941,1475.27002,1.16468668,113.375,11.28999996,10,3489740000,1979120000,3489740000,247.284,1.16,147373,13540.6,4.2,92.6,0.52,1.67,0.28
11/12/2017,1272.400024,2582.300049,6750.939941,1475.27002,1.16468668,113.375,11.28999996,10,3489740000,1979120000,3489740000,247.284,1.16,147373,13540.6,4.2,92.6,0.52,1.67,0.28
11/13/2017,1277.300049,2584.840088,6757.600098,1475.069946,1.166112781,113.685997,11.5,3,3405200000,1976460000,3405200000,247.284,1.16,147373,13540.6,4.2,92.6,0.52,1.7,0.29
11/14/2017,1281.5,2578.870117,6737.870117,1471.26001,1.166493654,113.5849991,11.59000015,4,3643580000,1988230000,3643580000,247.284,1.16,147373,13540.6,4.2,92.6,0.51,1.68,0.27
11/15/2017,1276.5,2564.620117,6706.209961,1464.089966,1.179286957,113.4020004,13.13000011,13,3586590000,1923730000,3586590000,247.284,1.16,147373,13540.6,4.2,92.6,0.48,1.68,0.26
11/16/2017,1277.400024,2585.639893,6793.290039,1486.880005,1.179286957,113.4020004,11.76000023,43,3329730000,2020380000,3329730000,247.284,1.16,147373,13540.6,4.2,92.6,0.53,1.72,0.28
11/17/2017,1295.800049,2578.850098,6782.790039,1492.819946,1.177745342,113.0279999,11.43000031,1,3309800000,2009220000,3309800000,247.284,1.16,147373,13540.6,4.2,92.6,0.49,1.73,0.31
11/18/2017,1295.800049,2578.850098,6782.790039,1492.819946,1.177745342,113.0279999,11.43000031,1,3309800000,2009220000,3309800000,247.284,1.16,147373,13540.6,4.2,92.6,0.49,1.73,0.31
11/19/2017,1295.800049,2578.850098,6782.790039,1492.819946,1.177745342,113.0279999,11.43000031,1,3309800000,2009220000,3309800000,247.284,1.16,147373,13540.6,4.2,92.6,0.49,1.73,0.31
11/20/2017,1274.599976,2582.139893,6790.709961,1503.400024,1.173185706,112.038002,10.64999962,1,3023940000,1811750000,3023940000,247.284,1.16,147373,13540.6,4.2,92.6,0.52,1.77,0.35
11/21/2017,1281.099976,2599.030029,6862.47998,1518.890015,1.174122334,112.5510025,9.729999542,4,3351230000,1891960000,3351230000,247.284,1.16,147373,13540.6,4.2,92.6,0.52,1.77,0.36
11/22/2017,1291.599976,2597.080078,6867.359863,1516.76001,1.173722744,112.3410034,9.880000114,4,2764110000,1589150000,2764110000,247.284,1.16,147373,13540.6,4.2,92.6,0.48,1.74,0.3
11/23/2017,1291.599976,2597.080078,6867.359863,1516.76001,1.181474447,111.3130035,9.880000114,4,2764110000,1589150000,2764110000,247.284,1.16,147373,13540.6,4.2,92.6,0.48,1.74,0.3
11/24/2017,1286.699951,2602.419922,6889.160156,1519.160034,1.185395956,111.2539978,9.670000076,0,1385890000,872110000,1385890000,247.284,1.16,147373,13540.6,4.2,92.6,0.5,1.75,0.36
11/25/2017,1286.699951,2602.419922,6889.160156,1519.160034,1.185395956,111.2539978,9.670000076,0,1385890000,872110000,1385890000,247.284,1.16,147373,13540.6,4.2,92.6,0.5,1.75,0.36
11/26/2017,1286.699951,2602.419922,6889.160156,1519.160034,1.185395956,111.2539978,9.670000076,0,1385890000,872110000,1385890000,247.284,1.16,147373,13540.6,4.2,92.6,0.5,1.75,0.36
11/27/2017,1293.800049,2601.419922,6878.52002,1513.310059,1.19264853,111.6709976,9.869999886,1,3017720000,1781550000,3017720000,247.284,1.16,147373,13540.6,4.2,92.6,0.49,1.74,0.37
11/28/2017,1294.699951,2627.040039,6912.359863,1536.430054,1.190490365,111.1699982,10.02999973,275442,3493340000,2003840000,3493340000,247.284,1.16,147373,13540.6,4.2,92.6,0.5,1.75,0.38
11/29/2017,1282.099976,2626.070068,6824.390137,1542.300049,1.184805989,111.6480026,10.69999981,47244,4090630000,2456990000,4090630000,247.284,1.16,147373,13540.6,4.2,92.6,0.53,1.78,0.4
11/30/2017,1273.199951,2647.580078,6873.970215,1544.140015,1.185199261,112.0019989,11.27999973,3049,4965700000,2468530000,4965700000,247.284,1.16,147373,13540.6,4.2,92.6,0.56,1.78,0.41
12/1/2017,1278.800049,2642.219971,6847.589844,1537.02002,1.189824581,112.5559998,11.43000031,823,3950930000,2302140000,3950930000,247.805,1.3,147523,13666.1,4.1,82.72,0.51,1.78,0.41
12/2/2017,1278.800049,2642.219971,6847.589844,1537.02002,1.189824581,112.5559998,11.43000031,823,3950930000,2302140000,3950930000,247.805,1.3,147523,13666.1,4.1,82.72,0.51,1.78,0.41
12/3/2017,1278.800049,2642.219971,6847.589844,1537.02002,1.189824581,112.5559998,11.43000031,823,3950930000,2302140000,3950930000,247.805,1.3,147523,13666.1,4.1,82.72,0.51,1.78,0.41
12/4/2017,1274.300049,2639.439941,6775.370117,1532.410034,1.1859864,112.8639984,11.68000031,850,4025840000,2427170000,4025840000,247.805,1.3,147523,13666.1,4.1,82.72,0.5,1.8,0.39
12/5/2017,1261.599976,2629.570068,6762.209961,1516.76001,1.186774611,112.4990005,11.32999992,1499,3547570000,2085760000,3547570000,247.805,1.3,147523,13666.1,4.1,82.72,0.5,1.83,0.46
12/6/2017,1262.800049,2629.27002,6776.379883,1508.880005,1.183291912,112.4639969,11.02000046,373,3253080000,1901770000,3253080000,247.805,1.3,147523,13666.1,4.1,82.72,0.47,1.78,0.37
12/7/2017,1249.800049,2636.97998,6812.839844,1520.469971,1.180428505,112.2910004,10.15999985,358,3297060000,1953740000,3297060000,247.805,1.3,147523,13666.1,4.1,82.72,0.5,1.8,0.4
12/8/2017,1245.199951,2651.5,6840.080078,1521.719971,1.177218437,113.1729965,9.579999924,157,3126750000,1825640000,3126750000,247.805,1.3,147523,13666.1,4.1,82.72,0.5,1.8,0.43
12/9/2017,1245.199951,2651.5,6840.080078,1521.719971,1.177218437,113.1729965,9.579999924,157,3126750000,1825640000,3126750000,247.805,1.3,147523,13666.1,4.1,82.72,0.5,1.8,0.43
12/10/2017,1245.199951,2651.5,6840.080078,1521.719971,1.177218437,113.1729965,9.579999924,157,3126750000,1825640000,3126750000,247.805,1.3,147523,13666.1,4.1,82.72,0.5,1.8,0.43
12/11/2017,1243.699951,2659.98999,6875.080078,1519.839966,1.176996827,113.5429993,9.340000153,146,3141480000,1836780000,3141480000,247.805,1.3,147523,13666.1,4.1,82.72,0.51,1.82,0.4
12/12/2017,1238.5,2664.110107,6862.319824,1516.119995,1.177759171,113.5400009,9.920000076,692,3568910000,1872810000,3568910000,247.805,1.3,147523,13666.1,4.1,82.72,0.51,1.83,0.4
12/13/2017,1245.400024,2662.850098,6875.799805,1524.449951,1.174260259,113.5449982,10.18000031,349,3568360000,1931090000,3568360000,247.805,1.3,147523,13666.1,4.1,82.72,0.48,1.79,0.38
12/14/2017,1253.800049,2652.01001,6856.529785,1506.949951,1.183586001,112.7819977,10.48999977,139,3442760000,1990090000,3442760000,247.805,1.3,147523,13666.1,4.1,82.72,0.48,1.82,0.38
12/15/2017,1254.300049,2675.810059,6936.580078,1530.420044,1.177495718,112.3960037,9.420000076,578,5736910000,3529590000,5736910000,247.805,1.3,147523,13666.1,4.1,82.72,0.47,1.84,0.39
12/16/2017,1254.300049,2675.810059,6936.580078,1530.420044,1.177495718,112.3960037,9.420000076,578,5736910000,3529590000,5736910000,247.805,1.3,147523,13666.1,4.1,82.72,0.47,1.84,0.39
12/17/2017,1254.300049,2675.810059,6936.580078,1530.420044,1.177495718,112.3960037,9.420000076,578,5736910000,3529590000,5736910000,247.805,1.3,147523,13666.1,4.1,82.72,0.47,1.84,0.39
12/18/2017,1262.199951,2690.159912,6994.759766,1548.920044,1.174356699,112.7160034,9.529999733,45,3727770000,2150580000,3727770000,247.805,1.3,147523,13666.1,4.1,82.72,0.5,1.84,0.46
12/19/2017,1260.699951,2681.469971,6963.850098,1536.75,1.178425312,112.5680008,10.02999973,329,3407680000,2084190000,3407680000,247.805,1.3,147523,13666.1,4.1,82.72,0.55,1.87,0.49
12/20/2017,1266.099976,2679.25,6960.959961,1540.079956,1.184132576,112.9830017,9.720000267,63,3246230000,1888140000,3246230000,247.805,1.3,147523,13666.1,4.1,82.72,0.57,1.87,0.5
12/21/2017,1267.300049,2684.570068,6965.359863,1547.109985,1.187817693,113.2409973,9.619999886,226,3293130000,1827410000,3293130000,247.805,1.3,147523,13666.1,4.1,82.72,0.55,1.89,0.42
12/22/2017,1275.400024,2683.340088,6959.959961,1542.930054,1.185733199,113.322998,9.899999619,119,2401030000,1541880000,2401030000,247.805,1.3,147523,13666.1,4.1,82.72,0.54,1.91,0.44
12/23/2017,1275.400024,2683.340088,6959.959961,1542.930054,1.185733199,113.322998,9.899999619,119,2401030000,1541880000,2401030000,247.805,1.3,147523,13666.1,4.1,82.72,0.54,1.91,0.44
12/24/2017,1275.400024,2683.340088,6959.959961,1542.930054,1.185733199,113.322998,9.899999619,119,2401030000,1541880000,2401030000,247.805,1.3,147523,13666.1,4.1,82.72,0.54,1.91,0.44
12/25/2017,1275.400024,2683.340088,6959.959961,1542.930054,1.185606718,113.3079987,9.899999619,119,2401030000,1541880000,2401030000,247.805,1.3,147523,13666.1,4.1,82.72,0.54,1.91,0.44
12/26/2017,1284.099976,2680.5,6936.25,1544.22998,1.187253714,113.3030014,10.25,84,1970660000,1301000000,1970660000,247.805,1.3,147523,13666.1,4.1,82.72,0.53,1.92,0.49
12/27/2017,1287,2682.620117,6939.339844,1543.939941,1.185789466,113.2030029,10.47000027,456,2202900000,1411010000,2202900000,247.805,1.3,147523,13666.1,4.1,82.72,0.48,1.89,0.4
12/28/2017,1294.099976,2687.540039,6950.160156,1548.930054,1.190079451,113.2170029,10.18000031,245,2174890000,1319870000,2174890000,247.805,1.3,147523,13666.1,4.1,82.72,0.47,1.91,0.37
12/29/2017,1306.300049,2673.610107,6903.390137,1535.51001,1.194172382,112.875,11.03999996,65,2447760000,1575290000,2447760000,247.805,1.3,147523,13666.1,4.1,82.72,0.44,1.89,0.34
12/30/2017,1306.300049,2673.610107,6903.390137,1535.51001,1.194172382,112.875,11.03999996,65,2447760000,1575290000,2447760000,247.805,1.3,147523,13666.1,4.1,82.72,0.44,1.89,0.34
12/31/2017,1306.300049,2673.610107,6903.390137,1535.51001,1.194172382,112.875,11.03999996,65,2447760000,1575290000,2447760000,247.805,1.3,147523,13666.1,4.1,82.72,0.44,1.89,0.34
1/1/2018,1306.300049,2673.610107,6903.390137,1535.51001,1.200494647,112.6660004,11.03999996,65,2447760000,1575290000,2447760000,248.859,1.41,147660,13703.3,4,92.43,0.44,1.89,0.34
1/2/2018,1313.699951,2695.810059,7006.899902,1550.01001,1.201157928,112.7699966,9.770000458,68,3397430000,1929700000,3397430000,248.859,1.41,147660,13703.3,4,92.43,0.46,1.92,0.35
1/3/2018,1316.199951,2713.060059,7065.529785,1552.579956,1.206345439,112.2440033,9.149999619,42,3544030000,2173130000,3544030000,248.859,1.41,147660,13703.3,4,92.43,0.46,1.94,0.38
1/4/2018,1319.400024,2723.98999,7077.910156,1555.719971,1.201042533,112.6070023,9.220000267,2,3697340000,2103220000,3697340000,248.859,1.41,147660,13703.3,4,92.43,0.45,1.96,0.35
1/5/2018,1320.300049,2743.149902,7136.560059,1560.01001,1.206884027,112.7829971,9.220000267,1,3239280000,2024000000,3239280000,248.859,1.41,147660,13703.3,4,92.43,0.46,1.96,0.34
1/6/2018,1320.300049,2743.149902,7136.560059,1560.01001,1.206884027,112.7829971,9.220000267,1,3239280000,2024000000,3239280000,248.859,1.41,147660,13703.3,4,92.43,0.46,1.96,0.34
1/7/2018,1320.300049,2743.149902,7136.560059,1560.01001,1.206884027,112.7829971,9.220000267,1,3239280000,2024000000,3239280000,248.859,1.41,147660,13703.3,4,92.43,0.46,1.96,0.34
1/8/2018,1318.599976,2747.709961,7157.390137,1561.810059,1.20374608,113.1539993,9.520000458,41,3246160000,2055010000,3246160000,248.859,1.41,147660,13703.3,4,92.43,0.47,1.96,0.38
1/9/2018,1311.699951,2751.290039,7163.580078,1560.099976,1.197045684,113.1409988,10.07999992,16,3467460000,2155810000,3467460000,248.859,1.41,147660,13703.3,4,92.43,0.52,1.98,0.38
1/10/2018,1317.400024,2748.22998,7153.569824,1559.800049,1.192933083,112.7549973,9.819999695,70,3579900000,2132430000,3579900000,248.859,1.41,147660,13703.3,4,92.43,0.52,1.98,0.38
1/11/2018,1320.599976,2767.560059,7211.779785,1586.790039,1.195614457,111.4440002,9.880000114,9,3645690000,2015170000,3645690000,248.859,1.41,147660,13703.3,4,92.43,0.54,1.98,0.43
1/12/2018,1333.400024,2786.23999,7261.060059,1591.969971,1.204209924,111.2939987,10.15999985,14,3587220000,1986600000,3587220000,248.859,1.41,147660,13703.3,4,92.43,0.54,1.99,0.43
1/13/2018,1333.400024,2786.23999,7261.060059,1591.969971,1.204209924,111.2939987,10.15999985,14,3587220000,1986600000,3587220000,248.859,1.41,147660,13703.3,4,92.43,0.54,1.99,0.43
1/14/2018,1333.400024,2786.23999,7261.060059,1591.969971,1.204209924,111.2939987,10.15999985,14,3587220000,1986600000,3587220000,248.859,1.41,147660,13703.3,4,92.43,0.54,1.99,0.43
1/15/2018,1333.400024,2786.23999,7261.060059,1591.969971,1.219229698,111.0999985,10.15999985,14,3587220000,1986600000,3587220000,248.859,1.41,147660,13703.3,4,92.43,0.54,1.99,0.43
1/16/2018,1335.400024,2776.419922,7223.689941,1572.969971,1.226843357,110.5810013,11.65999985,13,4362880000,2399790000,4362880000,248.859,1.41,147660,13703.3,4,92.43,0.51,2.03,0.42
1/17/2018,1338,2802.560059,7298.279785,1586.660034,1.22712934,110.3880005,11.90999985,27,3790340000,2245910000,3790340000,248.859,1.41,147660,13703.3,4,92.43,0.53,2.05,0.49
1/18/2018,1326,2798.030029,7296.049805,1576.72998,1.218397856,111.3759995,12.22000027,211,3703300000,2037410000,3703300000,248.859,1.41,147660,13703.3,4,92.43,0.57,2.05,0.44
1/19/2018,1331.900024,2810.300049,7336.379883,1597.630005,1.223660707,111.026001,11.27000046,50,3724230000,2005470000,3724230000,248.859,1.41,147660,13703.3,4,92.43,0.58,2.06,0.45
1/20/2018,1331.900024,2810.300049,7336.379883,1597.630005,1.223660707,111.026001,11.27000046,50,3724230000,2005470000,3724230000,248.859,1.41,147660,13703.3,4,92.43,0.58,2.06,0.45
1/21/2018,1331.900024,2810.300049,7336.379883,1597.630005,1.223660707,111.026001,11.27000046,50,3724230000,2005470000,3724230000,248.859,1.41,147660,13703.3,4,92.43,0.58,2.06,0.45
1/22/2018,1330.900024,2832.969971,7408.029785,1605.170044,1.225550294,110.6839981,11.02999973,162,3489480000,2118310000,3489480000,248.859,1.41,147660,13703.3,4,92.43,0.6,2.08,0.46
1/23/2018,1335.699951,2839.129883,7460.290039,1610.709961,1.225625396,110.9660034,11.10000038,47,3541140000,2135840000,3541140000,248.859,1.41,147660,13703.3,4,92.43,0.57,2.06,0.51
1/24/2018,1355.900024,2837.540039,7415.060059,1601.77002,1.231026769,110.1070023,11.47000027,18,4079270000,2287320000,4079270000,248.859,1.41,147660,13703.3,4,92.43,0.58,2.08,0.47
1/25/2018,1362.400024,2839.25,7411.160156,1601.670044,1.239111304,109.3259964,11.57999992,4,3873100000,2081380000,3873100000,248.859,1.41,147660,13703.3,4,92.43,0.56,2.08,0.5
1/26/2018,1351.599976,2872.870117,7505.77002,1608.060059,1.239234209,109.7040024,11.07999992,280546,3474680000,2080700000,3474680000,248.859,1.41,147660,13703.3,4,92.43,0.57,2.13,0.54
1/27/2018,1351.599976,2872.870117,7505.77002,1608.060059,1.239234209,109.7040024,11.07999992,280546,3474680000,2080700000,3474680000,248.859,1.41,147660,13703.3,4,92.43,0.57,2.13,0.54
1/28/2018,1351.599976,2872.870117,7505.77002,1608.060059,1.239234209,109.7040024,11.07999992,280546,3474680000,2080700000,3474680000,248.859,1.41,147660,13703.3,4,92.43,0.57,2.13,0.54
1/29/2018,1351.599976,2853.530029,7466.509766,1598.109985,1.242807269,108.6389999,13.84000015,280546,3587420000,2114420000,3587420000,248.859,1.41,147660,13703.3,4,92.43,0.61,2.11,0.57
1/30/2018,1335.400024,2822.429932,7402.47998,1582.819946,1.238114119,108.9260025,14.78999996,52100,4012070000,2183420000,4012070000,248.859,1.41,147660,13703.3,4,92.43,0.63,2.13,0.54
1/31/2018,1339,2823.810059,7411.47998,1574.97998,1.240956545,108.7320023,13.53999996,4881,4276270000,2428990000,4276270000,248.859,1.41,147660,13703.3,4,92.43,0.61,2.14,0.54
2/1/2018,1344.300049,2821.97998,7385.859863,1579.869995,1.241865873,109.2009964,13.47000027,1680,3977380000,2311180000,3977380000,249.529,1.42,148054,13738.7,4.1,64.49,0.67,2.16,0.63
2/2/2018,1333.699951,2762.129883,7240.950195,1547.27002,1.251000881,109.4059982,17.30999947,2841,4340220000,2607160000,4340220000,249.529,1.42,148054,13738.7,4.1,64.49,0.7,2.15,0.65
2/3/2018,1333.699951,2762.129883,7240.950195,1547.27002,1.251000881,109.4059982,17.30999947,2841,4340220000,2607160000,4340220000,249.529,1.42,148054,13738.7,4.1,64.49,0.7,2.15,0.65
2/4/2018,1333.699951,2762.129883,7240.950195,1547.27002,1.251000881,109.4059982,17.30999947,2841,4340220000,2607160000,4340220000,249.529,1.42,148054,13738.7,4.1,64.49,0.7,2.15,0.65
2/5/2018,1333,2648.939941,6967.529785,1491.089966,1.244694471,110.0350037,37.31999969,641,5310840000,3143210000,5310840000,249.529,1.42,148054,13738.7,4.1,64.49,0.67,2.08,0.55
2/6/2018,1326.099976,2695.139893,7115.879883,1507.170044,1.236781836,109.0950012,29.97999954,529,5917350000,3148270000,5917350000,249.529,1.42,148054,13738.7,4.1,64.49,0.69,2.1,0.64
2/7/2018,1311.599976,2681.659912,7051.97998,1507.969971,1.238129497,109.6269989,27.72999954,491,4646300000,2380020000,4646300000,249.529,1.42,148054,13738.7,4.1,64.49,0.74,2.15,0.67
2/8/2018,1316.900024,2581,6777.160156,1463.790039,1.226813316,109.1959991,33.45999908,459,5333840000,2730740000,5333840000,249.529,1.42,148054,13738.7,4.1,64.49,0.76,2.13,0.68
2/9/2018,1313.099976,2619.550049,6874.490234,1477.839966,1.226076245,108.5289993,29.05999947,451,5690110000,3165330000,5690110000,249.529,1.42,148054,13738.7,4.1,64.49,0.78,2.05,0.69
2/10/2018,1313.099976,2619.550049,6874.490234,1477.839966,1.226076245,108.5289993,29.05999947,451,5690110000,3165330000,5690110000,249.529,1.42,148054,13738.7,4.1,64.49,0.78,2.05,0.69
2/11/2018,1313.099976,2619.550049,6874.490234,1477.839966,1.226076245,108.5289993,29.05999947,451,5690110000,3165330000,5690110000,249.529,1.42,148054,13738.7,4.1,64.49,0.78,2.05,0.69
2/12/2018,1324.199951,2656,6981.959961,1490.97998,1.225279927,108.8000031,25.61000061,140,4069220000,2250650000,4069220000,249.529,1.42,148054,13738.7,4.1,64.49,0.79,2.09,0.72
2/13/2018,1328.099976,2662.939941,7013.509766,1494.949951,1.230375528,108.6900024,24.96999931,71,3503540000,1830320000,3503540000,249.529,1.42,148054,13738.7,4.1,64.49,0.78,2.1,0.66
2/14/2018,1355.5,2698.629883,7143.620117,1522.099976,1.235376239,107.7639999,19.26000023,400,4011940000,2217630000,4011940000,249.529,1.42,148054,13738.7,4.1,64.49,0.82,2.17,0.74
2/15/2018,1352.099976,2731.199951,7256.430176,1537.199951,1.246727347,106.586998,19.12999916,111,3696140000,2124060000,3696140000,249.529,1.42,148054,13738.7,4.1,64.49,0.79,2.19,0.65
2/16/2018,1353.199951,2732.219971,7239.470215,1543.550049,1.250359535,106.1110001,19.45999908,110,3646920000,2037710000,3646920000,249.529,1.42,148054,13738.7,4.1,64.49,0.78,2.21,0.63
2/17/2018,1353.199951,2732.219971,7239.470215,1543.550049,1.250359535,106.1110001,19.45999908,110,3646920000,2037710000,3646920000,249.529,1.42,148054,13738.7,4.1,64.49,0.78,2.21,0.63
2/18/2018,1353.199951,2732.219971,7239.470215,1543.550049,1.250359535,106.1110001,19.45999908,110,3646920000,2037710000,3646920000,249.529,1.42,148054,13738.7,4.1,64.49,0.78,2.21,0.63
2/19/2018,1353.199951,2732.219971,7239.470215,1543.550049,1.241187572,106.2610016,19.45999908,110,3646920000,2037710000,3646920000,249.529,1.42,148054,13738.7,4.1,64.49,0.78,2.21,0.63
2/20/2018,1328.800049,2716.26001,7234.310059,1529.98999,1.239864111,106.7089996,20.60000038,283,3646920000,1921870000,3646920000,249.529,1.42,148054,13738.7,4.1,64.49,0.78,2.25,0.61
2/21/2018,1330,2701.330078,7218.22998,1531.839966,1.233532429,107.3809967,20.02000046,119,3789040000,1956120000,3789040000,249.529,1.42,148054,13738.7,4.1,64.49,0.82,2.26,0.63
2/22/2018,1330.599976,2703.959961,7210.089844,1529.98999,1.228184342,107.5550003,18.71999931,70,3720620000,1927580000,3720620000,249.529,1.42,148054,13738.7,4.1,64.49,0.81,2.25,0.6
2/23/2018,1328.199951,2747.300049,7337.390137,1549.189941,1.232665658,106.814003,16.48999977,427,3200360000,1887540000,3200360000,249.529,1.42,148054,13738.7,4.1,64.49,0.76,2.25,0.58
2/24/2018,1328.199951,2747.300049,7337.390137,1549.189941,1.232665658,106.814003,16.48999977,427,3200360000,1887540000,3200360000,249.529,1.42,148054,13738.7,4.1,64.49,0.76,2.25,0.58
2/25/2018,1328.199951,2747.300049,7337.390137,1549.189941,1.232665658,106.814003,16.48999977,427,3200360000,1887540000,3200360000,249.529,1.42,148054,13738.7,4.1,64.49,0.76,2.25,0.58
2/26/2018,1330.699951,2779.600098,7421.459961,1559.329956,1.228712559,107.0739975,15.80000019,652,3436590000,1876560000,3436590000,249.529,1.42,148054,13738.7,4.1,64.49,0.73,2.22,0.53
2/27/2018,1315.5,2744.280029,7330.350098,1536.469971,1.231557369,107.0690002,18.59000015,710,3752070000,2162250000,3752070000,249.529,1.42,148054,13738.7,4.1,64.49,0.77,2.27,0.58
2/28/2018,1315.5,2713.830078,7273.009766,1512.449951,1.223032117,107.4260025,19.85000038,58,4244570000,2384940000,4244570000,249.529,1.42,148054,13738.7,4.1,64.49,0.75,2.25,0.61
3/1/2018,1302.900024,2677.669922,7180.560059,1507.390015,1.219125628,106.6399994,22.46999931,43,4514490000,2499010000,4514490000,249.577,1.51,148280,13793.2,4,111.96,0.71,2.22,0.55
3/2/2018,1321.099976,2691.25,7257.870117,1533.170044,1.227084279,106.163002,19.59000015,155,3891250000,2291480000,3891250000,249.577,1.51,148280,13793.2,4,111.96,0.74,2.25,0.6
3/3/2018,1321.099976,2691.25,7257.870117,1533.170044,1.227084279,106.163002,19.59000015,155,3891250000,2291480000,3891250000,249.577,1.51,148280,13793.2,4,111.96,0.74,2.25,0.6
3/4/2018,1321.099976,2691.25,7257.870117,1533.170044,1.227084279,106.163002,19.59000015,155,3891250000,2291480000,3891250000,249.577,1.51,148280,13793.2,4,111.96,0.74,2.25,0.6
3/5/2018,1318.099976,2720.939941,7330.709961,1546.050049,1.23154223,105.5559998,18.72999954,18,3733640000,2076870000,3733640000,249.577,1.51,148280,13793.2,4,111.96,0.75,2.24,0.6
3/6/2018,1333.599976,2728.120117,7372.009766,1562.199951,1.233654141,106.25,18.36000061,18,3389030000,2132920000,3389030000,249.577,1.51,148280,13793.2,4,111.96,0.76,2.25,0.55
3/7/2018,1326,2726.800049,7396.649902,1574.530029,1.241665363,105.5370026,17.76000023,27,3406690000,2198610000,3406690000,249.577,1.51,148280,13793.2,4,111.96,0.76,2.25,0.55
3/8/2018,1319.900024,2738.969971,7427.950195,1571.969971,1.241464972,106.185997,16.54000092,62,3206040000,2277740000,3206040000,249.577,1.51,148280,13793.2,4,111.96,0.75,2.25,0.55
3/9/2018,1322.400024,2786.570068,7560.810059,1597.140015,1.2306633,106.4059982,14.64000034,88,3376870000,2310050000,3376870000,249.577,1.51,148280,13793.2,4,111.96,0.78,2.27,0.69
3/10/2018,1322.400024,2786.570068,7560.810059,1597.140015,1.2306633,106.4059982,14.64000034,88,3376870000,2310050000,3376870000,249.577,1.51,148280,13793.2,4,111.96,0.78,2.27,0.69
3/11/2018,1322.400024,2786.570068,7560.810059,1597.140015,1.2306633,106.4059982,14.64000034,88,3376870000,2310050000,3376870000,249.577,1.51,148280,13793.2,4,111.96,0.78,2.27,0.69
3/12/2018,1319.400024,2783.02002,7588.319824,1601.060059,1.230875254,106.8909988,15.77999973,0,3216960000,2314480000,3216960000,249.577,1.51,148280,13793.2,4,111.96,0.77,2.27,0.62
3/13/2018,1325.900024,2765.310059,7511.009766,1592.050049,1.233958483,106.2600021,16.35000038,13,3324290000,2459220000,3324290000,249.577,1.51,148280,13793.2,4,111.96,0.75,2.26,0.57
3/14/2018,1324.400024,2749.47998,7496.810059,1584.310059,1.239234209,106.5080032,17.22999954,19,3394630000,2112950000,3394630000,249.577,1.51,148280,13793.2,4,111.96,0.74,2.26,0.57
3/15/2018,1316.800049,2747.330078,7481.740234,1576.619995,1.237562418,106.1549988,16.59000015,0,3543710000,2008290000,3543710000,249.577,1.51,148280,13793.2,4,111.96,0.74,2.29,0.55
3/16/2018,1311.300049,2752.01001,7481.990234,1586.050049,1.230920792,106.3089981,15.80000019,34,5429140000,3089970000,5429140000,249.577,1.51,148280,13793.2,4,111.96,0.77,2.31,0.6
3/17/2018,1311.300049,2752.01001,7481.990234,1586.050049,1.230920792,106.3089981,15.80000019,34,5429140000,3089970000,5429140000,249.577,1.51,148280,13793.2,4,111.96,0.77,2.31,0.6
3/18/2018,1311.300049,2752.01001,7481.990234,1586.050049,1.230920792,106.3089981,15.80000019,34,5429140000,3089970000,5429140000,249.577,1.51,148280,13793.2,4,111.96,0.77,2.31,0.6
3/19/2018,1316.800049,2712.919922,7344.240234,1570.560059,1.228078842,105.9690018,19.02000046,6,3327460000,2352810000,3327460000,249.577,1.51,148280,13793.2,4,111.96,0.77,2.31,0.61
3/20/2018,1311.099976,2716.939941,7364.299805,1570.410034,1.23368454,105.9960022,18.20000076,4,3272590000,1976000000,3272590000,249.577,1.51,148280,13793.2,4,111.96,0.81,2.34,0.64
3/21/2018,1320.699951,2711.929932,7345.290039,1579.300049,1.225189924,106.4690018,17.86000061,34,3434780000,1999230000,3434780000,249.577,1.51,148280,13793.2,4,111.96,0.8,2.31,0.73
3/22/2018,1326.599976,2643.689941,7166.680176,1543.869995,1.234766126,105.9290009,23.34000015,0,3765460000,2370970000,3765460000,249.577,1.51,148280,13793.2,4,111.96,0.75,2.29,0.6
3/23/2018,1349.300049,2588.26001,6992.669922,1510.079956,1.232498527,104.9680023,24.87000084,8,3829380000,2455760000,3829380000,249.577,1.51,148280,13793.2,4,111.96,0.75,2.28,0.6
3/24/2018,1349.300049,2588.26001,6992.669922,1510.079956,1.232498527,104.9680023,24.87000084,8,3829380000,2455760000,3829380000,249.577,1.51,148280,13793.2,4,111.96,0.75,2.28,0.6
3/25/2018,1349.300049,2588.26001,6992.669922,1510.079956,1.232498527,104.9680023,24.87000084,8,3829380000,2455760000,3829380000,249.577,1.51,148280,13793.2,4,111.96,0.75,2.28,0.6
3/26/2018,1354.400024,2658.550049,7220.540039,1543.719971,1.235437274,104.8590012,21.03000069,10,3538080000,2341370000,3538080000,249.577,1.51,148280,13793.2,4,111.96,0.77,2.33,0.63
3/27/2018,1341.300049,2612.620117,7008.810059,1513.569946,1.245748878,105.5,22.5,290889,3761320000,2347480000,3761320000,249.577,1.51,148280,13793.2,4,111.96,0.71,2.26,0.64
3/28/2018,1324.199951,2605,6949.22998,1513.030029,1.240787148,105.4929962,22.87000084,59284,3875720000,2551950000,3875720000,249.577,1.51,148280,13793.2,4,111.96,0.72,2.28,0.68
3/29/2018,1322.800049,2640.870117,7063.450195,1529.430054,1.231026769,106.8119965,19.96999931,5585,3572360000,2593390000,3572360000,249.577,1.51,148280,13793.2,4,111.96,0.69,2.27,0.64
3/30/2018,1322.800049,2640.870117,7063.450195,1529.430054,1.230284691,106.4789963,19.96999931,5585,3572360000,2593390000,3572360000,249.577,1.51,148280,13793.2,4,111.96,0.69,2.27,0.64
3/31/2018,1322.800049,2640.870117,7063.450195,1529.430054,1.230284691,106.4789963,19.96999931,5585,3572360000,2593390000,3572360000,249.577,1.51,148280,13793.2,4,111.96,0.69,2.27,0.64
4/1/2018,1322.800049,2640.870117,7063.450195,1529.430054,1.230284691,106.4789963,19.96999931,5585,3572360000,2593390000,3572360000,250.227,1.69,148422,13838.4,4,123.26,0.69,2.27,0.64
4/2/2018,1342.099976,2581.879883,6870.120117,1492.530029,1.231420875,106.3119965,23.62000084,649,3635780000,2402670000,3635780000,250.227,1.69,148422,13838.4,4,123.26,0.68,2.25,0.56
4/3/2018,1332.800049,2614.449951,6941.279785,1512.150024,1.229271412,105.7990036,21.10000038,702,3395840000,2330900000,3395840000,250.227,1.69,148422,13838.4,4,123.26,0.71,2.28,0.61
4/4/2018,1335.800049,2644.689941,7042.109863,1531.660034,1.227852583,106.435997,20.05999947,718,3369230000,2261580000,3369230000,250.227,1.69,148422,13838.4,4,123.26,0.71,2.28,0.57
4/5/2018,1324.300049,2662.840088,7076.549805,1542.930054,1.22868228,106.7740021,18.94000053,258,3230430000,2153030000,3230430000,250.227,1.69,148422,13838.4,4,123.26,0.75,2.3,0.71
4/6/2018,1331.900024,2604.469971,6915.109863,1513.300049,1.225159883,107.052002,21.48999977,348,3312390000,2359780000,3312390000,250.227,1.69,148422,13838.4,4,123.26,0.7,2.27,0.57
4/7/2018,1331.900024,2604.469971,6915.109863,1513.300049,1.225159883,107.052002,21.48999977,348,3312390000,2359780000,3312390000,250.227,1.69,148422,13838.4,4,123.26,0.7,2.27,0.57
4/8/2018,1331.900024,2604.469971,6915.109863,1513.300049,1.225159883,107.052002,21.48999977,348,3312390000,2359780000,3312390000,250.227,1.69,148422,13838.4,4,123.26,0.7,2.27,0.57
4/9/2018,1336.300049,2613.159912,6950.339844,1514.459961,1.22714448,106.9680023,21.77000046,290,3076140000,2089220000,3076140000,250.227,1.69,148422,13838.4,4,123.26,0.71,2.29,0.58
4/10/2018,1342,2656.870117,7094.299805,1543.430054,1.232240319,106.7490005,20.46999931,105,3579130000,2252020000,3579130000,250.227,1.69,148422,13838.4,4,123.26,0.72,2.32,0.62
4/11/2018,1356.5,2642.189941,7069.029785,1546.800049,1.236307859,107.112999,20.23999977,118,3054520000,1882090000,3054520000,250.227,1.69,148422,13838.4,4,123.26,0.68,2.32,0.56
4/12/2018,1338.400024,2663.98999,7140.25,1557.329956,1.237164378,106.8290024,18.48999977,34,3045330000,2027080000,3045330000,250.227,1.69,148422,13838.4,4,123.26,0.7,2.34,0.62
4/13/2018,1344.800049,2656.300049,7106.649902,1549.51001,1.232969642,107.2220001,17.40999985,67,2988540000,1768160000,2988540000,250.227,1.69,148422,13838.4,4,123.26,0.69,2.37,0.66
4/14/2018,1344.800049,2656.300049,7106.649902,1549.51001,1.232969642,107.2220001,17.40999985,67,2988540000,1768160000,2988540000,250.227,1.69,148422,13838.4,4,123.26,0.69,2.37,0.66
4/15/2018,1344.800049,2656.300049,7106.649902,1549.51001,1.232969642,107.2220001,17.40999985,67,2988540000,1768160000,2988540000,250.227,1.69,148422,13838.4,4,123.26,0.69,2.37,0.66
4/16/2018,1347.5,2677.840088,7156.279785,1563.030029,1.233258605,107.4980011,16.55999947,60,3020740000,1800450000,3020740000,250.227,1.69,148422,13838.4,4,123.26,0.71,2.39,0.61
4/17/2018,1347.199951,2706.389893,7281.100098,1579.800049,1.238512754,107.0459976,15.25,409,3286190000,1935380000,3286190000,250.227,1.69,148422,13838.4,4,123.26,0.68,2.41,0.67
4/18/2018,1351.199951,2708.639893,7295.240234,1583.560059,1.237317443,107.0159988,15.60000038,45,3412030000,1908700000,3412030000,250.227,1.69,148422,13838.4,4,123.26,0.71,2.42,0.69
4/19/2018,1346.800049,2693.129883,7238.060059,1573.819946,1.237914801,107.3460007,15.96000004,387,3375120000,1982090000,3375120000,250.227,1.69,148422,13838.4,4,123.26,0.75,2.44,0.65
4/20/2018,1336.699951,2670.139893,7146.129883,1564.119995,1.234552622,107.4319992,16.87999916,310,3428260000,1935160000,3428260000,250.227,1.69,148422,13838.4,4,123.26,0.79,2.46,0.7
4/21/2018,1336.699951,2670.139893,7146.129883,1564.119995,1.234552622,107.4319992,16.87999916,310,3428260000,1935160000,3428260000,250.227,1.69,148422,13838.4,4,123.26,0.79,2.46,0.7
4/22/2018,1336.699951,2670.139893,7146.129883,1564.119995,1.234552622,107.4319992,16.87999916,310,3428260000,1935160000,3428260000,250.227,1.69,148422,13838.4,4,123.26,0.79,2.46,0.7
4/23/2018,1322.5,2670.290039,7128.600098,1562.119995,1.227340221,107.8690033,16.34000015,68,3030390000,1744480000,3030390000,250.227,1.69,148422,13838.4,4,123.26,0.8,2.49,0.72
4/24/2018,1331.400024,2634.560059,7007.350098,1553.280029,1.22089684,108.7610016,18.02000046,28,3716020000,2154270000,3716020000,250.227,1.69,148422,13838.4,4,123.26,0.83,2.48,0.73
4/25/2018,1321.199951,2639.399902,7003.740234,1550.469971,1.224140048,108.8030014,17.84000015,278,3563680000,2055840000,3563680000,250.227,1.69,148422,13838.4,4,123.26,0.86,2.49,0.75
4/26/2018,1316.300049,2666.939941,7118.680176,1557.890015,1.217166901,109.3639984,16.23999977,569,3690920000,2141220000,3690920000,250.227,1.69,148422,13838.4,4,123.26,0.82,2.49,0.72
4/27/2018,1320.300049,2669.909912,7119.799805,1556.23999,1.210961699,109.3000031,15.40999985,622,3234510000,2050350000,3234510000,250.227,1.69,148422,13838.4,4,123.26,0.79,2.49,0.71
4/28/2018,1320.300049,2669.909912,7119.799805,1556.23999,1.210961699,109.3000031,15.40999985,622,3234510000,2050350000,3234510000,250.227,1.69,148422,13838.4,4,123.26,0.79,2.49,0.71
4/29/2018,1320.300049,2669.909912,7119.799805,1556.23999,1.210961699,109.3000031,15.40999985,622,3234510000,2050350000,3234510000,250.227,1.69,148422,13838.4,4,123.26,0.79,2.49,0.71
4/30/2018,1316.199951,2648.050049,7066.27002,1541.880005,1.212282777,109.0979996,15.93000031,49,3749510000,1998570000,3749510000,250.227,1.69,148422,13838.4,4,123.26,0.78,2.49,0.69
5/1/2018,1303.800049,2654.800049,7130.700195,1550.329956,1.208123446,109.322998,15.48999977,28,3562820000,1932660000,3562820000,250.792,1.7,148740,13905,3.8,125.67,0.81,2.5,0.73
5/2/2018,1302.599976,2635.669922,7100.899902,1554.910034,1.199155807,109.8720016,15.97000027,23,4047020000,2157860000,4047020000,250.792,1.7,148740,13905,3.8,125.67,0.8,2.49,0.71
5/3/2018,1310.699951,2629.72998,7088.149902,1546.560059,1.195100188,109.8270035,15.89999962,4,3867530000,2355780000,3867530000,250.792,1.7,148740,13905,3.8,125.67,0.78,2.49,0.69
5/4/2018,1312.699951,2663.419922,7209.620117,1565.599976,1.198925734,109.0960007,14.77000046,0,3335260000,2040520000,3335260000,250.792,1.7,148740,13905,3.8,125.67,0.79,2.51,0.69
5/5/2018,1312.699951,2663.419922,7209.620117,1565.599976,1.198925734,109.0960007,14.77000046,0,3335260000,2040520000,3335260000,250.792,1.7,148740,13905,3.8,125.67,0.79,2.51,0.69
5/6/2018,1312.699951,2663.419922,7209.620117,1565.599976,1.198925734,109.0960007,14.77000046,0,3335260000,2040520000,3335260000,250.792,1.7,148740,13905,3.8,125.67,0.79,2.51,0.69
5/7/2018,1312.199951,2672.629883,7265.209961,1578.949951,1.195500135,109.1460037,14.75,4,3266810000,1950650000,3266810000,250.792,1.7,148740,13905,3.8,125.67,0.78,2.49,0.67
5/8/2018,1312,2671.919922,7266.899902,1586.390015,1.193374395,108.9430008,14.71000004,337,3745100000,2070970000,3745100000,250.792,1.7,148740,13905,3.8,125.67,0.81,2.51,0.71
5/9/2018,1311.300049,2697.790039,7339.910156,1596.050049,1.186788678,109.0240021,13.42000008,70,3913650000,2250260000,3913650000,250.792,1.7,148740,13905,3.8,125.67,0.82,2.54,0.71
5/10/2018,1320.800049,2723.070068,7404.970215,1603.709961,1.184721828,109.8470001,13.22999954,8,3380640000,2250450000,3380640000,250.792,1.7,148740,13905,3.8,125.67,0.8,2.54,0.71
5/11/2018,1319,2727.719971,7402.879883,1606.790039,1.19175303,109.435997,12.64999962,3,2874850000,2085350000,2874850000,250.792,1.7,148740,13905,3.8,125.67,0.82,2.54,0.71
5/12/2018,1319,2727.719971,7402.879883,1606.790039,1.19175303,109.435997,12.64999962,3,2874850000,2085350000,2874850000,250.792,1.7,148740,13905,3.8,125.67,0.82,2.54,0.71
5/13/2018,1319,2727.719971,7402.879883,1606.790039,1.19175303,109.435997,12.64999962,3,2874850000,2085350000,2874850000,250.792,1.7,148740,13905,3.8,125.67,0.82,2.54,0.71
5/14/2018,1316.5,2730.129883,7411.319824,1600.339966,1.195214391,109.3379974,12.93000031,4,2994360000,2085850000,2994360000,250.792,1.7,148740,13905,3.8,125.67,0.85,2.55,0.73
5/15/2018,1288.900024,2711.449951,7351.629883,1600.339966,1.193118095,109.7310028,14.63000011,8,3291190000,2120380000,3291190000,250.792,1.7,148740,13905,3.8,125.67,0.9,2.58,0.77
5/16/2018,1290.199951,2722.459961,7398.299805,1616.369995,1.182088971,110.2969971,13.42000008,26,3248480000,2103060000,3248480000,250.792,1.7,148740,13905,3.8,125.67,0.92,2.58,0.78
5/17/2018,1288.199951,2720.129883,7382.470215,1625.290039,1.181697845,110.3590012,13.43000031,2,3478150000,1958970000,3478150000,250.792,1.7,148740,13905,3.8,125.67,0.95,2.57,0.78
5/18/2018,1290.199951,2712.969971,7354.339844,1626.630005,1.179523468,110.8280029,13.42000008,2,3383270000,1982190000,3383270000,250.792,1.7,148740,13905,3.8,125.67,0.91,2.55,0.76
5/19/2018,1290.199951,2712.969971,7354.339844,1626.630005,1.179523468,110.8280029,13.42000008,2,3383270000,1982190000,3383270000,250.792,1.7,148740,13905,3.8,125.67,0.91,2.55,0.76
5/20/2018,1290.199951,2712.969971,7354.339844,1626.630005,1.179523468,110.8280029,13.42000008,2,3383270000,1982190000,3383270000,250.792,1.7,148740,13905,3.8,125.67,0.91,2.55,0.76
5/21/2018,1290.199951,2733.01001,7394.040039,1637.439941,1.176664352,110.8799973,13.07999992,52,3053480000,1997220000,3053480000,250.792,1.7,148740,13905,3.8,125.67,0.9,2.58,0.75
5/22/2018,1291.699951,2724.439941,7378.459961,1625.23999,1.179245353,110.9779968,13.22000027,50,3384140000,1927420000,3384140000,250.792,1.7,148740,13905,3.8,125.67,0.91,2.59,0.77
5/23/2018,1289.300049,2733.290039,7425.959961,1627.609985,1.178856015,110.7259979,12.57999992,10,3333160000,1997090000,3333160000,250.792,1.7,148740,13905,3.8,125.67,0.87,2.53,0.71
5/24/2018,1303.699951,2727.76001,7424.430176,1628.219971,1.171015024,109.8690033,12.52999973,0,3285750000,2035460000,3285750000,250.792,1.7,148740,13905,3.8,125.67,0.86,2.5,0.71
5/25/2018,1303.300049,2721.330078,7433.850098,1626.930054,1.172264218,109.3119965,13.22000027,1,3015260000,1771950000,3015260000,250.792,1.7,148740,13905,3.8,125.67,0.84,2.48,0.72
5/26/2018,1303.300049,2721.330078,7433.850098,1626.930054,1.172264218,109.3119965,13.22000027,1,3015260000,1771950000,3015260000,250.792,1.7,148740,13905,3.8,125.67,0.84,2.48,0.72
5/27/2018,1303.300049,2721.330078,7433.850098,1626.930054,1.172264218,109.3119965,13.22000027,1,3015260000,1771950000,3015260000,250.792,1.7,148740,13905,3.8,125.67,0.84,2.48,0.72
5/28/2018,1303.300049,2721.330078,7433.850098,1626.930054,1.168893456,109.6230011,13.22000027,1,3015260000,1771950000,3015260000,250.792,1.7,148740,13905,3.8,125.67,0.84,2.48,0.72
5/29/2018,1298.699951,2689.860107,7396.589844,1623.650024,1.162696123,109.3889999,17.02000046,386334,3743310000,2095380000,3743310000,250.792,1.7,148740,13905,3.8,125.67,0.73,2.32,0.6
5/30/2018,1301.5,2724.01001,7462.450195,1647.98999,1.153934956,108.3939972,14.93999958,50845,3566490000,2058300000,3566490000,250.792,1.7,148740,13905,3.8,125.67,0.78,2.42,0.67
5/31/2018,1300.099976,2705.27002,7442.120117,1633.609985,1.166725039,108.711998,15.43000031,4082,4241100000,2533360000,4241100000,250.792,1.7,148740,13905,3.8,125.67,0.76,2.4,0.65
6/1/2018,1294.800049,2734.620117,7554.330078,1647.97998,1.169317126,108.7490005,13.46000004,663,3694310000,2212330000,3694310000,251.018,1.82,148959,13930.4,4,103.97,0.8,2.47,0.68
6/2/2018,1294.800049,2734.620117,7554.330078,1647.97998,1.169317126,108.7490005,13.46000004,663,3694310000,2212330000,3694310000,251.018,1.82,148959,13930.4,4,103.97,0.8,2.47,0.68
6/3/2018,1294.800049,2734.620117,7554.330078,1647.97998,1.169317126,108.7490005,13.46000004,663,3694310000,2212330000,3694310000,251.018,1.82,148959,13930.4,4,103.97,0.8,2.47,0.68
6/4/2018,1293.099976,2746.870117,7606.459961,1653.369995,1.166861176,109.5979996,12.73999977,144,3410090000,2152170000,3410090000,251.018,1.82,148959,13930.4,4,103.97,0.82,2.52,0.72
6/5/2018,1297.5,2748.800049,7637.859863,1664.630005,1.170055985,109.9629974,12.39999962,357,3523550000,2063270000,3523550000,251.018,1.82,148959,13930.4,4,103.97,0.79,2.49,0.71
6/6/2018,1297.099976,2772.350098,7689.240234,1675.949951,1.172621608,109.8590012,11.64000034,373,3662780000,2198100000,3662780000,251.018,1.82,148959,13930.4,4,103.97,0.83,2.52,0.75
6/7/2018,1298.699951,2770.370117,7635.069824,1667.77002,1.178550363,110.125,12.13000011,79,3742080000,2339720000,3742080000,251.018,1.82,148959,13930.4,4,103.97,0.8,2.5,0.69
6/8/2018,1298.099976,2779.030029,7645.509766,1672.48999,1.179523468,109.6940002,12.18000031,650,3138850000,1949810000,3138850000,251.018,1.82,148959,13930.4,4,103.97,0.82,2.5,0.71
6/9/2018,1298.099976,2779.030029,7645.509766,1672.48999,1.179523468,109.6940002,12.18000031,650,3138850000,1949810000,3138850000,251.018,1.82,148959,13930.4,4,103.97,0.82,2.5,0.71
6/10/2018,1298.099976,2779.030029,7645.509766,1672.48999,1.179523468,109.6940002,12.18000031,650,3138850000,1949810000,3138850000,251.018,1.82,148959,13930.4,4,103.97,0.82,2.5,0.71
6/11/2018,1298.900024,2782,7659.930176,1674.680054,1.178397655,109.4430008,12.35000038,71,3262130000,1959360000,3262130000,251.018,1.82,148959,13930.4,4,103.97,0.83,2.52,0.72
6/12/2018,1295.099976,2786.850098,7703.790039,1682.300049,1.17741251,110.3860016,12.34000015,153,3435700000,2019890000,3435700000,251.018,1.82,148959,13930.4,4,103.97,0.83,2.54,0.74
6/13/2018,1296.900024,2775.629883,7695.700195,1676.540039,1.174825907,110.4520035,12.93999958,135,3820770000,2197830000,3820770000,251.018,1.82,148959,13930.4,4,103.97,0.86,2.59,0.76
6/14/2018,1304,2782.48999,7761.040039,1684.719971,1.180776954,110.2419968,12.11999989,42,3540930000,2193630000,3540930000,251.018,1.82,148959,13930.4,4,103.97,0.82,2.59,0.74
6/15/2018,1274.599976,2779.659912,7746.379883,1683.910034,1.156657696,110.6449966,11.97999954,589,5451990000,3049870000,5451990000,251.018,1.82,148959,13930.4,4,103.97,0.81,2.55,0.73
6/16/2018,1274.599976,2779.659912,7746.379883,1683.910034,1.156657696,110.6449966,11.97999954,589,5451990000,3049870000,5451990000,251.018,1.82,148959,13930.4,4,103.97,0.81,2.55,0.73
6/17/2018,1274.599976,2779.659912,7746.379883,1683.910034,1.156657696,110.6449966,11.97999954,589,5451990000,3049870000,5451990000,251.018,1.82,148959,13930.4,4,103.97,0.81,2.55,0.73
6/18/2018,1276.199951,2773.75,7747.029785,1692.459961,1.159595013,110.6169968,12.31000042,35,3316120000,2102660000,3316120000,251.018,1.82,148959,13930.4,4,103.97,0.8,2.56,0.72
6/19/2018,1275.599976,2762.590088,7725.589844,1693.449951,1.163074613,110.1380005,13.35000038,34,3671160000,2283340000,3671160000,251.018,1.82,148959,13930.4,4,103.97,0.77,2.54,0.7
6/20/2018,1271.199951,2767.320068,7781.509766,1706.98999,1.158856034,110.0709991,12.78999996,7,3332140000,2316420000,3332140000,251.018,1.82,148959,13930.4,4,103.97,0.81,2.56,0.74
6/21/2018,1267.199951,2749.76001,7712.950195,1688.949951,1.157903314,110.3519974,14.64000034,46,3336580000,2349640000,3336580000,251.018,1.82,148959,13930.4,4,103.97,0.79,2.56,0.72
6/22/2018,1267.400024,2754.879883,7692.819824,1685.579956,1.160577536,109.9520035,13.77000046,74,5468110000,3956300000,5468110000,251.018,1.82,148959,13930.4,4,103.97,0.78,2.56,0.7
6/23/2018,1267.400024,2754.879883,7692.819824,1685.579956,1.160577536,109.9520035,13.77000046,74,5468110000,3956300000,5468110000,251.018,1.82,148959,13930.4,4,103.97,0.78,2.56,0.7
6/24/2018,1267.400024,2754.879883,7692.819824,1685.579956,1.160577536,109.9520035,13.77000046,74,5468110000,3956300000,5468110000,251.018,1.82,148959,13930.4,4,103.97,0.78,2.56,0.7
6/25/2018,1265.599976,2717.070068,7532.009766,1657.51001,1.16613996,109.9369965,17.32999992,37,3663280000,2423190000,3663280000,251.018,1.82,148959,13930.4,4,103.97,0.77,2.54,0.69
6/26/2018,1256.599976,2723.060059,7561.629883,1668.530029,1.170274973,109.6429977,15.92000008,89,3568900000,2068870000,3568900000,251.018,1.82,148959,13930.4,4,103.97,0.76,2.53,0.68
6/27/2018,1252.800049,2699.629883,7445.080078,1640.449951,1.165025949,110.0970001,17.90999985,1162,3803990000,2319650000,3803990000,251.018,1.82,148959,13930.4,4,103.97,0.72,2.52,0.64
6/28/2018,1247.800049,2716.310059,7503.680176,1645.02002,1.156363487,110.2149963,16.85000038,378,3461100000,2208870000,3461100000,251.018,1.82,148959,13930.4,4,103.97,0.74,2.52,0.66
6/29/2018,1251.300049,2718.370117,7510.299805,1643.069946,1.156296611,110.4860001,16.09000015,48,3586800000,2208820000,3586800000,251.018,1.82,148959,13930.4,4,103.97,0.74,2.52,0.67
6/30/2018,1251.300049,2718.370117,7510.299805,1643.069946,1.156296611,110.4860001,16.09000015,48,3586800000,2208820000,3586800000,251.018,1.82,148959,13930.4,4,103.97,0.74,2.52,0.67
7/1/2018,1251.300049,2718.370117,7510.299805,1643.069946,1.156296611,110.4860001,16.09000015,48,3586800000,2208820000,3586800000,251.214,1.91,149020,13974.8,3.8,110.03,0.74,2.52,0.67
7/2/2018,1239.800049,2726.709961,7567.689941,1655.089966,1.167855859,110.7099991,15.60000038,29,3095040000,1777880000,3095040000,251.214,1.91,149020,13974.8,3.8,110.03,0.73,2.57,0.68
7/3/2018,1251.599976,2713.219971,7502.669922,1660.420044,1.164212108,110.8710022,16.13999939,36,1911460000,1171420000,1911460000,251.214,1.91,149020,13974.8,3.8,110.03,0.71,2.53,0.64
7/4/2018,1251.599976,2713.219971,7502.669922,1660.420044,1.165922403,110.4079971,16.13999939,36,1911460000,1171420000,1911460000,251.214,1.91,149020,13974.8,3.8,110.03,0.71,2.53,0.64
7/5/2018,1257.300049,2736.610107,7586.430176,1679.47998,1.166235089,110.5019989,14.97000027,9,2980160000,1754690000,2980160000,251.214,1.91,149020,13974.8,3.8,110.03,0.71,2.55,0.64
7/6/2018,1254.300049,2759.820068,7688.390137,1694.050049,1.169590592,110.5790024,13.36999989,7,2590250000,1718600000,2590250000,251.214,1.91,149020,13974.8,3.8,110.03,0.7,2.53,0.63
7/7/2018,1254.300049,2759.820068,7688.390137,1694.050049,1.169590592,110.5790024,13.36999989,7,2590250000,1718600000,2590250000,251.214,1.91,149020,13974.8,3.8,110.03,0.7,2.53,0.63
7/8/2018,1254.300049,2759.820068,7688.390137,1694.050049,1.169590592,110.5790024,13.36999989,7,2590250000,1718600000,2590250000,251.214,1.91,149020,13974.8,3.8,110.03,0.7,2.53,0.63
7/9/2018,1258.099976,2784.169922,7756.200195,1704.599976,1.175226212,110.4219971,12.68999958,37,3070060000,1844440000,3070060000,251.214,1.91,149020,13974.8,3.8,110.03,0.73,2.57,0.65
7/10/2018,1253.800049,2793.840088,7759.200195,1695.619995,1.175696015,110.9530029,12.64000034,65,3080140000,1735230000,3080140000,251.214,1.91,149020,13974.8,3.8,110.03,0.74,2.59,0.68
7/11/2018,1242.800049,2774.02002,7716.609863,1683.660034,1.17270422,110.8310013,13.63000011,30,2986180000,1768480000,2986180000,251.214,1.91,149020,13974.8,3.8,110.03,0.74,2.58,0.67
7/12/2018,1245,2798.290039,7823.919922,1690.280029,1.167678595,111.9580002,12.57999992,7,2834230000,1930830000,2834230000,251.214,1.91,149020,13974.8,3.8,110.03,0.75,2.6,0.69
7/13/2018,1239.599976,2801.310059,7825.97998,1687.079956,1.166588902,112.6650009,12.18000031,2,2619790000,1727500000,2619790000,251.214,1.91,149020,13974.8,3.8,110.03,0.72,2.59,0.66
7/14/2018,1239.599976,2801.310059,7825.97998,1687.079956,1.166588902,112.6650009,12.18000031,2,2619790000,1727500000,2619790000,251.214,1.91,149020,13974.8,3.8,110.03,0.72,2.59,0.66
7/15/2018,1239.599976,2801.310059,7825.97998,1687.079956,1.166588902,112.6650009,12.18000031,2,2619790000,1727500000,2619790000,251.214,1.91,149020,13974.8,3.8,110.03,0.72,2.59,0.66
7/16/2018,1238.099976,2798.429932,7805.720215,1678.540039,1.167910457,112.3990021,12.82999992,2,2819860000,1739360000,2819860000,251.214,1.91,149020,13974.8,3.8,110.03,0.75,2.59,0.7
7/17/2018,1225.699951,2809.550049,7855.120117,1687.26001,1.170946479,112.3740005,12.06000042,0,3064920000,1752210000,3064920000,251.214,1.91,149020,13974.8,3.8,110.03,0.77,2.62,0.73
7/18/2018,1226.300049,2815.620117,7854.439941,1691.869995,1.165324688,113.012001,12.10000038,67,3111560000,1881110000,3111560000,251.214,1.91,149020,13974.8,3.8,110.03,0.79,2.6,0.74
7/19/2018,1222.400024,2804.48999,7825.299805,1701.310059,1.16456461,112.7910004,12.86999989,33,3278360000,1886300000,3278360000,251.214,1.91,149020,13974.8,3.8,110.03,0.75,2.6,0.73
7/20/2018,1229.5,2801.830078,7820.200195,1696.810059,1.165514708,112.362999,12.85999966,0,3243250000,1796530000,3243250000,251.214,1.91,149020,13974.8,3.8,110.03,0.78,2.6,0.75
7/21/2018,1229.5,2801.830078,7820.200195,1696.810059,1.165514708,112.362999,12.85999966,0,3243250000,1796530000,3243250000,251.214,1.91,149020,13974.8,3.8,110.03,0.78,2.6,0.75
7/22/2018,1229.5,2801.830078,7820.200195,1696.810059,1.165514708,112.362999,12.85999966,0,3243250000,1796530000,3243250000,251.214,1.91,149020,13974.8,3.8,110.03,0.78,2.6,0.75
7/23/2018,1224,2806.97998,7841.870117,1698.410034,1.174191236,111.0530014,12.61999989,1,2928490000,1668270000,2928490000,251.214,1.91,149020,13974.8,3.8,110.03,0.85,2.64,0.82
7/24/2018,1223.900024,2820.399902,7840.77002,1680.199951,1.169412851,111.4599991,12.40999985,0,3430410000,2021890000,3430410000,251.214,1.91,149020,13974.8,3.8,110.03,0.84,2.63,0.83
7/25/2018,1231.400024,2846.070068,7932.240234,1685.199951,1.168551922,111.2409973,12.28999996,0,3584400000,1943820000,3584400000,251.214,1.91,149020,13974.8,3.8,110.03,0.81,2.66,0.81
7/26/2018,1225.300049,2837.439941,7852.180176,1695.359985,1.173750281,110.8450012,12.14000034,1,3667290000,2289370000,3667290000,251.214,1.91,149020,13974.8,3.8,110.03,0.87,2.69,0.86
7/27/2018,1222.599976,2818.820068,7737.419922,1663.339966,1.164293408,111.1460037,13.02999973,254428,3434370000,2193410000,3434370000,251.214,1.91,149020,13974.8,3.8,110.03,0.84,2.67,0.84
7/28/2018,1222.599976,2818.820068,7737.419922,1663.339966,1.164293408,111.1460037,13.02999973,254428,3434370000,2193410000,3434370000,251.214,1.91,149020,13974.8,3.8,110.03,0.84,2.67,0.84
7/29/2018,1222.599976,2818.820068,7737.419922,1663.339966,1.164293408,111.1460037,13.02999973,254428,3434370000,2193410000,3434370000,251.214,1.91,149020,13974.8,3.8,110.03,0.84,2.67,0.84
7/30/2018,1221.300049,2802.600098,7630,1653.130005,1.166044831,110.9339981,14.26000023,62239,3261190000,2154140000,3261190000,251.214,1.91,149020,13974.8,3.8,110.03,0.85,2.66,0.84
7/31/2018,1223.699951,2816.290039,7671.790039,1670.800049,1.170740843,110.9940033,12.82999992,2722,3906890000,2208610000,3906890000,251.214,1.91,149020,13974.8,3.8,110.03,0.84,2.67,0.85
8/1/2018,1217.900024,2813.360107,7707.290039,1669.26001,1.168961763,111.8079987,13.14999962,1026,3501350000,2228950000,3501350000,251.663,1.91,149279,14014,3.8,112.74,0.87,2.67,0.87
8/2/2018,1210.599976,2827.219971,7802.689941,1682.099976,1.166588902,111.6200027,12.18999958,411,3501380000,2115490000,3501380000,251.663,1.91,149279,14014,3.8,112.74,0.86,2.66,0.86
8/3/2018,1214.199951,2840.350098,7812.009766,1673.369995,1.158600807,111.6900024,11.64000034,784,3043690000,2035870000,3043690000,251.663,1.91,149279,14014,3.8,112.74,0.83,2.63,0.82
8/4/2018,1214.199951,2840.350098,7812.009766,1673.369995,1.158600807,111.6900024,11.64000034,784,3043690000,2035870000,3043690000,251.663,1.91,149279,14014,3.8,112.74,0.83,2.63,0.82
8/5/2018,1214.199951,2840.350098,7812.009766,1673.369995,1.158600807,111.6900024,11.64000034,784,3043690000,2035870000,3043690000,251.663,1.91,149279,14014,3.8,112.74,0.83,2.63,0.82
8/6/2018,1208.599976,2850.399902,7859.680176,1684.310059,1.156229734,111.2340012,11.27000046,297,2879020000,2245300000,2879020000,251.663,1.91,149279,14014,3.8,112.74,0.83,2.64,0.82
8/7/2018,1209.599976,2858.449951,7883.660156,1688.300049,1.155802131,111.3399963,10.93000031,715,3185440000,2206400000,3185440000,251.663,1.91,149279,14014,3.8,112.74,0.85,2.68,0.84
8/8/2018,1212.599976,2857.699951,7888.330078,1686.880005,1.160294652,111.3450012,10.85000038,209,2978070000,2098100000,2978070000,251.663,1.91,149279,14014,3.8,112.74,0.85,2.68,0.85
8/9/2018,1211.900024,2853.580078,7891.779785,1690.890015,1.161076069,110.8919983,11.27000046,44,3066180000,2048170000,3066180000,251.663,1.91,149279,14014,3.8,112.74,0.82,2.64,0.83
8/10/2018,1211.099976,2833.280029,7839.109863,1686.800049,1.152392387,111.0910034,13.15999985,75,3265590000,2107530000,3265590000,251.663,1.91,149279,14014,3.8,112.74,0.78,2.61,0.77
8/11/2018,1211.099976,2833.280029,7839.109863,1686.800049,1.152392387,111.0910034,13.15999985,75,3265590000,2107530000,3265590000,251.663,1.91,149279,14014,3.8,112.74,0.78,2.61,0.77
8/12/2018,1211.099976,2833.280029,7839.109863,1686.800049,1.152392387,111.0910034,13.15999985,75,3265590000,2107530000,3265590000,251.663,1.91,149279,14014,3.8,112.74,0.78,2.61,0.77
8/13/2018,1191.300049,2821.929932,7819.709961,1675.319946,1.139471292,110.6289978,14.77999973,78,3173630000,1934100000,3173630000,251.663,1.91,149279,14014,3.8,112.74,0.78,2.61,0.76
8/14/2018,1193,2839.959961,7870.890137,1692.579956,1.140250921,110.6610031,13.31000042,92,2986500000,1938840000,2986500000,251.663,1.91,149279,14014,3.8,112.74,0.8,2.63,0.78
8/15/2018,1177.5,2818.370117,7774.120117,1670.670044,1.134571552,111.2460022,14.64000034,71,3656680000,2294100000,3656680000,251.663,1.91,149279,14014,3.8,112.74,0.78,2.61,0.76
8/16/2018,1176.199951,2840.689941,7806.52002,1685.75,1.134429932,110.5759964,13.44999981,123,3232000000,1991410000,3232000000,251.663,1.91,149279,14014,3.8,112.74,0.79,2.63,0.78
8/17/2018,1176.5,2850.129883,7816.330078,1692.949951,1.137138963,111.0039978,12.64000034,66,3037640000,1850770000,3037640000,251.663,1.91,149279,14014,3.8,112.74,0.79,2.61,0.79
8/18/2018,1176.5,2850.129883,7816.330078,1692.949951,1.137138963,111.0039978,12.64000034,66,3037640000,1850770000,3037640000,251.663,1.91,149279,14014,3.8,112.74,0.79,2.61,0.79
8/19/2018,1176.5,2850.129883,7816.330078,1692.949951,1.137138963,111.0039978,12.64000034,66,3037640000,1850770000,3037640000,251.663,1.91,149279,14014,3.8,112.74,0.79,2.61,0.79
8/20/2018,1186.800049,2857.050049,7821.009766,1698.689941,1.143772125,110.4749985,12.48999977,68,2757150000,1709500000,2757150000,251.663,1.91,149279,14014,3.8,112.74,0.75,2.6,0.75
8/21/2018,1192.599976,2862.959961,7859.169922,1718.050049,1.149134636,109.947998,12.85999966,22,3174010000,1788860000,3174010000,251.663,1.91,149279,14014,3.8,112.74,0.77,2.61,0.76
8/22/2018,1196.300049,2861.820068,7889.100098,1722.540039,1.157675385,110.1340027,12.25,17,2701250000,1669240000,2701250000,251.663,1.91,149279,14014,3.8,112.74,0.74,2.6,0.74
8/23/2018,1187,2856.97998,7878.459961,1717.050049,1.158480048,110.5879974,12.40999985,95,2724450000,1888600000,2724450000,251.663,1.91,149279,14014,3.8,112.74,0.73,2.61,0.73
8/24/2018,1206.300049,2874.689941,7945.97998,1725.670044,1.154334545,111.3669968,11.98999977,12,2603010000,1892990000,2603010000,251.663,1.91,149279,14014,3.8,112.74,0.73,2.63,0.73
8/25/2018,1206.300049,2874.689941,7945.97998,1725.670044,1.154334545,111.3669968,11.98999977,12,2603010000,1892990000,2603010000,251.663,1.91,149279,14014,3.8,112.74,0.73,2.63,0.73
8/26/2018,1206.300049,2874.689941,7945.97998,1725.670044,1.154334545,111.3669968,11.98999977,12,2603010000,1892990000,2603010000,251.663,1.91,149279,14014,3.8,112.74,0.73,2.63,0.73
8/27/2018,1209,2896.73999,8017.899902,1728.410034,1.16489017,111.2819977,12.15999985,154,2865070000,2333790000,2865070000,251.663,1.91,149279,14014,3.8,112.74,0.74,2.67,0.74
8/28/2018,1207.400024,2897.52002,8030.040039,1728.420044,1.168360829,111.137001,12.5,136,2687770000,1980270000,2687770000,251.663,1.91,149279,14014,3.8,112.74,0.77,2.67,0.78
8/29/2018,1204.5,2914.040039,8109.689941,1734.75,1.169125676,111.1620026,12.25,817,2805520000,1909880000,2805520000,251.663,1.91,149279,14014,3.8,112.74,0.77,2.67,0.78
8/30/2018,1197.699951,2901.129883,8088.359863,1732.349976,1.170973897,111.711998,13.52999973,493,2810450000,2022720000,2810450000,251.663,1.91,149279,14014,3.8,112.74,0.76,2.64,0.76
8/31/2018,1200.300049,2901.52002,8109.540039,1740.75,1.166466355,110.9990005,12.85999966,191,2887220000,1906900000,2887220000,251.663,1.91,149279,14014,3.8,112.74,0.78,2.62,0.76
9/1/2018,1200.300049,2901.52002,8109.540039,1740.75,1.166466355,110.9990005,12.85999966,191,2887220000,1906900000,2887220000,252.182,1.95,149358,14017.8,3.7,75.05,0.78,2.62,0.76
9/2/2018,1200.300049,2901.52002,8109.540039,1740.75,1.166466355,110.9990005,12.85999966,191,2887220000,1906900000,2887220000,252.182,1.95,149358,14017.8,3.7,75.05,0.78,2.62,0.76
9/3/2018,1200.300049,2901.52002,8109.540039,1740.75,1.160106301,111.1439972,12.85999966,191,2887220000,1906900000,2887220000,252.182,1.95,149358,14017.8,3.7,75.05,0.78,2.62,0.76
9/4/2018,1192.699951,2896.719971,8091.25,1733.380005,1.161548138,111.0879974,13.15999985,26,3087420000,2238710000,3087420000,252.182,1.95,149358,14017.8,3.7,75.05,0.8,2.66,0.79
9/5/2018,1194.900024,2888.600098,7995.169922,1727.650024,1.158654571,111.4609985,13.90999985,21,3248780000,2602810000,3248780000,252.182,1.95,149358,14017.8,3.7,75.05,0.81,2.66,0.79
9/6/2018,1197.900024,2878.050049,7922.72998,1714.469971,1.16352129,111.4489975,14.64999962,7,3144240000,2375380000,3144240000,252.182,1.95,149358,14017.8,3.7,75.05,0.8,2.64,0.79
9/7/2018,1193.599976,2871.679932,7902.540039,1713.180054,1.162006974,110.4950027,14.88000011,29,2976580000,2158930000,2976580000,252.182,1.95,149358,14017.8,3.7,75.05,0.84,2.71,0.84
9/8/2018,1193.599976,2871.679932,7902.540039,1713.180054,1.162006974,110.4950027,14.88000011,29,2976580000,2158930000,2976580000,252.182,1.95,149358,14017.8,3.7,75.05,0.84,2.71,0.84
9/9/2018,1193.599976,2871.679932,7902.540039,1713.180054,1.162006974,110.4950027,14.88000011,29,2976580000,2158930000,2976580000,252.182,1.95,149358,14017.8,3.7,75.05,0.84,2.71,0.84
9/10/2018,1193,2877.129883,7924.160156,1717.469971,1.156109452,110.9199982,14.15999985,11,2751100000,2055430000,2751100000,252.182,1.95,149358,14017.8,3.7,75.05,0.84,2.73,0.85
9/11/2018,1195.400024,2887.889893,7972.470215,1718.400024,1.159595013,111.1480026,13.22000027,21,2904500000,2345080000,2904500000,252.182,1.95,149358,14017.8,3.7,75.05,0.86,2.76,0.86
9/12/2018,1204.699951,2888.919922,7954.22998,1715.699951,1.159608483,111.6070023,13.14000034,37,3341280000,2372320000,3341280000,252.182,1.95,149358,14017.8,3.7,75.05,0.85,2.74,0.85
9/13/2018,1202,2904.179932,8013.709961,1714.319946,1.162925959,111.2200012,12.36999989,22,3274090000,2332930000,3274090000,252.182,1.95,149358,14017.8,3.7,75.05,0.87,2.76,0.89
9/14/2018,1195,2904.97998,8010.040039,1721.719971,1.169180393,112.012001,12.06999969,1,3179410000,2069380000,3179410000,252.182,1.95,149358,14017.8,3.7,75.05,0.89,2.78,0.9
9/15/2018,1195,2904.97998,8010.040039,1721.719971,1.169180393,112.012001,12.06999969,1,3179410000,2069380000,3179410000,252.182,1.95,149358,14017.8,3.7,75.05,0.89,2.78,0.9
9/16/2018,1195,2904.97998,8010.040039,1721.719971,1.169180393,112.012001,12.06999969,1,3179410000,2069380000,3179410000,252.182,1.95,149358,14017.8,3.7,75.05,0.89,2.78,0.9
9/17/2018,1199.699951,2888.800049,7895.790039,1703.550049,1.162898898,111.9530029,13.68000031,0,2967980000,2303600000,2967980000,252.182,1.95,149358,14017.8,3.7,75.05,0.89,2.78,0.9
9/18/2018,1196.800049,2904.310059,7956.109863,1710.969971,1.166915655,111.6900024,12.78999996,2,3091190000,2328260000,3091190000,252.182,1.95,149358,14017.8,3.7,75.05,0.92,2.81,0.93
9/19/2018,1202.199951,2907.949951,7950.040039,1702.930054,1.167992353,112.2770004,11.75,0,3302460000,2167720000,3302460000,252.182,1.95,149358,14017.8,3.7,75.05,0.93,2.81,0.94
9/20/2018,1206.199951,2930.75,8028.22998,1720.180054,1.167460561,112.3170013,11.80000019,0,3406520000,2306580000,3406520000,252.182,1.95,149358,14017.8,3.7,75.05,0.92,2.81,0.94
9/21/2018,1196.199951,2929.669922,7986.959961,1712.319946,1.177592754,112.4950027,11.68000031,0,5652470000,3729890000,5652470000,252.182,1.95,149358,14017.8,3.7,75.05,0.92,2.81,0.93
9/22/2018,1196.199951,2929.669922,7986.959961,1712.319946,1.177592754,112.4950027,11.68000031,0,5652470000,3729890000,5652470000,252.182,1.95,149358,14017.8,3.7,75.05,0.92,2.81,0.93
9/23/2018,1196.199951,2929.669922,7986.959961,1712.319946,1.177592754,112.4950027,11.68000031,0,5652470000,3729890000,5652470000,252.182,1.95,149358,14017.8,3.7,75.05,0.92,2.81,0.93
9/24/2018,1199.300049,2919.370117,7993.25,1705.319946,1.175101995,112.5240021,12.19999981,0,3392030000,2433260000,3392030000,252.182,1.95,149358,14017.8,3.7,75.05,0.92,2.83,0.93
9/25/2018,1200,2915.560059,8007.470215,1708.810059,1.175295353,112.7860031,12.42000008,21,3330880000,2328660000,3330880000,252.182,1.95,149358,14017.8,3.7,75.05,0.94,2.83,0.94
9/26/2018,1194,2905.969971,7990.370117,1691.609985,1.176318407,112.9690018,12.89000034,17857,3417540000,2342370000,3417540000,252.182,1.95,149358,14017.8,3.7,75.05,0.92,2.83,0.92
9/27/2018,1182.300049,2914,8041.970215,1690.530029,1.174853444,112.7040024,12.40999985,4947,3101360000,2073930000,3101360000,252.182,1.95,149358,14017.8,3.7,75.05,0.91,2.83,0.92
9/28/2018,1191.5,2913.97998,8046.350098,1696.569946,1.163737893,113.3570023,12.11999989,404,3461680000,2342120000,3461680000,252.182,1.95,149358,14017.8,3.7,75.05,0.91,2.81,0.91
9/29/2018,1191.5,2913.97998,8046.350098,1696.569946,1.163737893,113.3570023,12.11999989,404,3461680000,2342120000,3461680000,252.182,1.95,149358,14017.8,3.7,75.05,0.91,2.81,0.91
9/30/2018,1191.5,2913.97998,8046.350098,1696.569946,1.163737893,113.3570023,12.11999989,404,3461680000,2342120000,3461680000,252.182,1.95,149358,14017.8,3.7,75.05,0.91,2.81,0.91
10/1/2018,1187.099976,2924.590088,8037.299805,1672.98999,1.160537124,113.7959976,12,180,3375890000,2299520000,3375890000,252.772,2.19,149526,14083.1,3.8,92.02,0.95,2.82,0.92
10/2/2018,1202.400024,2923.429932,7999.549805,1656.040039,1.157755733,113.9459991,12.05000019,451,3432620000,2416800000,3432620000,252.772,2.19,149526,14083.1,3.8,92.02,0.93,2.82,0.91
10/3/2018,1198.300049,2925.51001,8025.089844,1671.290039,1.155174613,113.5770035,11.60999966,76,3625510000,3095630000,3625510000,252.772,2.19,149526,14083.1,3.8,92.02,0.99,2.85,0.95
10/4/2018,1197.199951,2901.610107,7879.509766,1646.910034,1.147631288,114.4860001,14.22000027,496,3510370000,3302690000,3510370000,252.772,2.19,149526,14083.1,3.8,92.02,1.03,2.87,0.99
10/5/2018,1201.199951,2885.570068,7788.450195,1632.109985,1.151808381,113.8939972,14.81999969,34,3340820000,2699370000,3340820000,252.772,2.19,149526,14083.1,3.8,92.02,1.07,2.88,1.02
10/6/2018,1201.199951,2885.570068,7788.450195,1632.109985,1.151808381,113.8939972,14.81999969,34,3340820000,2699370000,3340820000,252.772,2.19,149526,14083.1,3.8,92.02,1.07,2.88,1.02
10/7/2018,1201.199951,2885.570068,7788.450195,1632.109985,1.151808381,113.8939972,14.81999969,34,3340820000,2699370000,3340820000,252.772,2.19,149526,14083.1,3.8,92.02,1.07,2.88,1.02
10/8/2018,1184.400024,2884.429932,7735.950195,1629.52002,1.152259588,113.7149963,15.68999958,250,3381820000,2259300000,3381820000,252.772,2.19,149526,14083.1,3.8,92.02,1.07,2.88,1.02
10/9/2018,1187.199951,2880.340088,7738.02002,1621.869995,1.149412036,113.0970001,15.94999981,9,3531690000,2466440000,3531690000,252.772,2.19,149526,14083.1,3.8,92.02,1.04,2.88,1
10/10/2018,1189.300049,2785.679932,7422.049805,1575.410034,1.150694966,112.9980011,22.95999908,1078,4554260000,3111680000,4554260000,252.772,2.19,149526,14083.1,3.8,92.02,1.06,2.88,1.01
10/11/2018,1223.5,2728.370117,7329.060059,1545.380005,1.153336048,112.0920029,24.97999954,126,4914090000,3154520000,4914090000,252.772,2.19,149526,14083.1,3.8,92.02,1.02,2.85,1.01
10/12/2018,1218.099976,2767.129883,7496.890137,1546.680054,1.159044027,112.0800018,21.30999947,122,4024010000,2674210000,4024010000,252.772,2.19,149526,14083.1,3.8,92.02,1.03,2.85,1.01
10/13/2018,1218.099976,2767.129883,7496.890137,1546.680054,1.159044027,112.0800018,21.30999947,122,4024010000,2674210000,4024010000,252.772,2.19,149526,14083.1,3.8,92.02,1.03,2.85,1.01
10/14/2018,1218.099976,2767.129883,7496.890137,1546.680054,1.159044027,112.0800018,21.30999947,122,4024010000,2674210000,4024010000,252.772,2.19,149526,14083.1,3.8,92.02,1.03,2.85,1.01
10/15/2018,1226.400024,2750.790039,7430.740234,1553.089966,1.155134559,112.1920013,21.29999924,136,3327160000,2167000000,3327160000,252.772,2.19,149526,14083.1,3.8,92.02,1.03,2.85,1.01
10/16/2018,1227.300049,2809.919922,7645.490234,1596.839966,1.158345819,111.8410034,17.62000084,426,3460260000,2639760000,3460260000,252.772,2.19,149526,14083.1,3.8,92.02,1.03,2.87,1.01
10/17/2018,1223.699951,2809.209961,7642.700195,1589.599976,1.157527924,112.3420029,17.39999962,1,3347090000,2385070000,3347090000,252.772,2.19,149526,14083.1,3.8,92.02,1.06,2.89,1.04
10/18/2018,1226.5,2768.780029,7485.140137,1560.75,1.150086284,112.6279984,20.05999947,165,3639300000,2567980000,3639300000,252.772,2.19,149526,14083.1,3.8,92.02,1.07,2.87,1.04
10/19/2018,1225.300049,2767.780029,7449.029785,1542.040039,1.146000385,112.1849976,19.88999939,55,3593940000,2547790000,3593940000,252.772,2.19,149526,14083.1,3.8,92.02,1.09,2.92,1.07
10/20/2018,1225.300049,2767.780029,7449.029785,1542.040039,1.146000385,112.1849976,19.88999939,55,3593940000,2547790000,3593940000,252.772,2.19,149526,14083.1,3.8,92.02,1.09,2.92,1.07
10/21/2018,1225.300049,2767.780029,7449.029785,1542.040039,1.146000385,112.1849976,19.88999939,55,3593940000,2547790000,3593940000,252.772,2.19,149526,14083.1,3.8,92.02,1.09,2.92,1.07
10/22/2018,1221.199951,2755.879883,7468.629883,1539.5,1.150946617,112.4800034,19.63999939,18,3331270000,2301010000,3331270000,252.772,2.19,149526,14083.1,3.8,92.02,1.09,2.92,1.07
10/23/2018,1233.400024,2740.689941,7437.540039,1526.589966,1.146789074,112.7570038,20.70999908,33,4373710000,2752010000,4373710000,252.772,2.19,149526,14083.1,3.8,92.02,1.08,2.89,1.07
10/24/2018,1227.800049,2656.100098,7108.399902,1468.699951,1.147315264,112.4440002,25.22999954,36,4738670000,2959560000,4738670000,252.772,2.19,149526,14083.1,3.8,92.02,1.03,2.84,1.01
10/25/2018,1229.099976,2705.570068,7318.339844,1500.400024,1.139925838,112.012001,24.21999931,7,4663930000,2788090000,4663930000,252.772,2.19,149526,14083.1,3.8,92.02,1.09,2.86,1.07
10/26/2018,1232.5,2658.689941,7167.209961,1483.819946,1.137785912,112.3499985,24.15999985,20,4804330000,2971530000,4804330000,252.772,2.19,149526,14083.1,3.8,92.02,1.02,2.81,0.98
10/27/2018,1232.5,2658.689941,7167.209961,1483.819946,1.137785912,112.3499985,24.15999985,20,4804330000,2971530000,4804330000,252.772,2.19,149526,14083.1,3.8,92.02,1.02,2.81,0.98
10/28/2018,1232.5,2658.689941,7167.209961,1483.819946,1.137785912,112.3499985,24.15999985,20,4804330000,2971530000,4804330000,252.772,2.19,149526,14083.1,3.8,92.02,1.02,2.81,0.98
10/29/2018,1224.5,2641.25,7050.290039,1477.310059,1.139873862,111.9079971,24.70000076,214,4701260000,2711900000,4701260000,252.772,2.19,149526,14083.1,3.8,92.02,1.02,2.81,0.99
10/30/2018,1222.599976,2682.629883,7161.649902,1506.640015,1.137617588,112.3239975,23.35000038,72,5125600000,2699220000,5125600000,252.772,2.19,149526,14083.1,3.8,92.02,1.07,2.84,1.03
10/31/2018,1212.300049,2711.73999,7305.899902,1511.410034,1.134635806,113.052002,21.22999954,121,5133380000,2918880000,5133380000,252.772,2.19,149526,14083.1,3.8,92.02,1.1,2.87,1.08
11/1/2018,1236,2740.370117,7434.060059,1544.97998,1.13166976,112.8509979,19.34000015,14,4730250000,2728760000,4730250000,252.594,2.2,149617,14162.9,3.8,80.41,1.12,2.84,1.08
11/2/2018,1230.900024,2723.060059,7356.990234,1547.97998,1.140328884,112.7149963,19.51000023,18,4261230000,2899670000,4261230000,252.594,2.2,149617,14162.9,3.8,80.41,1.16,2.91,1.13
11/3/2018,1230.900024,2723.060059,7356.990234,1547.97998,1.140328884,112.7149963,19.51000023,18,4261230000,2899670000,4261230000,252.594,2.2,149617,14162.9,3.8,80.41,1.16,2.91,1.13
11/4/2018,1230.900024,2723.060059,7356.990234,1547.97998,1.140328884,112.7149963,19.51000023,18,4261230000,2899670000,4261230000,252.594,2.2,149617,14162.9,3.8,80.41,1.16,2.91,1.13
11/5/2018,1229.800049,2738.310059,7328.850098,1547.51001,1.139757037,113.1389999,19.95999908,15,3650910000,2186310000,3650910000,252.594,2.2,149617,14162.9,3.8,80.41,1.14,2.91,1.12
11/6/2018,1223.800049,2755.449951,7375.959961,1556.099976,1.141291857,113.2460022,19.90999985,4,3543800000,2300920000,3543800000,252.594,2.2,149617,14162.9,3.8,80.41,1.15,2.93,1.13
11/7/2018,1226.199951,2813.889893,7570.75,1582.160034,1.143850684,113.362999,16.36000061,1,3929080000,2687410000,3929080000,252.594,2.2,149617,14162.9,3.8,80.41,1.15,2.96,1.14
11/8/2018,1222.900024,2806.830078,7530.879883,1578.209961,1.143405914,113.5469971,16.71999931,2,3673550000,2475160000,3673550000,252.594,2.2,149617,14162.9,3.8,80.41,1.17,2.98,1.17
11/9/2018,1206.400024,2781.01001,7406.899902,1549.48999,1.136841536,113.9530029,17.36000061,14,4029030000,2426750000,4029030000,252.594,2.2,149617,14162.9,3.8,80.41,1.15,2.94,1.15
11/10/2018,1206.400024,2781.01001,7406.899902,1549.48999,1.136841536,113.9530029,17.36000061,14,4029030000,2426750000,4029030000,252.594,2.2,149617,14162.9,3.8,80.41,1.15,2.94,1.15
11/11/2018,1206.400024,2781.01001,7406.899902,1549.48999,1.136841536,113.9530029,17.36000061,14,4029030000,2426750000,4029030000,252.594,2.2,149617,14162.9,3.8,80.41,1.15,2.94,1.15
11/12/2018,1201.300049,2726.219971,7200.870117,1518.790039,1.132502794,113.8460007,20.45000076,1,3701570000,2305340000,3701570000,252.594,2.2,149617,14162.9,3.8,80.41,1.15,2.94,1.15
11/13/2018,1199.199951,2722.179932,7200.870117,1514.800049,1.123342991,113.6959991,20.02000046,5,4112820000,2361240000,4112820000,252.594,2.2,149617,14162.9,3.8,80.41,1.12,2.89,1.11
11/14/2018,1207.900024,2701.580078,7136.390137,1502.51001,1.13111937,113.7890015,21.25,0,4449060000,2566210000,4449060000,252.594,2.2,149617,14162.9,3.8,80.41,1.12,2.86,1.1
11/15/2018,1212.800049,2730.199951,7259.029785,1524.119995,1.131183386,113.564003,19.97999954,0,4204960000,2523500000,4204960000,252.594,2.2,149617,14162.9,3.8,80.41,1.11,2.86,1.09
11/16/2018,1220.800049,2736.27002,7247.870117,1527.530029,1.13248992,113.5550003,18.13999939,5,3996970000,2466980000,3996970000,252.594,2.2,149617,14162.9,3.8,80.41,1.06,2.81,1.02
11/17/2018,1220.800049,2736.27002,7247.870117,1527.530029,1.13248992,113.5550003,18.13999939,5,3996970000,2466980000,3996970000,252.594,2.2,149617,14162.9,3.8,80.41,1.06,2.81,1.02
11/18/2018,1220.800049,2736.27002,7247.870117,1527.530029,1.13248992,113.5550003,18.13999939,5,3996970000,2466980000,3996970000,252.594,2.2,149617,14162.9,3.8,80.41,1.06,2.81,1.02
11/19/2018,1223.099976,2690.72998,7028.47998,1496.540039,1.141396165,112.7300034,20.10000038,0,3806940000,2381430000,3806940000,252.594,2.2,149617,14162.9,3.8,80.41,1.07,2.79,1.02
11/20/2018,1219,2641.889893,6908.819824,1469.01001,1.145501614,112.4430008,22.47999954,12,4370820000,2672250000,4370820000,252.594,2.2,149617,14162.9,3.8,80.41,1.09,2.79,1.06
11/21/2018,1225.800049,2649.929932,6972.25,1488.280029,1.137242436,112.7030029,20.79999924,0,3237400000,1867840000,3237400000,252.594,2.2,149617,14162.9,3.8,80.41,1.09,2.81,1.08
11/22/2018,1225.800049,2649.929932,6972.25,1488.280029,1.13883543,113.0210037,20.79999924,0,3237400000,1867840000,3237400000,252.594,2.2,149617,14162.9,3.8,80.41,1.09,2.81,1.08
11/23/2018,1221,2632.560059,6938.97998,1488.680054,1.14031589,112.9779968,21.52000046,1,1651680000,958950000,1651680000,252.594,2.2,149617,14162.9,3.8,80.41,1.09,2.81,1.11
11/24/2018,1221,2632.560059,6938.97998,1488.680054,1.14031589,112.9779968,21.52000046,1,1651680000,958950000,1651680000,252.594,2.2,149617,14162.9,3.8,80.41,1.09,2.81,1.11
11/25/2018,1221,2632.560059,6938.97998,1488.680054,1.14031589,112.9779968,21.52000046,1,1651680000,958950000,1651680000,252.594,2.2,149617,14162.9,3.8,80.41,1.09,2.81,1.11
11/26/2018,1220.199951,2673.449951,7081.850098,1505.959961,1.133735418,112.9189987,18.89999962,2,3523520000,2036910000,3523520000,252.594,2.2,149617,14162.9,3.8,80.41,1.11,2.84,1.12
11/27/2018,1211.199951,2682.169922,7082.700195,1492.859985,1.133337021,113.5039978,19.02000046,5,3494380000,2076790000,3494380000,252.594,2.2,149617,14162.9,3.8,80.41,1.15,2.83,1.16
11/28/2018,1221.400024,2743.790039,7291.589844,1530.380005,1.129879713,113.7669983,18.48999977,247168,3984540000,2413120000,3984540000,252.594,2.2,149617,14162.9,3.8,80.41,1.12,2.81,1.13
11/29/2018,1224.099976,2737.800049,7273.080078,1525.390015,1.136854529,113.5550003,18.79000092,55478,3599200000,2018190000,3599200000,252.594,2.2,149617,14162.9,3.8,80.41,1.05,2.81,1.06
11/30/2018,1220.199951,2760.169922,7330.540039,1533.27002,1.139276624,113.4110031,18.06999969,2060,4668310000,2547970000,4668310000,252.594,2.2,149617,14162.9,3.8,80.41,1.04,2.8,1.07
12/1/2018,1220.199951,2760.169922,7330.540039,1533.27002,1.139276624,113.4110031,18.06999969,2060,4668310000,2547970000,4668310000,252.767,2.27,149809,14051.6,3.9,90.61,1.04,2.8,1.07
12/2/2018,1220.199951,2760.169922,7330.540039,1533.27002,1.139276624,113.4110031,18.06999969,2060,4668310000,2547970000,4668310000,252.767,2.27,149809,14051.6,3.9,90.61,1.04,2.8,1.07
12/3/2018,1233.900024,2790.370117,7441.509766,1548.959961,1.134224057,113.7630005,16.44000053,751,4221580000,2643150000,4221580000,252.767,2.27,149809,14051.6,3.9,90.61,1.02,2.83,1.07
12/4/2018,1241.099976,2700.060059,7158.430176,1480.75,1.135486126,113.586998,20.73999977,474,4515710000,2655720000,4515710000,252.767,2.27,149809,14051.6,3.9,90.61,0.97,2.8,1.05
12/5/2018,1241.099976,2700.060059,7158.430176,1480.75,1.13428843,112.6989975,20.73999977,474,4515710000,2655720000,4515710000,252.767,2.27,149809,14051.6,3.9,90.61,0.97,2.8,1.05
12/6/2018,1238.099976,2695.949951,7188.259766,1477.410034,1.134906292,113.0510025,21.19000053,434,5180430000,2857650000,5180430000,252.767,2.27,149809,14051.6,3.9,90.61,0.97,2.75,1.06
12/7/2018,1246.800049,2633.080078,6969.25,1448.089966,1.137475252,112.689003,23.22999954,211,4242240000,2504680000,4242240000,252.767,2.27,149809,14051.6,3.9,90.61,0.96,2.72,1.02
12/8/2018,1246.800049,2633.080078,6969.25,1448.089966,1.137475252,112.689003,23.22999954,211,4242240000,2504680000,4242240000,252.767,2.27,149809,14051.6,3.9,90.61,0.96,2.72,1.02
12/9/2018,1246.800049,2633.080078,6969.25,1448.089966,1.137475252,112.689003,23.22999954,211,4242240000,2504680000,4242240000,252.767,2.27,149809,14051.6,3.9,90.61,0.96,2.72,1.02
12/10/2018,1243.699951,2637.719971,7020.52002,1443.099976,1.140094876,112.5019989,22.63999939,131,4162880000,2380270000,4162880000,252.767,2.27,149809,14051.6,3.9,90.61,0.99,2.72,1.06
12/11/2018,1241.900024,2636.780029,7031.830078,1440.130005,1.135653853,113.1809998,21.76000023,117,3963440000,2286810000,3963440000,252.767,2.27,149809,14051.6,3.9,90.61,1.06,2.78,1.13
12/12/2018,1244.400024,2651.070068,7098.310059,1455.319946,1.13231051,113.3840027,21.45999908,84,4029300000,2427080000,4029300000,252.767,2.27,149809,14051.6,3.9,90.61,1.08,2.77,1.15
12/13/2018,1242.699951,2650.540039,7070.330078,1432.699951,1.13734591,113.2850037,20.64999962,194,3978340000,2162210000,3978340000,252.767,2.27,149809,14051.6,3.9,90.61,1.08,2.75,1.13
12/14/2018,1237,2599.949951,6910.660156,1410.810059,1.136363626,113.5599976,21.62999916,33,4064370000,2218330000,4064370000,252.767,2.27,149809,14051.6,3.9,90.61,1.07,2.73,1.13
12/15/2018,1237,2599.949951,6910.660156,1410.810059,1.136363626,113.5599976,21.62999916,33,4064370000,2218330000,4064370000,252.767,2.27,149809,14051.6,3.9,90.61,1.07,2.73,1.13
12/16/2018,1237,2599.949951,6910.660156,1410.810059,1.136363626,113.5599976,21.62999916,33,4064370000,2218330000,4064370000,252.767,2.27,149809,14051.6,3.9,90.61,1.07,2.73,1.13
12/17/2018,1247.400024,2545.939941,6753.72998,1378.140015,1.130594969,113.3899994,24.52000046,10,4661420000,2697400000,4661420000,252.767,2.27,149809,14051.6,3.9,90.61,1.05,2.7,1.11
12/18/2018,1249.199951,2546.159912,6783.910156,1377.180054,1.13498354,112.8290024,25.57999992,31,4519190000,2623270000,4519190000,252.767,2.27,149809,14051.6,3.9,90.61,1.01,2.65,1.07
12/19/2018,1252.099976,2506.959961,6636.830078,1349.22998,1.137539983,112.5240021,25.57999992,268,5152830000,2919140000,5152830000,252.767,2.27,149809,14051.6,3.9,90.61,0.97,2.63,1.06
12/20/2018,1263.599976,2467.419922,6528.410156,1326,1.138952136,112.4100037,28.37999916,49,5619780000,3282440000,5619780000,252.767,2.27,149809,14051.6,3.9,90.61,1.03,2.67,1.12
12/21/2018,1253.800049,2416.620117,6332.990234,1292.089966,1.145685315,111.1709976,30.11000061,96,7657890000,4571670000,7657890000,252.767,2.27,149809,14051.6,3.9,90.61,1.02,2.63,1.09
12/22/2018,1253.800049,2416.620117,6332.990234,1292.089966,1.145685315,111.1709976,30.11000061,96,7657890000,4571670000,7657890000,252.767,2.27,149809,14051.6,3.9,90.61,1.02,2.63,1.09
12/23/2018,1253.800049,2416.620117,6332.990234,1292.089966,1.145685315,111.1709976,30.11000061,96,7657890000,4571670000,7657890000,252.767,2.27,149809,14051.6,3.9,90.61,1.02,2.63,1.09
12/24/2018,1267.5,2351.100098,6192.919922,1266.920044,1.137281179,111.0540009,36.06999969,27,2613670000,1647440000,2613670000,252.767,2.27,149809,14051.6,3.9,90.61,0.99,2.55,1.06
12/25/2018,1267.5,2351.100098,6192.919922,1266.920044,1.140393853,110.310997,36.06999969,27,2613670000,1647440000,2613670000,252.767,2.27,149809,14051.6,3.9,90.61,0.99,2.55,1.06
12/26/2018,1269.199951,2467.699951,6554.359863,1329.810059,1.141552567,110.4020004,30.40999985,63,4249740000,2572890000,4249740000,252.767,2.27,149809,14051.6,3.9,90.61,1.04,2.61,1.1
12/27/2018,1277.300049,2488.830078,6579.490234,1331.819946,1.136131287,111.2060013,29.95999908,480,4139010000,2449110000,4139010000,252.767,2.27,149809,14051.6,3.9,90.61,1.03,2.56,1.07
12/28/2018,1279.900024,2485.73999,6584.52002,1337.920044,1.143105388,110.8550034,28.34000015,805,3728440000,2216250000,3728440000,252.767,2.27,149809,14051.6,3.9,90.61,0.99,2.52,1.04
12/29/2018,1279.900024,2485.73999,6584.52002,1337.920044,1.143105388,110.8550034,28.34000015,805,3728440000,2216250000,3728440000,252.767,2.27,149809,14051.6,3.9,90.61,0.99,2.52,1.04
12/30/2018,1279.900024,2485.73999,6584.52002,1337.920044,1.143105388,110.8550034,28.34000015,805,3728440000,2216250000,3728440000,252.767,2.27,149809,14051.6,3.9,90.61,0.99,2.52,1.04
12/31/2018,1278.300049,2506.850098,6635.279785,1348.560059,1.14399457,110.3300018,25.42000008,19,3461920000,2109320000,3461920000,252.767,2.27,149809,14051.6,3.9,90.61,0.98,2.48,1
1/1/2019,1278.300049,2506.850098,6635.279785,1348.560059,1.149306417,109.6299973,25.42000008,19,3461920000,2109320000,3461920000,252.561,2.4,150059,14084.6,4,87.42,0.98,2.48,1
1/2/2019,1281,2510.030029,6665.939941,1355.910034,1.146171212,109.6679993,23.21999931,149,3733160000,2261800000,3733160000,252.561,2.4,150059,14084.6,4,87.42,0.96,2.5,1
1/3/2019,1291.800049,2447.889893,6463.5,1330.829956,1.131810665,107.4410019,25.45000076,10,3858830000,2631550000,3858830000,252.561,2.4,150059,14084.6,4,87.42,0.88,2.39,0.88
1/4/2019,1282.699951,2531.939941,6738.859863,1380.75,1.139107823,107.8079987,21.37999916,34,4234140000,2596150000,4234140000,252.561,2.4,150059,14084.6,4,87.42,0.91,2.5,0.91
1/5/2019,1282.699951,2531.939941,6738.859863,1380.75,1.139107823,107.8079987,21.37999916,34,4234140000,2596150000,4234140000,252.561,2.4,150059,14084.6,4,87.42,0.91,2.5,0.91
1/6/2019,1282.699951,2531.939941,6738.859863,1380.75,1.139107823,107.8079987,21.37999916,34,4234140000,2596150000,4234140000,252.561,2.4,150059,14084.6,4,87.42,0.91,2.5,0.91
1/7/2019,1286.800049,2549.689941,6823.470215,1405.369995,1.141044497,108.5220032,21.39999962,2,4133120000,2523450000,4133120000,252.561,2.4,150059,14084.6,4,87.42,0.92,2.53,0.92
1/8/2019,1283.199951,2574.409912,6897,1426.550049,1.147973776,108.6159973,20.46999931,54,4120060000,2407340000,4120060000,252.561,2.4,150059,14084.6,4,87.42,0.91,2.58,0.92
1/9/2019,1289.300049,2584.959961,6957.080078,1438.810059,1.145606637,108.776001,19.97999954,102,4088740000,2434500000,4088740000,252.561,2.4,150059,14084.6,4,87.42,0.91,2.56,0.89
1/10/2019,1284.699951,2596.639893,6986.069824,1445.430054,1.155494928,108.189003,19.5,0,3721300000,2190110000,3721300000,252.561,2.4,150059,14084.6,4,87.42,0.93,2.56,0.91
1/11/2019,1287.099976,2596.26001,6971.47998,1447.380005,1.151012897,108.2979965,18.19000053,11,3447460000,2074310000,3447460000,252.561,2.4,150059,14084.6,4,87.42,0.88,2.55,0.86
1/12/2019,1287.099976,2596.26001,6971.47998,1447.380005,1.151012897,108.2979965,18.19000053,11,3447460000,2074310000,3447460000,252.561,2.4,150059,14084.6,4,87.42,0.88,2.55,0.86
1/13/2019,1287.099976,2596.26001,6971.47998,1447.380005,1.151012897,108.2979965,18.19000053,11,3447460000,2074310000,3447460000,252.561,2.4,150059,14084.6,4,87.42,0.88,2.55,0.86
1/14/2019,1289.099976,2582.610107,6905.919922,1432.810059,1.146013618,108.4580002,19.06999969,7,3689370000,1960780000,3689370000,252.561,2.4,150059,14084.6,4,87.42,0.9,2.53,0.89
1/15/2019,1286.199951,2610.300049,7023.830078,1445.219971,1.147288918,108.25,18.60000038,3,3601180000,2066090000,3601180000,252.561,2.4,150059,14084.6,4,87.42,0.91,2.53,0.9
1/16/2019,1291.599976,2616.100098,7034.689941,1454.699951,1.141682863,108.6439972,19.04000092,2,3882180000,2163730000,3882180000,252.561,2.4,150059,14084.6,4,87.42,0.91,2.55,0.9
1/17/2019,1291,2635.959961,7084.459961,1467.25,1.139808893,109.0370026,18.05999947,10,3802410000,2149280000,3802410000,252.561,2.4,150059,14084.6,4,87.42,0.96,2.56,0.94
1/18/2019,1281.300049,2670.709961,7157.22998,1482.5,1.13926363,109.1529999,17.79999924,3,4009010000,2459920000,4009010000,252.561,2.4,150059,14084.6,4,87.42,0.96,2.62,0.95
1/19/2019,1281.300049,2670.709961,7157.22998,1482.5,1.13926363,109.1529999,17.79999924,3,4009010000,2459920000,4009010000,252.561,2.4,150059,14084.6,4,87.42,0.96,2.62,0.95
1/20/2019,1281.300049,2670.709961,7157.22998,1482.5,1.13926363,109.1529999,17.79999924,3,4009010000,2459920000,4009010000,252.561,2.4,150059,14084.6,4,87.42,0.96,2.62,0.95
1/21/2019,1281.300049,2670.709961,7157.22998,1482.5,1.13655746,109.6610031,17.79999924,3,4009010000,2459920000,4009010000,252.561,2.4,150059,14084.6,4,87.42,0.96,2.62,0.95
1/22/2019,1282.5,2632.899902,7020.359863,1457.449951,1.136932135,109.6699982,20.79999924,7,3923950000,2397660000,3923950000,252.561,2.4,150059,14084.6,4,87.42,0.95,2.58,0.94
1/23/2019,1283.099976,2638.699951,7025.77002,1454.26001,1.136402369,109.3550034,19.52000046,14,3358770000,2288090000,3358770000,252.561,2.4,150059,14084.6,4,87.42,0.96,2.58,0.95
1/24/2019,1279.099976,2642.330078,7073.459961,1464.410034,1.138822436,109.4919968,18.88999939,1,3449230000,2419110000,3449230000,252.561,2.4,150059,14084.6,4,87.42,0.95,2.56,0.93
1/25/2019,1297.400024,2664.76001,7164.859863,1482.849976,1.131349683,109.5970001,17.42000008,0,3821000000,2446550000,3821000000,252.561,2.4,150059,14084.6,4,87.42,0.97,2.6,0.95
1/26/2019,1297.400024,2664.76001,7164.859863,1482.849976,1.131349683,109.5970001,17.42000008,0,3821000000,2446550000,3821000000,252.561,2.4,150059,14084.6,4,87.42,0.97,2.6,0.95
1/27/2019,1297.400024,2664.76001,7164.859863,1482.849976,1.131349683,109.5970001,17.42000008,0,3821000000,2446550000,3821000000,252.561,2.4,150059,14084.6,4,87.42,0.97,2.6,0.95
1/28/2019,1302.400024,2643.850098,7085.680176,1473.540039,1.14130497,109.4000015,18.87000084,54,3630820000,2448790000,3630820000,252.561,2.4,150059,14084.6,4,87.42,0.97,2.6,0.96
1/29/2019,1308.199951,2640,7028.290039,1471.449951,1.143000841,109.2539978,19.12999916,213607,3518070000,2106370000,3518070000,252.561,2.4,150059,14084.6,4,87.42,0.94,2.56,0.93
1/30/2019,1309.900024,2681.050049,7183.080078,1486.939941,1.143536687,109.4169998,17.65999985,54958,3883270000,2569410000,3883270000,252.561,2.4,150059,14084.6,4,87.42,0.86,2.52,0.81
1/31/2019,1319.699951,2704.100098,7281.740234,1499.420044,1.148765087,108.9810028,16.56999969,1970,4953800000,2947490000,4953800000,252.561,2.4,150059,14084.6,4,87.42,0.78,2.45,0.73
2/1/2019,1316.900024,2706.530029,7263.870117,1502.050049,1.144950747,108.8440018,16.13999939,878,3782490000,2398800000,3782490000,253.319,2.4,150065,14117.4,3.8,96.8,0.82,2.52,0.79
2/2/2019,1316.900024,2706.530029,7263.870117,1502.050049,1.144950747,108.8440018,16.13999939,878,3782490000,2398800000,3782490000,253.319,2.4,150065,14117.4,3.8,96.8,0.82,2.52,0.79
2/3/2019,1316.900024,2706.530029,7263.870117,1502.050049,1.144950747,108.8440018,16.13999939,878,3782490000,2398800000,3782490000,253.319,2.4,150065,14117.4,3.8,96.8,0.82,2.52,0.79
2/4/2019,1314.300049,2724.870117,7347.540039,1517.540039,1.14552784,109.4380035,15.72999954,675,3369450000,2106030000,3369450000,253.319,2.4,150065,14117.4,3.8,96.8,0.86,2.53,0.81
2/5/2019,1314.199951,2737.699951,7402.080078,1520.22998,1.143628359,109.9609985,15.56999969,362,3597620000,2284960000,3597620000,253.319,2.4,150065,14117.4,3.8,96.8,0.84,2.53,0.79
2/6/2019,1309.5,2731.610107,7375.279785,1518.02002,1.140992522,109.9410019,15.38000011,358,3486590000,2179400000,3486590000,253.319,2.4,150065,14117.4,3.8,96.8,0.84,2.52,0.79
2/7/2019,1309.400024,2706.050049,7288.350098,1505.630005,1.136596084,109.973999,16.37000084,203,4114040000,2310700000,4114040000,253.319,2.4,150065,14117.4,3.8,96.8,0.81,2.48,0.77
2/8/2019,1313.699951,2707.879883,7298.200195,1506.390015,1.133876801,109.7559967,15.72000027,122,3649510000,2102520000,3649510000,253.319,2.4,150065,14117.4,3.8,96.8,0.81,2.45,0.75
2/9/2019,1313.699951,2707.879883,7298.200195,1506.390015,1.133876801,109.7559967,15.72000027,122,3649510000,2102520000,3649510000,253.319,2.4,150065,14117.4,3.8,96.8,0.81,2.45,0.75
2/10/2019,1313.699951,2707.879883,7298.200195,1506.390015,1.133876801,109.7559967,15.72000027,122,3649510000,2102520000,3649510000,253.319,2.4,150065,14117.4,3.8,96.8,0.81,2.45,0.75
2/11/2019,1307,2709.800049,7307.899902,1518.97998,1.132425904,109.8099976,15.97000027,119,3395330000,1908490000,3395330000,253.319,2.4,150065,14117.4,3.8,96.8,0.83,2.48,0.78
2/12/2019,1309.199951,2744.72998,7414.620117,1538.22998,1.127904296,110.4000015,15.43000031,109,3843020000,2140130000,3843020000,253.319,2.4,150065,14117.4,3.8,96.8,0.85,2.5,0.78
2/13/2019,1310.800049,2753.030029,7420.379883,1542.939941,1.133465528,110.5149994,15.64999962,143,3684910000,2103840000,3684910000,253.319,2.4,150065,14117.4,3.8,96.8,0.85,2.53,0.77
2/14/2019,1309.800049,2745.72998,7426.950195,1545.109985,1.12649405,110.9229965,16.21999931,858,3845390000,2117500000,3845390000,253.319,2.4,150065,14117.4,3.8,96.8,0.81,2.5,0.74
2/15/2019,1318.099976,2775.600098,7472.410156,1569.25,1.129535079,110.538002,14.90999985,190,3648680000,2263640000,3648680000,253.319,2.4,150065,14117.4,3.8,96.8,0.8,2.52,0.74
2/16/2019,1318.099976,2775.600098,7472.410156,1569.25,1.129535079,110.538002,14.90999985,190,3648680000,2263640000,3648680000,253.319,2.4,150065,14117.4,3.8,96.8,0.8,2.52,0.74
2/17/2019,1318.099976,2775.600098,7472.410156,1569.25,1.129535079,110.538002,14.90999985,190,3648680000,2263640000,3648680000,253.319,2.4,150065,14117.4,3.8,96.8,0.8,2.52,0.74
2/18/2019,1318.099976,2775.600098,7472.410156,1569.25,1.129803061,110.564003,14.90999985,190,3648680000,2263640000,3648680000,253.319,2.4,150065,14117.4,3.8,96.8,0.8,2.52,0.74
2/19/2019,1340.099976,2779.76001,7486.77002,1574.469971,1.131196141,110.5910034,14.88000011,390,3535270000,2124140000,3535270000,253.319,2.4,150065,14117.4,3.8,96.8,0.78,2.5,0.71
2/20/2019,1343.300049,2784.699951,7489.069824,1581.660034,1.134301186,110.5719986,14.02000046,581,3904830000,2202670000,3904830000,253.319,2.4,150065,14117.4,3.8,96.8,0.76,2.5,0.68
2/21/2019,1323.5,2774.879883,7459.709961,1575.550049,1.134635806,110.7649994,14.46000004,414,3598260000,2144680000,3598260000,253.319,2.4,150065,14117.4,3.8,96.8,0.78,2.53,0.71
2/22/2019,1329.199951,2792.669922,7527.540039,1590.060059,1.134301186,110.7080002,13.51000023,718,3429350000,2428560000,3429350000,253.319,2.4,150065,14117.4,3.8,96.8,0.74,2.48,0.65
2/23/2019,1329.199951,2792.669922,7527.540039,1590.060059,1.134301186,110.7080002,13.51000023,718,3429350000,2428560000,3429350000,253.319,2.4,150065,14117.4,3.8,96.8,0.74,2.48,0.65
2/24/2019,1329.199951,2792.669922,7527.540039,1590.060059,1.134301186,110.7080002,13.51000023,718,3429350000,2428560000,3429350000,253.319,2.4,150065,14117.4,3.8,96.8,0.74,2.48,0.65
2/25/2019,1325.900024,2796.110107,7554.459961,1588.810059,1.134224057,110.7720032,14.85000038,185,3860260000,2399410000,3860260000,253.319,2.4,150065,14117.4,3.8,96.8,0.75,2.51,0.66
2/26/2019,1325.099976,2793.899902,7549.299805,1577.47998,1.136751175,111.0459976,15.17000008,939,3676200000,2305760000,3676200000,253.319,2.4,150065,14117.4,3.8,96.8,0.72,2.48,0.63
2/27/2019,1317.699951,2792.379883,7554.509766,1581.050049,1.139315486,110.5559998,14.69999981,604,3771790000,2430790000,3771790000,253.319,2.4,150065,14117.4,3.8,96.8,0.76,2.5,0.65
2/28/2019,1312.800049,2784.48999,7532.529785,1575.550049,1.138018966,110.8619995,14.77999973,141,4445780000,2676790000,4445780000,253.319,2.4,150065,14117.4,3.8,96.8,0.78,2.52,0.68
3/1/2019,1296.400024,2803.689941,7595.350098,1589.640015,1.13734591,111.3570023,13.56999969,110,3994950000,2490920000,3994950000,254.277,2.41,150295,14248.6,3.8,82.33,0.8,2.55,0.71
3/2/2019,1296.400024,2803.689941,7595.350098,1589.640015,1.13734591,111.3570023,13.56999969,110,3994950000,2490920000,3994950000,254.277,2.41,150295,14248.6,3.8,82.33,0.8,2.55,0.71
3/3/2019,1296.400024,2803.689941,7595.350098,1589.640015,1.13734591,111.3570023,13.56999969,110,3994950000,2490920000,3994950000,254.277,2.41,150295,14248.6,3.8,82.33,0.8,2.55,0.71
3/4/2019,1284.800049,2792.810059,7577.569824,1575.439941,1.13759172,111.9380035,14.63000011,28,3949730000,2582090000,3949730000,254.277,2.41,150295,14248.6,3.8,82.33,0.78,2.55,0.69
3/5/2019,1282,2789.649902,7576.359863,1568.280029,1.133735418,111.7770004,14.73999977,114,3631380000,2166670000,3631380000,254.277,2.41,150295,14248.6,3.8,82.33,0.79,2.55,0.7
3/6/2019,1284.900024,2771.449951,7505.919922,1536.819946,1.130710125,111.8659973,15.73999977,14,3800180000,2256550000,3800180000,254.277,2.41,150295,14248.6,3.8,82.33,0.78,2.52,0.68
3/7/2019,1283.800049,2748.929932,7421.459961,1523.630005,1.131400943,111.6230011,16.59000015,11,3932150000,2462690000,3932150000,254.277,2.41,150295,14248.6,3.8,82.33,0.74,2.47,0.64
3/8/2019,1297,2743.070068,7408.140137,1521.880005,1.11983335,111.6340027,16.04999924,10,3424300000,2260950000,3424300000,254.277,2.41,150295,14248.6,3.8,82.33,0.72,2.45,0.62
3/9/2019,1297,2743.070068,7408.140137,1521.880005,1.11983335,111.6340027,16.04999924,10,3424300000,2260950000,3424300000,254.277,2.41,150295,14248.6,3.8,82.33,0.72,2.45,0.62
3/10/2019,1297,2743.070068,7408.140137,1521.880005,1.11983335,111.6340027,16.04999924,10,3424300000,2260950000,3424300000,254.277,2.41,150295,14248.6,3.8,82.33,0.72,2.45,0.62
3/11/2019,1288.800049,2783.300049,7558.060059,1548.880005,1.12324214,111.0800018,14.32999992,9,3764850000,2248460000,3764850000,254.277,2.41,150295,14248.6,3.8,82.33,0.73,2.47,0.62
3/12/2019,1296.300049,2791.52002,7591.029785,1549.829956,1.125923276,111.3420029,13.77000046,1,3432340000,2171620000,3432340000,254.277,2.41,150295,14248.6,3.8,82.33,0.71,2.45,0.6
3/13/2019,1307.5,2810.919922,7643.410156,1555.880005,1.128744602,111.3059998,13.40999985,0,3782250000,2379260000,3782250000,254.277,2.41,150295,14248.6,3.8,82.33,0.69,2.45,0.58
3/14/2019,1293.400024,2808.47998,7630.910156,1549.640015,1.133105993,111.1959991,13.5,1,3505670000,2198900000,3505670000,254.277,2.41,150295,14248.6,3.8,82.33,0.69,2.46,0.58
3/15/2019,1301.800049,2822.47998,7688.529785,1553.540039,1.130837917,111.7529984,12.88000011,26,5969780000,3451860000,5969780000,254.277,2.41,150295,14248.6,3.8,82.33,0.65,2.43,0.54
3/16/2019,1301.800049,2822.47998,7688.529785,1553.540039,1.130837917,111.7529984,12.88000011,26,5969780000,3451860000,5969780000,254.277,2.41,150295,14248.6,3.8,82.33,0.65,2.43,0.54
3/17/2019,1301.800049,2822.47998,7688.529785,1553.540039,1.130837917,111.7529984,12.88000011,26,5969780000,3451860000,5969780000,254.277,2.41,150295,14248.6,3.8,82.33,0.65,2.43,0.54
3/18/2019,1300.300049,2832.939941,7714.47998,1563.930054,1.131977201,111.560997,13.10000038,8,3620770000,2302140000,3620770000,254.277,2.41,150295,14248.6,3.8,82.33,0.64,2.45,0.54
3/19/2019,1305,2832.570068,7723.950195,1554.98999,1.133619785,111.3730011,13.56000042,20,3650740000,2457920000,3650740000,254.277,2.41,150295,14248.6,3.8,82.33,0.66,2.46,0.57
3/20/2019,1300.5,2824.22998,7728.970215,1543.160034,1.135486126,111.401001,13.90999985,2,3779160000,2464230000,3779160000,254.277,2.41,150295,14248.6,3.8,82.33,0.58,2.4,0.46
3/21/2019,1306.099976,2854.879883,7838.959961,1562.410034,1.142791867,110.6600037,13.63000011,0,3612620000,2502810000,3612620000,254.277,2.41,150295,14248.6,3.8,82.33,0.58,2.41,0.48
3/22/2019,1311.599976,2800.709961,7642.669922,1505.920044,1.137501121,110.8059998,16.47999954,0,4253730000,2504740000,4253730000,254.277,2.41,150295,14248.6,3.8,82.33,0.54,2.31,0.44
3/23/2019,1311.599976,2800.709961,7642.669922,1505.920044,1.137501121,110.8059998,16.47999954,0,4253730000,2504740000,4253730000,254.277,2.41,150295,14248.6,3.8,82.33,0.54,2.31,0.44
3/24/2019,1311.599976,2800.709961,7642.669922,1505.920044,1.137501121,110.8059998,16.47999954,0,4253730000,2504740000,4253730000,254.277,2.41,150295,14248.6,3.8,82.33,0.54,2.31,0.44
3/25/2019,1321.900024,2798.360107,7637.540039,1512.859985,1.129586101,110.0810013,16.32999992,19,3406110000,2162490000,3406110000,254.277,2.41,150295,14248.6,3.8,82.33,0.55,2.26,0.44
3/26/2019,1314.300049,2818.459961,7691.52002,1528.170044,1.131580114,110.0680008,14.68000031,1,3288570000,2080350000,3288570000,254.277,2.41,150295,14248.6,3.8,82.33,0.55,2.24,0.43
3/27/2019,1309.900024,2805.370117,7643.379883,1522.22998,1.127484679,110.5540009,15.14999962,206263,3422400000,2244070000,3422400000,254.277,2.41,150295,14248.6,3.8,82.33,0.55,2.22,0.44
3/28/2019,1289.800049,2815.439941,7669.169922,1535.099976,1.125175834,110.4899979,14.43000031,87798,3185460000,1922150000,3185460000,254.277,2.41,150295,14248.6,3.8,82.33,0.56,2.23,0.48
3/29/2019,1293,2834.399902,7729.319824,1539.73999,1.12300241,110.637001,13.71000004,1265,3752520000,2311790000,3752520000,254.277,2.41,150295,14248.6,3.8,82.33,0.53,2.27,0.45
3/30/2019,1293,2834.399902,7729.319824,1539.73999,1.12300241,110.637001,13.71000004,1265,3752520000,2311790000,3752520000,254.277,2.41,150295,14248.6,3.8,82.33,0.53,2.27,0.45
3/31/2019,1293,2834.399902,7729.319824,1539.73999,1.12300241,110.637001,13.71000004,1265,3752520000,2311790000,3752520000,254.277,2.41,150295,14248.6,3.8,82.33,0.53,2.27,0.45
4/1/2019,1288.400024,2867.189941,7828.910156,1556.060059,1.122384906,110.9950027,13.39999962,675,3560090000,2230050000,3560090000,255.233,2.42,150593,14290,3.7,79.25,0.59,2.33,0.49
4/2/2019,1290,2867.23999,7848.689941,1553.319946,1.120573759,111.4509964,13.35999966,525,3267210000,2123250000,3267210000,255.233,2.42,150593,14290,3.7,79.25,0.58,2.3,0.47
4/3/2019,1289.900024,2873.399902,7895.549805,1560.910034,1.120385408,111.3050003,13.73999977,172,3570000000,2509630000,3570000000,255.233,2.42,150593,14290,3.7,79.25,0.61,2.33,0.51
4/4/2019,1289,2879.389893,7891.779785,1567.48999,1.124694943,111.3949966,13.57999992,269,3038740000,2152640000,3038740000,255.233,2.42,150593,14290,3.7,79.25,0.61,2.33,0.51
4/5/2019,1290.400024,2892.73999,7938.689941,1582.560059,1.122586489,111.6579971,12.81999969,181,3155970000,2157050000,3155970000,255.233,2.42,150593,14290,3.7,79.25,0.6,2.35,0.52
4/6/2019,1290.400024,2892.73999,7938.689941,1582.560059,1.122586489,111.6579971,12.81999969,181,3155970000,2157050000,3155970000,255.233,2.42,150593,14290,3.7,79.25,0.6,2.35,0.52
4/7/2019,1290.400024,2892.73999,7938.689941,1582.560059,1.122586489,111.6579971,12.81999969,181,3155970000,2157050000,3155970000,255.233,2.42,150593,14290,3.7,79.25,0.6,2.35,0.52
4/8/2019,1297.099976,2895.77002,7953.879883,1579,1.121956706,111.7109985,13.18000031,63,3056460000,2075550000,3056460000,255.233,2.42,150593,14290,3.7,79.25,0.61,2.36,0.52
4/9/2019,1303.5,2878.199951,7909.279785,1559.680054,1.125644445,111.4560013,14.27999973,30,3032480000,2078800000,3032480000,255.233,2.42,150593,14290,3.7,79.25,0.6,2.35,0.51
4/10/2019,1309.099976,2888.209961,7964.240234,1581.550049,1.126697063,111.1050034,13.30000019,66,3092230000,2012290000,3092230000,255.233,2.42,150593,14290,3.7,79.25,0.54,2.31,0.45
4/11/2019,1288.599976,2888.320068,7947.359863,1579.140015,1.127650023,110.9850006,13.02000046,420,2970650000,1969480000,2970650000,255.233,2.42,150593,14290,3.7,79.25,0.57,2.35,0.49
4/12/2019,1290.599976,2907.409912,7984.160156,1584.800049,1.126075387,111.6210022,12.01000023,607,3726050000,1968900000,3726050000,255.233,2.42,150593,14290,3.7,79.25,0.61,2.4,0.52
4/13/2019,1290.599976,2907.409912,7984.160156,1584.800049,1.126075387,111.6210022,12.01000023,607,3726050000,1968900000,3726050000,255.233,2.42,150593,14290,3.7,79.25,0.61,2.4,0.52
4/14/2019,1290.599976,2907.409912,7984.160156,1584.800049,1.126075387,111.6210022,12.01000023,607,3726050000,1968900000,3726050000,255.233,2.42,150593,14290,3.7,79.25,0.61,2.4,0.52
4/15/2019,1286.800049,2905.580078,7976.009766,1579.170044,1.130505562,112.0279999,12.31999969,523,3114530000,1827710000,3114530000,255.233,2.42,150593,14290,3.7,79.25,0.61,2.4,0.52
4/16/2019,1272.599976,2907.060059,8000.22998,1582.790039,1.130492806,111.9430008,12.18000031,643,3403120000,2102740000,3403120000,255.233,2.42,150593,14290,3.7,79.25,0.64,2.41,0.55
4/17/2019,1272.199951,2900.449951,7996.080078,1567.599976,1.128502607,111.9929962,12.60000038,308,3648100000,2317330000,3648100000,255.233,2.42,150593,14290,3.7,79.25,0.65,2.4,0.56
4/18/2019,1271.900024,2905.030029,7998.060059,1565.75,1.129713774,112.0360031,12.09000015,27,3507100000,2124630000,3507100000,255.233,2.42,150593,14290,3.7,79.25,0.62,2.38,0.52
4/19/2019,1271.900024,2905.030029,7998.060059,1565.75,1.123595476,111.9889984,12.09000015,27,3507100000,2124630000,3507100000,255.233,2.42,150593,14290,3.7,79.25,0.62,2.38,0.52
4/20/2019,1271.900024,2905.030029,7998.060059,1565.75,1.123595476,111.9889984,12.09000015,27,3507100000,2124630000,3507100000,255.233,2.42,150593,14290,3.7,79.25,0.62,2.38,0.52
4/21/2019,1271.900024,2905.030029,7998.060059,1565.75,1.123595476,111.9889984,12.09000015,27,3507100000,2124630000,3507100000,255.233,2.42,150593,14290,3.7,79.25,0.62,2.38,0.52
4/22/2019,1273.5,2907.969971,8015.27002,1560.040039,1.124454618,111.9100037,12.42000008,147,3010130000,1790990000,3010130000,255.233,2.42,150593,14290,3.7,79.25,0.64,2.38,0.52
4/23/2019,1269.300049,2933.679932,8120.819824,1585.089966,1.125897884,111.9290009,12.27999973,206,3674480000,2099410000,3674480000,255.233,2.42,150593,14290,3.7,79.25,0.62,2.36,0.49
4/24/2019,1275.5,2927.25,8102.009766,1588.130005,1.122435212,111.8769989,13.14000034,518,3468480000,2043310000,3468480000,255.233,2.42,150593,14290,3.7,79.25,0.57,2.32,0.45
4/25/2019,1275.800049,2926.169922,8118.680176,1575.609985,1.115349412,112.1299973,13.25,95,3440010000,2073370000,3440010000,255.233,2.42,150593,14290,3.7,79.25,0.56,2.33,0.47
4/26/2019,1284.900024,2939.879883,8146.399902,1589.900024,1.113684893,111.5390015,12.72999954,804,3264390000,1982560000,3264390000,255.233,2.42,150593,14290,3.7,79.25,0.54,2.28,0.43
4/27/2019,1284.900024,2939.879883,8146.399902,1589.900024,1.113684893,111.5390015,12.72999954,804,3264390000,1982560000,3264390000,255.233,2.42,150593,14290,3.7,79.25,0.54,2.28,0.43
4/28/2019,1284.900024,2939.879883,8146.399902,1589.900024,1.113684893,111.5390015,12.72999954,804,3264390000,1982560000,3264390000,255.233,2.42,150593,14290,3.7,79.25,0.54,2.28,0.43
4/29/2019,1278.599976,2943.030029,8161.850098,1598.359985,1.115026116,111.5930023,13.10999966,568,3150390000,1781860000,3150390000,255.233,2.42,150593,14290,3.7,79.25,0.58,2.3,0.46
4/30/2019,1282.800049,2945.830078,8095.390137,1591.209961,1.118518233,111.677002,13.11999989,114,3939760000,2131850000,3939760000,255.233,2.42,150593,14290,3.7,79.25,0.56,2.27,0.43
5/1/2019,1281.400024,2923.72998,8049.640137,1576.380005,1.121604323,111.3949966,14.80000019,70,3669330000,2273540000,3669330000,255.296,2.39,150621,14353.3,3.6,106.47,0.59,2.31,0.48
5/2/2019,1269.699951,2917.52002,8036.77002,1582.650024,1.120084167,111.4520035,14.42000008,63,3802290000,2211530000,3802290000,255.296,2.39,150621,14353.3,3.6,106.47,0.66,2.35,0.56
5/3/2019,1279.199951,2945.639893,8164,1614.02002,1.117355943,111.4950027,12.86999989,15,3357180000,2081080000,3357180000,255.296,2.39,150621,14353.3,3.6,106.47,0.63,2.33,0.53
5/4/2019,1279.199951,2945.639893,8164,1614.02002,1.117355943,111.4950027,12.86999989,15,3357180000,2081080000,3357180000,255.296,2.39,150621,14353.3,3.6,106.47,0.63,2.33,0.53
5/5/2019,1279.199951,2945.639893,8164,1614.02002,1.117355943,111.4950027,12.86999989,15,3357180000,2081080000,3357180000,255.296,2.39,150621,14353.3,3.6,106.47,0.63,2.33,0.53
5/6/2019,1281.699951,2932.469971,8123.290039,1614.97998,1.118580818,110.6230011,15.43999958,12,3203260000,1979650000,3203260000,255.296,2.39,150621,14353.3,3.6,106.47,0.6,2.31,0.49
5/7/2019,1283.5,2884.050049,7963.759766,1582.310059,1.12018466,110.8050003,19.31999969,8,3793060000,2397600000,3793060000,255.296,2.39,150621,14353.3,3.6,106.47,0.58,2.28,0.49
5/8/2019,1279.400024,2879.419922,7943.319824,1574.969971,1.119106531,110.2570038,19.39999962,5,3543110000,2214680000,3543110000,255.296,2.39,150621,14353.3,3.6,106.47,0.62,2.3,0.53
5/9/2019,1283.5,2870.719971,7910.589844,1570.060059,1.11983335,110.0279999,19.10000038,38,3659050000,2549500000,3659050000,255.296,2.39,150621,14353.3,3.6,106.47,0.6,2.26,0.52
5/10/2019,1285.699951,2881.399902,7916.939941,1572.98999,1.122208476,109.8069992,16.04000092,6,3566780000,2421470000,3566780000,255.296,2.39,150621,14353.3,3.6,106.47,0.59,2.26,0.51
5/11/2019,1285.699951,2881.399902,7916.939941,1572.98999,1.122208476,109.8069992,16.04000092,6,3566780000,2421470000,3566780000,255.296,2.39,150621,14353.3,3.6,106.47,0.59,2.26,0.51
5/12/2019,1285.699951,2881.399902,7916.939941,1572.98999,1.122208476,109.8069992,16.04000092,6,3566780000,2421470000,3566780000,255.296,2.39,150621,14353.3,3.6,106.47,0.59,2.26,0.51
5/13/2019,1300.099976,2811.870117,7647.02002,1523,1.123646021,109.6539993,20.54999924,56,3900270000,2484820000,3900270000,255.296,2.39,150621,14353.3,3.6,106.47,0.55,2.18,0.45
5/14/2019,1294.699951,2834.409912,7734.490234,1543.060059,1.123254776,109.1539993,18.05999947,6,3354860000,2103140000,3354860000,255.296,2.39,150621,14353.3,3.6,106.47,0.56,2.2,0.45
5/15/2019,1296.300049,2850.959961,7822.149902,1548.27002,1.120448232,109.6709976,16.44000053,55,3140900000,2014080000,3140900000,255.296,2.39,150621,14353.3,3.6,106.47,0.54,2.16,0.41
5/16/2019,1285,2876.320068,7898.049805,1557.23999,1.12072444,109.4749985,15.28999996,3,3338470000,2168720000,3338470000,255.296,2.39,150621,14353.3,3.6,106.47,0.56,2.2,0.43
5/17/2019,1274.5,2859.530029,7816.279785,1535.76001,1.117355943,109.8710022,15.96000004,1,3316040000,2176380000,3316040000,255.296,2.39,150621,14353.3,3.6,106.47,0.58,2.2,0.46
5/18/2019,1274.5,2859.530029,7816.279785,1535.76001,1.117355943,109.8710022,15.96000004,1,3316040000,2176380000,3316040000,255.296,2.39,150621,14353.3,3.6,106.47,0.58,2.2,0.46
5/19/2019,1274.5,2859.530029,7816.279785,1535.76001,1.117355943,109.8710022,15.96000004,1,3316040000,2176380000,3316040000,255.296,2.39,150621,14353.3,3.6,106.47,0.58,2.2,0.46
5/20/2019,1276.099976,2840.22998,7702.379883,1524.959961,1.116532445,110.1600037,16.30999947,20,3293750000,2130700000,3293750000,255.296,2.39,150621,14353.3,3.6,106.47,0.6,2.21,0.5
5/21/2019,1272,2864.360107,7785.720215,1545.25,1.116856694,110.0699997,14.94999981,0,3223050000,2000130000,3223050000,255.296,2.39,150621,14353.3,3.6,106.47,0.6,2.26,0.51
5/22/2019,1273.599976,2856.27002,7750.839844,1531.630005,1.116856694,110.0699997,14.75,0,3194000000,1884660000,3194000000,255.296,2.39,150621,14353.3,3.6,106.47,0.6,2.23,0.51
5/23/2019,1284.800049,2822.23999,7628.279785,1501.380005,1.115548491,110.2210007,16.92000008,0,3899320000,2270530000,3899320000,255.296,2.39,150621,14353.3,3.6,106.47,0.58,2.12,0.49
5/24/2019,1283,2826.060059,7637.009766,1514.109985,1.118455648,109.5579987,15.85000038,9,2889230000,1685230000,2889230000,255.296,2.39,150621,14353.3,3.6,106.47,0.56,2.16,0.5
5/25/2019,1283,2826.060059,7637.009766,1514.109985,1.118455648,109.5579987,15.85000038,9,2889230000,1685230000,2889230000,255.296,2.39,150621,14353.3,3.6,106.47,0.56,2.16,0.5
5/26/2019,1283,2826.060059,7637.009766,1514.109985,1.118455648,109.5579987,15.85000038,9,2889230000,1685230000,2889230000,255.296,2.39,150621,14353.3,3.6,106.47,0.56,2.16,0.5
5/27/2019,1283,2826.060059,7637.009766,1514.109985,1.120963097,109.401001,15.85000038,9,2889230000,1685230000,2889230000,255.296,2.39,150621,14353.3,3.6,106.47,0.56,2.16,0.5
5/28/2019,1276.5,2802.389893,7607.350098,1504.02002,1.119382143,109.5090027,17.5,0,4146980000,2378470000,4146980000,255.296,2.39,150621,14353.3,3.6,106.47,0.53,2.12,0.48
5/29/2019,1280.599976,2783.02002,7547.310059,1489.949951,1.117068768,109.3460007,17.89999962,189694,3701110000,2282120000,3701110000,255.296,2.39,150621,14353.3,3.6,106.47,0.5,2.09,0.46
5/30/2019,1287.099976,2788.860107,7567.720215,1485.530029,1.113734603,109.5419998,17.29999924,55573,3276030000,1875180000,3276030000,255.296,2.39,150621,14353.3,3.6,106.47,0.48,2.06,0.44
5/31/2019,1305.800049,2752.060059,7453.149902,1465.48999,1.113114715,109.3570023,18.70999908,2814,3982670000,2239420000,3982670000,255.296,2.39,150621,14353.3,3.6,106.47,0.4,1.95,0.35
6/1/2019,1305.800049,2752.060059,7453.149902,1465.48999,1.113114715,109.3570023,18.70999908,2814,3982670000,2239420000,3982670000,255.213,2.38,150839,14408.7,3.6,106.59,0.4,1.95,0.35
6/2/2019,1305.800049,2752.060059,7453.149902,1465.48999,1.113114715,109.3570023,18.70999908,2814,3982670000,2239420000,3982670000,255.213,2.38,150839,14408.7,3.6,106.59,0.4,1.95,0.35
6/3/2019,1322.699951,2744.449951,7333.02002,1469.97998,1.117405772,108.211998,18.86000061,812,3952360000,2580670000,3952360000,255.213,2.38,150839,14408.7,3.6,106.59,0.34,1.82,0.27
6/4/2019,1323.400024,2803.27002,7527.120117,1508.560059,1.124631643,108.0270004,16.96999931,302,3814130000,2374130000,3814130000,255.213,2.38,150839,14408.7,3.6,106.59,0.38,1.88,0.3
6/5/2019,1328.300049,2826.149902,7575.47998,1506.790039,1.125403762,108.2539978,16.09000015,622,3570760000,2139290000,3570760000,255.213,2.38,150839,14408.7,3.6,106.59,0.37,1.83,0.27
6/6/2019,1337.599976,2843.48999,7615.549805,1499.290039,1.122901559,108.3280029,15.93000031,161,3445140000,2093470000,3445140000,255.213,2.38,150839,14408.7,3.6,106.59,0.39,1.88,0.3
6/7/2019,1341.199951,2873.340088,7742.100098,1514.390015,1.127650023,108.4540024,16.29999924,240,3244380000,2074120000,3244380000,255.213,2.38,150839,14408.7,3.6,106.59,0.35,1.85,0.24
6/8/2019,1341.199951,2873.340088,7742.100098,1514.390015,1.127650023,108.4540024,16.29999924,240,3244380000,2074120000,3244380000,255.213,2.38,150839,14408.7,3.6,106.59,0.35,1.85,0.24
6/9/2019,1341.199951,2873.340088,7742.100098,1514.390015,1.127650023,108.4540024,16.29999924,240,3244380000,2074120000,3244380000,255.213,2.38,150839,14408.7,3.6,106.59,0.35,1.85,0.24
6/10/2019,1324.699951,2886.72998,7823.169922,1523.560059,1.132015705,108.4489975,15.93999958,268,3209890000,2042340000,3209890000,255.213,2.38,150839,14408.7,3.6,106.59,0.42,1.9,0.31
6/11/2019,1326.400024,2885.719971,7822.569824,1519.109985,1.131810665,108.3590012,15.98999977,201,3551000000,2121150000,3551000000,255.213,2.38,150839,14408.7,3.6,106.59,0.43,1.93,0.35
6/12/2019,1331.900024,2879.840088,7792.720215,1519.790039,1.132951856,108.473999,15.90999985,139,3039870000,1978930000,3039870000,255.213,2.38,150839,14408.7,3.6,106.59,0.42,1.88,0.35
6/13/2019,1339.199951,2891.639893,7837.129883,1535.800049,1.12956059,108.487999,15.81999969,157,3100640000,1848360000,3100640000,255.213,2.38,150839,14408.7,3.6,106.59,0.42,1.83,0.33
6/14/2019,1340.099976,2886.97998,7796.660156,1522.5,1.128044367,108.3209991,15.27999973,914,2992810000,1808370000,2992810000,255.213,2.38,150839,14408.7,3.6,106.59,0.46,1.84,0.37
6/15/2019,1340.099976,2886.97998,7796.660156,1522.5,1.128044367,108.3209991,15.27999973,914,2992810000,1808370000,2992810000,255.213,2.38,150839,14408.7,3.6,106.59,0.46,1.84,0.37
6/16/2019,1340.099976,2886.97998,7796.660156,1522.5,1.128044367,108.3209991,15.27999973,914,2992810000,1808370000,2992810000,255.213,2.38,150839,14408.7,3.6,106.59,0.46,1.84,0.37
6/17/2019,1338.699951,2889.669922,7845.02002,1532.75,1.121705055,108.5759964,15.35000038,76,2828400000,1950550000,2828400000,255.213,2.38,150839,14408.7,3.6,106.59,0.48,1.86,0.4
6/18/2019,1346.599976,2917.75,7953.879883,1550.22998,1.122460365,108.5390015,15.14999962,29,3441540000,2250550000,3441540000,255.213,2.38,150839,14408.7,3.6,106.59,0.42,1.86,0.34
6/19/2019,1344.599976,2926.459961,7987.319824,1555.579956,1.119820833,108.572998,14.32999992,129,3300220000,2027520000,3300220000,255.213,2.38,150839,14408.7,3.6,106.59,0.36,1.74,0.24
6/20/2019,1392.900024,2954.179932,8051.339844,1563.48999,1.123848081,108.1149979,14.75,76,3943060000,2108250000,3943060000,255.213,2.38,150839,14408.7,3.6,106.59,0.27,1.72,0.16
6/21/2019,1396.199951,2950.459961,8031.709961,1549.630005,1.12956059,107.2770004,15.39999962,35,5003540000,2909540000,5003540000,255.213,2.38,150839,14408.7,3.6,106.59,0.34,1.77,0.2
6/22/2019,1396.199951,2950.459961,8031.709961,1549.630005,1.12956059,107.2770004,15.39999962,35,5003540000,2909540000,5003540000,255.213,2.38,150839,14408.7,3.6,106.59,0.34,1.77,0.2
6/23/2019,1396.199951,2950.459961,8031.709961,1549.630005,1.12956059,107.2770004,15.39999962,35,5003540000,2909540000,5003540000,255.213,2.38,150839,14408.7,3.6,106.59,0.34,1.77,0.2
6/24/2019,1414.300049,2945.350098,8005.700195,1530.079956,1.138472438,107.3119965,15.26000023,125,3136960000,2073470000,3136960000,255.213,2.38,150839,14408.7,3.6,106.59,0.31,1.72,0.18
6/25/2019,1414.900024,2917.379883,7884.720215,1521.040039,1.140029788,107.3270035,16.28000069,105,3579430000,2132550000,3579430000,255.213,2.38,150839,14408.7,3.6,106.59,0.33,1.71,0.21
6/26/2019,1411.599976,2913.780029,7909.970215,1521.890015,1.136996746,107.1660004,16.20999908,1333,3511350000,2122730000,3511350000,255.213,2.38,150839,14408.7,3.6,106.59,0.35,1.77,0.24
6/27/2019,1408.400024,2924.919922,7967.759766,1546.550049,1.137475252,107.737999,15.81999969,437,3162500000,2083920000,3162500000,255.213,2.38,150839,14408.7,3.6,106.59,0.33,1.74,0.23
6/28/2019,1409.699951,2941.76001,8006.240234,1566.569946,1.137294173,107.7470016,15.07999992,356,5422650000,4101490000,5422650000,255.213,2.38,150839,14408.7,3.6,106.59,0.31,1.75,0.23
6/29/2019,1409.699951,2941.76001,8006.240234,1566.569946,1.137294173,107.7470016,15.07999992,356,5422650000,4101490000,5422650000,255.213,2.38,150839,14408.7,3.6,106.59,0.31,1.75,0.23
6/30/2019,1409.699951,2941.76001,8006.240234,1566.569946,1.137294173,107.7470016,15.07999992,356,5422650000,4101490000,5422650000,255.213,2.38,150839,14408.7,3.6,106.59,0.31,1.75,0.23
7/1/2019,1385.599976,2964.330078,8091.160156,1566.569946,1.136492848,108.3820038,14.06000042,214,3524860000,2219030000,3524860000,255.802,2.4,150936,14496,3.7,93.52,0.34,1.78,0.26
7/2/2019,1404.599976,2973.01001,8109.089844,1560.540039,1.128744602,108.3659973,12.93000031,38,3224490000,1956590000,3224490000,255.802,2.4,150936,14496,3.7,93.52,0.33,1.77,0.25
7/3/2019,1417.699951,2995.820068,8170.22998,1572.119995,1.129305482,107.8050003,12.56999969,46,1963570000,1548240000,1963570000,255.802,2.4,150936,14496,3.7,93.52,0.31,1.77,0.23
7/4/2019,1417.699951,2995.820068,8170.22998,1572.119995,1.128795505,107.7789993,12.56999969,46,1963570000,1548240000,1963570000,255.802,2.4,150936,14496,3.7,93.52,0.31,1.77,0.23
7/5/2019,1396.699951,2990.409912,8161.790039,1575.619995,1.128579021,107.8079987,13.27999973,20,2434680000,1690700000,2434680000,255.802,2.4,150936,14496,3.7,93.52,0.35,1.87,0.29
7/6/2019,1396.699951,2990.409912,8161.790039,1575.619995,1.128579021,107.8079987,13.27999973,20,2434680000,1690700000,2434680000,255.802,2.4,150936,14496,3.7,93.52,0.35,1.87,0.29
7/7/2019,1396.699951,2990.409912,8161.790039,1575.619995,1.128579021,107.8079987,13.27999973,20,2434680000,1690700000,2434680000,255.802,2.4,150936,14496,3.7,93.52,0.35,1.87,0.29
7/8/2019,1397,2975.949951,8098.379883,1561.390015,1.122737646,108.473999,13.96000004,14,2922360000,1957160000,2922360000,255.802,2.4,150936,14496,3.7,93.52,0.35,1.88,0.31
7/9/2019,1397.5,2979.629883,8141.72998,1562.589966,1.121604323,108.7210007,14.09000015,53,3033330000,1871430000,3033330000,255.802,2.4,150936,14496,3.7,93.52,0.36,1.92,0.32
7/10/2019,1410.099976,2993.070068,8202.530273,1565.050049,1.120824933,108.9240036,13.02999973,50,3157800000,2066640000,3157800000,255.802,2.4,150936,14496,3.7,93.52,0.33,1.82,0.23
7/11/2019,1404.300049,2999.909912,8196.040039,1557.920044,1.125885248,108.3339996,12.93000031,6,3155710000,1970690000,3155710000,255.802,2.4,150936,14496,3.7,93.52,0.36,1.85,0.25
7/12/2019,1409.900024,3013.77002,8244.139648,1570,1.125239134,108.5879974,12.39000034,8,2984140000,1835960000,2984140000,255.802,2.4,150936,14496,3.7,93.52,0.35,1.84,0.24
7/13/2019,1409.900024,3013.77002,8244.139648,1570,1.125239134,108.5879974,12.39000034,8,2984140000,1835960000,2984140000,255.802,2.4,150936,14496,3.7,93.52,0.35,1.84,0.24
7/14/2019,1409.900024,3013.77002,8244.139648,1570,1.125239134,108.5879974,12.39000034,8,2984140000,1835960000,2984140000,255.802,2.4,150936,14496,3.7,93.52,0.35,1.84,0.24
7/15/2019,1411.400024,3014.300049,8258.19043,1561.819946,1.127205133,107.8320007,12.68000031,25,2876100000,1790770000,2876100000,255.802,2.4,150936,14496,3.7,93.52,0.32,1.83,0.23
7/16/2019,1409.199951,3004.040039,8222.799805,1562,1.126176834,107.8889999,12.85999966,13,3297030000,1947010000,3297030000,255.802,2.4,150936,14496,3.7,93.52,0.33,1.87,0.25
7/17/2019,1421.300049,2984.419922,8185.209961,1550.780029,1.121227145,108.2009964,13.97000027,6,3185650000,1887120000,3185650000,255.802,2.4,150936,14496,3.7,93.52,0.31,1.83,0.23
7/18/2019,1426.099976,2995.110107,8207.240234,1555.619995,1.122964621,107.9369965,13.52999973,66,3369820000,2063790000,3369820000,255.802,2.4,150936,14496,3.7,93.52,0.25,1.77,0.18
7/19/2019,1425.099976,2976.610107,8146.490234,1547.900024,1.126151562,107.401001,14.44999981,22,3285890000,1893050000,3285890000,255.802,2.4,150936,14496,3.7,93.52,0.25,1.8,0.2
7/20/2019,1425.099976,2976.610107,8146.490234,1547.900024,1.126151562,107.401001,14.44999981,22,3285890000,1893050000,3285890000,255.802,2.4,150936,14496,3.7,93.52,0.25,1.8,0.2
7/21/2019,1425.099976,2976.610107,8146.490234,1547.900024,1.126151562,107.401001,14.44999981,22,3285890000,1893050000,3285890000,255.802,2.4,150936,14496,3.7,93.52,0.25,1.8,0.2
7/22/2019,1425.300049,2985.030029,8204.139648,1544.780029,1.121830821,107.8099976,13.52999973,1,3016200000,1860440000,3016200000,255.802,2.4,150936,14496,3.7,93.52,0.26,1.8,0.21
7/23/2019,1420.099976,3005.469971,8251.400391,1554.959961,1.120611429,107.9039993,12.60999966,5,3333810000,1845050000,3333810000,255.802,2.4,150936,14496,3.7,93.52,0.27,1.83,0.22
7/24/2019,1422.800049,3019.560059,8321.5,1580.420044,1.115125537,108.2320023,12.06999969,20,3433220000,1953670000,3433220000,255.802,2.4,150936,14496,3.7,93.52,0.26,1.83,0.23
7/25/2019,1413.900024,3003.669922,8238.540039,1561.449951,1.114243388,108.189003,12.73999977,4,3657050000,2058090000,3657050000,255.802,2.4,150936,14496,3.7,93.52,0.28,1.86,0.25
7/26/2019,1418.5,3025.860107,8330.209961,1578.969971,1.114615917,108.6660004,12.15999985,5,3260170000,1975110000,3260170000,255.802,2.4,150936,14496,3.7,93.52,0.3,1.86,0.28
7/27/2019,1418.5,3025.860107,8330.209961,1578.969971,1.114615917,108.6660004,12.15999985,5,3260170000,1975110000,3260170000,255.802,2.4,150936,14496,3.7,93.52,0.3,1.86,0.28
7/28/2019,1418.5,3025.860107,8330.209961,1578.969971,1.114615917,108.6660004,12.15999985,5,3260170000,1975110000,3260170000,255.802,2.4,150936,14496,3.7,93.52,0.3,1.86,0.28
7/29/2019,1419.599976,3020.969971,8293.330078,1569.030029,1.113213897,108.6330032,12.82999992,224267,3224490000,1882980000,3224490000,255.802,2.4,150936,14496,3.7,93.52,0.29,1.85,0.27
7/30/2019,1429.699951,3013.179932,8273.610352,1585.599976,1.114305496,108.8659973,13.93999958,73874,3632770000,1893610000,3632770000,255.802,2.4,150936,14496,3.7,93.52,0.28,1.85,0.26
7/31/2019,1426.099976,2980.379883,8175.419922,1574.609985,1.1157974,108.5619965,16.12000084,3294,4626330000,2679230000,4626330000,255.802,2.4,150936,14496,3.7,93.52,0.26,1.89,0.28
8/1/2019,1420.900024,2953.560059,8111.120117,1550.76001,1.107174516,108.8199997,17.87000084,2431,4793810000,2815420000,4793810000,256.036,2.13,151171,14558.2,3.6,103.4,0.2,1.73,0.21
8/2/2019,1445.599976,2932.050049,8004.069824,1533.660034,1.107885957,107.4309998,17.61000061,1873,3882810000,2262550000,3882810000,256.036,2.13,151171,14558.2,3.6,103.4,0.2,1.72,0.21
8/3/2019,1445.599976,2932.050049,8004.069824,1533.660034,1.107885957,107.4309998,17.61000061,1873,3882810000,2262550000,3882810000,256.036,2.13,151171,14558.2,3.6,103.4,0.2,1.72,0.21
8/4/2019,1445.599976,2932.050049,8004.069824,1533.660034,1.107885957,107.4309998,17.61000061,1873,3882810000,2262550000,3882810000,256.036,2.13,151171,14558.2,3.6,103.4,0.2,1.72,0.21
8/5/2019,1464.599976,2844.73999,7726.040039,1487.410034,1.110802531,106.5770035,24.59000015,1008,4542850000,2661780000,4542850000,256.036,2.13,151171,14558.2,3.6,103.4,0.15,1.59,0.16
8/6/2019,1472.400024,2881.77002,7833.27002,1502.089966,1.1243788,105.5930023,20.17000008,460,4156640000,2217620000,4156640000,256.036,2.13,151171,14558.2,3.6,103.4,0.11,1.6,0.13
8/7/2019,1507.300049,2883.97998,7862.830078,1500.689941,1.120699286,106.336998,19.48999977,824,4512720000,2470170000,4512720000,256.036,2.13,151171,14558.2,3.6,103.4,0.09,1.59,0.14
8/8/2019,1497.699951,2938.090088,8039.160156,1532.130005,1.120435596,106.1210022,16.90999985,367,4118530000,2442950000,4118530000,256.036,2.13,151171,14558.2,3.6,103.4,0.07,1.62,0.11
8/9/2019,1496.599976,2918.649902,7959.140137,1513.040039,1.118718386,105.8740005,17.96999931,74,3356850000,2221180000,3356850000,256.036,2.13,151171,14558.2,3.6,103.4,0.08,1.63,0.13
8/10/2019,1496.599976,2918.649902,7959.140137,1513.040039,1.118718386,105.8740005,17.96999931,74,3356850000,2221180000,3356850000,256.036,2.13,151171,14558.2,3.6,103.4,0.08,1.63,0.13
8/11/2019,1496.599976,2918.649902,7959.140137,1513.040039,1.118718386,105.8740005,17.96999931,74,3356850000,2221180000,3356850000,256.036,2.13,151171,14558.2,3.6,103.4,0.08,1.63,0.13
8/12/2019,1505.300049,2882.699951,7863.410156,1495.900024,1.120849967,105.3820038,21.09000015,257,3328570000,2068920000,3328570000,256.036,2.13,151171,14558.2,3.6,103.4,0.04,1.58,0.1
8/13/2019,1502.199951,2926.320068,8016.359863,1510.579956,1.121830821,105.3580017,17.52000046,672,3857190000,2353570000,3857190000,256.036,2.13,151171,14558.2,3.6,103.4,0.05,1.66,0.13
8/14/2019,1515.900024,2840.600098,7773.939941,1467.52002,1.117705584,106.5899963,22.10000038,328,4325150000,2543670000,4325150000,256.036,2.13,151171,14558.2,3.6,103.4,0.02,1.58,0.15
8/15/2019,1519.599976,2847.600098,7766.620117,1461.650024,1.114330292,105.9160004,21.18000031,87,4041720000,2190810000,4041720000,256.036,2.13,151171,14558.2,3.6,103.4,-0.02,1.48,0.08
8/16/2019,1512.5,2888.679932,7895.990234,1493.640015,1.111358047,106.0830002,18.46999931,1815,3524080000,2018710000,3524080000,256.036,2.13,151171,14558.2,3.6,103.4,0.01,1.48,0.08
8/17/2019,1512.5,2888.679932,7895.990234,1493.640015,1.111358047,106.0830002,18.46999931,1815,3524080000,2018710000,3524080000,256.036,2.13,151171,14558.2,3.6,103.4,0.01,1.48,0.08
8/18/2019,1512.5,2888.679932,7895.990234,1493.640015,1.111358047,106.0830002,18.46999931,1815,3524080000,2018710000,3524080000,256.036,2.13,151171,14558.2,3.6,103.4,0.01,1.48,0.08
8/19/2019,1500.400024,2923.649902,8002.810059,1508.849976,1.109385371,106.4300003,16.87999916,205,3221050000,1946440000,3221050000,256.036,2.13,151171,14558.2,3.6,103.4,0.04,1.53,0.11
8/20/2019,1504.599976,2900.51001,7948.560059,1498.01001,1.108315706,106.5739975,17.5,486,3067710000,1750730000,3067710000,256.036,2.13,151171,14558.2,3.6,103.4,0.02,1.5,0.08
8/21/2019,1504.599976,2924.429932,8020.209961,1509.849976,1.109779358,106.2740021,15.80000019,350,3016540000,1721410000,3016540000,256.036,2.13,151171,14558.2,3.6,103.4,0.05,1.56,0.13
8/22/2019,1497.300049,2922.949951,7991.390137,1506,1.109077811,106.5970001,16.68000031,686,2893660000,1780760000,2893660000,256.036,2.13,151171,14558.2,3.6,103.4,0.07,1.61,0.15
8/23/2019,1526.599976,2847.110107,7751.77002,1459.48999,1.108401656,106.4680023,19.87000084,983,3942520000,2214370000,3942520000,256.036,2.13,151171,14558.2,3.6,103.4,-0.02,1.51,0.05
8/24/2019,1526.599976,2847.110107,7751.77002,1459.48999,1.108401656,106.4680023,19.87000084,983,3942520000,2214370000,3942520000,256.036,2.13,151171,14558.2,3.6,103.4,-0.02,1.51,0.05
8/25/2019,1526.599976,2847.110107,7751.77002,1459.48999,1.108401656,106.4680023,19.87000084,983,3942520000,2214370000,3942520000,256.036,2.13,151171,14558.2,3.6,103.4,-0.02,1.51,0.05
8/26/2019,1526.300049,2878.379883,7853.740234,1476,1.114305496,104.8519974,19.31999969,334,2859790000,1691990000,2859790000,256.036,2.13,151171,14558.2,3.6,103.4,0,1.54,0.09
8/27/2019,1541,2869.159912,7826.950195,1456.040039,1.110370874,105.9779968,20.30999947,166,3537490000,1914930000,3537490000,256.036,2.13,151171,14558.2,3.6,103.4,-0.06,1.53,0.04
8/28/2019,1537.800049,2887.939941,7856.879883,1472.709961,1.109004021,105.737999,19.35000038,2756,3102480000,1663450000,3102480000,256.036,2.13,151171,14558.2,3.6,103.4,-0.08,1.5,0.01
8/29/2019,1526.5,2924.580078,7973.390137,1496.719971,1.108585954,106.0699997,17.87999916,704,3177150000,1703760000,3177150000,256.036,2.13,151171,14558.2,3.6,103.4,-0.09,1.53,0.01
8/30/2019,1519.099976,2926.459961,7962.879883,1494.839966,1.106194735,106.4380035,18.97999954,276,3009910000,1668110000,3009910000,256.036,2.13,151171,14558.2,3.6,103.4,-0.05,1.5,0.04
8/31/2019,1519.099976,2926.459961,7962.879883,1494.839966,1.106194735,106.4380035,18.97999954,276,3009910000,1668110000,3009910000,256.036,2.13,151171,14558.2,3.6,103.4,-0.05,1.5,0.04
9/1/2019,1519.099976,2926.459961,7962.879883,1494.839966,1.106194735,106.4380035,18.97999954,276,3009910000,1668110000,3009910000,256.43,2.04,151365,14590.6,3.5,90.37,-0.05,1.5,0.04
9/2/2019,1519.099976,2926.459961,7962.879883,1494.839966,1.09917891,106.1279984,18.97999954,276,3009910000,1668110000,3009910000,256.43,2.04,151365,14590.6,3.5,90.37,-0.05,1.5,0.04
9/3/2019,1545.900024,2906.27002,7874.160156,1472.280029,1.096852064,106.1930008,19.65999985,139,3427830000,1938780000,3427830000,256.43,2.04,151365,14590.6,3.5,90.37,-0.03,1.47,0.06
9/4/2019,1550.300049,2937.780029,7976.879883,1484.76001,1.097453952,105.8610001,17.32999992,46,3167900000,1893740000,3167900000,256.43,2.04,151365,14590.6,3.5,90.37,-0.04,1.43,0.01
9/5/2019,1515.400024,2976,8116.830078,1510.75,1.103497028,106.3249969,16.27000046,125,3902600000,2108700000,3902600000,256.43,2.04,151365,14590.6,3.5,90.37,0.01,1.55,0.08
9/6/2019,1506.199951,2978.709961,8103.069824,1505.170044,1.10363102,107.0719986,15,54,3209340000,1878730000,3209340000,256.43,2.04,151365,14590.6,3.5,90.37,0.01,1.53,0.07
9/7/2019,1506.199951,2978.709961,8103.069824,1505.170044,1.10363102,107.0719986,15,54,3209340000,1878730000,3209340000,256.43,2.04,151365,14590.6,3.5,90.37,0.01,1.53,0.07
9/8/2019,1506.199951,2978.709961,8103.069824,1505.170044,1.10363102,107.0719986,15,54,3209340000,1878730000,3209340000,256.43,2.04,151365,14590.6,3.5,90.37,0.01,1.53,0.07
9/9/2019,1502.199951,2978.429932,8087.439941,1524.22998,1.102061987,106.9449997,15.27000046,69,4031120000,2186660000,4031120000,256.43,2.04,151365,14590.6,3.5,90.37,0.06,1.58,0.11
9/10/2019,1490.300049,2979.389893,8084.160156,1541.609985,1.104838133,107.336998,15.19999981,23,4393040000,2366080000,4393040000,256.43,2.04,151365,14590.6,3.5,90.37,0.12,1.67,0.18
9/11/2019,1494.400024,3000.929932,8169.680176,1575.709961,1.105033398,107.5999985,14.60999966,8,3934370000,2322610000,3934370000,256.43,2.04,151365,14590.6,3.5,90.37,0.15,1.68,0.2
9/12/2019,1498.699951,3009.570068,8194.469727,1575.069946,1.101345778,108.0210037,14.22000027,27,3796990000,2228100000,3796990000,256.43,2.04,151365,14590.6,3.5,90.37,0.16,1.72,0.22
9/13/2019,1490.900024,3007.389893,8176.709961,1578.140015,1.105827689,108.1760025,13.73999977,1,3557010000,1984570000,3557010000,256.43,2.04,151365,14590.6,3.5,90.37,0.23,1.79,0.29
9/14/2019,1490.900024,3007.389893,8176.709961,1578.140015,1.105827689,108.1760025,13.73999977,1,3557010000,1984570000,3557010000,256.43,2.04,151365,14590.6,3.5,90.37,0.23,1.79,0.29
9/15/2019,1490.900024,3007.389893,8176.709961,1578.140015,1.105827689,108.1760025,13.73999977,1,3557010000,1984570000,3557010000,256.43,2.04,151365,14590.6,3.5,90.37,0.23,1.79,0.29
9/16/2019,1503.099976,2997.959961,8153.540039,1584.599976,1.108340263,107.7649994,14.67000008,21,4285860000,1876540000,4285860000,256.43,2.04,151365,14590.6,3.5,90.37,0.17,1.74,0.21
9/17/2019,1505.099976,3005.699951,8186.02002,1578.290039,1.100594401,108.1610031,14.43999958,3,3673250000,1857350000,3673250000,256.43,2.04,151365,14590.6,3.5,90.37,0.15,1.72,0.2
9/18/2019,1507.5,3006.72998,8177.390137,1568.339966,1.107468724,108.086998,13.94999981,8,3458800000,2045590000,3458800000,256.43,2.04,151365,14590.6,3.5,90.37,0.21,1.77,0.28
9/19/2019,1498.400024,3006.790039,8182.879883,1561.469971,1.10314393,108.4250031,14.05000019,10,3265660000,1818430000,3265660000,256.43,2.04,151365,14590.6,3.5,90.37,0.18,1.74,0.25
9/20/2019,1507.300049,2992.070068,8117.669922,1559.76001,1.104850292,108.0410004,15.31999969,2,6103440000,3363230000,6103440000,256.43,2.04,151365,14590.6,3.5,90.37,0.13,1.69,0.19
9/21/2019,1507.300049,2992.070068,8117.669922,1559.76001,1.104850292,108.0410004,15.31999969,2,6103440000,3363230000,6103440000,256.43,2.04,151365,14590.6,3.5,90.37,0.13,1.69,0.19
9/22/2019,1507.300049,2992.070068,8117.669922,1559.76001,1.104850292,108.0410004,15.31999969,2,6103440000,3363230000,6103440000,256.43,2.04,151365,14590.6,3.5,90.37,0.13,1.69,0.19
9/23/2019,1523.699951,2991.780029,8112.459961,1558.25,1.101904154,107.6520004,14.90999985,5,3187250000,1781750000,3187250000,256.43,2.04,151365,14590.6,3.5,90.37,0.11,1.68,0.17
9/24/2019,1532.099976,2966.600098,7993.629883,1533.589966,1.099372268,107.6139984,17.04999924,25,3872800000,2310940000,3872800000,256.43,2.04,151365,14590.6,3.5,90.37,0.06,1.6,0.13
9/25/2019,1504.599976,2984.870117,8077.379883,1550.650024,1.101685524,107.163002,15.96000004,25,3331200000,2022080000,3331200000,256.43,2.04,151365,14590.6,3.5,90.37,0.13,1.68,0.19
9/26/2019,1507.5,2977.620117,8030.660156,1533.329956,1.095290303,107.6920013,16.06999969,8178,3084910000,1886310000,3084910000,256.43,2.04,151365,14590.6,3.5,90.37,0.13,1.66,0.19
9/27/2019,1499.099976,2961.790039,7939.629883,1520.47998,1.092275381,107.7559967,17.21999931,7827,3246480000,2041250000,3246480000,256.43,2.04,151365,14590.6,3.5,90.37,0.16,1.63,0.2
9/28/2019,1499.099976,2961.790039,7939.629883,1520.47998,1.092275381,107.7559967,17.21999931,7827,3246480000,2041250000,3246480000,256.43,2.04,151365,14590.6,3.5,90.37,0.16,1.63,0.2
9/29/2019,1499.099976,2961.790039,7939.629883,1520.47998,1.092275381,107.7559967,17.21999931,7827,3246480000,2041250000,3246480000,256.43,2.04,151365,14590.6,3.5,90.37,0.16,1.63,0.2
9/30/2019,1465.699951,2976.73999,7999.339844,1523.369995,1.094271421,107.9440002,16.23999977,1078,3249130000,1809050000,3249130000,256.43,2.04,151365,14590.6,3.5,90.37,0.15,1.63,0.2
10/1/2019,1482,2940.25,7908.680176,1493.430054,1.089965701,108.0690002,18.55999947,219,3560750000,2250500000,3560750000,257.155,1.83,151460,14617.4,3.6,97.84,0.13,1.56,0.18
10/2/2019,1501,2887.610107,7785.25,1479.630005,1.0934937,107.7369995,20.55999947,205,3914180000,2503630000,3914180000,257.155,1.83,151460,14617.4,3.6,97.84,0.1,1.48,0.14
10/3/2019,1507.099976,2910.629883,7872.259766,1486.349976,1.096370935,107.163002,19.12000084,1213,3515130000,2157220000,3515130000,257.155,1.83,151460,14617.4,3.6,97.84,0.06,1.39,0.09
10/4/2019,1506.199951,2952.01001,7982.470215,1500.699951,1.097538233,106.8259964,17.04000092,233,3005600000,1748000000,3005600000,257.155,1.83,151460,14617.4,3.6,97.84,0.02,1.4,0.07
10/5/2019,1506.199951,2952.01001,7982.470215,1500.699951,1.097538233,106.8259964,17.04000092,233,3005600000,1748000000,3005600000,257.155,1.83,151460,14617.4,3.6,97.84,0.02,1.4,0.07
10/6/2019,1506.199951,2952.01001,7982.470215,1500.699951,1.097538233,106.8259964,17.04000092,233,3005600000,1748000000,3005600000,257.155,1.83,151460,14617.4,3.6,97.84,0.02,1.4,0.07
10/7/2019,1497.699951,2938.790039,7956.290039,1497.790039,1.098659635,106.7639999,17.86000061,121,2959050000,1759580000,2959050000,257.155,1.83,151460,14617.4,3.6,97.84,0.05,1.46,0.11
10/8/2019,1497.199951,2893.060059,7823.779785,1472.599976,1.09721303,107.2509995,20.28000069,46,3370700000,1943700000,3370700000,257.155,1.83,151460,14617.4,3.6,97.84,0.06,1.42,0.11
10/9/2019,1506.099976,2919.399902,7903.740234,1479.459961,1.096010566,106.9609985,18.63999939,120,2735350000,1563500000,2735350000,257.155,1.83,151460,14617.4,3.6,97.84,0.1,1.47,0.16
10/10/2019,1494.800049,2938.129883,7950.779785,1485.359985,1.098780394,107.1780014,17.56999969,78,3234400000,1793470000,3234400000,257.155,1.83,151460,14617.4,3.6,97.84,0.15,1.53,0.19
10/11/2019,1482.699951,2970.27002,8057.040039,1511.900024,1.101103306,107.8799973,15.57999992,57,3581320000,2184790000,3581320000,257.155,1.83,151460,14617.4,3.6,97.84,0.2,1.63,0.25
10/12/2019,1482.699951,2970.27002,8057.040039,1511.900024,1.101103306,107.8799973,15.57999992,57,3581320000,2184790000,3581320000,257.155,1.83,151460,14617.4,3.6,97.84,0.2,1.63,0.25
10/13/2019,1482.699951,2970.27002,8057.040039,1511.900024,1.101103306,107.8799973,15.57999992,57,3581320000,2184790000,3581320000,257.155,1.83,151460,14617.4,3.6,97.84,0.2,1.63,0.25
10/14/2019,1491.699951,2966.149902,8048.649902,1505.430054,1.103000402,108.4589996,14.56999969,400,2559270000,1423700000,2559270000,257.155,1.83,151460,14617.4,3.6,97.84,0.2,1.63,0.25
10/15/2019,1477.599976,2995.679932,8148.709961,1523.300049,1.102900624,108.3880005,13.53999996,367,3345090000,1841660000,3345090000,257.155,1.83,151460,14617.4,3.6,97.84,0.21,1.61,0.26
10/16/2019,1488,2989.689941,8124.180176,1525.060059,1.10347271,108.8170013,13.68000031,383,3230320000,1900010000,3230320000,257.155,1.83,151460,14617.4,3.6,97.84,0.18,1.58,0.22
10/17/2019,1492.300049,2997.949951,8156.850098,1541.839966,1.107493281,108.677002,13.78999996,271,3103470000,1864020000,3103470000,257.155,1.83,151460,14617.4,3.6,97.84,0.17,1.6,0.05
10/18/2019,1488.199951,2986.199951,8089.540039,1535.47998,1.112718344,108.5810013,14.25,82,3268970000,2020020000,3268970000,257.155,1.83,151460,14617.4,3.6,97.84,0.16,1.58,0.04
10/19/2019,1488.199951,2986.199951,8089.540039,1535.47998,1.112718344,108.5810013,14.25,82,3268970000,2020020000,3268970000,257.155,1.83,151460,14617.4,3.6,97.84,0.16,1.58,0.04
10/20/2019,1488.199951,2986.199951,8089.540039,1535.47998,1.112718344,108.5810013,14.25,82,3268970000,2020020000,3268970000,257.155,1.83,151460,14617.4,3.6,97.84,0.16,1.58,0.04
10/21/2019,1482.400024,3006.719971,8162.990234,1552.410034,1.115573406,108.4079971,14,72,3271960000,1756640000,3271960000,257.155,1.83,151460,14617.4,3.6,97.84,0.19,1.62,0.08
10/22/2019,1481.699951,2995.98999,8104.299805,1550.869995,1.115175366,108.6009979,14.46000004,99,3527540000,1850870000,3527540000,257.155,1.83,151460,14617.4,3.6,97.84,0.17,1.6,0.07
10/23/2019,1489.900024,3004.52002,8119.790039,1552.859985,1.112928867,108.4830017,14.01000023,67,3413600000,1822180000,3413600000,257.155,1.83,151460,14617.4,3.6,97.84,0.16,1.58,0.06
10/24/2019,1498.900024,3010.290039,8185.799805,1548.48999,1.113238573,108.6419983,13.71000004,115,3696510000,1893620000,3696510000,257.155,1.83,151460,14617.4,3.6,97.84,0.15,1.58,0.06
10/25/2019,1499.5,3022.550049,8243.120117,1558.709961,1.110395551,108.6060028,12.64999962,93,3379060000,1911580000,3379060000,257.155,1.83,151460,14617.4,3.6,97.84,0.15,1.63,0.07
10/26/2019,1499.5,3022.550049,8243.120117,1558.709961,1.110395551,108.6060028,12.64999962,93,3379060000,1911580000,3379060000,257.155,1.83,151460,14617.4,3.6,97.84,0.15,1.63,0.07
10/27/2019,1499.5,3022.550049,8243.120117,1558.709961,1.110395551,108.6060028,12.64999962,93,3379060000,1911580000,3379060000,257.155,1.83,151460,14617.4,3.6,97.84,0.15,1.63,0.07
10/28/2019,1490,3039.419922,8325.990234,1571.930054,1.108426213,108.7340012,13.10999966,37,3524970000,1959920000,3524970000,257.155,1.83,151460,14617.4,3.6,97.84,0.21,1.64,0.13
10/29/2019,1487,3036.889893,8276.849609,1577.069946,1.109914899,108.9639969,13.19999981,425,3594430000,1842720000,3594430000,257.155,1.83,151460,14617.4,3.6,97.84,0.23,1.64,0.15
10/30/2019,1493.199951,3046.77002,8303.980469,1572.849976,1.111481667,108.8740005,12.32999992,320,3779660000,1936060000,3779660000,257.155,1.83,151460,14617.4,3.6,97.84,0.21,1.61,0.14
10/31/2019,1511.400024,3037.560059,8292.360352,1562.449951,1.115448952,108.7890015,13.22000027,210,4149310000,2276140000,4149310000,257.155,1.83,151460,14617.4,3.6,97.84,0.15,1.52,0.07
11/1/2019,1508,3066.909912,8386.400391,1589.329956,1.115710258,107.9960022,12.30000019,235,3956290000,2071350000,3956290000,257.879,1.55,151668,14711,3.6,73.08,0.14,1.56,0.05
11/2/2019,1508,3066.909912,8386.400391,1589.329956,1.115710258,107.9960022,12.30000019,235,3956290000,2071350000,3956290000,257.879,1.55,151668,14711,3.6,73.08,0.14,1.56,0.05
11/3/2019,1508,3066.909912,8386.400391,1589.329956,1.115710258,107.9960022,12.30000019,235,3956290000,2071350000,3956290000,257.879,1.55,151668,14711,3.6,73.08,0.14,1.56,0.05
11/4/2019,1508,3078.27002,8433.200195,1597.400024,1.116657138,108.2200012,12.82999992,101,4178040000,2166830000,4178040000,257.879,1.55,151668,14711,3.6,73.08,0.15,1.6,0.04
11/5/2019,1480.800049,3074.620117,8434.679688,1599.609985,1.1128546,108.6940002,13.10000038,31,4490590000,2327420000,4490590000,257.879,1.55,151668,14711,3.6,73.08,0.18,1.63,0.08
11/6/2019,1490.199951,3076.780029,8410.629883,1589.540039,1.107419729,109.1460037,12.61999989,567,4465510000,2342570000,4465510000,257.879,1.55,151668,14711,3.6,73.08,0.15,1.61,0.06
11/7/2019,1464.199951,3085.179932,8434.519531,1593.98999,1.10703969,108.913002,12.72999954,581,4151990000,2403680000,4151990000,257.879,1.55,151668,14711,3.6,73.08,0.23,1.68,0.13
11/8/2019,1461.300049,3093.080078,8475.30957,1598.859985,1.101969719,109.2740021,12.06999969,21,3508160000,1982140000,3508160000,257.879,1.55,151668,14711,3.6,73.08,0.23,1.68,0.11
11/9/2019,1461.300049,3093.080078,8475.30957,1598.859985,1.101969719,109.2740021,12.06999969,21,3508160000,1982140000,3508160000,257.879,1.55,151668,14711,3.6,73.08,0.23,1.68,0.11
11/10/2019,1461.300049,3093.080078,8475.30957,1598.859985,1.101969719,109.2740021,12.06999969,21,3508160000,1982140000,3508160000,257.879,1.55,151668,14711,3.6,73.08,0.23,1.68,0.11
11/11/2019,1455.5,3087.01001,8464.280273,1594.77002,1.102244258,109.2259979,12.68999958,22,3041120000,1719300000,3041120000,257.879,1.55,151668,14711,3.6,73.08,0.23,1.68,0.11
11/12/2019,1452.099976,3091.840088,8486.089844,1595.119995,1.103545666,109.0419998,12.68000031,6,3495560000,2001440000,3495560000,257.879,1.55,151668,14711,3.6,73.08,0.22,1.66,0.13
11/13/2019,1461.699951,3094.040039,8482.099609,1589.180054,1.101236701,108.9929962,13,56,3513720000,2180010000,3513720000,257.879,1.55,151668,14711,3.6,73.08,0.22,1.63,0.11
11/14/2019,1471.800049,3096.629883,8479.019531,1588.790039,1.101321578,108.7979965,13.05000019,83,3282090000,2113840000,3282090000,257.879,1.55,151668,14711,3.6,73.08,0.2,1.58,0.09
11/15/2019,1467.300049,3120.459961,8540.830078,1596.449951,1.102049828,108.4919968,12.05000019,13,3359800000,2199480000,3359800000,257.879,1.55,151668,14711,3.6,73.08,0.21,1.61,0.13
11/16/2019,1467.300049,3120.459961,8540.830078,1596.449951,1.102049828,108.4919968,12.05000019,13,3359800000,2199480000,3359800000,257.879,1.55,151668,14711,3.6,73.08,0.21,1.61,0.13
11/17/2019,1467.300049,3120.459961,8540.830078,1596.449951,1.102049828,108.4919968,12.05000019,13,3359800000,2199480000,3359800000,257.879,1.55,151668,14711,3.6,73.08,0.21,1.61,0.13
11/18/2019,1470.900024,3122.030029,8549.94043,1592.339966,1.105509877,108.6989975,12.46000004,141,3440140000,2053260000,3440140000,257.879,1.55,151668,14711,3.6,73.08,0.18,1.6,0.09
11/19/2019,1473.300049,3120.179932,8570.660156,1598.290039,1.107235789,108.6620026,12.85999966,18,3613670000,2094030000,3613670000,257.879,1.55,151668,14711,3.6,73.08,0.16,1.6,0.1
11/20/2019,1473.300049,3108.459961,8526.730469,1591.609985,1.108000159,108.4449997,12.77999973,31,4041010000,2608780000,4041010000,257.879,1.55,151668,14711,3.6,73.08,0.13,1.56,0.07
11/21/2019,1463.099976,3103.540039,8506.209961,1583.959961,1.107885957,108.4779968,13.13000011,16,3744010000,2073720000,3744010000,257.879,1.55,151668,14711,3.6,73.08,0.14,1.6,0.09
11/22/2019,1463.099976,3110.290039,8519.879883,1588.939941,1.106586337,108.5849991,12.34000015,19,3235270000,1885730000,3235270000,257.879,1.55,151668,14711,3.6,73.08,0.15,1.61,0.09
11/23/2019,1463.099976,3110.290039,8519.879883,1588.939941,1.106586337,108.5849991,12.34000015,19,3235270000,1885730000,3235270000,257.879,1.55,151668,14711,3.6,73.08,0.15,1.61,0.09
11/24/2019,1463.099976,3110.290039,8519.879883,1588.939941,1.106586337,108.5849991,12.34000015,19,3235270000,1885730000,3235270000,257.879,1.55,151668,14711,3.6,73.08,0.15,1.61,0.09
11/25/2019,1456.599976,3133.639893,8632.490234,1621.900024,1.102256298,108.7300034,11.86999989,14,3514310000,2262750000,3514310000,257.879,1.55,151668,14711,3.6,73.08,0.14,1.61,0.09
11/26/2019,1459.800049,3140.52002,8647.929688,1624.22998,1.101442933,108.9919968,11.53999996,346362,4600450000,2439370000,4600450000,257.879,1.55,151668,14711,3.6,73.08,0.12,1.58,0.06
11/27/2019,1453.400024,3153.629883,8705.179688,1634.099976,1.102256298,109.0970001,11.75,88364,3035470000,1748520000,3035470000,257.879,1.55,151668,14711,3.6,73.08,0.14,1.63,0.09
11/28/2019,1453.400024,3153.629883,8705.179688,1634.099976,1.100485325,109.3669968,11.75,88364,3035470000,1748520000,3035470000,257.879,1.55,151668,14711,3.6,73.08,0.14,1.63,0.09
11/29/2019,1465.599976,3140.97998,8665.469727,1624.5,1.101176143,109.512001,12.61999989,7020,1743420000,1099090000,1743420000,257.879,1.55,151668,14711,3.6,73.08,0.17,1.61,0.12
11/30/2019,1465.599976,3140.97998,8665.469727,1624.5,1.101176143,109.512001,12.61999989,7020,1743420000,1099090000,1743420000,257.879,1.55,151668,14711,3.6,73.08,0.17,1.61,0.12
12/1/2019,1465.599976,3140.97998,8665.469727,1624.5,1.101176143,109.512001,12.61999989,7020,1743420000,1099090000,1743420000,258.63,1.55,151795,14774.8,3.6,74.28,0.17,1.61,0.12
12/2/2019,1462.300049,3113.870117,8567.990234,1607.579956,1.101904154,109.5350037,14.90999985,2172,3285750000,2240300000,3285750000,258.63,1.55,151795,14774.8,3.6,74.28,0.18,1.61,0.11
12/3/2019,1478.199951,3093.199951,8520.639648,1602.630005,1.107910514,109.0220032,15.96000004,1460,3671580000,2318760000,3671580000,258.63,1.55,151795,14774.8,3.6,74.28,0.09,1.53,0.03
12/4/2019,1474,3112.76001,8566.669922,1613.900024,1.108524561,108.6529999,14.80000019,613,3702980000,2158870000,3702980000,258.63,1.55,151795,14774.8,3.6,74.28,0.11,1.58,0.06
12/5/2019,1476.900024,3117.429932,8570.700195,1614.829956,1.108303428,108.8320007,14.52000046,907,3360480000,2133380000,3360480000,258.63,1.55,151795,14774.8,3.6,74.28,0.13,1.58,0.07
12/6/2019,1459.099976,3145.909912,8656.530273,1633.839966,1.110543489,108.737999,13.61999989,899,3483310000,2057020000,3483310000,258.63,1.55,151795,14774.8,3.6,74.28,0.15,1.61,0.08
12/7/2019,1459.099976,3145.909912,8656.530273,1633.839966,1.110543489,108.737999,13.61999989,899,3483310000,2057020000,3483310000,258.63,1.55,151795,14774.8,3.6,74.28,0.15,1.61,0.08
12/8/2019,1459.099976,3145.909912,8656.530273,1633.839966,1.110543489,108.737999,13.61999989,899,3483310000,2057020000,3483310000,258.63,1.55,151795,14774.8,3.6,74.28,0.15,1.61,0.08
12/9/2019,1459.300049,3135.959961,8621.830078,1629.619995,1.105888844,108.6269989,15.85999966,1461,3400470000,2123870000,3400470000,258.63,1.55,151795,14774.8,3.6,74.28,0.14,1.63,0.08
12/10/2019,1462.599976,3132.52002,8616.179688,1631.709961,1.106499434,108.5820007,15.68000031,367,3346310000,2058760000,3346310000,258.63,1.55,151795,14774.8,3.6,74.28,0.14,1.65,0.09
12/11/2019,1469.400024,3141.629883,8654.049805,1631.930054,1.109274626,108.7639999,14.98999977,393,3257650000,1982080000,3257650000,258.63,1.55,151795,14774.8,3.6,74.28,0.1,1.61,0.04
12/12/2019,1466.699951,3168.570068,8717.320313,1644.810059,1.113585711,108.5490036,13.93999958,955,4003200000,2396400000,4003200000,258.63,1.55,151795,14774.8,3.6,74.28,0.18,1.66,0.11
12/13/2019,1475.599976,3168.800049,8734.879883,1637.97998,1.118605733,109.413002,12.63000011,468,3757650000,2219630000,3757650000,258.63,1.55,151795,14774.8,3.6,74.28,0.12,1.61,0.04
12/14/2019,1475.599976,3168.800049,8734.879883,1637.97998,1.118605733,109.413002,12.63000011,468,3757650000,2219630000,3757650000,258.63,1.55,151795,14774.8,3.6,74.28,0.12,1.61,0.04
12/15/2019,1475.599976,3168.800049,8734.879883,1637.97998,1.118605733,109.413002,12.63000011,468,3757650000,2219630000,3757650000,258.63,1.55,151795,14774.8,3.6,74.28,0.12,1.61,0.04
12/16/2019,1475,3191.449951,8814.230469,1649.939941,1.11244607,109.4000015,12.14000034,99,4070200000,2368050000,4070200000,258.63,1.55,151795,14774.8,3.6,74.28,0.16,1.65,0.08
12/17/2019,1474.599976,3192.52002,8823.360352,1657.560059,1.11369741,109.5759964,12.28999996,410,3842940000,2382450000,3842940000,258.63,1.55,151795,14774.8,3.6,74.28,0.14,1.63,0.06
12/18/2019,1472.599976,3191.139893,8827.740234,1661.72998,1.115138054,109.5159988,12.57999992,250,4029950000,2742330000,4029950000,258.63,1.55,151795,14774.8,3.6,74.28,0.16,1.63,0.06
12/19/2019,1478.199951,3205.370117,8887.219727,1667.089966,1.11159277,109.5510025,12.5,319,3784360000,2446890000,3784360000,258.63,1.55,151795,14774.8,3.6,74.28,0.15,1.62,0.05
12/20/2019,1474.699951,3221.219971,8924.959961,1671.900024,1.112594604,109.3830032,12.51000023,118,6457480000,3830200000,6457480000,258.63,1.55,151795,14774.8,3.6,74.28,0.15,1.63,0.06
12/21/2019,1474.699951,3221.219971,8924.959961,1671.900024,1.112594604,109.3830032,12.51000023,118,6457480000,3830200000,6457480000,258.63,1.55,151795,14774.8,3.6,74.28,0.15,1.63,0.06
12/22/2019,1474.699951,3221.219971,8924.959961,1671.900024,1.112594604,109.3830032,12.51000023,118,6457480000,3830200000,6457480000,258.63,1.55,151795,14774.8,3.6,74.28,0.15,1.63,0.06
12/23/2019,1482.5,3224.01001,8945.650391,1674.140015,1.107984066,109.4990005,12.60999966,391,3064530000,2028670000,3064530000,258.63,1.55,151795,14774.8,3.6,74.28,0.18,1.64,0.08
12/24/2019,1499.099976,3223.379883,8952.879883,1678.01001,1.109385371,109.3820038,12.67000008,52,1296530000,1014530000,1296530000,258.63,1.55,151795,14774.8,3.6,74.28,0.15,1.62,0.05
12/25/2019,1499.099976,3223.379883,8952.879883,1678.01001,1.109016299,109.3830032,12.67000008,52,1296530000,1014530000,1296530000,258.63,1.55,151795,14774.8,3.6,74.28,0.15,1.62,0.05
12/26/2019,1509.300049,3239.909912,9022.389648,1677.670044,1.109545469,109.3690033,12.64999962,126,2164540000,1639960000,2164540000,258.63,1.55,151795,14774.8,3.6,74.28,0.16,1.64,0.06
12/27/2019,1513.800049,3240.02002,9006.620117,1669.030029,1.110111952,109.5419998,13.43000031,839,2429150000,1833740000,2429150000,258.63,1.55,151795,14774.8,3.6,74.28,0.15,1.59,0.04
12/28/2019,1513.800049,3240.02002,9006.620117,1669.030029,1.110111952,109.5419998,13.43000031,839,2429150000,1833740000,2429150000,258.63,1.55,151795,14774.8,3.6,74.28,0.15,1.59,0.04
12/29/2019,1513.800049,3240.02002,9006.620117,1669.030029,1.110111952,109.5419998,13.43000031,839,2429150000,1833740000,2429150000,258.63,1.55,151795,14774.8,3.6,74.28,0.15,1.59,0.04
12/30/2019,1514.5,3221.290039,8945.990234,1664.150024,1.118230462,109.4280014,14.81999969,446,3021720000,2051320000,3021720000,258.63,1.55,151795,14774.8,3.6,74.28,0.15,1.58,0.02
12/31/2019,1519.5,3230.780029,8972.599609,1668.469971,1.120229721,108.8730011,13.77999973,301,2894760000,2186830000,2894760000,258.63,1.55,151795,14774.8,3.6,74.28,0.15,1.58,0.01
1/1/2020,1519.5,3230.780029,8972.599609,1668.469971,1.122082591,108.6809998,13.77999973,301,2894760000,2186830000,2894760000,259.127,1.55,152031,14868.3,3.6,138.42,0.15,1.58,0.01
1/2/2020,1524.5,3257.850098,9092.19043,1666.77002,1.122082591,108.7129974,12.47000027,214,3459930000,2862700000,3459930000,259.127,1.55,152031,14868.3,3.6,138.42,0.08,1.58,-0.05
1/3/2020,1549.199951,3234.850098,9020.769531,1660.869995,1.11714375,108.5429993,14.02000046,107,3484700000,2586520000,3484700000,259.127,1.55,152031,14868.3,3.6,138.42,0.03,1.53,-0.1
1/4/2020,1549.199951,3234.850098,9020.769531,1660.869995,1.11714375,108.5429993,14.02000046,107,3484700000,2586520000,3484700000,259.127,1.55,152031,14868.3,3.6,138.42,0.03,1.53,-0.1
1/5/2020,1549.199951,3234.850098,9020.769531,1660.869995,1.11714375,108.5429993,14.02000046,107,3484700000,2586520000,3484700000,259.127,1.55,152031,14868.3,3.6,138.42,0.03,1.53,-0.1
1/6/2020,1566.199951,3246.280029,9071.469727,1663.26001,1.116196036,107.9639969,13.85000038,416,3702460000,2810450000,3702460000,259.127,1.55,152031,14868.3,3.6,138.42,0.06,1.54,-0.08
1/7/2020,1571.800049,3237.179932,9068.580078,1658.310059,1.119799495,108.4059982,13.78999996,47,3435910000,2381740000,3435910000,259.127,1.55,152031,14868.3,3.6,138.42,0.09,1.54,-0.05
1/8/2020,1557.400024,3253.050049,9129.240234,1663.589966,1.115473866,108.0159988,13.44999981,236,3726840000,2472620000,3726840000,259.127,1.55,152031,14868.3,3.6,138.42,0.12,1.58,-0.01
1/9/2020,1551.699951,3274.699951,9203.429688,1664.98999,1.111321092,109.0309982,12.53999996,54,3641230000,2540960000,3641230000,259.127,1.55,152031,14868.3,3.6,138.42,0.11,1.58,-0.02
1/10/2020,1557.5,3265.350098,9178.860352,1657.640015,1.111111164,109.5070038,12.56000042,16,3214580000,2382900000,3214580000,259.127,1.55,152031,14868.3,3.6,138.42,0.07,1.56,-0.04
1/11/2020,1557.5,3265.350098,9178.860352,1657.640015,1.111111164,109.5070038,12.56000042,16,3214580000,2382900000,3214580000,259.127,1.55,152031,14868.3,3.6,138.42,0.07,1.56,-0.04
1/12/2020,1557.5,3265.350098,9178.860352,1657.640015,1.111111164,109.5070038,12.56000042,16,3214580000,2382900000,3214580000,259.127,1.55,152031,14868.3,3.6,138.42,0.07,1.56,-0.04
1/13/2020,1548.400024,3288.129883,9273.929688,1669.609985,1.111666918,109.5660019,12.31999969,48,3459390000,2536820000,3459390000,259.127,1.55,152031,14868.3,3.6,138.42,0.08,1.58,-0.05
1/14/2020,1542.400024,3283.149902,9251.330078,1675.73999,1.113573313,109.9919968,12.39000034,32,3687620000,2553160000,3687620000,259.127,1.55,152031,14868.3,3.6,138.42,0.05,1.58,-0.07
1/15/2020,1552.099976,3289.290039,9258.700195,1682.400024,1.113089919,109.8539963,12.42000008,11,3721490000,2443220000,3721490000,259.127,1.55,152031,14868.3,3.6,138.42,0.04,1.56,-0.07
1/16/2020,1549,3316.810059,9357.129883,1705.219971,1.115400434,109.8830032,12.31999969,98,3540580000,2312110000,3540580000,259.127,1.55,152031,14868.3,3.6,138.42,0.07,1.58,-0.05
1/17/2020,1558.800049,3329.620117,9388.94043,1699.640015,1.113957882,110.1750031,12.10000038,108,3726220000,2542540000,3726220000,259.127,1.55,152031,14868.3,3.6,138.42,0.09,1.58,-0.05
1/18/2020,1558.800049,3329.620117,9388.94043,1699.640015,1.113957882,110.1750031,12.10000038,108,3726220000,2542540000,3726220000,259.127,1.55,152031,14868.3,3.6,138.42,0.09,1.58,-0.05
1/19/2020,1558.800049,3329.620117,9388.94043,1699.640015,1.113957882,110.1750031,12.10000038,108,3726220000,2542540000,3726220000,259.127,1.55,152031,14868.3,3.6,138.42,0.09,1.58,-0.05
1/20/2020,1558.800049,3329.620117,9388.94043,1699.640015,1.109459281,110.1800003,12.10000038,108,3726220000,2542540000,3726220000,259.127,1.55,152031,14868.3,3.6,138.42,0.09,1.58,-0.05
1/21/2020,1556.400024,3320.790039,9370.80957,1685.900024,1.10969317,110.1729965,12.85000038,45,4104840000,2686610000,4104840000,259.127,1.55,152031,14868.3,3.6,138.42,0.04,1.53,-0.09
1/22/2020,1555.300049,3321.75,9383.769531,1684.459961,1.108561397,109.9079971,12.90999985,42,3623780000,2454580000,3623780000,259.127,1.55,152031,14868.3,3.6,138.42,0.05,1.53,-0.07
1/23/2020,1564.599976,3325.540039,9402.480469,1685.01001,1.109643936,109.7279968,12.97999954,15,3766710000,2465850000,3766710000,259.127,1.55,152031,14868.3,3.6,138.42,0.04,1.51,-0.09
1/24/2020,1571.099976,3295.469971,9314.910156,1662.22998,1.105522037,109.552002,14.56000042,43,3708780000,2622970000,3708780000,259.127,1.55,152031,14868.3,3.6,138.42,0.02,1.49,-0.11
1/25/2020,1571.099976,3295.469971,9314.910156,1662.22998,1.105522037,109.552002,14.56000042,43,3708780000,2622970000,3708780000,259.127,1.55,152031,14868.3,3.6,138.42,0.02,1.49,-0.11
1/26/2020,1571.099976,3295.469971,9314.910156,1662.22998,1.105522037,109.552002,14.56000042,43,3708780000,2622970000,3708780000,259.127,1.55,152031,14868.3,3.6,138.42,0.02,1.49,-0.11
1/27/2020,1576.800049,3243.629883,9139.30957,1644.140015,1.102535844,108.802002,18.22999954,22,3831050000,2593910000,3831050000,259.127,1.55,152031,14868.3,3.6,138.42,-0.02,1.44,-0.12
1/28/2020,1569.199951,3276.23999,9269.679688,1658.310059,1.101976991,108.9199982,16.28000069,3,3531570000,2169020000,3531570000,259.127,1.55,152031,14868.3,3.6,138.42,0,1.45,-0.12
1/29/2020,1569.800049,3273.399902,9275.160156,1649.219971,1.102256298,109.1320038,16.38999939,251274,3600250000,2234620000,3600250000,259.127,1.55,152031,14868.3,3.6,138.42,-0.04,1.42,-0.17
1/30/2020,1583.5,3283.659912,9298.929688,1648.219971,1.101685524,108.9869995,15.48999977,62336,3790350000,2345370000,3790350000,259.127,1.55,152031,14868.3,3.6,138.42,-0.07,1.41,-0.2
1/31/2020,1582.900024,3225.52002,9150.94043,1614.060059,1.102912784,108.8769989,18.84000015,1095,4529700000,2696090000,4529700000,259.127,1.55,152031,14868.3,3.6,138.42,-0.14,1.33,-0.28
2/1/2020,1582.900024,3225.52002,9150.94043,1614.060059,1.102912784,108.8769989,18.84000015,1095,4529700000,2696090000,4529700000,259.25,1.58,152292,14828.1,3.5,75.96,-0.14,1.33,-0.28
2/2/2020,1582.900024,3225.52002,9150.94043,1614.060059,1.102912784,108.8769989,18.84000015,1095,4529700000,2696090000,4529700000,259.25,1.58,152292,14828.1,3.5,75.96,-0.14,1.33,-0.28
2/3/2020,1577.199951,3248.919922,9273.400391,1632.209961,1.108979464,108.3720016,17.96999931,1062,3760460000,2427320000,3760460000,259.25,1.58,152292,14828.1,3.5,75.96,-0.09,1.36,-0.21
2/4/2020,1550.400024,3297.590088,9467.969727,1656.77002,1.106292605,108.6119995,16.04999924,978,3996900000,2447340000,3996900000,259.25,1.58,152292,14828.1,3.5,75.96,-0.03,1.41,-0.16
2/5/2020,1557.800049,3334.689941,9508.679688,1681.920044,1.104728222,109.4469986,15.14999962,1305,4121480000,2470240000,4121480000,259.25,1.58,152292,14828.1,3.5,75.96,0,1.44,-0.15
2/6/2020,1565.099976,3345.780029,9572.150391,1677.459961,1.100231051,109.814003,14.96000004,110,3887250000,2313860000,3887250000,259.25,1.58,152292,14828.1,3.5,75.96,-0.02,1.44,-0.16
2/7/2020,1568.599976,3327.709961,9520.509766,1656.780029,1.098297596,109.9680023,15.47000027,431,3733920000,2243720000,3733920000,259.25,1.58,152292,14828.1,3.5,75.96,-0.07,1.41,-0.2
2/8/2020,1568.599976,3327.709961,9520.509766,1656.780029,1.098297596,109.9680023,15.47000027,431,3733920000,2243720000,3733920000,259.25,1.58,152292,14828.1,3.5,75.96,-0.07,1.41,-0.2
2/9/2020,1568.599976,3327.709961,9520.509766,1656.780029,1.098297596,109.9680023,15.47000027,431,3733920000,2243720000,3733920000,259.25,1.58,152292,14828.1,3.5,75.96,-0.07,1.41,-0.2
2/10/2020,1574.699951,3352.090088,9628.389648,1667.670044,1.09493053,109.6449966,15.03999996,128,3462730000,2187520000,3462730000,259.25,1.58,152292,14828.1,3.5,75.96,-0.1,1.37,-0.24
2/11/2020,1565.599976,3357.75,9638.94043,1677.51001,1.091345668,109.7659988,15.18000031,440,3762940000,2450070000,3762940000,259.25,1.58,152292,14828.1,3.5,75.96,-0.06,1.41,-0.2
2/12/2020,1567.400024,3379.449951,9725.959961,1689.380005,1.091941476,109.8430023,13.73999977,36,3930910000,2366510000,3930910000,259.25,1.58,152292,14828.1,3.5,75.96,-0.04,1.44,-0.19
2/13/2020,1575.099976,3373.939941,9711.969727,1693.73999,1.087594867,109.8460007,14.14999962,74,3500890000,2254870000,3500890000,259.25,1.58,152292,14828.1,3.5,75.96,-0.06,1.44,-0.22
2/14/2020,1582.699951,3380.159912,9731.179688,1687.579956,1.08459866,109.7580032,13.68000031,68,3419700000,2226720000,3419700000,259.25,1.58,152292,14828.1,3.5,75.96,-0.07,1.42,-0.22
2/15/2020,1582.699951,3380.159912,9731.179688,1687.579956,1.08459866,109.7580032,13.68000031,68,3419700000,2226720000,3419700000,259.25,1.58,152292,14828.1,3.5,75.96,-0.07,1.42,-0.22
2/16/2020,1582.699951,3380.159912,9731.179688,1687.579956,1.08459866,109.7580032,13.68000031,68,3419700000,2226720000,3419700000,259.25,1.58,152292,14828.1,3.5,75.96,-0.07,1.42,-0.22
2/17/2020,1582.699951,3380.159912,9731.179688,1687.579956,1.084175348,109.7910004,13.68000031,68,3419700000,2226720000,3419700000,259.25,1.58,152292,14828.1,3.5,75.96,-0.07,1.42,-0.22
2/18/2020,1600,3370.290039,9732.740234,1683.52002,1.084010839,109.8300018,14.82999992,310,3750400000,2279420000,3750400000,259.25,1.58,152292,14828.1,3.5,75.96,-0.1,1.41,-0.25
2/19/2020,1607.5,3386.149902,9817.179688,1692.569946,1.079540491,109.9189987,14.38000011,542,3614200000,2470860000,3614200000,259.25,1.58,152292,14828.1,3.5,75.96,-0.09,1.42,-0.24
2/20/2020,1616.599976,3373.22998,9750.969727,1696.069946,1.081009865,111.2099991,15.56000042,117,4019180000,2745730000,4019180000,259.25,1.58,152292,14828.1,3.5,75.96,-0.11,1.39,-0.26
2/21/2020,1644.599976,3337.75,9576.589844,1678.609985,1.078799844,111.9540024,17.07999992,186,3908780000,2750160000,3908780000,259.25,1.58,152292,14828.1,3.5,75.96,-0.15,1.34,-0.3
2/22/2020,1644.599976,3337.75,9576.589844,1678.609985,1.078799844,111.9540024,17.07999992,186,3908780000,2750160000,3908780000,259.25,1.58,152292,14828.1,3.5,75.96,-0.15,1.34,-0.3
2/23/2020,1644.599976,3337.75,9576.589844,1678.609985,1.078799844,111.9540024,17.07999992,186,3908780000,2750160000,3908780000,259.25,1.58,152292,14828.1,3.5,75.96,-0.15,1.34,-0.3
2/24/2020,1672.400024,3225.889893,9221.280273,1628.099976,1.083905101,111.5569992,25.03000069,435,4851160000,3188590000,4851160000,259.25,1.58,152292,14828.1,3.5,75.96,-0.21,1.26,-0.36
2/25/2020,1646.900024,3128.209961,8965.610352,1571.900024,1.08491993,110.8570023,27.85000038,409,5596760000,3595520000,5596760000,259.25,1.58,152292,14828.1,3.5,75.96,-0.2,1.2,-0.36
2/26/2020,1640,3116.389893,8980.780273,1552.76001,1.088199615,110.2860031,27.55999947,1990,5484650000,3587950000,5484650000,259.25,1.58,152292,14828.1,3.5,75.96,-0.21,1.16,-0.36
2/27/2020,1640,2978.76001,8566.480469,1497.869995,1.08858943,110.362999,39.15999985,707,7064710000,4559900000,7064710000,259.25,1.58,152292,14828.1,3.5,75.96,-0.23,1.11,-0.37
2/28/2020,1564.099976,2954.219971,8567.370117,1476.430054,1.099722862,109.6600037,40.11000061,289,8569570000,5320020000,8569570000,259.25,1.58,152292,14828.1,3.5,75.96,-0.28,0.86,-0.44
2/29/2020,1564.099976,2954.219971,8567.370117,1476.430054,1.099722862,109.6600037,40.11000061,289,8569570000,5320020000,8569570000,259.25,1.58,152292,14828.1,3.5,75.96,-0.28,0.86,-0.44
3/1/2020,1564.099976,2954.219971,8567.370117,1476.430054,1.099722862,109.6600037,40.11000061,289,8569570000,5320020000,8569570000,258.076,0.65,150895,13812.8,4.4,81.54,-0.28,0.86,-0.44
3/2/2020,1592.300049,3090.22998,8952.169922,1518.48999,1.105131149,107.6969986,33.41999817,537,6381330000,4249020000,6381330000,258.076,0.65,150895,13812.8,4.4,81.54,-0.31,0.84,-0.44
3/3/2020,1642.099976,3003.370117,8684.089844,1486.079956,1.114404798,108.4869995,36.81999969,610,6376510000,4336700000,6376510000,258.076,0.65,150895,13812.8,4.4,81.54,-0.43,0.71,-0.57
3/4/2020,1641.099976,3130.120117,9018.089844,1531.199951,1.11806798,107.0370026,31.98999977,83,5073020000,3634760000,5073020000,258.076,0.65,150895,13812.8,4.4,81.54,-0.44,0.67,-0.59
3/5/2020,1666.400024,3023.939941,8738.589844,1478.819946,1.113908291,107.677002,39.61999893,154,5579290000,3763860000,5579290000,258.076,0.65,150895,13812.8,4.4,81.54,-0.48,0.59,-0.61
3/6/2020,1670.800049,2972.370117,8575.620117,1449.219971,1.122384906,106.2480011,41.93999863,175,6555240000,4292730000,6555240000,258.076,0.65,150895,13812.8,4.4,81.54,-0.57,0.49,-0.56
3/7/2020,1670.800049,2972.370117,8575.620117,1449.219971,1.122384906,106.2480011,41.93999863,175,6555240000,4292730000,6555240000,258.076,0.65,150895,13812.8,4.4,81.54,-0.57,0.49,-0.56
3/8/2020,1670.800049,2972.370117,8575.620117,1449.219971,1.122384906,106.2480011,41.93999863,175,6555240000,4292730000,6555240000,258.076,0.65,150895,13812.8,4.4,81.54,-0.57,0.49,-0.56
3/9/2020,1674.5,2746.560059,7950.680176,1313.439941,1.138602018,103.9380035,54.45999908,161,8441290000,4554110000,8441290000,258.076,0.65,150895,13812.8,4.4,81.54,-0.45,0.38,-0.34
3/10/2020,1659.099976,2882.22998,8344.25,1350.900024,1.139796019,103.1119995,47.29999924,48,7642040000,4447260000,7642040000,258.076,0.65,150895,13812.8,4.4,81.54,-0.24,0.5,-0.14
3/11/2020,1641.400024,2741.379883,7952.049805,1264.300049,1.131650567,105.026001,53.90000153,47,7431200000,4302610000,7431200000,258.076,0.65,150895,13812.8,4.4,81.54,-0.14,0.5,-0.03
3/12/2020,1589.300049,2480.639893,7201.799805,1122.930054,1.126151562,104.5500031,75.47000122,256,8850810000,5099350000,8850810000,258.076,0.65,150895,13812.8,4.4,81.54,-0.04,0.5,0.03
3/13/2020,1515.699951,2711.02002,7874.879883,1210.130005,1.118493199,104.6100006,57.83000183,89,8299070000,4701070000,8299070000,258.076,0.65,150895,13812.8,4.4,81.54,0.04,0.49,0.17
3/14/2020,1515.699951,2711.02002,7874.879883,1210.130005,1.118493199,104.6100006,57.83000183,89,8299070000,4701070000,8299070000,258.076,0.65,150895,13812.8,4.4,81.54,0.04,0.49,0.17
3/15/2020,1515.699951,2711.02002,7874.879883,1210.130005,1.118493199,104.6100006,57.83000183,89,8299070000,4701070000,8299070000,258.076,0.65,150895,13812.8,4.4,81.54,0.04,0.49,0.17
3/16/2020,1485.900024,2386.129883,6904.589844,1037.420044,1.115536094,106.6880035,82.69000244,193,7805450000,4618120000,7805450000,258.076,0.65,150895,13812.8,4.4,81.54,0,0.36,0.19
3/17/2020,1524.900024,2529.189941,7334.779785,1106.51001,1.11632061,106.1750031,75.91000366,122,8370250000,4920210000,8370250000,258.076,0.65,150895,13812.8,4.4,81.54,0.39,0.47,0.5
3/18/2020,1477.300049,2398.100098,6989.839844,991.1599731,1.101552129,107.3769989,76.44999695,333,8799300000,4935000000,8799300000,258.076,0.65,150895,13812.8,4.4,81.54,0.55,0.54,0.63
3/19/2020,1478.599976,2409.389893,7150.580078,1058.75,1.09615469,108.3600006,72,262,7956100000,4778490000,7956100000,258.076,0.65,150895,13812.8,4.4,81.54,0.62,0.44,0.52
3/20/2020,1484,2304.919922,6879.52002,1013.890015,1.065734506,111.2910004,66.04000092,14,9053950000,5260300000,9053950000,258.076,0.65,150895,13812.8,4.4,81.54,0.17,0.37,0.21
3/21/2020,1484,2304.919922,6879.52002,1013.890015,1.065734506,111.2910004,66.04000092,14,9053950000,5260300000,9053950000,258.076,0.65,150895,13812.8,4.4,81.54,0.17,0.37,0.21
3/22/2020,1484,2304.919922,6879.52002,1013.890015,1.065734506,111.2910004,66.04000092,14,9053950000,5260300000,9053950000,258.076,0.65,150895,13812.8,4.4,81.54,0.17,0.37,0.21
3/23/2020,1567,2237.399902,6860.669922,1002.400024,1.069438696,110.461998,61.59000015,51,7411380000,4348410000,7411380000,258.076,0.65,150895,13812.8,4.4,81.54,-0.04,0.28,0.01
3/24/2020,1660.199951,2447.330078,7417.859863,1096.540039,1.076461077,110.8270035,61.66999817,442,7563150000,4441080000,7563150000,258.076,0.65,150895,13812.8,4.4,81.54,-0.13,0.38,-0.03
3/25/2020,1632.300049,2475.560059,7384.299805,1110.369995,1.080263615,111.1200027,63.95000076,476,8300010000,4683630000,8300010000,258.076,0.65,150895,13812.8,4.4,81.54,-0.19,0.34,-0.13
3/26/2020,1650.099976,2630.070068,7797.540039,1180.319946,1.088956952,110.8759995,61,3,7766990000,4014670000,7766990000,258.076,0.65,150895,13812.8,4.4,81.54,-0.24,0.3,-0.21
3/27/2020,1623.900024,2541.469971,7502.379883,1131.98999,1.104825854,109.1090012,65.54000092,100638,6201670000,3989120000,6201670000,258.076,0.65,150895,13812.8,4.4,81.54,-0.22,0.25,-0.13
3/28/2020,1623.900024,2541.469971,7502.379883,1131.98999,1.104825854,109.1090012,65.54000092,100638,6201670000,3989120000,6201670000,258.076,0.65,150895,13812.8,4.4,81.54,-0.22,0.25,-0.13
3/29/2020,1623.900024,2541.469971,7502.379883,1131.98999,1.104825854,109.1090012,65.54000092,100638,6201670000,3989120000,6201670000,258.076,0.65,150895,13812.8,4.4,81.54,-0.22,0.25,-0.13
3/30/2020,1622,2626.649902,7774.149902,1158.319946,1.113908291,107.413002,57.08000183,16389,5751120000,3870770000,5751120000,258.076,0.65,150895,13812.8,4.4,81.54,-0.25,0.23,-0.18
3/31/2020,1583.400024,2584.590088,7700.100098,1153.099976,1.103046656,108.0350037,53.54000092,2874,6576210000,4078960000,6576210000,258.076,0.65,150895,13812.8,4.4,81.54,-0.17,0.23,-0.12
4/1/2020,1578.199951,2470.5,7360.580078,1071.98999,1.102657437,107.5080032,57.06000137,2158,5964000000,3700040000,5964000000,256.032,0.05,130424,12249.2,14.8,69.34,-0.29,0.23,-0.19
4/2/2020,1625.699951,2526.899902,7487.310059,1085.810059,1.095362186,107.2570038,50.90999985,1294,6464190000,3622170000,6464190000,256.032,0.05,130424,12249.2,14.8,69.34,-0.4,0.23,-0.34
4/3/2020,1633.699951,2488.649902,7373.080078,1052.050049,1.084739923,108.0009995,46.79999924,643,6096970000,3294260000,6096970000,256.032,0.05,130424,12249.2,14.8,69.34,-0.46,0.23,-0.39
4/4/2020,1633.699951,2488.649902,7373.080078,1052.050049,1.084739923,108.0009995,46.79999924,643,6096970000,3294260000,6096970000,256.032,0.05,130424,12249.2,14.8,69.34,-0.46,0.23,-0.39
4/5/2020,1633.699951,2488.649902,7373.080078,1052.050049,1.084739923,108.0009995,46.79999924,643,6096970000,3294260000,6096970000,256.032,0.05,130424,12249.2,14.8,69.34,-0.46,0.23,-0.39
4/6/2020,1677,2663.679932,7913.240234,1138.780029,1.08069551,108.6930008,45.24000168,1063,6403840000,3849130000,6403840000,256.032,0.05,130424,12249.2,14.8,69.34,-0.47,0.27,-0.41
4/7/2020,1664.800049,2659.409912,7887.259766,1139.170044,1.080380321,109.1149979,46.70000076,1144,7050410000,4085960000,7050410000,256.032,0.05,130424,12249.2,14.8,69.34,-0.42,0.28,-0.38
4/8/2020,1665.400024,2749.97998,8090.899902,1191.660034,1.089514494,108.651001,43.34999847,747,5875710000,3487440000,5875710000,256.032,0.05,130424,12249.2,14.8,69.34,-0.42,0.27,-0.4
4/9/2020,1736.199951,2789.820068,8153.580078,1246.72998,1.086366177,108.9219971,41.66999817,825,7899550000,4145460000,7899550000,256.032,0.05,130424,12249.2,14.8,69.34,-0.5,0.23,-0.49
4/10/2020,1736.199951,2789.820068,8153.580078,1246.72998,1.092740893,108.560997,41.66999817,825,7899550000,4145460000,7899550000,256.032,0.05,130424,12249.2,14.8,69.34,-0.5,0.23,-0.49
4/11/2020,1736.199951,2789.820068,8153.580078,1246.72998,1.092740893,108.560997,41.66999817,825,7899550000,4145460000,7899550000,256.032,0.05,130424,12249.2,14.8,69.34,-0.5,0.23,-0.49
4/12/2020,1736.199951,2789.820068,8153.580078,1246.72998,1.092740893,108.560997,41.66999817,825,7899550000,4145460000,7899550000,256.032,0.05,130424,12249.2,14.8,69.34,-0.5,0.23,-0.49
4/13/2020,1744.800049,2761.629883,8192.419922,1212.040039,1.093266606,108.3359985,41.16999817,696,5319530000,3184660000,5319530000,256.032,0.05,130424,12249.2,14.8,69.34,-0.5,0.25,-0.5
4/14/2020,1756.699951,2846.060059,8515.740234,1237.329956,1.092299342,107.6230011,37.75999832,675,5615730000,3767410000,5615730000,256.032,0.05,130424,12249.2,14.8,69.34,-0.53,0.23,-0.52
4/15/2020,1727.199951,2783.360107,8393.179688,1183.97998,1.098538876,107.1039963,40.84000015,642,5208000000,3347920000,5208000000,256.032,0.05,130424,12249.2,14.8,69.34,-0.56,0.2,-0.53
4/16/2020,1720.400024,2799.550049,8532.360352,1178.089966,1.09051013,107.6090012,40.11000061,162,5228810000,4057800000,5228810000,256.032,0.05,130424,12249.2,14.8,69.34,-0.42,0.2,-0.35
4/17/2020,1689.199951,2874.560059,8650.139648,1229.099976,1.085847139,107.9449997,38.15000153,223,5804810000,4348310000,5804810000,256.032,0.05,130424,12249.2,14.8,69.34,-0.36,0.2,-0.31
4/18/2020,1689.199951,2874.560059,8650.139648,1229.099976,1.085847139,107.9449997,38.15000153,223,5804810000,4348310000,5804810000,256.032,0.05,130424,12249.2,14.8,69.34,-0.36,0.2,-0.31
4/19/2020,1689.199951,2874.560059,8650.139648,1229.099976,1.085847139,107.9449997,38.15000153,223,5804810000,4348310000,5804810000,256.032,0.05,130424,12249.2,14.8,69.34,-0.36,0.2,-0.31
4/20/2020,1701.599976,2823.159912,8560.730469,1213.349976,1.086696625,107.6699982,43.83000183,106,5228630000,3827370000,5228630000,256.032,0.05,130424,12249.2,14.8,69.34,-0.31,0.2,-0.21
4/21/2020,1678.199951,2736.560059,8263.230469,1185.089966,1.086484075,107.6689987,45.40999985,666,5121010000,3788180000,5121010000,256.032,0.05,130424,12249.2,14.8,69.34,-0.38,0.2,-0.24
4/22/2020,1728.699951,2799.310059,8495.379883,1201.52002,1.085646749,107.7210007,41.97999954,453,5084920000,3041520000,5084920000,256.032,0.05,130424,12249.2,14.8,69.34,-0.43,0.22,-0.32
4/23/2020,1733.300049,2797.800049,8494.75,1214.060059,1.080964208,107.8130035,41.38000107,482,5773530000,3759890000,5773530000,256.032,0.05,130424,12249.2,14.8,69.34,-0.44,0.22,-0.3
4/24/2020,1723.5,2836.73999,8634.519531,1233.050049,1.077702284,107.6669998,35.93000031,221,5382810000,3696020000,5382810000,256.032,0.05,130424,12249.2,14.8,69.34,-0.51,0.22,-0.36
4/25/2020,1723.5,2836.73999,8634.519531,1233.050049,1.077702284,107.6669998,35.93000031,221,5382810000,3696020000,5382810000,256.032,0.05,130424,12249.2,14.8,69.34,-0.51,0.22,-0.36
4/26/2020,1723.5,2836.73999,8634.519531,1233.050049,1.077702284,107.6669998,35.93000031,221,5382810000,3696020000,5382810000,256.032,0.05,130424,12249.2,14.8,69.34,-0.51,0.22,-0.36
4/27/2020,1711.900024,2878.47998,8730.160156,1281.880005,1.082368255,107.4950027,33.29000092,169,5203930000,3694980000,5203930000,256.032,0.05,130424,12249.2,14.8,69.34,-0.5,0.24,-0.37
4/28/2020,1710.5,2863.389893,8607.730469,1298.079956,1.082485437,107.2829971,33.56999969,1255,5691160000,3730350000,5691160000,256.032,0.05,130424,12249.2,14.8,69.34,-0.52,0.2,-0.39
4/29/2020,1703.400024,2939.51001,8914.709961,1360.76001,1.083658457,106.7409973,31.22999954,373,6645640000,4407140000,6645640000,256.032,0.05,130424,12249.2,14.8,69.34,-0.51,0.2,-0.42
4/30/2020,1684.199951,2912.429932,8889.549805,1310.660034,1.087725043,106.6100006,34.15000153,327,6544980000,4335660000,6544980000,256.032,0.05,130424,12249.2,14.8,69.34,-0.43,0.2,-0.36
5/1/2020,1694.5,2830.709961,8604.950195,1260.47998,1.094546914,107.2850037,37.18999863,337,4759810000,3741300000,4759810000,255.802,0.05,133040,13281.5,13.2,68.51,-0.42,0.2,-0.32
5/2/2020,1694.5,2830.709961,8604.950195,1260.47998,1.094546914,107.2850037,37.18999863,337,4759810000,3741300000,4759810000,255.802,0.05,133040,13281.5,13.2,68.51,-0.42,0.2,-0.32
5/3/2020,1694.5,2830.709961,8604.950195,1260.47998,1.094546914,107.2850037,37.18999863,337,4759810000,3741300000,4759810000,255.802,0.05,133040,13281.5,13.2,68.51,-0.42,0.2,-0.32
5/4/2020,1706.900024,2842.73999,8710.709961,1263.969971,1.095962524,106.737999,35.97000122,320,4735930000,3443140000,4735930000,255.802,0.05,133040,13281.5,13.2,68.51,-0.43,0.19,-0.33
5/5/2020,1704.400024,2868.439941,8809.120117,1273.51001,1.090429306,106.6969986,33.61000061,82,5140290000,3933550000,5140290000,255.802,0.05,133040,13281.5,13.2,68.51,-0.44,0.19,-0.35
5/6/2020,1684.199951,2848.419922,8854.389648,1263.01001,1.083858132,106.4520035,34.11999893,469,4892570000,3656750000,4892570000,255.802,0.05,133040,13281.5,13.2,68.51,-0.38,0.17,-0.34
5/7/2020,1721.800049,2881.189941,8979.660156,1282.930054,1.079855323,106.1910019,31.44000053,853,5178790000,3787220000,5178790000,255.802,0.05,133040,13281.5,13.2,68.51,-0.45,0.13,-0.41
5/8/2020,1709.900024,2929.800049,9121.320313,1329.640015,1.083717108,106.3590012,27.97999954,330,4876030000,3813630000,4876030000,255.802,0.05,133040,13281.5,13.2,68.51,-0.43,0.16,-0.41
5/9/2020,1709.900024,2929.800049,9121.320313,1329.640015,1.083717108,106.3590012,27.97999954,330,4876030000,3813630000,4876030000,255.802,0.05,133040,13281.5,13.2,68.51,-0.43,0.16,-0.41
5/10/2020,1709.900024,2929.800049,9121.320313,1329.640015,1.083717108,106.3590012,27.97999954,330,4876030000,3813630000,4876030000,255.802,0.05,133040,13281.5,13.2,68.51,-0.43,0.16,-0.41
5/11/2020,1695.300049,2930.189941,9192.339844,1321.23999,1.083952069,106.9189987,27.56999969,749,4819730000,3925450000,4819730000,255.802,0.05,133040,13281.5,13.2,68.51,-0.4,0.17,-0.39
5/12/2020,1704.400024,2870.120117,9002.549805,1275.540039,1.080940843,107.5660019,33.04000092,324,5119630000,4336510000,5119630000,255.802,0.05,133040,13281.5,13.2,68.51,-0.4,0.17,-0.38
5/13/2020,1713.900024,2820,8863.169922,1233.25,1.084681034,107.1380005,35.27999878,431,6151650000,4273210000,6151650000,255.802,0.05,133040,13281.5,13.2,68.51,-0.43,0.16,-0.4
5/14/2020,1738.099976,2852.5,8943.719727,1237.550049,1.082368255,106.9329987,32.61000061,672,5651130000,3965970000,5651130000,255.802,0.05,133040,13281.5,13.2,68.51,-0.43,0.16,-0.4
5/15/2020,1753.400024,2863.699951,9014.55957,1256.98999,1.08069551,107.3649979,31.88999939,719,5507700000,4240690000,5507700000,255.802,0.05,133040,13281.5,13.2,68.51,-0.45,0.16,-0.44
5/16/2020,1753.400024,2863.699951,9014.55957,1256.98999,1.08069551,107.3649979,31.88999939,719,5507700000,4240690000,5507700000,255.802,0.05,133040,13281.5,13.2,68.51,-0.45,0.16,-0.44
5/17/2020,1753.400024,2863.699951,9014.55957,1256.98999,1.08069551,107.3649979,31.88999939,719,5507700000,4240690000,5507700000,255.802,0.05,133040,13281.5,13.2,68.51,-0.45,0.16,-0.44
5/18/2020,1731.800049,2953.909912,9234.830078,1333.689941,1.082134008,107.2080002,29.29999924,229,6373670000,4341820000,6373670000,255.802,0.05,133040,13281.5,13.2,68.51,-0.44,0.18,-0.46
5/19/2020,1744.199951,2922.939941,9185.099609,1307.719971,1.091512442,107.3809967,30.53000069,167,4984330000,4193550000,4984330000,255.802,0.05,133040,13281.5,13.2,68.51,-0.45,0.17,-0.47
5/20/2020,1750.599976,2971.610107,9375.780273,1346.930054,1.092776775,107.8099976,27.98999977,16,5005380000,4315500000,5005380000,255.802,0.05,133040,13281.5,13.2,68.51,-0.48,0.16,-0.49
5/21/2020,1720.5,2948.51001,9284.879883,1347.560059,1.098297596,107.5910034,29.53000069,528,4976620000,3745270000,4976620000,255.802,0.05,133040,13281.5,13.2,68.51,-0.46,0.17,-0.46
5/22/2020,1734.599976,2955.449951,9324.589844,1355.530029,1.095290303,107.6309967,28.15999985,6,3970860000,3668070000,3970860000,255.802,0.05,133040,13281.5,13.2,68.51,-0.46,0.17,-0.46
5/23/2020,1734.599976,2955.449951,9324.589844,1355.530029,1.095290303,107.6309967,28.15999985,6,3970860000,3668070000,3970860000,255.802,0.05,133040,13281.5,13.2,68.51,-0.46,0.17,-0.46
5/24/2020,1734.599976,2955.449951,9324.589844,1355.530029,1.095290303,107.6309967,28.15999985,6,3970860000,3668070000,3970860000,255.802,0.05,133040,13281.5,13.2,68.51,-0.46,0.17,-0.46
5/25/2020,1734.599976,2955.449951,9324.589844,1355.530029,1.090780139,107.7350006,28.15999985,6,3970860000,3668070000,3970860000,255.802,0.05,133040,13281.5,13.2,68.51,-0.46,0.17,-0.46
5/26/2020,1704.800049,2991.77002,9340.219727,1393.069946,1.090299726,107.6869965,28.01000023,39,5848500000,4448950000,5848500000,255.802,0.05,133040,13281.5,13.2,68.51,-0.44,0.18,-0.47
5/27/2020,1710.300049,3036.129883,9412.360352,1436.359985,1.098177075,107.4909973,27.62000084,137416,6398000000,4489110000,6398000000,255.802,0.05,133040,13281.5,13.2,68.51,-0.46,0.19,-0.48
5/28/2020,1713.300049,3029.72998,9368.990234,1400.670044,1.101685524,107.7979965,28.59000015,23355,5447020000,4113660000,5447020000,255.802,0.05,133040,13281.5,13.2,68.51,-0.48,0.17,-0.52
5/29/2020,1736.900024,3044.310059,9489.870117,1394.040039,1.107910514,107.6429977,27.51000023,1526,7297550000,4742290000,7297550000,255.802,0.05,133040,13281.5,13.2,68.51,-0.5,0.16,-0.53
5/30/2020,1736.900024,3044.310059,9489.870117,1394.040039,1.107910514,107.6429977,27.51000023,1526,7297550000,4742290000,7297550000,255.802,0.05,133040,13281.5,13.2,68.51,-0.5,0.16,-0.53
5/31/2020,1736.900024,3044.310059,9489.870117,1394.040039,1.107910514,107.6429977,27.51000023,1526,7297550000,4742290000,7297550000,255.802,0.05,133040,13281.5,13.2,68.51,-0.5,0.16,-0.53
6/1/2020,1737.800049,3055.72998,9552.049805,1405.369995,1.111852407,107.7080002,28.22999954,871,4684170000,3847770000,4684170000,257.042,0.08,137671,14049.2,11,71.23,-0.52,0.14,-0.53
6/2/2020,1725.199951,3080.820068,9608.379883,1418.209961,1.112594604,107.5479965,26.84000015,741,5197150000,3990080000,5197150000,257.042,0.08,137671,14049.2,11,71.23,-0.5,0.17,-0.52
6/3/2020,1697.800049,3122.870117,9682.910156,1452.089966,1.118943691,108.8089981,25.65999985,2755,6005560000,4679030000,6005560000,257.042,0.08,137671,14049.2,11,71.23,-0.44,0.19,-0.5
6/4/2020,1718.900024,3112.350098,9615.80957,1452.060059,1.123595476,108.9990005,25.80999947,807,6451290000,6141320000,6451290000,257.042,0.08,137671,14049.2,11,71.23,-0.4,0.19,-0.48
6/5/2020,1676.199951,3193.929932,9814.080078,1507.150024,1.133786798,109.1500015,24.52000046,1502,8639300000,6607730000,8639300000,257.042,0.08,137671,14049.2,11,71.23,-0.36,0.22,-0.48
6/6/2020,1676.199951,3193.929932,9814.080078,1507.150024,1.133786798,109.1500015,24.52000046,1502,8639300000,6607730000,8639300000,257.042,0.08,137671,14049.2,11,71.23,-0.36,0.22,-0.48
6/7/2020,1676.199951,3193.929932,9814.080078,1507.150024,1.133786798,109.1500015,24.52000046,1502,8639300000,6607730000,8639300000,257.042,0.08,137671,14049.2,11,71.23,-0.36,0.22,-0.48
6/8/2020,1698.300049,3232.389893,9924.75,1536.890015,1.131951571,109.6340027,25.80999947,587,8498300000,6197330000,8498300000,257.042,0.08,137671,14049.2,11,71.23,-0.4,0.22,-0.53
6/9/2020,1714.699951,3207.179932,9953.75,1507.050049,1.130556703,108.4089966,27.56999969,690,6410930000,5319450000,6410930000,257.042,0.08,137671,14049.2,11,71.23,-0.42,0.2,-0.58
6/10/2020,1713.300049,3190.139893,10020.34961,1467.390015,1.133221507,107.7969971,27.56999969,718,6598870000,5170860000,6598870000,257.042,0.08,137671,14049.2,11,71.23,-0.52,0.17,-0.67
6/11/2020,1732,3002.100098,9492.730469,1356.219971,1.136544466,106.9810028,40.79000092,347,7037320000,5300850000,7037320000,257.042,0.08,137671,14049.2,11,71.23,-0.55,0.19,-0.63
6/12/2020,1729.300049,3041.310059,9588.80957,1387.680054,1.12880826,106.8030014,36.09000015,318,5845330000,4388990000,5845330000,257.042,0.08,137671,14049.2,11,71.23,-0.5,0.19,-0.62
6/13/2020,1729.300049,3041.310059,9588.80957,1387.680054,1.12880826,106.8030014,36.09000015,318,5845330000,4388990000,5845330000,257.042,0.08,137671,14049.2,11,71.23,-0.5,0.19,-0.62
6/14/2020,1729.300049,3041.310059,9588.80957,1387.680054,1.12880826,106.8030014,36.09000015,318,5845330000,4388990000,5845330000,257.042,0.08,137671,14049.2,11,71.23,-0.5,0.19,-0.62
6/15/2020,1720.300049,3066.590088,9726.019531,1419.609985,1.125201106,107.310997,34.40000153,188,5757480000,4476010000,5757480000,257.042,0.08,137671,14049.2,11,71.23,-0.52,0.19,-0.65
6/16/2020,1729.599976,3124.73999,9895.870117,1452.26001,1.133774042,107.4639969,33.66999817,22,5845810000,4669320000,5845810000,257.042,0.08,137671,14049.2,11,71.23,-0.52,0.21,-0.68
6/17/2020,1729.199951,3113.48999,9910.530273,1426.530029,1.126570106,107.4100037,33.47000122,51,4560450000,4279700000,4560450000,257.042,0.08,137671,14049.2,11,71.23,-0.52,0.19,-0.67
6/18/2020,1724.800049,3115.340088,9943.049805,1427.329956,1.124290228,106.8939972,32.93999863,110,4448690000,4335320000,4448690000,257.042,0.08,137671,14049.2,11,71.23,-0.57,0.19,-0.78
6/19/2020,1745.900024,3097.73999,9946.120117,1418.630005,1.121100068,107.0059967,35.11999893,1329,8346650000,6093830000,8346650000,257.042,0.08,137671,14049.2,11,71.23,-0.6,0.19,-0.73
6/20/2020,1745.900024,3097.73999,9946.120117,1418.630005,1.121100068,107.0059967,35.11999893,1329,8346650000,6093830000,8346650000,257.042,0.08,137671,14049.2,11,71.23,-0.6,0.19,-0.73
6/21/2020,1745.900024,3097.73999,9946.120117,1418.630005,1.121100068,107.0059967,35.11999893,1329,8346650000,6093830000,8346650000,257.042,0.08,137671,14049.2,11,71.23,-0.6,0.19,-0.73
6/22/2020,1756.699951,3117.860107,10056.48047,1433.530029,1.117755532,106.8310013,31.77000046,1356,4686690000,4506960000,4686690000,257.042,0.08,137671,14049.2,11,71.23,-0.63,0.19,-0.77
6/23/2020,1772.099976,3131.290039,10131.37012,1439.339966,1.127967954,106.9029999,31.37000084,666,4711850000,5755170000,4711850000,257.042,0.08,137671,14049.2,11,71.23,-0.66,0.18,-0.81
6/24/2020,1765.800049,3050.330078,9909.169922,1389.73999,1.131234527,106.4319992,33.84000015,961,5597680000,5589130000,5597680000,257.042,0.08,137671,14049.2,11,71.23,-0.64,0.19,-0.77
6/25/2020,1762.099976,3083.76001,10017,1413.310059,1.125087261,107.0439987,32.22000122,207,4847690000,4779640000,4847690000,257.042,0.08,137671,14049.2,11,71.23,-0.65,0.17,-0.79
6/26/2020,1772.5,3009.050049,9757.219727,1378.780029,1.122208476,107.1549988,34.72999954,640,8107850000,7309380000,8107850000,257.042,0.08,137671,14049.2,11,71.23,-0.68,0.17,-0.81
6/27/2020,1772.5,3009.050049,9757.219727,1378.780029,1.122208476,107.1549988,34.72999954,640,8107850000,7309380000,8107850000,257.042,0.08,137671,14049.2,11,71.23,-0.68,0.17,-0.81
6/28/2020,1772.5,3009.050049,9757.219727,1378.780029,1.122208476,107.1549988,34.72999954,640,8107850000,7309380000,8107850000,257.042,0.08,137671,14049.2,11,71.23,-0.68,0.17,-0.81
6/29/2020,1774.800049,3053.23999,9874.150391,1421.209961,1.122586489,107.2180023,31.78000069,584,4473970000,4336290000,4473970000,257.042,0.08,137671,14049.2,11,71.23,-0.7,0.16,-0.86
6/30/2020,1793,3100.290039,10058.76953,1441.369995,1.124720216,107.5899963,30.43000031,986,4705850000,4510190000,4705850000,257.042,0.08,137671,14049.2,11,71.23,-0.68,0.16,-0.87
7/1/2020,1773.199951,3115.860107,10154.62988,1427.310059,1.123595476,107.9889984,28.62000084,331,4449230000,4624430000,4449230000,258.352,0.09,139255,14307.2,10.2,66.47,-0.68,0.17,-0.86
7/2/2020,1784,3130.01001,10207.62988,1431.859985,1.125137806,107.3659973,27.68000031,215,4197720000,4038920000,4197720000,258.352,0.09,139255,14307.2,10.2,66.47,-0.73,0.16,-0.92
7/3/2020,1784,3130.01001,10207.62988,1431.859985,1.1237849,107.4970016,27.68000031,215,4197720000,4038920000,4197720000,258.352,0.09,139255,14307.2,10.2,66.47,-0.73,0.16,-0.92
7/4/2020,1784,3130.01001,10207.62988,1431.859985,1.1237849,107.4970016,27.68000031,215,4197720000,4038920000,4197720000,258.352,0.09,139255,14307.2,10.2,66.47,-0.73,0.16,-0.92
7/5/2020,1784,3130.01001,10207.62988,1431.859985,1.1237849,107.4970016,27.68000031,215,4197720000,4038920000,4197720000,258.352,0.09,139255,14307.2,10.2,66.47,-0.73,0.16,-0.92
7/6/2020,1788.5,3179.719971,10433.65039,1442.880005,1.124720216,107.5790024,27.94000053,172,4759160000,4570260000,4759160000,258.352,0.09,139255,14307.2,10.2,66.47,-0.76,0.16,-0.97
7/7/2020,1804.199951,3145.320068,10343.88965,1416,1.131285667,107.3590012,29.43000031,751,4571330000,4337130000,4571330000,258.352,0.09,139255,14307.2,10.2,66.47,-0.78,0.16,-0.97
7/8/2020,1815.5,3169.939941,10492.5,1427.400024,1.127522826,107.5780029,28.07999992,209,4937310000,4030210000,4937310000,258.352,0.09,139255,14307.2,10.2,66.47,-0.75,0.16,-0.95
7/9/2020,1799.199951,3152.050049,10547.75,1398.920044,1.133915424,107.2829971,29.26000023,396,4843650000,4013180000,4843650000,258.352,0.09,139255,14307.2,10.2,66.47,-0.77,0.16,-0.94
7/10/2020,1798.199951,3185.040039,10617.44043,1422.680054,1.128795505,107.2360001,27.29000092,236,4524190000,3537510000,4524190000,258.352,0.09,139255,14307.2,10.2,66.47,-0.76,0.16,-0.95
7/11/2020,1798.199951,3185.040039,10617.44043,1422.680054,1.128795505,107.2360001,27.29000092,236,4524190000,3537510000,4524190000,258.352,0.09,139255,14307.2,10.2,66.47,-0.76,0.16,-0.95
7/12/2020,1798.199951,3185.040039,10617.44043,1422.680054,1.128795505,107.2360001,27.29000092,236,4524190000,3537510000,4524190000,258.352,0.09,139255,14307.2,10.2,66.47,-0.76,0.16,-0.95
7/13/2020,1811,3155.219971,10390.83984,1403.569946,1.131004214,106.9100037,32.18999863,164,4902440000,4851880000,4902440000,258.352,0.09,139255,14307.2,10.2,66.47,-0.78,0.16,-0.97
7/14/2020,1810.599976,3197.52002,10488.58008,1428.26001,1.134549618,107.276001,29.52000046,339,4507140000,4461770000,4507140000,258.352,0.09,139255,14307.2,10.2,66.47,-0.78,0.14,-0.99
7/15/2020,1811.400024,3226.560059,10550.49023,1478.27002,1.141070485,107.2450027,27.76000023,167,4686830000,4647070000,4686830000,258.352,0.09,139255,14307.2,10.2,66.47,-0.77,0.16,-1
7/16/2020,1798.699951,3215.570068,10473.83008,1467.560059,1.141719341,106.9169998,28,146,3972860000,4277760000,3972860000,258.352,0.09,139255,14307.2,10.2,66.47,-0.79,0.16,-1.02
7/17/2020,1808.300049,3224.72998,10503.19043,1473.319946,1.139211655,107.2779999,25.68000031,24,4012850000,4361480000,4012850000,258.352,0.09,139255,14307.2,10.2,66.47,-0.82,0.14,-1.06
7/18/2020,1808.300049,3224.72998,10503.19043,1473.319946,1.139211655,107.2779999,25.68000031,24,4012850000,4361480000,4012850000,258.352,0.09,139255,14307.2,10.2,66.47,-0.82,0.14,-1.06
7/19/2020,1808.300049,3224.72998,10503.19043,1473.319946,1.139211655,107.2779999,25.68000031,24,4012850000,4361480000,4012850000,258.352,0.09,139255,14307.2,10.2,66.47,-0.82,0.14,-1.06
7/20/2020,1815.900024,3251.840088,10767.08984,1467.949951,1.144295692,107.0899963,24.45999908,89,3979340000,4314630000,3979340000,258.352,0.09,139255,14307.2,10.2,66.47,-0.84,0.16,-1.08
7/21/2020,1842.400024,3257.300049,10680.36035,1487.51001,1.145869136,107.1959991,24.84000015,117,4556610000,5350750000,4556610000,258.352,0.09,139255,14307.2,10.2,66.47,-0.87,0.14,-1.13
7/22/2020,1864.099976,3276.02002,10706.12988,1490.140015,1.153402567,106.8320007,24.31999969,213,4267160000,4128960000,4267160000,258.352,0.09,139255,14307.2,10.2,66.47,-0.88,0.14,-1.13
7/23/2020,1889.099976,3235.659912,10461.41992,1490.199951,1.156871796,107.1750031,26.07999992,133,4296760000,4501540000,4296760000,258.352,0.09,139255,14307.2,10.2,66.47,-0.9,0.16,-1.1
7/24/2020,1897.300049,3215.629883,10363.17969,1467.550049,1.159608483,106.8379974,25.84000015,474,3689410000,4233390000,3689410000,258.352,0.09,139255,14307.2,10.2,66.47,-0.92,0.14,-1.08
7/25/2020,1897.300049,3215.629883,10363.17969,1467.550049,1.159608483,106.8379974,25.84000015,474,3689410000,4233390000,3689410000,258.352,0.09,139255,14307.2,10.2,66.47,-0.92,0.14,-1.08
7/26/2020,1897.300049,3215.629883,10363.17969,1467.550049,1.159608483,106.8379974,25.84000015,474,3689410000,4233390000,3689410000,258.352,0.09,139255,14307.2,10.2,66.47,-0.92,0.14,-1.08
7/27/2020,1931,3239.409912,10536.26953,1484.650024,1.165256739,105.9929962,24.73999977,364,3970310000,4244570000,3970310000,258.352,0.09,139255,14307.2,10.2,66.47,-0.9,0.15,-1.08
7/28/2020,1944.699951,3218.439941,10402.08984,1469.76001,1.176927567,105.2610016,25.44000053,825,4053180000,3894660000,4053180000,258.352,0.09,139255,14307.2,10.2,66.47,-0.92,0.14,-1.1
7/29/2020,1953.5,3258.439941,10542.94043,1500.630005,1.17187953,105.1070023,24.10000038,209835,4478200000,4009640000,4478200000,258.352,0.09,139255,14307.2,10.2,66.47,-0.95,0.12,-1.13
7/30/2020,1942.300049,3246.219971,10587.80957,1495.099976,1.178286552,105.0319977,24.76000023,28853,4264920000,4185810000,4264920000,258.352,0.09,139255,14307.2,10.2,66.47,-0.97,0.11,-1.14
7/31/2020,1962.800049,3271.120117,10745.26953,1480.430054,1.187225461,104.6829987,24.45999908,2914,5007530000,4438730000,5007530000,258.352,0.09,139255,14307.2,10.2,66.47,-1,0.11,-1.19
8/1/2020,1962.800049,3271.120117,10745.26953,1480.430054,1.187225461,104.6829987,24.45999908,2914,5007530000,4438730000,5007530000,259.316,0.1,140819,14462.2,8.4,65.47,-1,0.11,-1.19
8/2/2020,1962.800049,3271.120117,10745.26953,1480.430054,1.187225461,104.6829987,24.45999908,2914,5007530000,4438730000,5007530000,259.316,0.1,140819,14462.2,8.4,65.47,-1,0.11,-1.19
8/3/2020,1966,3294.610107,10902.7998,1506.800049,1.178231001,105.8659973,24.28000069,683,4438940000,4203890000,4438940000,259.316,0.1,140819,14462.2,8.4,65.47,-1.02,0.11,-1.24
8/4/2020,2001.199951,3306.51001,10941.16992,1517.209961,1.176332235,106.0299988,23.76000023,2010,4414380000,4016520000,4414380000,259.316,0.1,140819,14462.2,8.4,65.47,-1.05,0.11,-1.26
8/5/2020,2031.099976,3327.77002,10998.40039,1546.23999,1.181544304,105.6139984,22.98999977,1422,4535060000,4160740000,4535060000,259.316,0.1,140819,14462.2,8.4,65.47,-1.06,0.11,-1.3
8/6/2020,2051.5,3349.159912,11108.07031,1544.619995,1.187281847,105.5530014,22.64999962,294,4278930000,4120000000,4278930000,259.316,0.1,140819,14462.2,8.4,65.47,-1.08,0.11,-1.32
8/7/2020,2010.099976,3351.280029,11010.98047,1569.180054,1.187648416,105.5810013,22.20999908,808,4110030000,4263930000,4110030000,259.316,0.1,140819,14462.2,8.4,65.47,-1.04,0.13,-1.27
8/8/2020,2010.099976,3351.280029,11010.98047,1569.180054,1.187648416,105.5810013,22.20999908,808,4110030000,4263930000,4110030000,259.316,0.1,140819,14462.2,8.4,65.47,-1.04,0.13,-1.27
8/9/2020,2010.099976,3351.280029,11010.98047,1569.180054,1.187648416,105.5810013,22.20999908,808,4110030000,4263930000,4110030000,259.316,0.1,140819,14462.2,8.4,65.47,-1.04,0.13,-1.27
8/10/2020,2024.400024,3360.469971,10968.36035,1584.670044,1.178272724,105.8499985,22.12999916,233,4327920000,4048420000,4327920000,259.316,0.1,140819,14462.2,8.4,65.47,-1.02,0.14,-1.25
8/11/2020,1932.599976,3333.689941,10782.82031,1575.099976,1.173777819,105.9919968,24.03000069,971,4880540000,4331770000,4880540000,259.316,0.1,140819,14462.2,8.4,65.47,-0.99,0.16,-1.23
8/12/2020,1934.900024,3380.350098,11012.24023,1583.25,1.173653841,106.5210037,22.28000069,404,3772250000,3745230000,3772250000,259.316,0.1,140819,14462.2,8.4,65.47,-0.98,0.16,-1.26
8/13/2020,1956.699951,3373.429932,11042.5,1579.790039,1.179380178,106.8219986,22.12999916,71,3438730000,3480470000,3438730000,259.316,0.1,140819,14462.2,8.4,65.47,-0.96,0.16,-1.24
8/14/2020,1937,3372.850098,11019.2998,1577.880005,1.181655884,106.9860001,22.04999924,201,3200060000,3514260000,3200060000,259.316,0.1,140819,14462.2,8.4,65.47,-0.94,0.14,-1.24
8/15/2020,1937,3372.850098,11019.2998,1577.880005,1.181655884,106.9860001,22.04999924,201,3200060000,3514260000,3200060000,259.316,0.1,140819,14462.2,8.4,65.47,-0.94,0.14,-1.24
8/16/2020,1937,3372.850098,11019.2998,1577.880005,1.181655884,106.9860001,22.04999924,201,3200060000,3514260000,3200060000,259.316,0.1,140819,14462.2,8.4,65.47,-0.94,0.14,-1.24
8/17/2020,1985,3381.98999,11129.73047,1585.469971,1.185255408,106.5540009,21.35000038,97,3460330000,3214870000,3460330000,259.316,0.1,140819,14462.2,8.4,65.47,-0.97,0.14,-1.25
8/18/2020,1999.400024,3389.780029,11210.83984,1569.77002,1.187648416,105.9950027,21.51000023,92,3669550000,3228590000,3669550000,259.316,0.1,140819,14462.2,8.4,65.47,-1.01,0.14,-1.28
8/19/2020,1958.699951,3374.850098,11146.45996,1572.069946,1.194785953,105.223999,22.54000092,347,3679480000,3496480000,3679480000,259.316,0.1,140819,14462.2,8.4,65.47,-0.99,0.14,-1.26
8/20/2020,1933.800049,3385.51001,11264.9502,1564.300049,1.184350014,106.0790024,22.71999931,106,3431040000,4215130000,3431040000,259.316,0.1,140819,14462.2,8.4,65.47,-0.97,0.13,-1.22
8/21/2020,1934.599976,3397.159912,11311.7998,1552.47998,1.187366486,105.6650009,22.54000092,184,3505010000,3929290000,3505010000,259.316,0.1,140819,14462.2,8.4,65.47,-1,0.16,-1.25
8/22/2020,1934.599976,3397.159912,11311.7998,1552.47998,1.187366486,105.6650009,22.54000092,184,3505010000,3929290000,3505010000,259.316,0.1,140819,14462.2,8.4,65.47,-1,0.16,-1.25
8/23/2020,1934.599976,3397.159912,11311.7998,1552.47998,1.187366486,105.6650009,22.54000092,184,3505010000,3929290000,3505010000,259.316,0.1,140819,14462.2,8.4,65.47,-1,0.16,-1.25
8/24/2020,1927.699951,3431.280029,11379.71973,1568.469971,1.179801822,105.8769989,22.37000084,85,3743410000,3907310000,3743410000,259.316,0.1,140819,14462.2,8.4,65.47,-1.02,0.14,-1.29
8/25/2020,1911.800049,3443.620117,11466.46973,1571.209961,1.17945385,105.9929962,22.03000069,176,3627650000,3475280000,3627650000,259.316,0.1,140819,14462.2,8.4,65.47,-1.01,0.15,-1.3
8/26/2020,1940.699951,3478.72998,11665.05957,1560.189941,1.183501959,106.4049988,23.27000046,287,3780530000,3471520000,3780530000,259.316,0.1,140819,14462.2,8.4,65.47,-1.03,0.16,-1.35
8/27/2020,1921.599976,3484.550049,11625.33984,1564.560059,1.184272885,105.8560028,24.46999931,2303,3955890000,3547400000,3955890000,259.316,0.1,140819,14462.2,8.4,65.47,-0.99,0.16,-1.34
8/28/2020,1964.599976,3508.01001,11695.62988,1578.339966,1.181963205,106.637001,22.95999908,778,3868510000,3012980000,3868510000,259.316,0.1,140819,14462.2,8.4,65.47,-1.03,0.14,-1.4
8/29/2020,1964.599976,3508.01001,11695.62988,1578.339966,1.181963205,106.637001,22.95999908,778,3868510000,3012980000,3868510000,259.316,0.1,140819,14462.2,8.4,65.47,-1.03,0.14,-1.4
8/30/2020,1964.599976,3508.01001,11695.62988,1578.339966,1.181963205,106.637001,22.95999908,778,3868510000,3012980000,3868510000,259.316,0.1,140819,14462.2,8.4,65.47,-1.03,0.14,-1.4
8/31/2020,1967.599976,3500.310059,11775.45996,1561.880005,1.191824079,105.5350037,26.40999985,158,4348280000,3612050000,4348280000,259.316,0.1,140819,14462.2,8.4,65.47,-1.08,0.14,-1.41
9/1/2020,1968.199951,3526.649902,11939.66992,1578.579956,1.193901539,106.0039978,26.12000084,186,4101490000,3511060000,4101490000,259.997,0.09,141770,14668.1,7.8,80.38,-1.08,0.13,-1.39
9/2/2020,1934.400024,3580.840088,12056.44043,1592.290039,1.19232142,105.8960037,26.56999969,71,4295640000,3982360000,4295640000,259.997,0.09,141770,14668.1,7.8,80.38,-1.07,0.14,-1.35
9/3/2020,1927.599976,3455.060059,11458.09961,1544.680054,1.184735894,106.2080002,33.59999847,179,4911830000,4465010000,4911830000,259.997,0.09,141770,14668.1,7.8,80.38,-1.02,0.13,-1.29
9/4/2020,1923.900024,3426.959961,11313.12988,1535.300049,1.183978438,106.0859985,30.75,607,4438720000,4284440000,4438720000,259.997,0.09,141770,14668.1,7.8,80.38,-0.98,0.14,-1.27
9/5/2020,1923.900024,3426.959961,11313.12988,1535.300049,1.183978438,106.0859985,30.75,607,4438720000,4284440000,4438720000,259.997,0.09,141770,14668.1,7.8,80.38,-0.98,0.14,-1.27
9/6/2020,1923.900024,3426.959961,11313.12988,1535.300049,1.183978438,106.0859985,30.75,607,4438720000,4284440000,4438720000,259.997,0.09,141770,14668.1,7.8,80.38,-0.98,0.14,-1.27
9/7/2020,1923.900024,3426.959961,11313.12988,1535.300049,1.18344593,106.310997,30.75,607,4438720000,4284440000,4438720000,259.997,0.09,141770,14668.1,7.8,80.38,-0.98,0.14,-1.27
9/8/2020,1933,3331.840088,10847.69043,1504.589966,1.182172775,106.3050003,31.45999908,271,4694330000,3905420000,4694330000,259.997,0.09,141770,14668.1,7.8,80.38,-0.99,0.14,-1.27
9/9/2020,1944.699951,3398.959961,11141.55957,1526.47998,1.177024484,105.9680023,28.80999947,219,3932520000,3550660000,3932520000,259.997,0.09,141770,14668.1,7.8,80.38,-1,0.14,-1.29
9/10/2020,1954.199951,3339.189941,10919.58984,1507.75,1.180637598,106.2310028,29.70999908,722,4208630000,3840010000,4208630000,259.997,0.09,141770,14668.1,7.8,80.38,-1.01,0.14,-1.28
9/11/2020,1937.800049,3340.969971,10853.5498,1497.27002,1.182438493,106.1429977,26.87000084,73,3710090000,3630250000,3710090000,259.997,0.09,141770,14668.1,7.8,80.38,-0.98,0.13,-1.27
9/12/2020,1937.800049,3340.969971,10853.5498,1497.27002,1.182438493,106.1429977,26.87000084,73,3710090000,3630250000,3710090000,259.997,0.09,141770,14668.1,7.8,80.38,-0.98,0.13,-1.27
9/13/2020,1937.800049,3340.969971,10853.5498,1497.27002,1.182438493,106.1429977,26.87000084,73,3710090000,3630250000,3710090000,259.997,0.09,141770,14668.1,7.8,80.38,-0.98,0.13,-1.27
9/14/2020,1953.099976,3383.540039,11056.65039,1536.969971,1.184272885,106.1449966,25.85000038,55,3839580000,3737610000,3839580000,259.997,0.09,141770,14668.1,7.8,80.38,-0.97,0.14,-1.27
9/15/2020,1956.300049,3401.199951,11190.32031,1538.150024,1.187000036,105.7149963,25.59000015,74,4057190000,3786110000,4057190000,259.997,0.09,141770,14668.1,7.8,80.38,-0.99,0.14,-1.27
9/16/2020,1960.199951,3385.48999,11050.46973,1552.329956,1.184441209,105.3809967,26.04000092,124,4718900000,3678020000,4718900000,259.997,0.09,141770,14668.1,7.8,80.38,-0.99,0.14,-1.29
9/17/2020,1940,3357.01001,10910.28027,1542.599976,1.180344939,105.0619965,26.45999908,67,4379840000,3740110000,4379840000,259.997,0.09,141770,14668.1,7.8,80.38,-0.97,0.13,-1.29
9/18/2020,1952.099976,3319.469971,10793.28027,1536.780029,1.184820056,104.697998,25.82999992,38,7076400000,5759090000,7076400000,259.997,0.09,141770,14668.1,7.8,80.38,-0.97,0.14,-1.29
9/19/2020,1952.099976,3319.469971,10793.28027,1536.780029,1.184820056,104.697998,25.82999992,38,7076400000,5759090000,7076400000,259.997,0.09,141770,14668.1,7.8,80.38,-0.97,0.14,-1.29
9/20/2020,1952.099976,3319.469971,10793.28027,1536.780029,1.184820056,104.697998,25.82999992,38,7076400000,5759090000,7076400000,259.997,0.09,141770,14668.1,7.8,80.38,-0.97,0.14,-1.29
9/21/2020,1901.199951,3281.060059,10778.7998,1485.25,1.184553385,104.5370026,27.78000069,52,4836070000,3900970000,4836070000,259.997,0.09,141770,14668.1,7.8,80.38,-0.94,0.14,-1.23
9/22/2020,1898.599976,3315.570068,10963.63965,1496.959961,1.176800013,104.6900024,26.86000061,331,3974510000,3515440000,3974510000,259.997,0.09,141770,14668.1,7.8,80.38,-0.94,0.13,-1.23
9/23/2020,1859.900024,3236.919922,10632.99023,1451.459961,1.170836806,105.0339966,28.57999992,5,4378650000,4097320000,4378650000,259.997,0.09,141770,14668.1,7.8,80.38,-0.92,0.14,-1.2
9/24/2020,1868.300049,3246.590088,10672.26953,1451.819946,1.165854454,105.3040009,28.51000023,365,4601920000,4086360000,4601920000,259.997,0.09,141770,14668.1,7.8,80.38,-0.91,0.14,-1.18
9/25/2020,1857.699951,3298.459961,10913.55957,1474.910034,1.167324305,105.4349976,26.37999916,4,3803330000,3785270000,3803330000,259.997,0.09,141770,14668.1,7.8,80.38,-0.92,0.12,-1.17
9/26/2020,1857.699951,3298.459961,10913.55957,1474.910034,1.167324305,105.4349976,26.37999916,4,3803330000,3785270000,3803330000,259.997,0.09,141770,14668.1,7.8,80.38,-0.92,0.12,-1.17
9/27/2020,1857.699951,3298.459961,10913.55957,1474.910034,1.167324305,105.4349976,26.37999916,4,3803330000,3785270000,3803330000,259.997,0.09,141770,14668.1,7.8,80.38,-0.92,0.12,-1.17
9/28/2020,1872.800049,3351.600098,11117.53027,1510.339966,1.16353488,105.5739975,26.19000053,10455,3950910000,3591740000,3950910000,259.997,0.09,141770,14668.1,7.8,80.38,-0.94,0.14,-1.22
9/29/2020,1894.300049,3335.469971,11085.25,1504.72998,1.167883277,105.4329987,26.27000046,3283,3661590000,3389040000,3661590000,259.997,0.09,141770,14668.1,7.8,80.38,-0.98,0.11,-1.25
9/30/2020,1887.5,3363,11167.50977,1507.689941,1.174205065,105.6640015,26.37000084,600,4738640000,4260630000,4738640000,259.997,0.09,141770,14668.1,7.8,80.38,-0.94,0.13,-1.22
10/1/2020,1908.400024,3380.800049,11326.50977,1531.199951,1.172607899,105.4509964,26.70000076,730,4076340000,4005900000,4076340000,260.319,0.09,142461,14725.8,6.9,76.08,-0.95,0.14,-1.21
10/2/2020,1900.199951,3348.419922,11075.01953,1539.300049,1.174494624,105.5429993,27.62999916,530,3975180000,3731510000,3975180000,260.319,0.09,142461,14725.8,6.9,76.08,-0.94,0.13,-1.2
10/3/2020,1900.199951,3348.419922,11075.01953,1539.300049,1.174494624,105.5429993,27.62999916,530,3975180000,3731510000,3975180000,260.319,0.09,142461,14725.8,6.9,76.08,-0.94,0.13,-1.2
10/4/2020,1900.199951,3348.419922,11075.01953,1539.300049,1.174494624,105.5429993,27.62999916,530,3975180000,3731510000,3975180000,260.319,0.09,142461,14725.8,6.9,76.08,-0.94,0.13,-1.2
10/5/2020,1912.5,3408.600098,11332.49023,1581.959961,1.172044396,105.5100021,27.95999908,1360,3692720000,3623920000,3692720000,260.319,0.09,142461,14725.8,6.9,76.08,-0.9,0.14,-1.19
10/6/2020,1901.099976,3360.969971,11154.59961,1577.290039,1.179245353,105.7070007,29.47999954,968,4453390000,4390960000,4453390000,260.319,0.09,142461,14725.8,6.9,76.08,-0.9,0.14,-1.19
10/7/2020,1883.599976,3419.439941,11364.59961,1611.040039,1.17376399,105.6399994,28.05999947,50,3814750000,3910770000,3814750000,260.319,0.09,142461,14725.8,6.9,76.08,-0.9,0.16,-1.19
10/8/2020,1888.599976,3446.830078,11420.98047,1628.550049,1.176747441,105.9649963,26.36000061,348,3867640000,3507570000,3867640000,260.319,0.09,142461,14725.8,6.9,76.08,-0.94,0.13,-1.23
10/9/2020,1919.5,3477.139893,11579.94043,1637.550049,1.176700354,106.0179977,25,580,3944090000,3504230000,3944090000,260.319,0.09,142461,14725.8,6.9,76.08,-0.94,0.16,-1.22
10/10/2020,1919.5,3477.139893,11579.94043,1637.550049,1.176700354,106.0179977,25,580,3944090000,3504230000,3944090000,260.319,0.09,142461,14725.8,6.9,76.08,-0.94,0.16,-1.22
10/11/2020,1919.5,3477.139893,11579.94043,1637.550049,1.176700354,106.0179977,25,580,3944090000,3504230000,3944090000,260.319,0.09,142461,14725.8,6.9,76.08,-0.94,0.16,-1.22
10/12/2020,1922.5,3534.219971,11876.25977,1649.050049,1.181683898,105.6320038,25.06999969,96,3435760000,3885030000,3435760000,260.319,0.09,142461,14725.8,6.9,76.08,-0.94,0.16,-1.22
10/13/2020,1888.5,3511.929932,11863.90039,1636.849976,1.181614041,105.3389969,26.06999969,191,3611100000,3634130000,3611100000,260.319,0.09,142461,14725.8,6.9,76.08,-0.96,0.16,-1.21
10/14/2020,1901.300049,3488.669922,11768.73047,1621.650024,1.174218893,105.4700012,26.39999962,33,3858510000,3410410000,3858510000,260.319,0.09,142461,14725.8,6.9,76.08,-0.96,0.14,-1.22
10/15/2020,1903.199951,3483.340088,11713.87012,1638.880005,1.174398184,105.1389999,26.96999931,254,3724550000,3325270000,3724550000,260.319,0.09,142461,14725.8,6.9,76.08,-0.95,0.14,-1.2
10/16/2020,1900.800049,3483.810059,11671.55957,1633.810059,1.170713425,105.3600006,27.40999985,53,4688030000,3166980000,4688030000,260.319,0.09,142461,14725.8,6.9,76.08,-0.95,0.14,-1.21
10/17/2020,1900.800049,3483.810059,11671.55957,1633.810059,1.170713425,105.3600006,27.40999985,53,4688030000,3166980000,4688030000,260.319,0.09,142461,14725.8,6.9,76.08,-0.95,0.14,-1.21
10/18/2020,1900.800049,3483.810059,11671.55957,1633.810059,1.170713425,105.3600006,27.40999985,53,4688030000,3166980000,4688030000,260.319,0.09,142461,14725.8,6.9,76.08,-0.95,0.14,-1.21
10/19/2020,1906.400024,3426.919922,11478.87988,1613.630005,1.171550155,105.427002,29.18000031,43,4091080000,3477410000,4091080000,260.319,0.09,142461,14725.8,6.9,76.08,-0.93,0.16,-1.19
10/20/2020,1910.400024,3443.120117,11516.49023,1617.709961,1.176885962,105.4700012,29.35000038,329,3917850000,3510040000,3917850000,260.319,0.09,142461,14725.8,6.9,76.08,-0.91,0.14,-1.19
10/21/2020,1924.599976,3435.560059,11484.69043,1603.780029,1.182983994,105.4769974,28.64999962,1202,4103960000,3467310000,4103960000,260.319,0.09,142461,14725.8,6.9,76.08,-0.91,0.14,-1.2
10/22/2020,1901.099976,3453.48999,11506.00977,1630.25,1.185395956,104.6760025,28.11000061,899,4172060000,3434040000,4172060000,260.319,0.09,142461,14725.8,6.9,76.08,-0.89,0.16,-1.3
10/23/2020,1902,3465.389893,11548.28027,1640.5,1.181502461,104.9209976,27.54999924,287,3651600000,3145570000,3651600000,260.319,0.09,142461,14725.8,6.9,76.08,-0.9,0.18,-1.29
10/24/2020,1902,3465.389893,11548.28027,1640.5,1.181502461,104.9209976,27.54999924,287,3651600000,3145570000,3651600000,260.319,0.09,142461,14725.8,6.9,76.08,-0.9,0.18,-1.29
10/25/2020,1902,3465.389893,11548.28027,1640.5,1.181502461,104.9209976,27.54999924,287,3651600000,3145570000,3651600000,260.319,0.09,142461,14725.8,6.9,76.08,-0.9,0.18,-1.29
10/26/2020,1902.699951,3400.969971,11358.94043,1605.209961,1.18484807,104.6829987,32.45999908,242,4002210000,3205100000,4002210000,260.319,0.09,142461,14725.8,6.9,76.08,-0.91,0.16,-1.28
10/27/2020,1908.800049,3390.679932,11431.34961,1590.709961,1.180944324,104.8320007,33.34999847,176,3962400000,3104770000,3962400000,260.319,0.09,142461,14725.8,6.9,76.08,-0.92,0.16,-1.3
10/28/2020,1876.199951,3271.030029,11004.87012,1543.280029,1.178411484,104.5449982,40.27999878,277,5139970000,3930690000,5139970000,260.319,0.09,142461,14725.8,6.9,76.08,-0.91,0.16,-1.27
10/29/2020,1865.599976,3310.110107,11185.58984,1561.579956,1.174867272,104.3150024,37.59000015,240,4911860000,3244190000,4911860000,260.319,0.09,142461,14725.8,6.9,76.08,-0.86,0.16,-1.23
10/30/2020,1877.400024,3269.959961,10911.58984,1538.47998,1.167869568,104.5540009,38.02000046,725,4843930000,3671600000,4843930000,260.319,0.09,142461,14725.8,6.9,76.08,-0.82,0.14,-1.21
10/31/2020,1877.400024,3269.959961,10911.58984,1538.47998,1.167869568,104.5540009,38.02000046,725,4843930000,3671600000,4843930000,260.319,0.09,142461,14725.8,6.9,76.08,-0.82,0.14,-1.21
11/1/2020,1877.400024,3269.959961,10911.58984,1538.47998,1.167869568,104.5540009,38.02000046,725,4843930000,3671600000,4843930000,260.911,0.09,142731,14701.6,6.7,70.07,-0.82,0.14,-1.21
11/2/2020,1890.400024,3310.23999,10957.61035,1568.589966,1.164212108,104.5800018,37.13000107,190,4314690000,3209000000,4314690000,260.911,0.09,142731,14701.6,6.7,70.07,-0.84,0.16,-1.22
11/3/2020,1908.5,3369.159912,11160.57031,1614.300049,1.164279938,104.7249985,35.54999924,712,4241380000,3216580000,4241380000,260.911,0.09,142731,14701.6,6.7,70.07,-0.82,0.17,-1.23
11/4/2020,1894.599976,3443.439941,11590.78027,1615.079956,1.17622149,104.5459976,29.56999969,782,4790400000,3620760000,4790400000,260.911,0.09,142731,14701.6,6.7,70.07,-0.86,0.14,-1.23
11/5/2020,1945.300049,3510.449951,11890.92969,1660.050049,1.173268199,104.4380035,27.57999992,135,4858150000,3848160000,4858150000,260.911,0.09,142731,14701.6,6.7,70.07,-0.87,0.14,-1.22
11/6/2020,1950.300049,3509.439941,11895.23047,1648.26001,1.181753755,103.6029968,24.86000061,304,4842460000,4183220000,4842460000,260.911,0.09,142731,14701.6,6.7,70.07,-0.82,0.16,-1.18
11/7/2020,1950.300049,3509.439941,11895.23047,1648.26001,1.181753755,103.6029968,24.86000061,304,4842460000,4183220000,4842460000,260.911,0.09,142731,14701.6,6.7,70.07,-0.82,0.16,-1.18
11/8/2020,1950.300049,3509.439941,11895.23047,1648.26001,1.181753755,103.6029968,24.86000061,304,4842460000,4183220000,4842460000,260.911,0.09,142731,14701.6,6.7,70.07,-0.82,0.16,-1.18
11/9/2020,1853.199951,3550.5,11713.78027,1705.040039,1.189301014,103.2529984,25.75,745,8570510000,5863900000,8570510000,260.911,0.09,142731,14701.6,6.7,70.07,-0.77,0.17,-1.19
11/10/2020,1875.400024,3545.530029,11553.86035,1737.01001,1.182732105,105.137001,24.79999924,276,6037470000,4736560000,6037470000,260.911,0.09,142731,14701.6,6.7,70.07,-0.78,0.19,-1.23
11/11/2020,1860.699951,3572.659912,11786.42969,1736.939941,1.181879401,105.2600021,23.45000076,222,4635560000,3854680000,4635560000,260.911,0.09,142731,14701.6,6.7,70.07,-0.78,0.19,-1.23
11/12/2020,1872.599976,3537.01001,11709.58984,1708.469971,1.178029776,105.4150009,25.35000038,220,4909660000,3886670000,4909660000,260.911,0.09,142731,14701.6,6.7,70.07,-0.83,0.17,-1.23
11/13/2020,1885.699951,3585.149902,11829.29004,1744.040039,1.180339336,105.0899963,23.10000038,240,4719580000,3654230000,4719580000,260.911,0.09,142731,14701.6,6.7,70.07,-0.83,0.17,-1.23
11/14/2020,1885.699951,3585.149902,11829.29004,1744.040039,1.180339336,105.0899963,23.10000038,240,4719580000,3654230000,4719580000,260.911,0.09,142731,14701.6,6.7,70.07,-0.83,0.17,-1.23
11/15/2020,1885.699951,3585.149902,11829.29004,1744.040039,1.180339336,105.0899963,23.10000038,240,4719580000,3654230000,4719580000,260.911,0.09,142731,14701.6,6.7,70.07,-0.83,0.17,-1.23
11/16/2020,1887.300049,3626.909912,11924.12988,1785.339966,1.184525371,104.6760025,22.45000076,6,5295510000,4172570000,5295510000,260.911,0.09,142731,14701.6,6.7,70.07,-0.81,0.19,-1.23
11/17/2020,1884.5,3609.530029,11899.33984,1791.910034,1.1859442,104.5410004,22.70999908,59,4812180000,4145030000,4812180000,260.911,0.09,142731,14701.6,6.7,70.07,-0.83,0.18,-1.24
11/18/2020,1873.5,3567.790039,11801.59961,1769.319946,1.18636632,104.1809998,23.84000015,152,5284810000,4731420000,5284810000,260.911,0.09,142731,14701.6,6.7,70.07,-0.82,0.16,-1.23
11/19/2020,1861.099976,3581.870117,11904.70996,1784.130005,1.184763908,103.8939972,23.11000061,59,4363370000,5385190000,4363370000,260.911,0.09,142731,14701.6,6.7,70.07,-0.84,0.18,-1.23
11/20/2020,1872.599976,3557.540039,11854.96973,1785.339966,1.186647773,103.8249969,23.70000076,1900,4236370000,5350970000,4236370000,260.911,0.09,142731,14701.6,6.7,70.07,-0.86,0.16,-1.23
11/21/2020,1872.599976,3557.540039,11854.96973,1785.339966,1.186647773,103.8249969,23.70000076,1900,4236370000,5350970000,4236370000,260.911,0.09,142731,14701.6,6.7,70.07,-0.86,0.16,-1.23
11/22/2020,1872.599976,3557.540039,11854.96973,1785.339966,1.186647773,103.8249969,23.70000076,1900,4236370000,5350970000,4236370000,260.911,0.09,142731,14701.6,6.7,70.07,-0.86,0.16,-1.23
11/23/2020,1837.800049,3577.590088,11880.62988,1818.300049,1.186647773,103.8170013,22.65999985,843,5057550000,5473250000,5057550000,260.911,0.09,142731,14701.6,6.7,70.07,-0.85,0.16,-1.23
11/24/2020,1804.800049,3635.409912,12036.79004,1853.530029,1.184272885,104.5250015,21.63999939,1041,6280290000,6339580000,6280290000,260.911,0.09,142731,14701.6,6.7,70.07,-0.86,0.16,-1.26
11/25/2020,1805.699951,3629.649902,12094.40039,1845.02002,1.190051198,104.5130005,21.25,205754,4910440000,4448640000,4910440000,260.911,0.09,142731,14701.6,6.7,70.07,-0.87,0.17,-1.28
11/26/2020,1805.699951,3629.649902,12094.40039,1845.02002,1.19200027,104.4000015,21.25,205754,4910440000,4448640000,4910440000,260.911,0.09,142731,14701.6,6.7,70.07,-0.87,0.17,-1.28
11/27/2020,1781.900024,3638.350098,12205.84961,1855.27002,1.191599727,104.2419968,20.84000015,71804,2778390000,3401830000,2778390000,260.911,0.09,142731,14701.6,6.7,70.07,-0.91,0.16,-1.3
11/28/2020,1781.900024,3638.350098,12205.84961,1855.27002,1.191599727,104.2419968,20.84000015,71804,2778390000,3401830000,2778390000,260.911,0.09,142731,14701.6,6.7,70.07,-0.91,0.16,-1.3
11/29/2020,1781.900024,3638.350098,12205.84961,1855.27002,1.191599727,104.2419968,20.84000015,71804,2778390000,3401830000,2778390000,260.911,0.09,142731,14701.6,6.7,70.07,-0.91,0.16,-1.3
11/30/2020,1775.699951,3621.629883,12198.74023,1819.819946,1.197146058,104.0820007,20.56999969,3145,6308410000,7760390000,6308410000,260.911,0.09,142731,14701.6,6.7,70.07,-0.93,0.16,-1.32
12/1/2020,1814.099976,3662.449951,12355.11035,1836.050049,1.193816066,104.2990036,20.77000046,1859,5418480000,6512420000,5418480000,262.045,0.09,142548,14822,6.7,64.07,-0.89,0.17,-1.3
12/2/2020,1825.699951,3669.01001,12349.37012,1838.030029,1.207437873,104.3089981,21.17000008,771,5041250000,5194960000,5041250000,262.045,0.09,142548,14822,6.7,64.07,-0.9,0.16,-1.34
12/3/2020,1836.800049,3666.719971,12377.17969,1848.699951,1.211460352,104.4580002,21.28000069,1765,5065340000,5209980000,5065340000,262.045,0.09,142548,14822,6.7,64.07,-0.94,0.16,-1.38
12/4/2020,1835.900024,3699.120117,12464.23047,1892.449951,1.214565039,103.822998,20.79000092,1213,5099620000,5086900000,5099620000,262.045,0.09,142548,14822,6.7,64.07,-0.92,0.16,-1.41
12/5/2020,1835.900024,3699.120117,12464.23047,1892.449951,1.214565039,103.822998,20.79000092,1213,5099620000,5086900000,5099620000,262.045,0.09,142548,14822,6.7,64.07,-0.92,0.16,-1.41
12/6/2020,1835.900024,3699.120117,12464.23047,1892.449951,1.214565039,103.822998,20.79000092,1213,5099620000,5086900000,5099620000,262.045,0.09,142548,14822,6.7,64.07,-0.92,0.16,-1.41
12/7/2020,1861.800049,3691.959961,12519.9502,1891.25,1.212135911,104.197998,21.29999924,1427,4804500000,4771820000,4804500000,262.045,0.09,142548,14822,6.7,64.07,-0.94,0.14,-1.44
12/8/2020,1870.800049,3702.25,12582.76953,1917.780029,1.211313605,103.9980011,20.68000031,121,4584390000,4809480000,4584390000,262.045,0.09,142548,14822,6.7,64.07,-0.97,0.14,-1.45
12/9/2020,1834.599976,3672.820068,12338.9502,1902.150024,1.211093664,104.1350021,22.27000046,215,5232800000,5168450000,5232800000,262.045,0.09,142548,14822,6.7,64.07,-0.96,0.16,-1.43
12/10/2020,1833.599976,3668.100098,12405.80957,1922.699951,1.207875371,104.2720032,22.52000046,177,4658480000,4518580000,4658480000,262.045,0.09,142548,14822,6.7,64.07,-0.96,0.14,-1.44
12/11/2020,1839.800049,3663.459961,12377.87012,1911.699951,1.214429379,104.1819992,23.30999947,109,4375470000,4292680000,4375470000,262.045,0.09,142548,14822,6.7,64.07,-0.97,0.11,-1.45
12/12/2020,1839.800049,3663.459961,12377.87012,1911.699951,1.214429379,104.1819992,23.30999947,109,4375470000,4292680000,4375470000,262.045,0.09,142548,14822,6.7,64.07,-0.97,0.11,-1.45
12/13/2020,1839.800049,3663.459961,12377.87012,1911.699951,1.214429379,104.1819992,23.30999947,109,4375470000,4292680000,4375470000,262.045,0.09,142548,14822,6.7,64.07,-0.97,0.11,-1.45
12/14/2020,1828.699951,3647.48999,12440.04004,1913.859985,1.213340402,103.939003,24.71999931,258,4623850000,4491930000,4623850000,262.045,0.09,142548,14822,6.7,64.07,-0.98,0.13,-1.47
12/15/2020,1852.300049,3694.620117,12595.05957,1959.76001,1.214889646,104.0100021,22.88999939,961,4387080000,4423650000,4387080000,262.045,0.09,142548,14822,6.7,64.07,-0.99,0.11,-1.49
12/16/2020,1856.099976,3701.169922,12658.19043,1952.719971,1.21543014,103.6340027,22.5,1090,4067040000,4592700000,4067040000,262.045,0.09,142548,14822,6.7,64.07,-1,0.13,-1.53
12/17/2020,1887.199951,3722.47998,12764.75,1978.050049,1.219958544,103.4749985,21.93000031,414,4192810000,5029830000,4192810000,262.045,0.09,142548,14822,6.7,64.07,-1,0.13,-1.52
12/18/2020,1885.699951,3709.409912,12755.63965,1969.98999,1.226271629,103.1309967,21.56999969,276,7097100000,7125800000,7097100000,262.045,0.09,142548,14822,6.7,64.07,-1,0.13,-1.53
12/19/2020,1885.699951,3709.409912,12755.63965,1969.98999,1.226271629,103.1309967,21.56999969,276,7097100000,7125800000,7097100000,262.045,0.09,142548,14822,6.7,64.07,-1,0.13,-1.53
12/20/2020,1885.699951,3709.409912,12755.63965,1969.98999,1.226271629,103.1309967,21.56999969,276,7097100000,7125800000,7097100000,262.045,0.09,142548,14822,6.7,64.07,-1,0.13,-1.53
12/21/2020,1879.199951,3694.919922,12742.51953,1970.329956,1.221612811,103.4570007,25.15999985,136,4748580000,5192860000,4748580000,262.045,0.09,142548,14822,6.7,64.07,-1,0.13,-1.51
12/22/2020,1866.599976,3687.26001,12807.91992,1989.880005,1.223690629,103.3399963,24.22999954,233,4053310000,5811850000,4053310000,262.045,0.09,142548,14822,6.7,64.07,-1.01,0.13,-1.55
12/23/2020,1874.699951,3690.01001,12771.11035,2007.099976,1.218665123,103.5339966,23.30999947,82,3779160000,7100250000,3779160000,262.045,0.09,142548,14822,6.7,64.07,-1.01,0.13,-1.55
12/24/2020,1879.900024,3703.060059,12804.73047,2003.949951,1.21914053,103.552002,21.53000069,46,1883780000,3305960000,1883780000,262.045,0.09,142548,14822,6.7,64.07,-1.03,0.13,-1.55
12/25/2020,1879.900024,3703.060059,12804.73047,2003.949951,1.218472004,103.6529999,21.53000069,46,1883780000,3305960000,1883780000,262.045,0.09,142548,14822,6.7,64.07,-1.03,0.13,-1.55
12/26/2020,1879.900024,3703.060059,12804.73047,2003.949951,1.218472004,103.6529999,21.53000069,46,1883780000,3305960000,1883780000,262.045,0.09,142548,14822,6.7,64.07,-1.03,0.13,-1.55
12/27/2020,1879.900024,3703.060059,12804.73047,2003.949951,1.218472004,103.6529999,21.53000069,46,1883780000,3305960000,1883780000,262.045,0.09,142548,14822,6.7,64.07,-1.03,0.13,-1.55
12/28/2020,1877.199951,3735.360107,12899.41992,1996.25,1.220509529,103.5329971,21.70000076,75,3535460000,5109140000,3535460000,262.045,0.09,142548,14822,6.7,64.07,-1.03,0.13,-1.54
12/29/2020,1879.699951,3727.040039,12850.21973,1959.359985,1.222344518,103.689003,23.07999992,343,3393290000,4726920000,3393290000,262.045,0.09,142548,14822,6.7,64.07,-1.02,0.12,-1.53
12/30/2020,1891,3732.040039,12870,1979.98999,1.225295067,103.5589981,22.77000046,444,3154850000,5343010000,3154850000,262.045,0.09,142548,14822,6.7,64.07,-1.03,0.12,-1.55
12/31/2020,1893.099976,3756.070068,12888.28027,1974.859985,1.229989648,103.1210022,22.75,127,3179040000,4815840000,3179040000,262.045,0.09,142548,14822,6.7,64.07,-1.06,0.13,-1.59
1/1/2021,1893.099976,3756.070068,12888.28027,1974.859985,1.218026876,103.2259979,22.75,127,3179040000,4815840000,3179040000,262.639,0.09,142913,15073,6.4,77.42,-1.06,0.13,-1.59
1/2/2021,1893.099976,3756.070068,12888.28027,1974.859985,1.218026876,103.2259979,22.75,127,3179040000,4815840000,3179040000,262.639,0.09,142913,15073,6.4,77.42,-1.06,0.13,-1.59
1/3/2021,1893.099976,3756.070068,12888.28027,1974.859985,1.218026876,103.2259979,22.75,127,3179040000,4815840000,3179040000,262.639,0.09,142913,15073,6.4,77.42,-1.06,0.13,-1.59
1/4/2021,1944.699951,3700.649902,12698.4502,1945.910034,1.225069761,103.2389984,26.96999931,154,5015000000,6636170000,5015000000,262.639,0.09,142913,15073,6.4,77.42,-1.08,0.11,-1.62
1/5/2021,1952.699951,3726.860107,12818.95996,1979.109985,1.225159883,103.125,25.34000015,113,4591020000,6971860000,4591020000,262.639,0.09,142913,15073,6.4,77.42,-1.07,0.13,-1.63
1/6/2021,1906.900024,3748.139893,12740.79004,2057.919922,1.230027437,102.6780014,25.06999969,331,6064110000,7689880000,6064110000,262.639,0.09,142913,15073,6.4,77.42,-1.02,0.14,-1.61
1/7/2021,1912.300049,3803.790039,13067.48047,2096.889893,1.234110832,103.0240021,22.37000084,122,5099160000,6841480000,5099160000,262.639,0.09,142913,15073,6.4,77.42,-1.01,0.14,-1.63
1/8/2021,1834.099976,3824.679932,13201.98047,2091.659912,1.22714448,103.7900009,21.55999947,60,4773040000,7289390000,4773040000,262.639,0.09,142913,15073,6.4,77.42,-0.93,0.14,-1.58
1/9/2021,1834.099976,3824.679932,13201.98047,2091.659912,1.22714448,103.7900009,21.55999947,60,4773040000,7289390000,4773040000,262.639,0.09,142913,15073,6.4,77.42,-0.93,0.14,-1.58
1/10/2021,1834.099976,3824.679932,13201.98047,2091.659912,1.22714448,103.7900009,21.55999947,60,4773040000,7289390000,4773040000,262.639,0.09,142913,15073,6.4,77.42,-0.93,0.14,-1.58
1/11/2021,1849.599976,3799.610107,13036.42969,2091.01001,1.218620539,104.0910034,24.07999992,20,4465430000,6960470000,4465430000,262.639,0.09,142913,15073,6.4,77.42,-0.91,0.14,-1.54
1/12/2021,1842.900024,3801.189941,13072.42969,2127.959961,1.216070175,104.1279984,23.32999992,176,4994950000,7264070000,4994950000,262.639,0.09,142913,15073,6.4,77.42,-0.93,0.14,-1.56
1/13/2021,1853.599976,3809.840088,13128.9502,2111.969971,1.220889449,103.7519989,22.20999908,189,4602510000,7104810000,4602510000,262.639,0.09,142913,15073,6.4,77.42,-0.96,0.14,-1.56
1/14/2021,1850.300049,3795.540039,13112.63965,2155.350098,1.216249108,103.836998,23.25,149,5198480000,6734100000,5198480000,262.639,0.09,142913,15073,6.4,77.42,-0.94,0.16,-1.6
1/15/2021,1829.300049,3768.25,12998.5,2123.199951,1.215125918,103.8280029,24.34000015,31,5369820000,6458360000,5369820000,262.639,0.09,142913,15073,6.4,77.42,-0.99,0.13,-1.63
1/16/2021,1829.300049,3768.25,12998.5,2123.199951,1.215125918,103.8280029,24.34000015,31,5369820000,6458360000,5369820000,262.639,0.09,142913,15073,6.4,77.42,-0.99,0.13,-1.63
1/17/2021,1829.300049,3768.25,12998.5,2123.199951,1.215125918,103.8280029,24.34000015,31,5369820000,6458360000,5369820000,262.639,0.09,142913,15073,6.4,77.42,-0.99,0.13,-1.63
1/18/2021,1829.300049,3768.25,12998.5,2123.199951,1.206811309,103.9079971,24.34000015,31,5369820000,6458360000,5369820000,262.639,0.09,142913,15073,6.4,77.42,-0.99,0.13,-1.63
1/19/2021,1839.5,3798.909912,13197.17969,2151.139893,1.207729459,103.7030029,23.23999977,13,5014440000,6297860000,5014440000,262.639,0.09,142913,15073,6.4,77.42,-1,0.14,-1.67
1/20/2021,1865.900024,3851.850098,13457.25,2160.620117,1.213886857,103.8970032,21.57999992,16,4566190000,6820990000,4566190000,262.639,0.09,142913,15073,6.4,77.42,-1.02,0.13,-1.7
1/21/2021,1865.300049,3853.070068,13530.91016,2141.419922,1.21156311,103.5550003,21.31999969,6,4501760000,7258640000,4501760000,262.639,0.09,142913,15073,6.4,77.42,-0.98,0.13,-1.73
1/22/2021,1855.699951,3841.469971,13543.05957,2168.76001,1.216629386,103.5059967,21.90999985,8,5110890000,5972750000,5110890000,262.639,0.09,142913,15073,6.4,77.42,-0.99,0.13,-1.72
1/23/2021,1855.699951,3841.469971,13543.05957,2168.76001,1.216629386,103.5059967,21.90999985,8,5110890000,5972750000,5110890000,262.639,0.09,142913,15073,6.4,77.42,-0.99,0.13,-1.72
1/24/2021,1855.699951,3841.469971,13543.05957,2168.76001,1.216629386,103.5059967,21.90999985,8,5110890000,5972750000,5110890000,262.639,0.09,142913,15073,6.4,77.42,-0.99,0.13,-1.72
1/25/2021,1854.900024,3855.360107,13635.99023,2163.27002,1.216944695,103.7770004,23.19000053,26,7000840000,7193710000,7000840000,262.639,0.09,142913,15073,6.4,77.42,-1.03,0.13,-1.73
1/26/2021,1850.699951,3849.620117,13626.05957,2149.860107,1.214624047,103.7600021,23.02000046,59,6137500000,6849600000,6137500000,262.639,0.09,142913,15073,6.4,77.42,-1.03,0.11,-1.73
1/27/2021,1844.900024,3750.77002,13270.59961,2108.699951,1.216299295,103.6029968,37.20999908,195540,9976520000,11621190000,9976520000,262.639,0.09,142913,15073,6.4,77.42,-1.04,0.12,-1.74
1/28/2021,1837.900024,3787.379883,13337.16016,2106.610107,1.210507274,104.1429977,30.20999908,27283,6992770000,9959270000,6992770000,262.639,0.09,142913,15073,6.4,77.42,-1.06,0.12,-1.76
1/29/2021,1847.300049,3714.23999,13070.69043,2073.639893,1.212003708,104.2910004,33.09000015,1634,6643370000,7872250000,6643370000,262.639,0.09,142913,15073,6.4,77.42,-1.02,0.11,-1.76
1/30/2021,1847.300049,3714.23999,13070.69043,2073.639893,1.212003708,104.2910004,33.09000015,1634,6643370000,7872250000,6643370000,262.639,0.09,142913,15073,6.4,77.42,-1.02,0.11,-1.76
1/31/2021,1847.300049,3714.23999,13070.69043,2073.639893,1.212003708,104.2910004,33.09000015,1634,6643370000,7872250000,6643370000,262.639,0.09,142913,15073,6.4,77.42,-1.02,0.11,-1.76
2/1/2021,1860.800049,3773.860107,13403.38965,2126.159912,1.212385774,104.685997,30.23999977,1494,5436230000,7092520000,5436230000,263.573,0.08,143422,14983.5,6.2,73.96,-1.02,0.11,-1.76
2/2/2021,1830.5,3826.310059,13612.78027,2151.439941,1.206869483,104.8809967,25.55999947,1293,5514090000,7325270000,5514090000,263.573,0.08,143422,14983.5,6.2,73.96,-1.03,0.11,-1.78
2/3/2021,1832.199951,3830.169922,13610.54004,2159.699951,1.203905463,105.0279999,22.90999985,1195,4864870000,7546940000,4864870000,263.573,0.08,143422,14983.5,6.2,73.96,-1.04,0.11,-1.81
2/4/2021,1788.900024,3871.73999,13777.74023,2202.419922,1.204238892,104.9950027,21.77000046,2375,4879240000,7295370000,4879240000,263.573,0.08,143422,14983.5,6.2,73.96,-1.02,0.11,-1.79
2/5/2021,1810.900024,3886.830078,13856.2998,2233.330078,1.196673155,105.5719986,20.87000084,1278,4879470000,6792910000,4879470000,263.573,0.08,143422,14983.5,6.2,73.96,-1.02,0.09,-1.81
2/6/2021,1810.900024,3886.830078,13856.2998,2233.330078,1.196673155,105.5719986,20.87000084,1278,4879470000,6792910000,4879470000,263.573,0.08,143422,14983.5,6.2,73.96,-1.02,0.09,-1.81
2/7/2021,1810.900024,3886.830078,13856.2998,2233.330078,1.196673155,105.5719986,20.87000084,1278,4879470000,6792910000,4879470000,263.573,0.08,143422,14983.5,6.2,73.96,-1.02,0.09,-1.81
2/8/2021,1831.900024,3915.590088,13987.63965,2289.76001,1.204877377,105.4000015,21.23999977,254,4648360000,8564530000,4648360000,263.573,0.08,143422,14983.5,6.2,73.96,-1.03,0.11,-1.83
2/9/2021,1835.300049,3911.22998,14007.7002,2299,1.205359578,105.2099991,21.62999916,184,4568320000,8766770000,4568320000,263.573,0.08,143422,14983.5,6.2,73.96,-1.04,0.11,-1.83
2/10/2021,1840.599976,3909.879883,13972.53027,2282.439941,1.211999297,104.5749969,21.98999977,543,4837070000,10785930000,4837070000,263.573,0.08,143422,14983.5,6.2,73.96,-1.06,0.11,-1.85
2/11/2021,1824.900024,3916.379883,14025.76953,2285.320068,1.212121248,104.6149979,21.25,602,4590960000,10916780000,4590960000,263.573,0.08,143422,14983.5,6.2,73.96,-1.04,0.11,-1.86
2/12/2021,1821.599976,3934.830078,14095.46973,2289.360107,1.21315062,104.7409973,19.96999931,259,4135060000,7416940000,4135060000,263.573,0.08,143422,14983.5,6.2,73.96,-1.01,0.11,-1.85
2/13/2021,1821.599976,3934.830078,14095.46973,2289.360107,1.21315062,104.7409973,19.96999931,259,4135060000,7416940000,4135060000,263.573,0.08,143422,14983.5,6.2,73.96,-1.01,0.11,-1.85
2/14/2021,1821.599976,3934.830078,14095.46973,2289.360107,1.21315062,104.7409973,19.96999931,259,4135060000,7416940000,4135060000,263.573,0.08,143422,14983.5,6.2,73.96,-1.01,0.11,-1.85
2/15/2021,1821.599976,3934.830078,14095.46973,2289.360107,1.212209344,105.0589981,19.96999931,259,4135060000,7416940000,4135060000,263.573,0.08,143422,14983.5,6.2,73.96,-1.01,0.11,-1.85
2/16/2021,1797.199951,3932.590088,14047.5,2272.889893,1.213219643,105.387001,21.45999908,1141,5058990000,7722100000,5058990000,263.573,0.08,143422,14983.5,6.2,73.96,-0.94,0.13,-1.8
2/17/2021,1771.099976,3931.330078,13965.49023,2256.110107,1.209248304,106.1029968,21.5,614,4730650000,7280500000,4730650000,263.573,0.08,143422,14983.5,6.2,73.96,-0.92,0.11,-1.78
2/18/2021,1773.400024,3913.969971,13865.36035,2218.389893,1.204800487,105.8610001,22.48999977,587,4793650000,6499420000,4793650000,263.573,0.08,143422,14983.5,6.2,73.96,-0.87,0.11,-1.73
2/19/2021,1775.800049,3906.709961,13874.45996,2266.689941,1.209189773,105.6520004,22.04999924,118,4845320000,6737820000,4845320000,263.573,0.08,143422,14983.5,6.2,73.96,-0.8,0.11,-1.7
2/20/2021,1775.800049,3906.709961,13874.45996,2266.689941,1.209189773,105.6520004,22.04999924,118,4845320000,6737820000,4845320000,263.573,0.08,143422,14983.5,6.2,73.96,-0.8,0.11,-1.7
2/21/2021,1775.800049,3906.709961,13874.45996,2266.689941,1.209189773,105.6520004,22.04999924,118,4845320000,6737820000,4845320000,263.573,0.08,143422,14983.5,6.2,73.96,-0.8,0.11,-1.7
2/22/2021,1806.699951,3876.5,13533.0498,2251.070068,1.212635636,105.5139999,23.45000076,165,5917100000,6483740000,5917100000,263.573,0.08,143422,14983.5,6.2,73.96,-0.79,0.11,-1.74
2/23/2021,1804.400024,3881.370117,13465.2002,2231.310059,1.216679692,104.9840012,23.11000061,569,6296610000,7516510000,6296610000,263.573,0.08,143422,14983.5,6.2,73.96,-0.79,0.11,-1.76
2/24/2021,1796.400024,3925.429932,13597.96973,2284.379883,1.215214491,105.2829971,21.34000015,1500,6012790000,5886230000,6012790000,263.573,0.08,143422,14983.5,6.2,73.96,-0.79,0.12,-1.76
2/25/2021,1774.400024,3829.340088,13119.42969,2200.169922,1.217137218,105.9440002,28.88999939,1049,6547470000,6390380000,6547470000,263.573,0.08,143422,14983.5,6.2,73.96,-0.6,0.17,-1.53
2/26/2021,1728.099976,3811.149902,13192.34961,2201.050049,1.216042042,106.3789978,27.95000076,1593,6526070000,5906110000,6526070000,263.573,0.08,143422,14983.5,6.2,73.96,-0.71,0.14,-1.64
2/27/2021,1728.099976,3811.149902,13192.34961,2201.050049,1.216042042,106.3789978,27.95000076,1593,6526070000,5906110000,6526070000,263.573,0.08,143422,14983.5,6.2,73.96,-0.71,0.14,-1.64
2/28/2021,1728.099976,3811.149902,13192.34961,2201.050049,1.216042042,106.3789978,27.95000076,1593,6526070000,5906110000,6526070000,263.573,0.08,143422,14983.5,6.2,73.96,-0.71,0.14,-1.64
3/1/2021,1722.5,3901.820068,13588.83008,2275.320068,1.208956003,106.5029984,23.35000038,407,5114820000,5079530000,5114820000,264.847,0.07,144246,15709.7,6.1,78.62,-0.71,0.13,-1.69
3/2/2021,1733.099976,3870.290039,13358.79004,2231.51001,1.205109596,106.8509979,24.10000038,867,5536010000,4948140000,5536010000,264.847,0.07,144246,15709.7,6.1,78.62,-0.78,0.13,-1.76
3/3/2021,1715.300049,3819.719971,12997.75,2207.790039,1.208546758,106.7580032,26.67000008,501,6173660000,5529980000,6173660000,264.847,0.07,144246,15709.7,6.1,78.62,-0.74,0.14,-1.72
3/4/2021,1700.199951,3768.469971,12723.46973,2146.919922,1.205066085,107.0579987,28.56999969,521,7195400000,7864380000,7195400000,264.847,0.07,144246,15709.7,6.1,78.62,-0.66,0.14,-1.66
3/5/2021,1698,3841.939941,12920.15039,2192.209961,1.196773529,107.9550018,24.65999985,302,6851070000,7725200000,6851070000,264.847,0.07,144246,15709.7,6.1,78.62,-0.66,0.14,-1.64
3/6/2021,1698,3841.939941,12920.15039,2192.209961,1.196773529,107.9550018,24.65999985,302,6851070000,7725200000,6851070000,264.847,0.07,144246,15709.7,6.1,78.62,-0.66,0.14,-1.64
3/7/2021,1698,3841.939941,12920.15039,2192.209961,1.196773529,107.9550018,24.65999985,302,6851070000,7725200000,6851070000,264.847,0.07,144246,15709.7,6.1,78.62,-0.66,0.14,-1.64
3/8/2021,1677.699951,3821.350098,12609.16016,2202.97998,1.192563176,108.4189987,25.46999931,1290,5871710000,6010230000,5871710000,264.847,0.07,144246,15709.7,6.1,78.62,-0.62,0.17,-1.56
3/9/2021,1716.599976,3875.439941,13073.82031,2245.060059,1.185171127,108.939003,24.03000069,335,5513560000,6345560000,5513560000,264.847,0.07,144246,15709.7,6.1,78.62,-0.66,0.17,-1.58
3/10/2021,1721.5,3898.810059,13068.83008,2285.679932,1.189790606,108.5770035,22.55999947,412,5847380000,6023880000,5847380000,264.847,0.07,144246,15709.7,6.1,78.62,-0.73,0.16,-1.67
3/11/2021,1722.300049,3939.340088,13398.66992,2338.540039,1.192605853,108.4319992,21.90999985,18,5312880000,6008850000,5312880000,264.847,0.07,144246,15709.7,6.1,78.62,-0.74,0.14,-1.73
3/12/2021,1719.5,3943.340088,13319.86035,2352.790039,1.198609591,108.5550003,20.69000053,80,4476280000,5497210000,4476280000,264.847,0.07,144246,15709.7,6.1,78.62,-0.62,0.14,-1.66
3/13/2021,1719.5,3943.340088,13319.86035,2352.790039,1.198609591,108.5550003,20.69000053,80,4476280000,5497210000,4476280000,264.847,0.07,144246,15709.7,6.1,78.62,-0.62,0.14,-1.66
3/14/2021,1719.5,3943.340088,13319.86035,2352.790039,1.198609591,108.5550003,20.69000053,80,4476280000,5497210000,4476280000,264.847,0.07,144246,15709.7,6.1,78.62,-0.62,0.14,-1.66
3/15/2021,1728.900024,3968.939941,13459.70996,2360.169922,1.195000052,109.1169968,20.03000069,147,4900100000,5972370000,4900100000,264.847,0.07,144246,15709.7,6.1,78.62,-0.65,0.14,-1.7
3/16/2021,1730.599976,3962.709961,13471.57031,2319.52002,1.192577362,109.1340027,19.79000092,729,4613080000,5493890000,4613080000,264.847,0.07,144246,15709.7,6.1,78.62,-0.68,0.15,-1.76
3/17/2021,1726.800049,3974.120117,13525.2002,2336.389893,1.190164566,109.0289993,19.22999954,488,4561660000,5536110000,4561660000,264.847,0.07,144246,15709.7,6.1,78.62,-0.67,0.13,-1.78
3/18/2021,1732.199951,3915.459961,13116.16992,2267.590088,1.198279262,108.8909988,21.57999992,138,5118590000,5739720000,5118590000,264.847,0.07,144246,15709.7,6.1,78.62,-0.56,0.16,-1.64
3/19/2021,1741.400024,3913.100098,13215.24023,2287.550049,1.191824079,108.9309998,20.95000076,13,7757420000,7630590000,7757420000,264.847,0.07,144246,15709.7,6.1,78.62,-0.57,0.16,-1.61
3/20/2021,1741.400024,3913.100098,13215.24023,2287.550049,1.191824079,108.9309998,20.95000076,13,7757420000,7630590000,7757420000,264.847,0.07,144246,15709.7,6.1,78.62,-0.57,0.16,-1.61
3/21/2021,1741.400024,3913.100098,13215.24023,2287.550049,1.191824079,108.9309998,20.95000076,13,7757420000,7630590000,7757420000,264.847,0.07,144246,15709.7,6.1,78.62,-0.57,0.16,-1.61
3/22/2021,1737.800049,3940.590088,13377.54004,2266.840088,1.188311696,108.8710022,18.87999916,51,4316260000,5321760000,4316260000,264.847,0.07,144246,15709.7,6.1,78.62,-0.64,0.15,-1.64
3/23/2021,1724.699951,3910.52002,13227.7002,2185.689941,1.193303108,108.776001,20.29999924,6,4669010000,5675010000,4669010000,264.847,0.07,144246,15709.7,6.1,78.62,-0.66,0.15,-1.65
3/24/2021,1732.900024,3889.139893,12961.88965,2134.27002,1.184020519,108.5199966,21.20000076,26,4783020000,6248650000,4783020000,264.847,0.07,144246,15709.7,6.1,78.62,-0.69,0.14,-1.7
3/25/2021,1724.900024,3909.52002,12977.67969,2183.120117,1.181306958,108.7900009,19.80999947,15,4948340000,5634290000,4948340000,264.847,0.07,144246,15709.7,6.1,78.62,-0.69,0.14,-1.72
3/26/2021,1732.199951,3974.540039,13138.73047,2221.47998,1.177662134,109.1790009,18.86000061,33,5483160000,5224360000,5483160000,264.847,0.07,144246,15709.7,6.1,78.62,-0.67,0.14,-1.72
3/27/2021,1732.199951,3974.540039,13138.73047,2221.47998,1.177662134,109.1790009,18.86000061,33,5483160000,5224360000,5483160000,264.847,0.07,144246,15709.7,6.1,78.62,-0.67,0.14,-1.72
3/28/2021,1732.199951,3974.540039,13138.73047,2221.47998,1.177662134,109.1790009,18.86000061,33,5483160000,5224360000,5483160000,264.847,0.07,144246,15709.7,6.1,78.62,-0.67,0.14,-1.72
3/29/2021,1712.099976,3971.090088,13059.65039,2158.679932,1.178800464,109.7910004,20.73999977,135457,4628180000,4965090000,4628180000,264.847,0.07,144246,15709.7,6.1,78.62,-0.63,0.14,-1.67
3/30/2021,1683.900024,3958.550049,13045.38965,2195.800049,1.177100658,109.8359985,19.61000061,25316,4121510000,4721950000,4121510000,264.847,0.07,144246,15709.7,6.1,78.62,-0.62,0.16,-1.62
3/31/2021,1713.800049,3972.889893,13246.87012,2220.52002,1.17236042,110.3050003,19.39999962,762,4578050000,5004720000,4578050000,264.847,0.07,144246,15709.7,6.1,78.62,-0.63,0.16,-1.62
4/1/2021,1726.5,4019.870117,13480.11035,2253.899902,1.172883034,110.75,17.32999992,720,4162130000,4576480000,4162130000,266.625,0.07,144611,15917.5,6.1,88.17,-0.66,0.17,-1.65
4/2/2021,1726.5,4019.870117,13480.11035,2253.899902,1.177994967,110.612999,17.32999992,720,4162130000,4576480000,4162130000,266.625,0.07,144611,15917.5,6.1,88.17,-0.64,0.19,-1.61
4/3/2021,1726.5,4019.870117,13480.11035,2253.899902,1.177994967,110.612999,17.32999992,720,4162130000,4576480000,4162130000,266.625,0.07,144611,15917.5,6.1,88.17,-0.64,0.19,-1.61
4/4/2021,1726.5,4019.870117,13480.11035,2253.899902,1.177994967,110.612999,17.32999992,720,4162130000,4576480000,4162130000,266.625,0.07,144611,15917.5,6.1,88.17,-0.64,0.19,-1.61
4/5/2021,1727,4077.909912,13705.58984,2264.889893,1.176816702,110.677002,17.90999985,275,4005030000,4459000000,4005030000,266.625,0.07,144611,15917.5,6.1,88.17,-0.62,0.17,-1.61
4/6/2021,1741.5,4073.939941,13698.37988,2259.149902,1.181893468,110.1930008,18.12000084,890,4081270000,4073710000,4081270000,266.625,0.07,144611,15917.5,6.1,88.17,-0.65,0.16,-1.64
4/7/2021,1740.099976,4079.949951,13688.83984,2223.050049,1.187422872,109.7929993,17.15999985,557,4120810000,4098740000,4120810000,266.625,0.07,144611,15917.5,6.1,88.17,-0.66,0.16,-1.66
4/8/2021,1756.800049,4097.169922,13829.30957,2242.600098,1.187366486,109.8519974,16.95000076,1298,3907100000,4153600000,3907100000,266.625,0.07,144611,15917.5,6.1,88.17,-0.69,0.14,-1.7
4/9/2021,1743.300049,4128.799805,13900.19043,2243.469971,1.191568494,109.3300018,16.69000053,484,3640390000,3926110000,3640390000,266.625,0.07,144611,15917.5,6.1,88.17,-0.64,0.16,-1.64
4/10/2021,1743.300049,4128.799805,13900.19043,2243.469971,1.191568494,109.3300018,16.69000053,484,3640390000,3926110000,3640390000,266.625,0.07,144611,15917.5,6.1,88.17,-0.64,0.16,-1.64
4/11/2021,1743.300049,4128.799805,13900.19043,2243.469971,1.191568494,109.3300018,16.69000053,484,3640390000,3926110000,3640390000,266.625,0.07,144611,15917.5,6.1,88.17,-0.64,0.16,-1.64
4/12/2021,1731.199951,4127.990234,13850,2233.780029,1.190051198,109.6940002,16.90999985,40,3588900000,4250900000,3588900000,266.625,0.07,144611,15917.5,6.1,88.17,-0.64,0.18,-1.63
4/13/2021,1746.199951,4141.589844,13996.09961,2228.919922,1.191469073,109.3740005,16.64999962,367,3734720000,4219360000,3734720000,266.625,0.07,144611,15917.5,6.1,88.17,-0.69,0.16,-1.69
4/14/2021,1734.900024,4124.660156,13857.83984,2247.719971,1.195414305,108.9240036,16.98999977,1037,3985350000,4120770000,3985350000,266.625,0.07,144611,15917.5,6.1,88.17,-0.69,0.16,-1.69
4/15/2021,1765.400024,4170.419922,14038.75977,2257.070068,1.198609591,108.8939972,16.56999969,368,4033420000,4406880000,4033420000,266.625,0.07,144611,15917.5,6.1,88.17,-0.77,0.16,-1.74
4/16/2021,1779,4185.470215,14052.33984,2262.669922,1.197174668,108.689003,16.25,625,4163820000,4427780000,4163820000,266.625,0.07,144611,15917.5,6.1,88.17,-0.77,0.16,-1.73
4/17/2021,1779,4185.470215,14052.33984,2262.669922,1.197174668,108.689003,16.25,625,4163820000,4427780000,4163820000,266.625,0.07,144611,15917.5,6.1,88.17,-0.77,0.16,-1.73
4/18/2021,1779,4185.470215,14052.33984,2262.669922,1.197174668,108.689003,16.25,625,4163820000,4427780000,4163820000,266.625,0.07,144611,15917.5,6.1,88.17,-0.77,0.16,-1.73
4/19/2021,1769.400024,4163.259766,13914.76953,2232,1.196945429,108.7190018,17.29000092,144,3810290000,4379610000,3810290000,266.625,0.07,144611,15917.5,6.1,88.17,-0.73,0.16,-1.71
4/20/2021,1777.300049,4134.939941,13786.26953,2188.209961,1.204529047,108.0979996,18.68000031,1464,4342650000,4245120000,4342650000,266.625,0.07,144611,15917.5,6.1,88.17,-0.74,0.15,-1.71
4/21/2021,1792.300049,4173.419922,13950.21973,2239.629883,1.203239202,108.1330032,17.5,250,3887250000,3999620000,3887250000,266.625,0.07,144611,15917.5,6.1,88.17,-0.76,0.15,-1.72
4/22/2021,1781.199951,4134.97998,13818.41016,2232.610107,1.203775048,108.0390015,18.70999908,159,4245140000,4420820000,4245140000,266.625,0.07,144611,15917.5,6.1,88.17,-0.76,0.16,-1.61
4/23/2021,1777,4180.169922,14016.80957,2271.860107,1.201475382,107.9779968,17.32999992,332,3569880000,4355100000,3569880000,266.625,0.07,144611,15917.5,6.1,88.17,-0.76,0.16,-1.61
4/24/2021,1777,4180.169922,14016.80957,2271.860107,1.201475382,107.9779968,17.32999992,332,3569880000,4355100000,3569880000,266.625,0.07,144611,15917.5,6.1,88.17,-0.76,0.16,-1.61
4/25/2021,1777,4180.169922,14016.80957,2271.860107,1.201475382,107.9779968,17.32999992,332,3569880000,4355100000,3569880000,266.625,0.07,144611,15917.5,6.1,88.17,-0.76,0.16,-1.61
4/26/2021,1779.199951,4187.620117,14138.78027,2298.01001,1.208985209,107.8740005,17.63999939,549,3748320000,4506210000,3748320000,266.625,0.07,144611,15917.5,6.1,88.17,-0.78,0.18,-1.62
4/27/2021,1778,4186.720215,14090.21973,2301.27002,1.208167195,108.2020035,17.55999947,117,3710700000,4691460000,3710700000,266.625,0.07,144611,15917.5,6.1,88.17,-0.76,0.17,-1.63
4/28/2021,1773.199951,4183.180176,14051.03027,2304.159912,1.209030509,108.75,17.28000069,756,3787360000,4559710000,3787360000,266.625,0.07,144611,15917.5,6.1,88.17,-0.78,0.17,-1.68
4/29/2021,1768.099976,4211.470215,14082.5498,2295.459961,1.213592291,108.5049973,17.61000061,196,4298680000,4928030000,4298680000,266.625,0.07,144611,15917.5,6.1,88.17,-0.77,0.16,-1.7
4/30/2021,1767.300049,4181.169922,13962.67969,2266.449951,1.212709188,108.9039993,18.61000061,18,4300880000,4792460000,4300880000,266.625,0.07,144611,15917.5,6.1,88.17,-0.76,0.16,-1.71
5/1/2021,1767.300049,4181.169922,13962.67969,2266.449951,1.212709188,108.9039993,18.61000061,18,4300880000,4792460000,4300880000,268.404,0.06,145032,15973.5,5.8,93.01,-0.76,0.16,-1.71
5/2/2021,1767.300049,4181.169922,13962.67969,2266.449951,1.212709188,108.9039993,18.61000061,18,4300880000,4792460000,4300880000,268.404,0.06,145032,15973.5,5.8,93.01,-0.76,0.16,-1.71
5/3/2021,1791.400024,4192.660156,13895.12012,2277.449951,1.202776074,109.2829971,18.30999947,18,4070220000,4761430000,4070220000,268.404,0.06,145032,15973.5,5.8,93.01,-0.79,0.16,-1.76
5/4/2021,1775.800049,4164.660156,13633.5,2248.290039,1.206127167,109.086998,19.47999954,182,4452460000,5879730000,4452460000,268.404,0.06,145032,15973.5,5.8,93.01,-0.81,0.16,-1.8
5/5/2021,1784.099976,4167.589844,13582.41992,2241.370117,1.20150435,109.3290024,19.14999962,57,4230920000,4535690000,4230920000,268.404,0.06,145032,15973.5,5.8,93.01,-0.88,0.16,-1.88
5/6/2021,1815.5,4201.620117,13632.83984,2241.419922,1.200797319,109.2190018,18.38999939,13,4511000000,5021400000,4511000000,268.404,0.06,145032,15973.5,5.8,93.01,-0.87,0.16,-1.85
5/7/2021,1831.099976,4232.600098,13752.24023,2271.629883,1.206854939,109.0500031,16.69000053,2,4016080000,4391100000,4016080000,268.404,0.06,145032,15973.5,5.8,93.01,-0.89,0.14,-1.88
5/8/2021,1831.099976,4232.600098,13752.24023,2271.629883,1.206854939,109.0500031,16.69000053,2,4016080000,4391100000,4016080000,268.404,0.06,145032,15973.5,5.8,93.01,-0.89,0.14,-1.88
5/9/2021,1831.099976,4232.600098,13752.24023,2271.629883,1.206854939,109.0500031,16.69000053,2,4016080000,4391100000,4016080000,268.404,0.06,145032,15973.5,5.8,93.01,-0.89,0.14,-1.88
5/10/2021,1837.5,4188.430176,13401.86035,2212.699951,1.217107654,108.5719986,19.65999985,13,4560700000,4818670000,4560700000,268.404,0.06,145032,15973.5,5.8,93.01,-0.91,0.16,-1.91
5/11/2021,1835.900024,4152.100098,13389.42969,2206.98999,1.214093208,108.8440018,21.84000015,420,4870710000,4738390000,4870710000,268.404,0.06,145032,15973.5,5.8,93.01,-0.89,0.16,-1.88
5/12/2021,1822.599976,4063.040039,13031.67969,2135.139893,1.214450002,108.7149963,27.59000015,3,4733070000,4752930000,4733070000,268.404,0.06,145032,15973.5,5.8,93.01,-0.85,0.16,-1.85
5/13/2021,1823.800049,4112.5,13124.99023,2170.949951,1.207850575,109.6640015,23.12999916,100,4779540000,4698110000,4779540000,268.404,0.06,145032,15973.5,5.8,93.01,-0.85,0.16,-1.81
5/14/2021,1837.900024,4173.850098,13429.98047,2224.629883,1.207729459,109.5159988,18.80999947,41,4008880000,4022610000,4008880000,268.404,0.06,145032,15973.5,5.8,93.01,-0.88,0.16,-1.86
5/15/2021,1837.900024,4173.850098,13429.98047,2224.629883,1.207729459,109.5159988,18.80999947,41,4008880000,4022610000,4008880000,268.404,0.06,145032,15973.5,5.8,93.01,-0.88,0.16,-1.86
5/16/2021,1837.900024,4173.850098,13429.98047,2224.629883,1.207729459,109.5159988,18.80999947,41,4008880000,4022610000,4008880000,268.404,0.06,145032,15973.5,5.8,93.01,-0.88,0.16,-1.86
5/17/2021,1867.5,4163.290039,13379.0498,2227.120117,1.215037346,109.4120026,19.71999931,13,4125050000,3997780000,4125050000,268.404,0.06,145032,15973.5,5.8,93.01,-0.9,0.16,-1.88
5/18/2021,1867.800049,4127.830078,13303.63965,2210.879883,1.215687275,109.2419968,21.34000015,3,4398150000,4301300000,4398150000,268.404,0.06,145032,15973.5,5.8,93.01,-0.88,0.16,-1.89
5/19/2021,1881.300049,4115.680176,13299.74023,2193.639893,1.222399712,108.8679962,22.18000031,348,4247450000,4333520000,4247450000,268.404,0.06,145032,15973.5,5.8,93.01,-0.8,0.16,-1.79
5/20/2021,1881.800049,4159.120117,13535.74023,2207.76001,1.217285395,109.2730026,20.67000008,85,3978880000,3990760000,3978880000,268.404,0.06,145032,15973.5,5.8,93.01,-0.78,0.15,-1.76
5/21/2021,1876.699951,4155.859863,13470.99023,2215.27002,1.22253871,108.8600006,20.14999962,5,3995250000,3733940000,3995250000,268.404,0.06,145032,15973.5,5.8,93.01,-0.8,0.17,-1.78
5/22/2021,1876.699951,4155.859863,13470.99023,2215.27002,1.22253871,108.8600006,20.14999962,5,3995250000,3733940000,3995250000,268.404,0.06,145032,15973.5,5.8,93.01,-0.8,0.17,-1.78
5/23/2021,1876.699951,4155.859863,13470.99023,2215.27002,1.22253871,108.8600006,20.14999962,5,3995250000,3733940000,3995250000,268.404,0.06,145032,15973.5,5.8,93.01,-0.8,0.17,-1.78
5/24/2021,1884.599976,4197.049805,13661.16992,2227.340088,1.218323588,108.9189987,18.39999962,39,3684800000,3509470000,3684800000,268.404,0.06,145032,15973.5,5.8,93.01,-0.83,0.15,-1.82
5/25/2021,1898.099976,4188.129883,13657.16992,2205.75,1.221463561,108.8509979,18.84000015,56,4182250000,4128990000,4182250000,268.404,0.06,145032,15973.5,5.8,93.01,-0.86,0.15,-1.84
5/26/2021,1901.300049,4195.990234,13738,2249.27002,1.224909306,108.802002,17.36000061,170526,4420890000,4264500000,4420890000,268.404,0.06,145032,15973.5,5.8,93.01,-0.82,0.14,-1.8
5/27/2021,1895.699951,4200.879883,13736.28027,2273.070068,1.219259501,109.1699982,16.73999977,35794,6406310000,5087180000,6406310000,268.404,0.06,145032,15973.5,5.8,93.01,-0.81,0.14,-1.78
5/28/2021,1902.5,4204.109863,13748.74023,2268.969971,1.219318867,109.8089981,16.76000023,2415,4649250000,4447940000,4649250000,268.404,0.06,145032,15973.5,5.8,93.01,-0.84,0.14,-1.78
5/29/2021,1902.5,4204.109863,13748.74023,2268.969971,1.219318867,109.8089981,16.76000023,2415,4649250000,4447940000,4649250000,268.404,0.06,145032,15973.5,5.8,93.01,-0.84,0.14,-1.78
5/30/2021,1902.5,4204.109863,13748.74023,2268.969971,1.219318867,109.8089981,16.76000023,2415,4649250000,4447940000,4649250000,268.404,0.06,145032,15973.5,5.8,93.01,-0.84,0.14,-1.78
5/31/2021,1902.5,4204.109863,13748.74023,2268.969971,1.219006777,109.9069977,16.76000023,2415,4649250000,4447940000,4649250000,268.404,0.06,145032,15973.5,5.8,93.01,-0.84,0.14,-1.78
6/1/2021,1902.900024,4202.040039,13736.48047,2294.73999,1.22328651,109.4929962,17.89999962,640,5074670000,4186280000,5074670000,270.71,0.08,145828,16191.7,5.9,74.13,-0.84,0.16,-1.79
6/2/2021,1907.5,4208.120117,13756.33008,2297.830078,1.221776962,109.4929962,17.47999954,1267,5833670000,5097630000,5833670000,270.71,0.08,145828,16191.7,5.9,74.13,-0.85,0.13,-1.79
6/3/2021,1871.199951,4192.850098,13614.50977,2279.25,1.220986247,109.5950012,18.04000092,1021,5587970000,5396250000,5587970000,270.71,0.08,145828,16191.7,5.9,74.13,-0.79,0.16,-1.72
6/4/2021,1889.800049,4229.890137,13814.49023,2286.409912,1.213300705,110.2659988,16.42000008,367,4139790000,4360710000,4139790000,270.71,0.08,145828,16191.7,5.9,74.13,-0.84,0.14,-1.76
6/5/2021,1889.800049,4229.890137,13814.49023,2286.409912,1.213300705,110.2659988,16.42000008,367,4139790000,4360710000,4139790000,270.71,0.08,145828,16191.7,5.9,74.13,-0.84,0.14,-1.76
6/6/2021,1889.800049,4229.890137,13814.49023,2286.409912,1.213300705,110.2659988,16.42000008,367,4139790000,4360710000,4139790000,270.71,0.08,145828,16191.7,5.9,74.13,-0.84,0.14,-1.76
6/7/2021,1896.800049,4226.52002,13881.71973,2319.179932,1.216841102,109.6169968,16.42000008,87,4476920000,4639210000,4476920000,270.71,0.08,145828,16191.7,5.9,74.13,-0.82,0.16,-1.72
6/8/2021,1892.199951,4227.259766,13924.91016,2343.76001,1.219363451,109.2740021,17.06999969,930,4659620000,5958410000,4659620000,270.71,0.08,145828,16191.7,5.9,74.13,-0.83,0.14,-1.7
6/9/2021,1893.199951,4219.549805,13911.75,2327.129883,1.217285395,109.4690018,17.88999939,148,4713260000,5640490000,4713260000,270.71,0.08,145828,16191.7,5.9,74.13,-0.82,0.16,-1.66
6/10/2021,1894.199951,4239.180176,14020.33008,2311.409912,1.218200445,109.6100006,16.10000038,186,4408210000,4919880000,4408210000,270.71,0.08,145828,16191.7,5.9,74.13,-0.9,0.14,-1.74
6/11/2021,1877.400024,4247.439941,14069.41992,2335.810059,1.217255831,109.4089966,15.64999962,349,3815010000,4157580000,3815010000,270.71,0.08,145828,16191.7,5.9,74.13,-0.85,0.16,-1.67
6/12/2021,1877.400024,4247.439941,14069.41992,2335.810059,1.217255831,109.4089966,15.64999962,349,3815010000,4157580000,3815010000,270.71,0.08,145828,16191.7,5.9,74.13,-0.85,0.16,-1.67
6/13/2021,1877.400024,4247.439941,14069.41992,2335.810059,1.217255831,109.4089966,15.64999962,349,3815010000,4157580000,3815010000,270.71,0.08,145828,16191.7,5.9,74.13,-0.85,0.16,-1.67
6/14/2021,1864,4255.149902,14174.13965,2326.149902,1.21102035,109.7089996,16.38999939,41,4151200000,4415160000,4151200000,270.71,0.08,145828,16191.7,5.9,74.13,-0.85,0.16,-1.64
6/15/2021,1854.5,4246.589844,14072.86035,2320.070068,1.212224007,110.0410004,17.02000046,78,4048940000,4554580000,4048940000,270.71,0.08,145828,16191.7,5.9,74.13,-0.87,0.16,-1.67
6/16/2021,1859.5,4223.700195,14039.67969,2314.689941,1.212709188,110.0839996,18.14999962,117,4538350000,4683030000,4538350000,270.71,0.08,145828,16191.7,5.9,74.13,-0.75,0.21,-1.52
6/17/2021,1773.800049,4221.859863,14161.34961,2287.459961,1.199558616,110.7699966,17.75,1135,5312680000,4558280000,5312680000,270.71,0.08,145828,16191.7,5.9,74.13,-0.75,0.23,-1.41
6/18/2021,1767.900024,4166.450195,14030.37988,2237.75,1.1913414,110.3249969,20.70000076,354,6817010000,6126070000,6817010000,270.71,0.08,145828,16191.7,5.9,74.13,-0.79,0.26,-1.48
6/19/2021,1767.900024,4166.450195,14030.37988,2237.75,1.1913414,110.3249969,20.70000076,354,6817010000,6126070000,6817010000,270.71,0.08,145828,16191.7,5.9,74.13,-0.79,0.26,-1.48
6/20/2021,1767.900024,4166.450195,14030.37988,2237.75,1.1913414,110.3249969,20.70000076,354,6817010000,6126070000,6817010000,270.71,0.08,145828,16191.7,5.9,74.13,-0.79,0.26,-1.48
6/21/2021,1781.800049,4224.790039,14141.48047,2286.090088,1.187366486,110.2009964,17.88999939,38,4128950000,4562010000,4128950000,270.71,0.08,145828,16191.7,5.9,74.13,-0.75,0.27,-1.51
6/22/2021,1776.300049,4246.439941,14253.26953,2295.949951,1.191256166,110.3740005,16.65999985,101,3828390000,4433140000,3828390000,270.71,0.08,145828,16191.7,5.9,74.13,-0.83,0.25,-1.59
6/23/2021,1782.300049,4241.839844,14271.73047,2303.469971,1.193673491,110.6539993,16.31999969,136,3730350000,4417470000,3730350000,270.71,0.08,145828,16191.7,5.9,74.13,-0.84,0.26,-1.59
6/24/2021,1775.599976,4266.490234,14369.70996,2333.620117,1.193317413,111.012001,15.97000027,78,3816660000,4324620000,3816660000,270.71,0.08,145828,16191.7,5.9,74.13,-0.81,0.26,-1.55
6/25/2021,1776.599976,4280.700195,14360.38965,2334.399902,1.193032742,110.9209976,15.61999989,35,7341450000,7468090000,7341450000,270.71,0.08,145828,16191.7,5.9,74.13,-0.8,0.28,-1.54
6/26/2021,1776.599976,4280.700195,14360.38965,2334.399902,1.193032742,110.9209976,15.61999989,35,7341450000,7468090000,7341450000,270.71,0.08,145828,16191.7,5.9,74.13,-0.8,0.28,-1.54
6/27/2021,1776.599976,4280.700195,14360.38965,2334.399902,1.193032742,110.9209976,15.61999989,35,7341450000,7468090000,7341450000,270.71,0.08,145828,16191.7,5.9,74.13,-0.8,0.28,-1.54
6/28/2021,1779.599976,4290.609863,14500.50977,2322.340088,1.194215298,110.8219986,15.76000023,888,4147890000,4283000000,4147890000,270.71,0.08,145828,16191.7,5.9,74.13,-0.84,0.25,-1.55
6/29/2021,1762.800049,4291.799805,14528.33008,2308.840088,1.192890406,110.6029968,16.02000046,419,3707150000,4901300000,3707150000,270.71,0.08,145828,16191.7,5.9,74.13,-0.83,0.27,-1.57
6/30/2021,1770.800049,4297.5,14503.9502,2310.550049,1.190192819,110.5350037,15.82999992,51,4266040000,5293810000,4266040000,270.71,0.08,145828,16191.7,5.9,74.13,-0.87,0.25,-1.6
7/1/2021,1775.900024,4319.939941,14522.37988,2329.360107,1.185677052,111.1240005,15.47999954,44,3788230000,4410470000,3788230000,271.965,0.1,146759,16239.7,5.4,58.42,-0.87,0.25,-1.6
7/2/2021,1782.599976,4352.339844,14639.33008,2305.76001,1.184623599,111.5719986,15.06999969,23,3225840000,3751420000,3225840000,271.965,0.1,146759,16239.7,5.4,58.42,-0.89,0.24,-1.63
7/3/2021,1782.599976,4352.339844,14639.33008,2305.76001,1.184623599,111.5719986,15.06999969,23,3225840000,3751420000,3225840000,271.965,0.1,146759,16239.7,5.4,58.42,-0.89,0.24,-1.63
7/4/2021,1782.599976,4352.339844,14639.33008,2305.76001,1.184623599,111.5719986,15.06999969,23,3225840000,3751420000,3225840000,271.965,0.1,146759,16239.7,5.4,58.42,-0.89,0.24,-1.63
7/5/2021,1782.599976,4352.339844,14639.33008,2305.76001,1.185620785,111.1350021,15.06999969,23,3225840000,3751420000,3225840000,271.965,0.1,146759,16239.7,5.4,58.42,-0.89,0.24,-1.63
7/6/2021,1793.5,4343.540039,14663.63965,2274.5,1.186380386,110.9160004,16.44000053,332,4309570000,4489540000,4309570000,271.965,0.1,146759,16239.7,5.4,58.42,-0.94,0.22,-1.67
7/7/2021,1801.5,4358.129883,14665.05957,2252.850098,1.182452321,110.6019974,16.20000076,244,4037380000,4605630000,4037380000,271.965,0.1,146759,16239.7,5.4,58.42,-0.95,0.22,-1.64
7/8/2021,1799.599976,4320.819824,14559.78027,2231.679932,1.179339886,110.6350021,19,148,4347500000,4575010000,4347500000,271.965,0.1,146759,16239.7,5.4,58.42,-0.92,0.19,-1.64
7/9/2021,1810,4369.549805,14701.91992,2280,1.184800386,109.8010025,16.18000031,218,3531120000,3826500000,3531120000,271.965,0.1,146759,16239.7,5.4,58.42,-0.91,0.23,-1.65
7/10/2021,1810,4369.549805,14701.91992,2280,1.184800386,109.8010025,16.18000031,218,3531120000,3826500000,3531120000,271.965,0.1,146759,16239.7,5.4,58.42,-0.91,0.23,-1.65
7/11/2021,1810,4369.549805,14701.91992,2280,1.184800386,109.8010025,16.18000031,218,3531120000,3826500000,3531120000,271.965,0.1,146759,16239.7,5.4,58.42,-0.91,0.23,-1.65
7/12/2021,1805.5,4384.629883,14733.24023,2281.820068,1.187295914,110.2149963,16.17000008,147,3384460000,3897090000,3384460000,271.965,0.1,146759,16239.7,5.4,58.42,-0.95,0.23,-1.67
7/13/2021,1809.400024,4369.209961,14677.65039,2238.860107,1.186521053,110.3249969,17.12000084,78,3695430000,4583460000,3695430000,271.965,0.1,146759,16239.7,5.4,58.42,-0.94,0.26,-1.71
7/14/2021,1824.300049,4374.299805,14644.9502,2202.360107,1.177537322,110.5950012,16.32999992,707,4006370000,4496220000,4006370000,271.965,0.1,146759,16239.7,5.4,58.42,-0.97,0.23,-1.73
7/15/2021,1828.400024,4360.029785,14543.12988,2190.290039,1.183333874,109.9840012,17.01000023,99,3905230000,4512550000,3905230000,271.965,0.1,146759,16239.7,5.4,58.42,-1.01,0.23,-1.75
7/16/2021,1814.5,4327.160156,14427.24023,2163.23999,1.181181431,109.7779999,18.45000076,78,3985700000,4069530000,3985700000,271.965,0.1,146759,16239.7,5.4,58.42,-1.02,0.25,-1.73
7/17/2021,1814.5,4327.160156,14427.24023,2163.23999,1.181181431,109.7779999,18.45000076,78,3985700000,4069530000,3985700000,271.965,0.1,146759,16239.7,5.4,58.42,-1.02,0.25,-1.73
7/18/2021,1814.5,4327.160156,14427.24023,2163.23999,1.181181431,109.7779999,18.45000076,78,3985700000,4069530000,3985700000,271.965,0.1,146759,16239.7,5.4,58.42,-1.02,0.25,-1.73
7/19/2021,1808.699951,4258.490234,14274.98047,2130.679932,1.181400537,109.8740005,22.5,33,5157660000,4537130000,5157660000,271.965,0.1,146759,16239.7,5.4,58.42,-1.05,0.21,-1.71
7/20/2021,1810.900024,4323.060059,14498.87988,2194.300049,1.179384351,109.5339966,19.72999954,128,4438270000,4652450000,4438270000,271.965,0.1,146759,16239.7,5.4,58.42,-1.03,0.2,-1.71
7/21/2021,1802.900024,4358.689941,14631.9502,2234.040039,1.178411484,109.9199982,17.90999985,135,3810280000,4098520000,3810280000,271.965,0.1,146759,16239.7,5.4,58.42,-0.98,0.22,-1.71
7/22/2021,1805,4367.47998,14684.59961,2199.47998,1.179273009,110.2549973,17.69000053,2,3358300000,3597540000,3358300000,271.965,0.1,146759,16239.7,5.4,58.42,-1.01,0.2,-1.75
7/23/2021,1801.400024,4411.790039,14836.99023,2209.649902,1.17727387,110.1399994,17.20000076,1,4540070000,3997250000,4540070000,271.965,0.1,146759,16239.7,5.4,58.42,-1.05,0.22,-1.81
7/24/2021,1801.400024,4411.790039,14836.99023,2209.649902,1.17727387,110.1399994,17.20000076,1,4540070000,3997250000,4540070000,271.965,0.1,146759,16239.7,5.4,58.42,-1.05,0.22,-1.81
7/25/2021,1801.400024,4411.790039,14836.99023,2209.649902,1.17727387,110.1399994,17.20000076,1,4540070000,3997250000,4540070000,271.965,0.1,146759,16239.7,5.4,58.42,-1.05,0.22,-1.81
7/26/2021,1798.699951,4422.299805,14840.70996,2216.919922,1.177343249,110.5439987,17.57999992,17,4275630000,4437090000,4275630000,271.965,0.1,146759,16239.7,5.4,58.42,-1.11,0.22,-1.86
7/27/2021,1799.5,4401.459961,14660.58008,2191.830078,1.180776954,110.302002,19.36000061,1,4241950000,4329230000,4241950000,271.965,0.1,146759,16239.7,5.4,58.42,-1.13,0.2,-1.84
7/28/2021,1799.5,4400.640137,14762.58008,2224.959961,1.182312608,109.8059998,18.30999947,209783,4215290000,4268210000,4215290000,271.965,0.1,146759,16239.7,5.4,58.42,-1.15,0.2,-1.85
7/29/2021,1831.199951,4419.149902,14778.25977,2240.030029,1.184595585,109.8909988,17.70000076,30496,4044600000,3928640000,4044600000,271.965,0.1,146759,16239.7,5.4,58.42,-1.15,0.2,-1.85
7/30/2021,1812.599976,4395.259766,14672.67969,2226.25,1.189299703,109.4089966,18.23999977,3100,3956740000,3645050000,3956740000,271.965,0.1,146759,16239.7,5.4,58.42,-1.16,0.19,-1.87
7/31/2021,1812.599976,4395.259766,14672.67969,2226.25,1.189299703,109.4089966,18.23999977,3100,3956740000,3645050000,3956740000,271.965,0.1,146759,16239.7,5.4,58.42,-1.16,0.19,-1.87
8/1/2021,1812.599976,4395.259766,14672.67969,2226.25,1.189299703,109.4089966,18.23999977,3100,3956740000,3645050000,3956740000,272.752,0.09,147246,16412.9,5.1,89.49,-1.16,0.19,-1.87
8/2/2021,1818.099976,4387.160156,14681.07031,2215.5,1.186704159,109.7060013,19.45999908,1334,3724090000,3746130000,3724090000,272.752,0.09,147246,16412.9,5.1,89.49,-1.17,0.17,-1.85
8/3/2021,1810.099976,4423.149902,14761.29004,2223.580078,1.187465072,109.2689972,18.04000092,3341,3965190000,4141370000,3965190000,272.752,0.09,147246,16412.9,5.1,89.49,-1.19,0.17,-1.86
8/4/2021,1810.5,4402.660156,14780.53027,2196.320068,1.18694365,108.9909973,17.96999931,2860,4260760000,4337330000,4260760000,272.752,0.09,147246,16412.9,5.1,89.49,-1.16,0.17,-1.83
8/5/2021,1805.099976,4429.100098,14895.12012,2236.01001,1.183740139,109.5289993,17.28000069,588,3769410000,4107300000,3769410000,272.752,0.09,147246,16412.9,5.1,89.49,-1.1,0.21,-1.74
8/6/2021,1760,4436.52002,14835.75977,2247.76001,1.183572054,109.7519989,16.14999962,859,3451870000,4173090000,3451870000,272.752,0.09,147246,16412.9,5.1,89.49,-1.06,0.21,-1.73
8/7/2021,1760,4436.52002,14835.75977,2247.76001,1.183572054,109.7519989,16.14999962,859,3451870000,4173090000,3451870000,272.752,0.09,147246,16412.9,5.1,89.49,-1.06,0.21,-1.73
8/8/2021,1760,4436.52002,14835.75977,2247.76001,1.183572054,109.7519989,16.14999962,859,3451870000,4173090000,3451870000,272.752,0.09,147246,16412.9,5.1,89.49,-1.06,0.21,-1.73
8/9/2021,1723.400024,4432.350098,14860.17969,2234.810059,1.174950004,110.2590027,16.71999931,1621,3449280000,4111640000,3449280000,272.752,0.09,147246,16412.9,5.1,89.49,-1.04,0.23,-1.71
8/10/2021,1728.800049,4436.75,14788.08984,2239.360107,1.173846722,110.3059998,16.79000092,1363,3886610000,3991770000,3886610000,272.752,0.09,147246,16412.9,5.1,89.49,-1.04,0.24,-1.71
8/11/2021,1750.400024,4442.410156,14765.13965,2250.340088,1.172333002,110.5979996,16.17000008,542,3532560000,4002340000,3532560000,272.752,0.09,147246,16412.9,5.1,89.49,-1.07,0.23,-1.74
8/12/2021,1749,4460.830078,14816.25977,2244.070068,1.174189925,110.3740005,15.59000015,739,3375310000,4049000000,3375310000,272.752,0.09,147246,16412.9,5.1,89.49,-1.05,0.23,-1.72
8/13/2021,1775.199951,4468,14822.90039,2223.110107,1.173626184,110.4029999,15.44999981,436,3016470000,4061070000,3016470000,272.752,0.09,147246,16412.9,5.1,89.49,-1.08,0.23,-1.73
8/14/2021,1775.199951,4468,14822.90039,2223.110107,1.173626184,110.4029999,15.44999981,436,3016470000,4061070000,3016470000,272.752,0.09,147246,16412.9,5.1,89.49,-1.08,0.23,-1.73
8/15/2021,1775.199951,4468,14822.90039,2223.110107,1.173626184,110.4029999,15.44999981,436,3016470000,4061070000,3016470000,272.752,0.09,147246,16412.9,5.1,89.49,-1.08,0.23,-1.73
8/16/2021,1786.900024,4479.709961,14793.75977,2209.47998,1.179467797,109.6240005,16.12000084,219,3370640000,3973920000,3370640000,272.752,0.09,147246,16412.9,5.1,89.49,-1.1,0.21,-1.75
8/17/2021,1785,4448.080078,14656.17969,2177.169922,1.177994967,109.2969971,17.90999985,200,3836960000,4168880000,3836960000,272.752,0.09,147246,16412.9,5.1,89.49,-1.07,0.23,-1.72
8/18/2021,1781.599976,4400.27002,14525.91016,2158.780029,1.170973897,109.5370026,21.56999969,263,3755590000,3841840000,3755590000,272.752,0.09,147246,16412.9,5.1,89.49,-1.05,0.23,-1.69
8/19/2021,1780.199951,4405.799805,14541.79004,2132.419922,1.170329809,109.8420029,21.67000008,245,4398410000,4191490000,4398410000,272.752,0.09,147246,16412.9,5.1,89.49,-1.04,0.22,-1.67
8/20/2021,1781,4441.669922,14714.66016,2167.600098,1.167659521,109.7679977,18.55999947,235,3652610000,3886340000,3652610000,272.752,0.09,147246,16412.9,5.1,89.49,-1.01,0.23,-1.6
8/21/2021,1781,4441.669922,14714.66016,2167.600098,1.167659521,109.7679977,18.55999947,235,3652610000,3886340000,3652610000,272.752,0.09,147246,16412.9,5.1,89.49,-1.01,0.23,-1.6
8/22/2021,1781,4441.669922,14714.66016,2167.600098,1.167659521,109.7679977,18.55999947,235,3652610000,3886340000,3652610000,272.752,0.09,147246,16412.9,5.1,89.49,-1.01,0.23,-1.6
8/23/2021,1803.199951,4479.529785,14942.65039,2208.300049,1.169754863,109.8399963,17.14999962,32,3576530000,3906780000,3576530000,272.752,0.09,147246,16412.9,5.1,89.49,-1.02,0.23,-1.65
8/24/2021,1805.599976,4486.22998,15019.7998,2230.909912,1.174453378,109.6780014,17.21999931,22,3979220000,3809750000,3979220000,272.752,0.09,147246,16412.9,5.1,89.49,-1.01,0.24,-1.65
8/25/2021,1788.199951,4496.189941,15041.86035,2239.27002,1.175309181,109.7300034,16.79000092,812,3444700000,3654150000,3444700000,272.752,0.09,147246,16412.9,5.1,89.49,-1,0.23,-1.67
8/26/2021,1792.199951,4470,14945.80957,2213.97998,1.177440166,109.9759979,18.84000015,61,3263980000,3630900000,3263980000,272.752,0.09,147246,16412.9,5.1,89.49,-0.99,0.25,-1.66
8/27/2021,1816.599976,4509.370117,15129.5,2277.149902,1.175640702,110.0479965,16.38999939,1219,3331200000,4048610000,3331200000,272.752,0.09,147246,16412.9,5.1,89.49,-1.08,0.22,-1.74
8/28/2021,1816.599976,4509.370117,15129.5,2277.149902,1.175640702,110.0479965,16.38999939,1219,3331200000,4048610000,3331200000,272.752,0.09,147246,16412.9,5.1,89.49,-1.08,0.22,-1.74
8/29/2021,1816.599976,4509.370117,15129.5,2277.149902,1.175640702,110.0479965,16.38999939,1219,3331200000,4048610000,3331200000,272.752,0.09,147246,16412.9,5.1,89.49,-1.08,0.22,-1.74
8/30/2021,1809,4528.790039,15265.88965,2265.98999,1.179900646,109.8649979,16.19000053,684,3168660000,4061760000,3168660000,272.752,0.09,147246,16412.9,5.1,89.49,-1.08,0.2,-1.74
8/31/2021,1815,4522.680176,15259.24023,2273.77002,1.17969048,109.9440002,16.47999954,82,4290710000,4188020000,4290710000,272.752,0.09,147246,16412.9,5.1,89.49,-1.03,0.2,-1.71
9/1/2021,1813.099976,4524.089844,15309.37988,2287.060059,1.181028008,110.0559998,16.11000061,114,4057340000,4271690000,4057340000,273.942,0.08,147712,16489.6,4.7,80.7,-1.03,0.2,-1.7
9/2/2021,1808.699951,4536.950195,15331.17969,2304.02002,1.184090614,110.0960007,16.40999985,26,3735990000,4050510000,3735990000,273.942,0.08,147712,16489.6,4.7,80.7,-1.03,0.2,-1.69
9/3/2021,1830.900024,4535.430176,15363.51953,2292.050049,1.187648416,109.9449997,16.40999985,53,3217530000,3706990000,3217530000,273.942,0.08,147712,16489.6,4.7,80.7,-1.01,0.21,-1.7
9/4/2021,1830.900024,4535.430176,15363.51953,2292.050049,1.187648416,109.9449997,16.40999985,53,3217530000,3706990000,3217530000,273.942,0.08,147712,16489.6,4.7,80.7,-1.01,0.21,-1.7
9/5/2021,1830.900024,4535.430176,15363.51953,2292.050049,1.187648416,109.9449997,16.40999985,53,3217530000,3706990000,3217530000,273.942,0.08,147712,16489.6,4.7,80.7,-1.01,0.21,-1.7
9/6/2021,1830.900024,4535.430176,15363.51953,2292.050049,1.188594222,109.7639999,16.40999985,53,3217530000,3706990000,3217530000,273.942,0.08,147712,16489.6,4.7,80.7,-1.01,0.21,-1.7
9/7/2021,1795.900024,4520.029785,15374.33008,2275.610107,1.187507391,109.8199997,18.13999939,48,3822960000,4014250000,3822960000,273.942,0.08,147712,16489.6,4.7,80.7,-0.98,0.22,-1.69
9/8/2021,1790.699951,4514.069824,15286.63965,2249.72998,1.184356928,110.2959976,17.95999908,69,3750880000,4131560000,3750880000,273.942,0.08,147712,16489.6,4.7,80.7,-1.03,0.22,-1.72
9/9/2021,1797.400024,4493.279785,15248.25,2249.129883,1.181910157,110.2180023,18.79999924,49,3735390000,4031140000,3735390000,273.942,0.08,147712,16489.6,4.7,80.7,-1.08,0.23,-1.76
9/10/2021,1789.599976,4458.580078,15115.49023,2227.550049,1.182592273,109.7809982,20.95000076,0,3623180000,4587150000,3623180000,273.942,0.08,147712,16489.6,4.7,80.7,-1.05,0.23,-1.73
9/11/2021,1789.599976,4458.580078,15115.49023,2227.550049,1.182592273,109.7809982,20.95000076,0,3623180000,4587150000,3623180000,273.942,0.08,147712,16489.6,4.7,80.7,-1.05,0.23,-1.73
9/12/2021,1789.599976,4458.580078,15115.49023,2227.550049,1.182592273,109.7809982,20.95000076,0,3623180000,4587150000,3623180000,273.942,0.08,147712,16489.6,4.7,80.7,-1.05,0.23,-1.73
9/13/2021,1792,4468.72998,15105.58008,2240.780029,1.181195378,109.9150009,19.37000084,533,3914220000,4723370000,3914220000,273.942,0.08,147712,16489.6,4.7,80.7,-1.04,0.21,-1.72
9/14/2021,1804.699951,4443.049805,15037.75977,2209.97998,1.181195378,109.9940033,19.45999908,764,3670460000,4593140000,3670460000,273.942,0.08,147712,16489.6,4.7,80.7,-1.05,0.21,-1.7
9/15/2021,1792.400024,4480.700195,15161.53027,2234.449951,1.180498123,109.7190018,18.18000031,59,4032020000,4465140000,4032020000,273.942,0.08,147712,16489.6,4.7,80.7,-1.04,0.21,-1.7
9/16/2021,1754.599976,4473.75,15181.91992,2232.909912,1.181999564,109.3830032,18.69000053,1645,3984560000,3701500000,3984560000,273.942,0.08,147712,16489.6,4.7,80.7,-1.01,0.23,-1.69
9/17/2021,1749.400024,4432.990234,15043.96973,2236.870117,1.176747441,109.6989975,20.80999947,581,7289530000,6709540000,7289530000,273.942,0.08,147712,16489.6,4.7,80.7,-0.96,0.23,-1.63
9/18/2021,1749.400024,4432.990234,15043.96973,2236.870117,1.176747441,109.6989975,20.80999947,581,7289530000,6709540000,7289530000,273.942,0.08,147712,16489.6,4.7,80.7,-0.96,0.23,-1.63
9/19/2021,1749.400024,4432.990234,15043.96973,2236.870117,1.176747441,109.6989975,20.80999947,581,7289530000,6709540000,7289530000,273.942,0.08,147712,16489.6,4.7,80.7,-0.96,0.23,-1.63
9/20/2021,1761.800049,4357.72998,14713.90039,2182.199951,1.172993064,109.9710007,25.70999908,185,4898070000,4879490000,4898070000,273.942,0.08,147712,16489.6,4.7,80.7,-0.98,0.23,-1.6
9/21/2021,1776,4354.189941,14746.40039,2186.179932,1.173020482,109.4369965,24.36000061,106,3920920000,4083010000,3920920000,273.942,0.08,147712,16489.6,4.7,80.7,-0.96,0.22,-1.6
9/22/2021,1776.699951,4395.640137,14896.84961,2218.560059,1.172291636,109.1490021,20.87000084,17,3939170000,4252490000,3939170000,273.942,0.08,147712,16489.6,4.7,80.7,-0.96,0.25,-1.55
9/23/2021,1747.699951,4448.97998,15052.24023,2259.040039,1.168770432,109.8219986,18.62999916,31,3916350000,4196130000,3916350000,273.942,0.08,147712,16489.6,4.7,80.7,-0.9,0.27,-1.54
9/24/2021,1749.699951,4455.47998,15047.7002,2248.070068,1.174025893,110.3259964,17.75,76,3384290000,3992150000,3384290000,273.942,0.08,147712,16489.6,4.7,80.7,-0.87,0.29,-1.5
9/25/2021,1749.699951,4455.47998,15047.7002,2248.070068,1.174025893,110.3259964,17.75,76,3384290000,3992150000,3384290000,273.942,0.08,147712,16489.6,4.7,80.7,-0.87,0.29,-1.5
9/26/2021,1749.699951,4455.47998,15047.7002,2248.070068,1.174025893,110.3259964,17.75,76,3384290000,3992150000,3384290000,273.942,0.08,147712,16489.6,4.7,80.7,-0.87,0.29,-1.5
9/27/2021,1750,4443.109863,14969.96973,2281,1.172305465,110.7639999,18.76000023,808,4058650000,4650790000,4058650000,273.942,0.08,147712,16489.6,4.7,80.7,-0.87,0.31,-1.52
9/28/2021,1735.800049,4352.629883,14546.67969,2229.780029,1.169679523,110.9639969,23.25,15748,4416550000,4989510000,4416550000,273.942,0.08,147712,16489.6,4.7,80.7,-0.84,0.31,-1.51
9/29/2021,1721.5,4359.459961,14512.44043,2225.310059,1.168633819,111.5279999,22.55999947,6634,3712660000,5294600000,3712660000,273.942,0.08,147712,16489.6,4.7,80.7,-0.82,0.3,-1.51
9/30/2021,1755.300049,4307.540039,14448.58008,2204.370117,1.160160184,111.935997,23.13999939,997,4448140000,5950950000,4448140000,273.942,0.08,147712,16489.6,4.7,80.7,-0.85,0.28,-1.53
10/1/2021,1757,4357.040039,14566.7002,2241.629883,1.157447577,111.4609985,21.10000038,2220,4010370000,4710720000,4010370000,276.528,0.08,148569,16704.2,4.5,79.03,-0.9,0.27,-1.58
10/2/2021,1757,4357.040039,14566.7002,2241.629883,1.157447577,111.4609985,21.10000038,2220,4010370000,4710720000,4010370000,276.528,0.08,148569,16704.2,4.5,79.03,-0.9,0.27,-1.58
10/3/2021,1757,4357.040039,14566.7002,2241.629883,1.157447577,111.4609985,21.10000038,2220,4010370000,4710720000,4010370000,276.528,0.08,148569,16704.2,4.5,79.03,-0.9,0.27,-1.58
10/4/2021,1766.199951,4300.459961,14255.48047,2217.469971,1.160725713,110.9469986,22.95999908,417,4307870000,4557110000,4307870000,276.528,0.08,148569,16704.2,4.5,79.03,-0.89,0.27,-1.58
10/5/2021,1759.599976,4345.720215,14433.83008,2228.360107,1.161844969,110.9680023,21.29999924,98,3902890000,4176390000,3902890000,276.528,0.08,148569,16704.2,4.5,79.03,-0.91,0.28,-1.61
10/6/2021,1760.5,4363.549805,14501.91016,2214.959961,1.159608483,111.4869995,21,56,4009630000,4465910000,4009630000,276.528,0.08,148569,16704.2,4.5,79.03,-0.9,0.3,-1.58
10/7/2021,1757.900024,4399.759766,14654.01953,2250.090088,1.155534983,111.413002,19.54000092,336,3843740000,3984180000,3843740000,276.528,0.08,148569,16704.2,4.5,79.03,-0.88,0.32,-1.59
10/8/2021,1756.300049,4391.339844,14579.54004,2233.090088,1.155975819,111.6620026,18.77000046,254,3280160000,3571380000,3280160000,276.528,0.08,148569,16704.2,4.5,79.03,-0.89,0.32,-1.59
10/9/2021,1756.300049,4391.339844,14579.54004,2233.090088,1.155975819,111.6620026,18.77000046,254,3280160000,3571380000,3280160000,276.528,0.08,148569,16704.2,4.5,79.03,-0.89,0.32,-1.59
10/10/2021,1756.300049,4391.339844,14579.54004,2233.090088,1.155975819,111.6620026,18.77000046,254,3280160000,3571380000,3280160000,276.528,0.08,148569,16704.2,4.5,79.03,-0.89,0.32,-1.59
10/11/2021,1754.599976,4361.189941,14486.2002,2220.639893,1.156604171,112.2699966,20,128,3281970000,3539540000,3281970000,276.528,0.08,148569,16704.2,4.5,79.03,-0.89,0.32,-1.59
10/12/2021,1758.300049,4350.649902,14465.91992,2234.27002,1.155374765,113.3880005,19.85000038,139,3558450000,4063830000,3558450000,276.528,0.08,148569,16704.2,4.5,79.03,-0.9,0.35,-1.56
10/13/2021,1793.699951,4363.799805,14571.63965,2241.969971,1.153402567,113.5189972,18.63999939,150,3620070000,4053580000,3620070000,276.528,0.08,148569,16704.2,4.5,79.03,-0.96,0.37,-1.59
10/14/2021,1796.699951,4438.259766,14823.42969,2274.179932,1.159958243,113.3010025,16.86000061,337,3598280000,4262400000,3598280000,276.528,0.08,148569,16704.2,4.5,79.03,-1,0.36,-1.64
10/15/2021,1767.199951,4471.370117,14897.33984,2265.649902,1.159151554,113.8339996,16.29999924,874,3819380000,4494440000,3819380000,276.528,0.08,148569,16704.2,4.5,79.03,-0.97,0.41,-1.58
10/16/2021,1767.199951,4471.370117,14897.33984,2265.649902,1.159151554,113.8339996,16.29999924,874,3819380000,4494440000,3819380000,276.528,0.08,148569,16704.2,4.5,79.03,-0.97,0.41,-1.58
10/17/2021,1767.199951,4471.370117,14897.33984,2265.649902,1.159151554,113.8339996,16.29999924,874,3819380000,4494440000,3819380000,276.528,0.08,148569,16704.2,4.5,79.03,-0.97,0.41,-1.58
10/18/2021,1764.800049,4486.459961,15021.80957,2267.840088,1.159702659,114.3239975,16.30999947,266,3662010000,4167740000,3662010000,276.528,0.08,148569,16704.2,4.5,79.03,-0.95,0.44,-1.55
10/19/2021,1769.699951,4519.629883,15129.08984,2275.909912,1.161386251,114.2850037,15.69999981,51,3459130000,4483400000,3459130000,276.528,0.08,148569,16704.2,4.5,79.03,-0.89,0.41,-1.54
10/20/2021,1784.099976,4536.189941,15121.67969,2289.77002,1.163196445,114.5429993,15.48999977,127,3670760000,4117050000,3670760000,276.528,0.08,148569,16704.2,4.5,79.03,-0.92,0.4,-1.61
10/21/2021,1781.199951,4549.779785,15215.7002,2296.179932,1.165501237,114.3889999,15.01000023,146,3822330000,4961860000,3822330000,276.528,0.08,148569,16704.2,4.5,79.03,-0.96,0.45,-1.71
10/22/2021,1795.5,4544.899902,15090.2002,2291.27002,1.162533879,113.8499985,15.43000031,532,3758220000,5775770000,3758220000,276.528,0.08,148569,16704.2,4.5,79.03,-0.98,0.48,-1.69
10/23/2021,1795.5,4544.899902,15090.2002,2291.27002,1.162533879,113.8499985,15.43000031,532,3758220000,5775770000,3758220000,276.528,0.08,148569,16704.2,4.5,79.03,-0.98,0.48,-1.69
10/24/2021,1795.5,4544.899902,15090.2002,2291.27002,1.162533879,113.8499985,15.43000031,532,3758220000,5775770000,3758220000,276.528,0.08,148569,16704.2,4.5,79.03,-0.98,0.48,-1.69
10/25/2021,1806,4566.47998,15226.70996,2312.639893,1.164008856,113.6640015,15.23999977,140,3899400000,5750200000,3899400000,276.528,0.08,148569,16704.2,4.5,79.03,-1.02,0.47,-1.76
10/26/2021,1792.699951,4574.790039,15235.70996,2296.080078,1.161170483,113.7649994,15.97999954,359,3879740000,7173230000,3879740000,276.528,0.08,148569,16704.2,4.5,79.03,-1.06,0.47,-1.79
10/27/2021,1797.900024,4551.680176,15235.83984,2252.48999,1.159823656,114.1880035,16.97999954,543,4226050000,6130110000,4226050000,276.528,0.08,148569,16704.2,4.5,79.03,-1.11,0.5,-1.8
10/28/2021,1801.599976,4596.419922,15448.12012,2297.97998,1.160012007,113.776001,16.53000069,452,4132950000,5714890000,4132950000,276.528,0.08,148569,16704.2,4.5,79.03,-1,0.5,-1.72
10/29/2021,1783,4605.379883,15498.38965,2297.189941,1.168360829,113.6159973,16.26000023,583,4510200000,5338290000,4510200000,276.528,0.08,148569,16704.2,4.5,79.03,-0.96,0.48,-1.71
10/30/2021,1783,4605.379883,15498.38965,2297.189941,1.168360829,113.6159973,16.26000023,583,4510200000,5338290000,4510200000,276.528,0.08,148569,16704.2,4.5,79.03,-0.96,0.48,-1.71
10/31/2021,1783,4605.379883,15498.38965,2297.189941,1.168360829,113.6159973,16.26000023,583,4510200000,5338290000,4510200000,276.528,0.08,148569,16704.2,4.5,79.03,-0.96,0.48,-1.71
11/1/2021,1795.099976,4613.669922,15595.91992,2358.120117,1.155668497,114.2360001,16.40999985,142,3971540000,5273950000,3971540000,278.824,0.08,149206,16849.8,4.1,86.57,-0.92,0.5,-1.66
11/2/2021,1788.699951,4630.649902,15649.59961,2361.860107,1.159958243,114.0940018,16.03000069,213,3975250000,5129370000,3975250000,278.824,0.08,149206,16849.8,4.1,86.57,-0.95,0.46,-1.69
11/3/2021,1763.599976,4660.569824,15811.58008,2404.280029,1.157943487,113.961998,15.10000038,108,4319660000,5325110000,4319660000,278.824,0.08,149206,16849.8,4.1,86.57,-0.93,0.47,-1.67
11/4/2021,1793,4680.060059,15940.30957,2402.429932,1.161575079,114.0699997,15.43999958,103,4462300000,5297250000,4462300000,278.824,0.08,149206,16849.8,4.1,86.57,-1.03,0.41,-1.78
11/5/2021,1816.400024,4697.529785,15971.58984,2437.080078,1.155534983,113.836998,16.47999954,239,4467180000,5566400000,4467180000,278.824,0.08,149206,16849.8,4.1,86.57,-1.09,0.39,-1.83
11/6/2021,1816.400024,4697.529785,15971.58984,2437.080078,1.155534983,113.836998,16.47999954,239,4467180000,5566400000,4467180000,278.824,0.08,149206,16849.8,4.1,86.57,-1.09,0.39,-1.83
11/7/2021,1816.400024,4697.529785,15971.58984,2437.080078,1.155534983,113.836998,16.47999954,239,4467180000,5566400000,4467180000,278.824,0.08,149206,16849.8,4.1,86.57,-1.09,0.39,-1.83
11/8/2021,1827.400024,4701.700195,15982.36035,2442.73999,1.156885147,113.4749985,17.21999931,261,4269710000,5723650000,4269710000,278.824,0.08,149206,16849.8,4.1,86.57,-1.11,0.45,-1.81
11/9/2021,1830.199951,4685.25,15886.54004,2427.290039,1.159151554,113.2539978,17.78000069,170,4117080000,5574660000,4117080000,278.824,0.08,149206,16849.8,4.1,86.57,-1.17,0.41,-1.88
11/10/2021,1847.599976,4646.709961,15622.70996,2389.580078,1.15955472,112.9120026,18.72999954,795,4503720000,5369110000,4503720000,278.824,0.08,149206,16849.8,4.1,86.57,-1.14,0.51,-1.85
11/11/2021,1863.199951,4649.27002,15704.28027,2409.139893,1.148593545,113.9049988,17.65999985,292,3926870000,4570460000,3926870000,278.824,0.08,149206,16849.8,4.1,86.57,-1.14,0.51,-1.85
11/12/2021,1867.900024,4682.850098,15860.95996,2411.780029,1.145081878,114.0429993,16.29000092,210,3728600000,5446540000,3728600000,278.824,0.08,149206,16849.8,4.1,86.57,-1.15,0.53,-1.87
11/13/2021,1867.900024,4682.850098,15860.95996,2411.780029,1.145081878,114.0429993,16.29000092,210,3728600000,5446540000,3728600000,278.824,0.08,149206,16849.8,4.1,86.57,-1.15,0.53,-1.87
11/14/2021,1867.900024,4682.850098,15860.95996,2411.780029,1.145081878,114.0429993,16.29000092,210,3728600000,5446540000,3728600000,278.824,0.08,149206,16849.8,4.1,86.57,-1.15,0.53,-1.87
11/15/2021,1866.099976,4682.799805,15853.84961,2400.929932,1.144164801,113.9810028,16.48999977,87,3488410000,5020180000,3488410000,278.824,0.08,149206,16849.8,4.1,86.57,-1.13,0.53,-1.91
11/16/2021,1853.599976,4700.899902,15973.86035,2405.02002,1.13664782,114.1320038,16.37000084,1,3972640000,5533020000,3972640000,278.824,0.08,149206,16849.8,4.1,86.57,-1.1,0.54,-1.9
11/17/2021,1869.699951,4688.669922,15921.57031,2377.01001,1.132118225,114.9039993,17.11000061,2,3969070000,5049320000,3969070000,278.824,0.08,149206,16849.8,4.1,86.57,-1.1,0.52,-1.9
11/18/2021,1861,4704.540039,15993.70996,2363.590088,1.132118225,114.1900024,17.59000015,9,4226410000,5391360000,4226410000,278.824,0.08,149206,16849.8,4.1,86.57,-1.14,0.52,-1.89
11/19/2021,1851.199951,4697.959961,16057.44043,2343.159912,1.136841536,114.2819977,17.90999985,21,4253180000,4875310000,4253180000,278.824,0.08,149206,16849.8,4.1,86.57,-1.11,0.52,-1.8
11/20/2021,1851.199951,4697.959961,16057.44043,2343.159912,1.136841536,114.2819977,17.90999985,21,4253180000,4875310000,4253180000,278.824,0.08,149206,16849.8,4.1,86.57,-1.11,0.52,-1.8
11/21/2021,1851.199951,4697.959961,16057.44043,2343.159912,1.136841536,114.2819977,17.90999985,21,4253180000,4875310000,4253180000,278.824,0.08,149206,16849.8,4.1,86.57,-1.11,0.52,-1.8
11/22/2021,1806,4682.939941,15854.75977,2331.350098,1.127573729,114.1380005,19.17000008,14,4441100000,5567830000,4441100000,278.824,0.08,149206,16849.8,4.1,86.57,-0.98,0.63,-1.65
11/23/2021,1783.5,4690.700195,15775.13965,2327.860107,1.12421453,114.7900009,19.37999916,264,4277590000,5434380000,4277590000,278.824,0.08,149206,16849.8,4.1,86.57,-0.95,0.6,-1.67
11/24/2021,1784.099976,4701.459961,15845.23047,2331.459961,1.124492645,115.1409988,18.57999992,188,3418430000,4197090000,3418430000,278.824,0.08,149206,16849.8,4.1,86.57,-0.97,0.64,-1.69
11/25/2021,1784.099976,4701.459961,15845.23047,2331.459961,1.120297551,115.4079971,18.57999992,188,3418430000,4197090000,3418430000,278.824,0.08,149206,16849.8,4.1,86.57,-0.97,0.64,-1.69
11/26/2021,1785.300049,4594.620117,15491.66016,2245.939941,1.120963097,115.0690002,28.62000084,186800,3517700000,3502170000,3517700000,278.824,0.08,149206,16849.8,4.1,86.57,-1.07,0.5,-1.76
11/27/2021,1785.300049,4594.620117,15491.66016,2245.939941,1.120963097,115.0690002,28.62000084,186800,3517700000,3502170000,3517700000,278.824,0.08,149206,16849.8,4.1,86.57,-1.07,0.5,-1.76
11/28/2021,1785.300049,4594.620117,15491.66016,2245.939941,1.120963097,115.0690002,28.62000084,186800,3517700000,3502170000,3517700000,278.824,0.08,149206,16849.8,4.1,86.57,-1.07,0.5,-1.76
11/29/2021,1782.300049,4655.27002,15782.83008,2241.97998,1.129318237,113.7190018,22.95999908,26926,4336410000,4836230000,4336410000,278.824,0.08,149206,16849.8,4.1,86.57,-1.02,0.51,-1.73
11/30/2021,1773.599976,4567,15537.69043,2198.909912,1.129343748,113.8040009,27.19000053,4903,6625990000,6631470000,6625990000,278.824,0.08,149206,16849.8,4.1,86.57,-1.07,0.52,-1.66
12/1/2021,1781.599976,4513.040039,15254.0498,2147.419922,1.133028984,113.2990036,31.12000084,1128,5366730000,6320260000,5366730000,280.806,0.08,149781,16891,3.9,105.35,-1.01,0.56,-1.55
12/2/2021,1760.699951,4577.100098,15381.32031,2206.330078,1.131951571,112.8820038,27.95000076,1557,5077180000,5418340000,5077180000,280.806,0.08,149781,16891,3.9,105.35,-1.03,0.63,-1.52
12/3/2021,1782,4538.430176,15085.46973,2159.310059,1.130620599,113.0220032,30.67000008,694,5240070000,5900290000,5240070000,280.806,0.08,149781,16891,3.9,105.35,-1.08,0.6,-1.59
12/4/2021,1782,4538.430176,15085.46973,2159.310059,1.130620599,113.0220032,30.67000008,694,5240070000,5900290000,5240070000,280.806,0.08,149781,16891,3.9,105.35,-1.08,0.6,-1.59
12/5/2021,1782,4538.430176,15085.46973,2159.310059,1.130620599,113.0220032,30.67000008,694,5240070000,5900290000,5240070000,280.806,0.08,149781,16891,3.9,105.35,-1.08,0.6,-1.59
12/6/2021,1777.5,4591.669922,15225.15039,2203.47998,1.130479932,113.0419998,27.18000031,381,4770800000,5115230000,4770800000,280.806,0.08,149781,16891,3.9,105.35,-1.01,0.65,-1.58
12/7/2021,1782.599976,4686.75,15686.91992,2253.790039,1.128668189,113.4580002,21.88999939,308,4492400000,5116490000,4492400000,280.806,0.08,149781,16891,3.9,105.35,-0.99,0.7,-1.58
12/8/2021,1783.400024,4701.209961,15786.99023,2271.709961,1.127650023,113.5250015,19.89999962,1383,4234600000,4615390000,4234600000,280.806,0.08,149781,16891,3.9,105.35,-1,0.68,-1.61
12/9/2021,1774.599976,4667.450195,15517.37012,2220.209961,1.134558678,113.6839981,21.57999992,455,3903840000,4515600000,3903840000,280.806,0.08,149781,16891,3.9,105.35,-0.98,0.7,-1.54
12/10/2021,1782.900024,4712.02002,15630.59961,2211.810059,1.129330993,113.447998,18.69000053,545,3870110000,4426210000,3870110000,280.806,0.08,149781,16891,3.9,105.35,-0.96,0.67,-1.51
12/11/2021,1782.900024,4712.02002,15630.59961,2211.810059,1.129330993,113.447998,18.69000053,545,3870110000,4426210000,3870110000,280.806,0.08,149781,16891,3.9,105.35,-0.96,0.67,-1.51
12/12/2021,1782.900024,4712.02002,15630.59961,2211.810059,1.129330993,113.447998,18.69000053,545,3870110000,4426210000,3870110000,280.806,0.08,149781,16891,3.9,105.35,-0.96,0.67,-1.51
12/13/2021,1786.300049,4668.970215,15413.28027,2180.5,1.131183386,113.5009995,20.30999947,206,4397230000,4573920000,4397230000,280.806,0.08,149781,16891,3.9,105.35,-0.98,0.66,-1.52
12/14/2021,1770.400024,4634.089844,15237.63965,2159.649902,1.128540754,113.5770035,21.88999939,322,4485430000,4865990000,4485430000,280.806,0.08,149781,16891,3.9,105.35,-0.93,0.67,-1.43
12/15/2021,1762.599976,4709.850098,15565.58008,2195.209961,1.12612617,113.7429962,19.29000092,283,4910130000,5343920000,4910130000,280.806,0.08,149781,16891,3.9,105.35,-0.92,0.69,-1.41
12/16/2021,1796.599976,4668.669922,15180.42969,2152.459961,1.129075885,114.1360016,20.56999969,21,4829500000,4906480000,4829500000,280.806,0.08,149781,16891,3.9,105.35,-0.98,0.64,-1.51
12/17/2021,1803.800049,4620.640137,15169.67969,2173.929932,1.133414149,113.663002,21.56999969,654,7987090000,7668770000,7987090000,280.806,0.08,149781,16891,3.9,105.35,-0.97,0.66,-1.47
12/18/2021,1803.800049,4620.640137,15169.67969,2173.929932,1.133414149,113.663002,21.56999969,654,7987090000,7668770000,7987090000,280.806,0.08,149781,16891,3.9,105.35,-0.97,0.66,-1.47
12/19/2021,1803.800049,4620.640137,15169.67969,2173.929932,1.133414149,113.663002,21.56999969,654,7987090000,7668770000,7987090000,280.806,0.08,149781,16891,3.9,105.35,-0.97,0.66,-1.47
12/20/2021,1793.699951,4568.02002,14980.94043,2139.870117,1.124353528,113.5179977,22.87000084,226,4635700000,4602640000,4635700000,280.806,0.08,149781,16891,3.9,105.35,-0.96,0.65,-1.48
12/21/2021,1787.900024,4649.22998,15341.08984,2202.949951,1.127751708,113.6620026,21.01000023,575,4072430000,4581720000,4072430000,280.806,0.08,149781,16891,3.9,105.35,-0.96,0.7,-1.45
12/22/2021,1801.599976,4696.560059,15521.88965,2221.899902,1.128757358,113.9940033,18.62999916,567,3319610000,4107900000,3319610000,280.806,0.08,149781,16891,3.9,105.35,-1.01,0.68,-1.47
12/23/2021,1811.199951,4725.790039,15653.37012,2241.580078,1.132887721,114.1210022,17.95999908,193,2913040000,3935010000,2913040000,280.806,0.08,149781,16891,3.9,105.35,-0.97,0.71,-1.47
12/24/2021,1811.199951,4725.790039,15653.37012,2241.580078,1.132733703,114.4580002,17.95999908,193,2913040000,3935010000,2913040000,280.806,0.08,149781,16891,3.9,105.35,-0.97,0.71,-1.47
12/25/2021,1811.199951,4725.790039,15653.37012,2241.580078,1.132733703,114.4580002,17.95999908,193,2913040000,3935010000,2913040000,280.806,0.08,149781,16891,3.9,105.35,-0.97,0.71,-1.47
12/26/2021,1811.199951,4725.790039,15653.37012,2241.580078,1.132733703,114.4580002,17.95999908,193,2913040000,3935010000,2913040000,280.806,0.08,149781,16891,3.9,105.35,-0.97,0.71,-1.47
12/27/2021,1808.099976,4791.189941,15871.25977,2261.459961,1.132425904,114.3330002,17.68000031,150,2770290000,3743920000,2770290000,280.806,0.08,149781,16891,3.9,105.35,-1.02,0.76,-1.49
12/28/2021,1810.199951,4786.350098,15781.71973,2246.51001,1.133003235,114.7919998,17.54000092,146,2707920000,3648500000,2707920000,280.806,0.08,149781,16891,3.9,105.35,-1.01,0.74,-1.51
12/29/2021,1805.099976,4793.060059,15766.21973,2249.23999,1.131477714,114.7730026,16.95000076,623,2963310000,3714380000,2963310000,280.806,0.08,149781,16891,3.9,105.35,-0.98,0.75,-1.54
12/30/2021,1812.699951,4778.72998,15741.55957,2248.790039,1.136015058,114.947998,17.32999992,306,3124950000,3750920000,3124950000,280.806,0.08,149781,16891,3.9,105.35,-1.06,0.73,-1.59
12/31/2021,1827.5,4766.180176,15644.96973,2245.310059,1.132502794,115.0630035,17.21999931,80,2677820000,3392580000,2677820000,280.806,0.08,149781,16891,3.9,105.35,-1.04,0.73,-1.61
1/1/2022,1827.5,4766.180176,15644.96973,2245.310059,1.132502794,115.0630035,17.21999931,80,2677820000,3392580000,2677820000,282.542,0.08,150006,16993.8,4,138.67,-1.04,0.73,-1.61
1/2/2022,1827.5,4766.180176,15644.96973,2245.310059,1.132502794,115.0630035,17.21999931,80,2677820000,3392580000,2677820000,282.542,0.08,150006,16993.8,4,138.67,-1.04,0.73,-1.61
1/3/2022,1799.400024,4796.560059,15832.7998,2272.560059,1.13734591,115.1419983,16.60000038,116,3831020000,4429960000,3831020000,282.542,0.08,150006,16993.8,4,138.67,-0.97,0.78,-1.58
1/4/2022,1814,4793.540039,15622.71973,2268.870117,1.130224466,115.3280029,16.90999985,38,4683170000,5131110000,4683170000,282.542,0.08,150006,16993.8,4,138.67,-0.91,0.77,-1.56
1/5/2022,1824.599976,4700.580078,15100.16992,2194,1.128362536,116.1740036,19.72999954,8,4887960000,5031850000,4887960000,282.542,0.08,150006,16993.8,4,138.67,-0.82,0.83,-1.44
1/6/2022,1788.699951,4696.049805,15080.86035,2206.370117,1.131349683,116.1279984,19.61000061,30,4295280000,4790820000,4295280000,282.542,0.08,150006,16993.8,4,138.67,-0.73,0.88,-1.3
1/7/2022,1797,4677.029785,14935.90039,2179.810059,1.129688144,115.8649979,18.76000023,17,4181510000,4238070000,4181510000,282.542,0.08,150006,16993.8,4,138.67,-0.72,0.87,-1.28
1/8/2022,1797,4677.029785,14935.90039,2179.810059,1.129688144,115.8649979,18.76000023,17,4181510000,4238070000,4181510000,282.542,0.08,150006,16993.8,4,138.67,-0.72,0.87,-1.28
1/9/2022,1797,4677.029785,14935.90039,2179.810059,1.129688144,115.8649979,18.76000023,17,4181510000,4238070000,4181510000,282.542,0.08,150006,16993.8,4,138.67,-0.72,0.87,-1.28
1/10/2022,1798.400024,4670.290039,14942.83008,2171.149902,1.135396004,115.6179962,19.39999962,534,4511810000,5317180000,4511810000,282.542,0.08,150006,16993.8,4,138.67,-0.7,0.92,-1.24
1/11/2022,1818.599976,4713.069824,15153.4502,2194,1.133041739,115.2779999,18.40999985,743,4101590000,4390710000,4101590000,282.542,0.08,150006,16993.8,4,138.67,-0.79,0.9,-1.36
1/12/2022,1827.199951,4726.350098,15188.38965,2176.060059,1.13664782,115.3310013,17.62000084,1547,4048220000,4338530000,4048220000,282.542,0.08,150006,16993.8,4,138.67,-0.74,0.92,-1.32
1/13/2022,1821.199951,4659.029785,14806.80957,2159.439941,1.144164801,114.6750031,20.30999947,40,4251730000,4302020000,4251730000,282.542,0.08,150006,16993.8,4,138.67,-0.73,0.91,-1.3
1/14/2022,1816.5,4662.850098,14893.75,2162.459961,1.145711541,114.1179962,19.19000053,816,4338490000,4374020000,4338490000,282.542,0.08,150006,16993.8,4,138.67,-0.66,0.99,-1.24
1/15/2022,1816.5,4662.850098,14893.75,2162.459961,1.145711541,114.1179962,19.19000053,816,4338490000,4374020000,4338490000,282.542,0.08,150006,16993.8,4,138.67,-0.66,0.99,-1.24
1/16/2022,1816.5,4662.850098,14893.75,2162.459961,1.145711541,114.1179962,19.19000053,816,4338490000,4374020000,4338490000,282.542,0.08,150006,16993.8,4,138.67,-0.66,0.99,-1.24
1/17/2022,1816.5,4662.850098,14893.75,2162.459961,1.141070485,114.3059998,19.19000053,816,4338490000,4374020000,4338490000,282.542,0.08,150006,16993.8,4,138.67,-0.66,0.99,-1.24
1/18/2022,1812.300049,4577.109863,14506.90039,2096.22998,1.141057491,114.5709991,22.79000092,900,4748700000,5060790000,4748700000,282.542,0.08,150006,16993.8,4,138.67,-0.59,1.06,-1.15
1/19/2022,1843.099976,4532.759766,14340.25977,2062.780029,1.13296473,114.5540009,23.85000038,4,4465740000,4665340000,4465740000,282.542,0.08,150006,16993.8,4,138.67,-0.57,1.04,-1.11
1/20/2022,1842.5,4482.72998,14154.01953,2024.040039,1.134339929,114.3470001,25.59000015,20,4640870000,5102050000,4640870000,282.542,0.08,150006,16993.8,4,138.67,-0.5,1.08,-1.12
1/21/2022,1831.800049,4397.939941,13768.91992,1987.920044,1.131375313,113.9929962,28.85000038,19,5589100000,5870830000,5589100000,282.542,0.08,150006,16993.8,4,138.67,-0.59,1.01,-1.16
1/22/2022,1831.800049,4397.939941,13768.91992,1987.920044,1.131375313,113.9929962,28.85000038,19,5589100000,5870830000,5589100000,282.542,0.08,150006,16993.8,4,138.67,-0.59,1.01,-1.16
1/23/2022,1831.800049,4397.939941,13768.91992,1987.920044,1.131375313,113.9929962,28.85000038,19,5589100000,5870830000,5589100000,282.542,0.08,150006,16993.8,4,138.67,-0.59,1.01,-1.16
1/24/2022,1841.699951,4410.129883,13855.12988,2033.51001,1.134146929,113.7850037,29.89999962,8,6928110000,6998770000,6928110000,282.542,0.08,150006,16993.8,4,138.67,-0.63,0.99,-1.21
1/25/2022,1852.699951,4356.450195,13539.29004,2004.030029,1.13241303,114.0110016,31.15999985,11,5145050000,5019380000,5145050000,282.542,0.08,150006,16993.8,4,138.67,-0.63,1.02,-1.22
1/26/2022,1829.900024,4349.930176,13542.12012,1976.459961,1.130454421,113.875,31.95999908,55,5570640000,5771140000,5570640000,282.542,0.08,150006,16993.8,4,138.67,-0.53,1.13,-1.09
1/27/2022,1793.300049,4326.509766,13352.78027,1931.290039,1.124353528,114.7210007,30.48999977,196036,5214200000,5177380000,5214200000,282.542,0.08,150006,16993.8,4,138.67,-0.59,1.18,-1.1
1/28/2022,1784.900024,4431.850098,13770.57031,1968.51001,1.11470294,115.3519974,27.65999985,28521,5031090000,4971930000,5031090000,282.542,0.08,150006,16993.8,4,138.67,-0.66,1.15,-1.19
1/29/2022,1784.900024,4431.850098,13770.57031,1968.51001,1.11470294,115.3519974,27.65999985,28521,5031090000,4971930000,5031090000,282.542,0.08,150006,16993.8,4,138.67,-0.66,1.15,-1.19
1/30/2022,1784.900024,4431.850098,13770.57031,1968.51001,1.11470294,115.3519974,27.65999985,28521,5031090000,4971930000,5031090000,282.542,0.08,150006,16993.8,4,138.67,-0.66,1.15,-1.19
1/31/2022,1795,4515.549805,14239.87988,2028.449951,1.115237474,115.262001,24.82999992,1735,5098610000,5124940000,5098610000,282.542,0.08,150006,16993.8,4,138.67,-0.65,1.18,-1.2
2/1/2022,1800.300049,4546.540039,14346,2050.73999,1.122964621,115.1210022,21.95999908,223,4816830000,4671850000,4816830000,284.525,0.08,150875,17106,3.9,216.16,-0.62,1.18,-1.17
2/2/2022,1809.199951,4589.379883,14417.5498,2029.52002,1.12739563,114.7360001,22.09000015,1690,4481580000,4673140000,4481580000,284.525,0.08,150875,17106,3.9,216.16,-0.63,1.16,-1.19
2/3/2022,1803,4477.439941,13878.82031,1991.030029,1.129994631,114.3820038,24.35000038,466,4401970000,4326300000,4401970000,284.525,0.08,150875,17106,3.9,216.16,-0.56,1.19,-1.1
2/4/2022,1806.599976,4500.529785,14098.00977,2002.359985,1.143575907,114.9570007,23.21999931,571,4706290000,4121340000,4706290000,284.525,0.08,150875,17106,3.9,216.16,-0.48,1.31,-1
2/5/2022,1806.599976,4500.529785,14098.00977,2002.359985,1.143575907,114.9570007,23.21999931,571,4706290000,4121340000,4706290000,284.525,0.08,150875,17106,3.9,216.16,-0.48,1.31,-1
2/6/2022,1806.599976,4500.529785,14098.00977,2002.359985,1.143575907,114.9570007,23.21999931,571,4706290000,4121340000,4706290000,284.525,0.08,150875,17106,3.9,216.16,-0.48,1.31,-1
2/7/2022,1820.599976,4483.870117,14015.66992,2012.599976,1.145514727,115.223999,22.86000061,601,4228480000,4268730000,4228480000,284.525,0.08,150875,17106,3.9,216.16,-0.48,1.3,-0.99
2/8/2022,1826.599976,4521.540039,14194.4502,2045.369995,1.144295692,115.0630035,21.44000053,108,4459620000,4293770000,4459620000,284.525,0.08,150875,17106,3.9,216.16,-0.46,1.35,-0.96
2/9/2022,1835.199951,4587.180176,14490.37012,2083.5,1.142126203,115.5309982,19.95999908,683,4524350000,4729730000,4524350000,284.525,0.08,150875,17106,3.9,216.16,-0.48,1.36,-0.96
2/10/2022,1836.199951,4504.080078,14185.63965,2051.159912,1.14215219,115.6019974,23.90999985,365,5314860000,5212510000,5314860000,284.525,0.08,150875,17106,3.9,216.16,-0.42,1.61,-0.85
2/11/2022,1840.800049,4418.640137,13791.15039,2030.150024,1.141552567,116.0469971,27.36000061,181,5251500000,5237320000,5251500000,284.525,0.08,150875,17106,3.9,216.16,-0.51,1.5,-0.98
2/12/2022,1840.800049,4418.640137,13791.15039,2030.150024,1.141552567,116.0469971,27.36000061,181,5251500000,5237320000,5251500000,284.525,0.08,150875,17106,3.9,216.16,-0.51,1.5,-0.98
2/13/2022,1840.800049,4418.640137,13791.15039,2030.150024,1.141552567,116.0469971,27.36000061,181,5251500000,5237320000,5251500000,284.525,0.08,150875,17106,3.9,216.16,-0.51,1.5,-0.98
2/14/2022,1868,4401.669922,13790.91992,2020.790039,1.136505723,115.5839996,28.32999992,79,4600390000,4347350000,4600390000,284.525,0.08,150875,17106,3.9,216.16,-0.5,1.58,-1.01
2/15/2022,1854.800049,4471.069824,14139.75977,2076.459961,1.130633473,115.5360031,25.70000076,86,4430830000,4416840000,4430830000,284.525,0.08,150875,17106,3.9,216.16,-0.43,1.58,-0.95
2/16/2022,1870.199951,4475.009766,14124.08984,2079.310059,1.135679603,115.6350021,24.29000092,34,4283640000,4238560000,4283640000,284.525,0.08,150875,17106,3.9,216.16,-0.43,1.52,-0.97
2/17/2022,1900.699951,4380.259766,13716.71973,2028.089966,1.137526989,115.387001,28.11000061,393,4539420000,4278370000,4539420000,284.525,0.08,150875,17106,3.9,216.16,-0.46,1.49,-1.02
2/18/2022,1898.599976,4348.870117,13548.07031,2009.329956,1.13664782,114.8659973,27.75,51,4708060000,4501940000,4708060000,284.525,0.08,150875,17106,3.9,216.16,-0.49,1.47,-1.04
2/19/2022,1898.599976,4348.870117,13548.07031,2009.329956,1.13664782,114.8659973,27.75,51,4708060000,4501940000,4708060000,284.525,0.08,150875,17106,3.9,216.16,-0.49,1.47,-1.04
2/20/2022,1898.599976,4348.870117,13548.07031,2009.329956,1.13664782,114.8659973,27.75,51,4708060000,4501940000,4708060000,284.525,0.08,150875,17106,3.9,216.16,-0.49,1.47,-1.04
2/21/2022,1898.599976,4348.870117,13548.07031,2009.329956,1.13172102,114.9609985,27.75,51,4708060000,4501940000,4708060000,284.525,0.08,150875,17106,3.9,216.16,-0.49,1.47,-1.04
2/22/2022,1906.099976,4304.759766,13381.51953,1980.170044,1.130965829,114.6090012,28.80999947,173,5121900000,4849170000,5121900000,284.525,0.08,150875,17106,3.9,216.16,-0.51,1.56,-1.04
2/23/2022,1909.199951,4225.5,13037.49023,1944.089966,1.132913351,115.0960007,31.02000046,73,4797430000,4639330000,4797430000,284.525,0.08,150875,17106,3.9,216.16,-0.54,1.58,-1.12
2/24/2022,1925.099976,4288.700195,13473.58984,1996.01001,1.130569458,114.8980026,30.31999969,2706,6752130000,6180200000,6752130000,284.525,0.08,150875,17106,3.9,216.16,-0.59,1.54,-1.21
2/25/2022,1886.5,4384.649902,13694.62012,2040.930054,1.11906898,115.5709991,27.59000015,586,5177060000,4628720000,5177060000,284.525,0.08,150875,17106,3.9,216.16,-0.57,1.55,-1.16
2/26/2022,1886.5,4384.649902,13694.62012,2040.930054,1.11906898,115.5709991,27.59000015,586,5177060000,4628720000,5177060000,284.525,0.08,150875,17106,3.9,216.16,-0.57,1.55,-1.16
2/27/2022,1886.5,4384.649902,13694.62012,2040.930054,1.11906898,115.5709991,27.59000015,586,5177060000,4628720000,5177060000,284.525,0.08,150875,17106,3.9,216.16,-0.57,1.55,-1.16
2/28/2022,1899.400024,4373.939941,13751.40039,2048.090088,1.118105412,115.5849991,30.14999962,390,6071370000,5928130000,6071370000,284.525,0.08,150875,17106,3.9,216.16,-0.79,1.44,-1.4
3/1/2022,1942.400024,4306.259766,13532.45996,2008.51001,1.121591806,115.0780029,33.31999969,547,5846230000,6131350000,5846230000,287.467,0.2,151346,17347.2,3.7,318.95,-0.9,1.31,-1.58
3/2/2022,1920.900024,4386.540039,13752.01953,2058.870117,1.113275886,114.8330002,30.73999977,109,5337870000,5246390000,5337870000,287.467,0.2,151346,17347.2,3.7,318.95,-0.85,1.5,-1.49
3/3/2022,1934.400024,4363.490234,13537.94043,2032.410034,1.111234546,115.5189972,30.47999954,122,5039890000,5092580000,5039890000,287.467,0.2,151346,17347.2,3.7,318.95,-0.83,1.53,-1.43
3/4/2022,1965.099976,4328.870117,13313.44043,2000.900024,1.106684446,115.473999,31.97999954,47,5797380000,5343900000,5797380000,287.467,0.2,151346,17347.2,3.7,318.95,-0.93,1.5,-1.54
3/5/2022,1965.099976,4328.870117,13313.44043,2000.900024,1.106684446,115.473999,31.97999954,47,5797380000,5343900000,5797380000,287.467,0.2,151346,17347.2,3.7,318.95,-0.93,1.5,-1.54
3/6/2022,1965.099976,4328.870117,13313.44043,2000.900024,1.106684446,115.473999,31.97999954,47,5797380000,5343900000,5797380000,287.467,0.2,151346,17347.2,3.7,318.95,-0.93,1.5,-1.54
3/7/2022,1993.900024,4201.089844,12830.95996,1951.329956,1.087453008,114.9499969,36.45000076,2516,6940470000,6195370000,6940470000,287.467,0.2,151346,17347.2,3.7,318.95,-0.99,1.55,-1.58
3/8/2022,2040.099976,4170.700195,12795.5498,1963.01001,1.086531281,115.3730011,35.13000107,1813,7243120000,6683960000,7243120000,287.467,0.2,151346,17347.2,3.7,318.95,-1.04,1.63,-1.63
3/9/2022,1985.900024,4277.879883,13255.5498,2016.290039,1.089823246,115.7220001,32.45000076,1022,5662670000,5396550000,5662670000,287.467,0.2,151346,17347.2,3.7,318.95,-0.9,1.68,-1.46
3/10/2022,1998.099976,4259.52002,13129.95996,2011.670044,1.107382894,115.9089966,30.22999954,670,4980830000,5071250000,4980830000,287.467,0.2,151346,17347.2,3.7,318.95,-0.88,1.72,-1.5
3/11/2022,1982.699951,4204.310059,12843.80957,1979.670044,1.101394415,116.1790009,30.75,865,4938640000,5288210000,4938640000,287.467,0.2,151346,17347.2,3.7,318.95,-0.94,1.75,-1.56
3/12/2022,1982.699951,4204.310059,12843.80957,1979.670044,1.101394415,116.1790009,30.75,865,4938640000,5288210000,4938640000,287.467,0.2,151346,17347.2,3.7,318.95,-0.94,1.75,-1.56
3/13/2022,1982.699951,4204.310059,12843.80957,1979.670044,1.101394415,116.1790009,30.75,865,4938640000,5288210000,4938640000,287.467,0.2,151346,17347.2,3.7,318.95,-0.94,1.75,-1.56
3/14/2022,1959.599976,4173.109863,12581.21973,1941.719971,1.093206763,117.5289993,31.77000046,145,5574920000,5876710000,5574920000,287.467,0.2,151346,17347.2,3.7,318.95,-0.79,1.87,-1.4
3/15/2022,1928.5,4262.450195,12948.62012,1968.969971,1.094319344,118.2180023,29.82999992,71,5392470000,5440100000,5392470000,287.467,0.2,151346,17347.2,3.7,318.95,-0.69,1.85,-1.32
3/16/2022,1908,4357.859863,13436.5498,2030.719971,1.096936345,118.2919998,26.67000008,104,6309750000,6552210000,6309750000,287.467,0.2,151346,17347.2,3.7,318.95,-0.61,1.95,-1.16
3/17/2022,1942.099976,4411.669922,13614.78027,2065.02002,1.102195501,118.8700027,25.67000008,39,4985090000,5612090000,4985090000,287.467,0.2,151346,17347.2,3.7,318.95,-0.71,1.94,-1.34
3/18/2022,1928.199951,4463.120117,13893.83984,2086.139893,1.109951854,118.4860001,23.87000084,28,8278430000,8149290000,8278430000,287.467,0.2,151346,17347.2,3.7,318.95,-0.72,1.97,-1.34
3/19/2022,1928.199951,4463.120117,13893.83984,2086.139893,1.109951854,118.4860001,23.87000084,28,8278430000,8149290000,8278430000,287.467,0.2,151346,17347.2,3.7,318.95,-0.72,1.97,-1.34
3/20/2022,1928.199951,4463.120117,13893.83984,2086.139893,1.109951854,118.4860001,23.87000084,28,8278430000,8149290000,8278430000,287.467,0.2,151346,17347.2,3.7,318.95,-0.72,1.97,-1.34
3/21/2022,1928.599976,4461.180176,13838.45996,2065.939941,1.104313493,119.2630005,23.53000069,5,4869820000,5673940000,4869820000,287.467,0.2,151346,17347.2,3.7,318.95,-0.58,2.14,-1.19
3/22/2022,1920.699951,4511.609863,14108.82031,2088.340088,1.101722002,119.5940018,22.94000053,26,4754840000,5445100000,4754840000,287.467,0.2,151346,17347.2,3.7,318.95,-0.53,2.18,-1.13
3/23/2022,1936.599976,4456.240234,13922.59961,2052.209961,1.10297358,121.3399963,23.56999969,204,4550670000,5024230000,4550670000,287.467,0.2,151346,17347.2,3.7,318.95,-0.62,2.13,-1.23
3/24/2022,1961.599976,4520.160156,14191.83984,2075.439941,1.100630641,121.1269989,21.67000008,8,4131390000,5149520000,4131390000,287.467,0.2,151346,17347.2,3.7,318.95,-0.58,2.13,-1.2
3/25/2022,1953.800049,4543.060059,14169.2998,2077.97998,1.10095787,122.3460007,20.80999947,83,4305020000,5585100000,4305020000,287.467,0.2,151346,17347.2,3.7,318.95,-0.47,2.3,-1.04
3/26/2022,1953.800049,4543.060059,14169.2998,2077.97998,1.10095787,122.3460007,20.80999947,83,4305020000,5585100000,4305020000,287.467,0.2,151346,17347.2,3.7,318.95,-0.47,2.3,-1.04
3/27/2022,1953.800049,4543.060059,14169.2998,2077.97998,1.10095787,122.3460007,20.80999947,83,4305020000,5585100000,4305020000,287.467,0.2,151346,17347.2,3.7,318.95,-0.47,2.3,-1.04
3/28/2022,1939.599976,4575.52002,14354.90039,2078.060059,1.098189116,122.2699966,19.62999916,7,4312260000,5129500000,4312260000,287.467,0.2,151346,17347.2,3.7,318.95,-0.49,2.35,-1.02
3/29/2022,1912,4631.600098,14619.63965,2133.100098,1.099384308,123.6600037,18.89999962,128051,5085910000,6060890000,5085910000,287.467,0.2,151346,17347.2,3.7,318.95,-0.45,2.35,-0.91
3/30/2022,1933.5,4602.450195,14442.26953,2091.070068,1.109151602,123.125,19.32999992,17765,4385570000,5479200000,4385570000,287.467,0.2,151346,17347.2,3.7,318.95,-0.51,2.31,-0.97
3/31/2022,1949.199951,4530.410156,14220.51953,2070.129883,1.116183519,122.0210037,20.55999947,3617,4823020000,5453890000,4823020000,287.467,0.2,151346,17347.2,3.7,318.95,-0.52,2.28,-0.92
4/1/2022,1919.099976,4545.859863,14261.5,2091.110107,1.107235789,121.7559967,19.62999916,1016,4562940000,5002790000,4562940000,288.582,0.33,151651,17490,3.7,191.14,-0.41,2.44,-0.73
4/2/2022,1919.099976,4545.859863,14261.5,2091.110107,1.107235789,121.7559967,19.62999916,1016,4562940000,5002790000,4562940000,288.582,0.33,151651,17490,3.7,191.14,-0.41,2.44,-0.73
4/3/2022,1919.099976,4545.859863,14261.5,2091.110107,1.107235789,121.7559967,19.62999916,1016,4562940000,5002790000,4562940000,288.582,0.33,151651,17490,3.7,191.14,-0.41,2.44,-0.73
4/4/2022,1929.199951,4582.640137,14532.5498,2095.439941,1.104728222,122.6100006,18.56999969,371,4547350000,4630100000,4547350000,288.582,0.33,151651,17490,3.7,191.14,-0.38,2.43,-0.72
4/5/2022,1922.900024,4525.120117,14204.16992,2046.040039,1.097586393,122.8089981,21.03000069,412,4800620000,4727710000,4800620000,288.582,0.33,151651,17490,3.7,191.14,-0.3,2.51,-0.62
4/6/2022,1918.400024,4481.149902,13888.82031,2016.939941,1.090643287,123.6559982,22.10000038,138,4986830000,5360420000,4986830000,288.582,0.33,151651,17490,3.7,191.14,-0.22,2.5,-0.58
4/7/2022,1933.800049,4500.209961,13897.2998,2009.800049,1.089823246,123.7229996,21.54999924,311,4821490000,4856090000,4821490000,288.582,0.33,151651,17490,3.7,191.14,-0.16,2.47,-0.56
4/8/2022,1941.599976,4488.279785,13711,1994.560059,1.086484075,124.0960007,21.15999985,153,4083200000,4574080000,4083200000,288.582,0.33,151651,17490,3.7,191.14,-0.15,2.53,-0.57
4/9/2022,1941.599976,4488.279785,13711,1994.560059,1.086484075,124.0960007,21.15999985,153,4083200000,4574080000,4083200000,288.582,0.33,151651,17490,3.7,191.14,-0.15,2.53,-0.57
4/10/2022,1941.599976,4488.279785,13711,1994.560059,1.086484075,124.0960007,21.15999985,153,4083200000,4574080000,4083200000,288.582,0.33,151651,17490,3.7,191.14,-0.15,2.53,-0.57
4/11/2022,1944.300049,4412.529785,13411.95996,1980.319946,1.088494658,124.3850021,24.37000084,163,4266290000,4946680000,4266290000,288.582,0.33,151651,17490,3.7,191.14,-0.12,2.5,-0.58
4/12/2022,1972.099976,4397.450195,13371.57031,1986.939941,1.087795973,125.4720001,24.26000023,246,4152090000,4991720000,4152090000,288.582,0.33,151651,17490,3.7,191.14,-0.14,2.39,-0.65
4/13/2022,1981,4446.589844,13643.58984,2025.099976,1.082614303,125.4160004,21.81999969,204,3828150000,4909720000,3828150000,288.582,0.33,151651,17490,3.7,191.14,-0.1,2.37,-0.59
4/14/2022,1970.900024,4392.589844,13351.08008,2004.97998,1.089656949,125.3769989,22.70000076,101,4083090000,4642240000,4083090000,288.582,0.33,151651,17490,3.7,191.14,-0.06,2.47,-0.54
4/15/2022,1970.900024,4392.589844,13351.08008,2004.97998,1.082098842,126.1790009,22.70000076,101,4083090000,4642240000,4083090000,288.582,0.33,151651,17490,3.7,191.14,-0.06,2.47,-0.54
4/16/2022,1970.900024,4392.589844,13351.08008,2004.97998,1.082098842,126.1790009,22.70000076,101,4083090000,4642240000,4083090000,288.582,0.33,151651,17490,3.7,191.14,-0.06,2.47,-0.54
4/17/2022,1970.900024,4392.589844,13351.08008,2004.97998,1.082098842,126.1790009,22.70000076,101,4083090000,4642240000,4083090000,288.582,0.33,151651,17490,3.7,191.14,-0.06,2.47,-0.54
4/18/2022,1982.900024,4391.689941,13332.36035,1990.130005,1.081525445,126.6179962,22.17000008,196,3910490000,4365230000,3910490000,288.582,0.33,151651,17490,3.7,191.14,-0.07,2.46,-0.57
4/19/2022,1955.699951,4462.209961,13619.66016,2030.77002,1.078178763,127.0979996,21.37000084,130,4108120000,4562840000,4108120000,288.582,0.33,151651,17490,3.7,191.14,0,2.61,-0.45
4/20/2022,1952.300049,4459.450195,13453.07031,2038.189941,1.079447269,129.3329926,20.31999969,621,4290450000,4678930000,4290450000,288.582,0.33,151651,17490,3.7,191.14,-0.07,2.6,-0.49
4/21/2022,1944.900024,4393.660156,13174.65039,1991.459961,1.084987044,128.0130005,22.68000031,4,4636890000,5233110000,4636890000,288.582,0.33,151651,17490,3.7,191.14,-0.12,2.68,-0.41
4/22/2022,1931,4271.779785,12839.29004,1940.660034,1.083517551,128.4080048,28.20999908,178,4651940000,4475090000,4651940000,288.582,0.33,151651,17490,3.7,191.14,-0.08,2.72,-0.43
4/23/2022,1931,4271.779785,12839.29004,1940.660034,1.083517551,128.4080048,28.20999908,178,4651940000,4475090000,4651940000,288.582,0.33,151651,17490,3.7,191.14,-0.08,2.72,-0.43
4/24/2022,1931,4271.779785,12839.29004,1940.660034,1.083517551,128.4080048,28.20999908,178,4651940000,4475090000,4651940000,288.582,0.33,151651,17490,3.7,191.14,-0.08,2.72,-0.43
4/25/2022,1893.199951,4296.120117,13004.84961,1954.199951,1.081104517,128.6049957,27.02000046,748,5240040000,4845160000,5240040000,288.582,0.33,151651,17490,3.7,191.14,-0.1,2.63,-0.43
4/26/2022,1901.400024,4175.200195,12490.74023,1890.469971,1.071420908,127.7440033,33.52000046,302,4689970000,5168160000,4689970000,288.582,0.33,151651,17490,3.7,191.14,-0.08,2.54,-0.46
4/27/2022,1885.900024,4183.959961,12488.92969,1884.040039,1.06436193,127.2659988,31.60000038,1786,4769680000,4810720000,4769680000,288.582,0.33,151651,17490,3.7,191.14,-0.06,2.58,-0.47
4/28/2022,1888.699951,4287.5,12871.53027,1917.939941,1.05550921,128.3939972,29.98999977,513,4854180000,5067150000,4854180000,288.582,0.33,151651,17490,3.7,191.14,-0.12,2.63,-0.53
4/29/2022,1909.300049,4131.930176,12334.63965,1864.099976,1.050420165,130.8110046,33.40000153,132,5084030000,4733070000,5084030000,288.582,0.33,151651,17490,3.7,191.14,0.01,2.7,-0.38
4/30/2022,1909.300049,4131.930176,12334.63965,1864.099976,1.050420165,130.8110046,33.40000153,132,5084030000,4733070000,5084030000,288.582,0.33,151651,17490,3.7,191.14,0.01,2.7,-0.38
5/1/2022,1909.300049,4131.930176,12334.63965,1864.099976,1.050420165,130.8110046,33.40000153,132,5084030000,4733070000,5084030000,291.299,0.77,151892,17574.5,3.6,142.26,0.01,2.7,-0.38
5/2/2022,1861.800049,4155.379883,12536.01953,1882.910034,1.053596497,130.0110016,32.34000015,385,5163790000,4918240000,5163790000,291.299,0.77,151892,17574.5,3.6,142.26,0.18,2.73,-0.2
5/3/2022,1868.800049,4175.47998,12563.75977,1898.859985,1.050905824,130.1119995,29.25,466,4582050000,4547280000,4582050000,291.299,0.77,151892,17574.5,3.6,142.26,0.14,2.78,-0.2
5/4/2022,1867,4300.169922,12964.86035,1949.920044,1.052853227,130.1159973,25.42000008,1,5136360000,5498050000,5136360000,291.299,0.77,151892,17574.5,3.6,142.26,0.07,2.66,-0.31
5/5/2022,1874,4146.870117,12317.69043,1871.150024,1.062247753,129.2230072,31.20000076,80,5077030000,5308920000,5077030000,291.299,0.77,151892,17574.5,3.6,142.26,0.18,2.71,-0.22
5/6/2022,1881.199951,4123.339844,12144.66016,1839.560059,1.053974032,130.3300018,30.19000053,214,5116940000,5324480000,5116940000,291.299,0.77,151892,17574.5,3.6,142.26,0.26,2.72,-0.16
5/7/2022,1881.199951,4123.339844,12144.66016,1839.560059,1.053974032,130.3300018,30.19000053,214,5116940000,5324480000,5116940000,291.299,0.77,151892,17574.5,3.6,142.26,0.26,2.72,-0.16
5/8/2022,1881.199951,4123.339844,12144.66016,1839.560059,1.053974032,130.3300018,30.19000053,214,5116940000,5324480000,5116940000,291.299,0.77,151892,17574.5,3.6,142.26,0.26,2.72,-0.16
5/9/2022,1857.099976,3991.23999,11623.25,1762.079956,1.053219199,130.7489929,34.75,304,5954520000,5939140000,5954520000,291.299,0.77,151892,17574.5,3.6,142.26,0.3,2.61,-0.11
5/10/2022,1839.900024,4001.050049,11737.66992,1761.790039,1.056579828,130.3769989,32.99000168,1540,5885820000,6218260000,5885820000,291.299,0.77,151892,17574.5,3.6,142.26,0.34,2.62,-0.01
5/11/2022,1852.599976,3935.179932,11364.24023,1718.140015,1.053296804,130.3509979,32.56000137,892,5816140000,6152370000,5816140000,291.299,0.77,151892,17574.5,3.6,142.26,0.21,2.66,-0.11
5/12/2022,1823.800049,3930.080078,11370.95996,1739.380005,1.051248312,129.8350067,31.77000046,153,6286450000,6679470000,6286450000,291.299,0.77,151892,17574.5,3.6,142.26,0.25,2.56,-0.08
5/13/2022,1807.400024,4023.889893,11805,1792.670044,1.037958145,128.5879974,28.87000084,335,5183340000,5894020000,5183340000,291.299,0.77,151892,17574.5,3.6,142.26,0.24,2.61,-0.14
5/14/2022,1807.400024,4023.889893,11805,1792.670044,1.037958145,128.5879974,28.87000084,335,5183340000,5894020000,5183340000,291.299,0.77,151892,17574.5,3.6,142.26,0.24,2.61,-0.14
5/15/2022,1807.400024,4023.889893,11805,1792.670044,1.037958145,128.5879974,28.87000084,335,5183340000,5894020000,5183340000,291.299,0.77,151892,17574.5,3.6,142.26,0.24,2.61,-0.14
5/16/2022,1813.5,4008.01001,11662.79004,1783.430054,1.040063262,129.4320068,27.46999931,34,4415030000,4930250000,4415030000,291.299,0.77,151892,17574.5,3.6,142.26,0.2,2.58,-0.21
5/17/2022,1818.199951,4088.850098,11984.51953,1840.300049,1.043895841,128.9230042,26.10000038,121,4841410000,5093960000,4841410000,291.299,0.77,151892,17574.5,3.6,142.26,0.27,2.71,-0.12
5/18/2022,1815.900024,3923.679932,11418.15039,1774.849976,1.054785609,129.4539948,30.95999908,311,5103220000,5064120000,5103220000,291.299,0.77,151892,17574.5,3.6,142.26,0.17,2.68,-0.16
5/19/2022,1841.199951,3900.790039,11388.5,1776.219971,1.047273993,127.9140015,29.35000038,138,5113550000,5154410000,5113550000,291.299,0.77,151892,17574.5,3.6,142.26,0.25,2.63,-0.13
5/20/2022,1841.800049,3901.360107,11354.62012,1773.27002,1.05789876,127.8320007,29.43000031,110,5130730000,5434370000,5130730000,291.299,0.77,151892,17574.5,3.6,142.26,0.23,2.6,-0.08
5/21/2022,1841.800049,3901.360107,11354.62012,1773.27002,1.05789876,127.8320007,29.43000031,110,5130730000,5434370000,5130730000,291.299,0.77,151892,17574.5,3.6,142.26,0.23,2.6,-0.08
5/22/2022,1841.800049,3901.360107,11354.62012,1773.27002,1.05789876,127.8320007,29.43000031,110,5130730000,5434370000,5130730000,291.299,0.77,151892,17574.5,3.6,142.26,0.23,2.6,-0.08
5/23/2022,1847.800049,3973.75,11535.26953,1792.76001,1.056981921,127.9029999,28.47999954,216,4420030000,4552200000,4420030000,291.299,0.77,151892,17574.5,3.6,142.26,0.26,2.65,-0.04
5/24/2022,1865.099976,3941.47998,11264.4502,1764.829956,1.06820488,127.8460007,29.45000076,33,4923190000,4724430000,4923190000,291.299,0.77,151892,17574.5,3.6,142.26,0.21,2.5,-0.11
5/25/2022,1846.199951,3978.72998,11434.74023,1799.160034,1.073652506,126.7689972,28.37000084,0,4802560000,4519690000,4802560000,291.299,0.77,151892,17574.5,3.6,142.26,0.19,2.48,-0.17
5/26/2022,1847.400024,4057.840088,11740.65039,1838.23999,1.068661451,127.1520004,27.5,123355,4709970000,4672620000,4709970000,291.299,0.77,151892,17574.5,3.6,142.26,0.13,2.46,-0.26
5/27/2022,1851.300049,4158.240234,12131.12988,1887.900024,1.073295355,127.0449982,25.71999931,30091,4375620000,4793900000,4375620000,291.299,0.77,151892,17574.5,3.6,142.26,0.11,2.47,-0.24
5/28/2022,1851.300049,4158.240234,12131.12988,1887.900024,1.073295355,127.0449982,25.71999931,30091,4375620000,4793900000,4375620000,291.299,0.77,151892,17574.5,3.6,142.26,0.11,2.47,-0.24
5/29/2022,1851.300049,4158.240234,12131.12988,1887.900024,1.073295355,127.0449982,25.71999931,30091,4375620000,4793900000,4375620000,291.299,0.77,151892,17574.5,3.6,142.26,0.11,2.47,-0.24
5/30/2022,1851.300049,4158.240234,12131.12988,1887.900024,1.073145628,127.2850037,25.71999931,30091,4375620000,4793900000,4375620000,291.299,0.77,151892,17574.5,3.6,142.26,0.11,2.47,-0.24
5/31/2022,1842.699951,4132.149902,12081.38965,1864.040039,1.077353954,127.7839966,26.19000053,4073,6822640000,6045500000,6822640000,291.299,0.77,151892,17574.5,3.6,142.26,0.21,2.53,-0.15
6/1/2022,1843.300049,4101.22998,11994.45996,1854.819946,1.073410511,128.7359924,25.69000053,1623,4531800000,4719900000,4531800000,295.072,1.21,152353,17755.2,3.6,130.71,0.29,2.66,-0.02
6/2/2022,1866.5,4176.819824,12316.90039,1897.670044,1.065416574,130.121994,24.71999931,551,4405790000,4445840000,4405790000,295.072,1.21,152353,17755.2,3.6,130.71,0.26,2.65,-0.05
6/3/2022,1845.400024,4108.540039,12012.73047,1883.050049,1.075106978,129.9179993,24.79000092,53,3711110000,4130040000,3711110000,295.072,1.21,152353,17755.2,3.6,130.71,0.22,2.66,-0.09
6/4/2022,1845.400024,4108.540039,12012.73047,1883.050049,1.075106978,129.9179993,24.79000092,53,3711110000,4130040000,3711110000,295.072,1.21,152353,17755.2,3.6,130.71,0.22,2.66,-0.09
6/5/2022,1845.400024,4108.540039,12012.73047,1883.050049,1.075106978,129.9179993,24.79000092,53,3711110000,4130040000,3711110000,295.072,1.21,152353,17755.2,3.6,130.71,0.22,2.66,-0.09
6/6/2022,1839.199951,4121.430176,12061.37012,1889.890015,1.072604656,130.7070007,25.06999969,142,4332700000,4647010000,4332700000,295.072,1.21,152353,17755.2,3.6,130.71,0.28,2.73,-0.02
6/7/2022,1847.5,4160.680176,12175.23047,1919.560059,1.069141388,132.1759949,24.02000046,1168,4248210000,4411240000,4248210000,295.072,1.21,152353,17755.2,3.6,130.71,0.25,2.75,-0.04
6/8/2022,1851.900024,4115.77002,12086.26953,1891.01001,1.069862008,132.8470001,23.95999908,218,4159470000,4708980000,4159470000,295.072,1.21,152353,17755.2,3.6,130.71,0.28,2.78,-0.03
6/9/2022,1848.800049,4017.820068,11754.23047,1850.859985,1.071765423,134.4299927,26.09000015,159,4134170000,5408460000,4134170000,295.072,1.21,152353,17755.2,3.6,130.71,0.29,2.83,-0.01
6/10/2022,1871.5,3900.860107,11340.01953,1800.280029,1.061920524,134.4179993,27.75,1490,4889640000,5152020000,4889640000,295.072,1.21,152353,17755.2,3.6,130.71,0.39,3.06,0.12
6/11/2022,1871.5,3900.860107,11340.01953,1800.280029,1.061920524,134.4179993,27.75,1490,4889640000,5152020000,4889640000,295.072,1.21,152353,17755.2,3.6,130.71,0.39,3.06,0.12
6/12/2022,1871.5,3900.860107,11340.01953,1800.280029,1.061920524,134.4179993,27.75,1490,4889640000,5152020000,4889640000,295.072,1.21,152353,17755.2,3.6,130.71,0.39,3.06,0.12
6/13/2022,1828,3749.629883,10809.23047,1714.589966,1.048998713,134.8139954,34.02000046,127,5636890000,5937320000,5636890000,295.072,1.21,152353,17755.2,3.6,130.71,0.69,3.4,0.45
6/14/2022,1809.5,3735.47998,10828.34961,1707.829956,1.041514754,134.2250061,32.68999863,536,5153890000,4819890000,5153890000,295.072,1.21,152353,17755.2,3.6,130.71,0.89,3.45,0.73
6/15/2022,1815.300049,3789.98999,11099.15039,1731.140015,1.044059277,135.2940063,29.62000084,108,5530480000,5368500000,5530480000,295.072,1.21,152353,17755.2,3.6,130.71,0.63,3.2,0.38
6/16/2022,1845.699951,3666.77002,10646.09961,1649.839966,1.045620441,134.1150055,32.95000076,136,5644930000,5696630000,5644930000,295.072,1.21,152353,17755.2,3.6,130.71,0.66,3.14,0.48
6/17/2022,1835.599976,3674.840088,10798.34961,1665.689941,1.054685473,132.4210052,31.12999916,170,8520740000,7452830000,8520740000,295.072,1.21,152353,17755.2,3.6,130.71,0.67,3.17,0.54
6/18/2022,1835.599976,3674.840088,10798.34961,1665.689941,1.054685473,132.4210052,31.12999916,170,8520740000,7452830000,8520740000,295.072,1.21,152353,17755.2,3.6,130.71,0.67,3.17,0.54
6/19/2022,1835.599976,3674.840088,10798.34961,1665.689941,1.054685473,132.4210052,31.12999916,170,8520740000,7452830000,8520740000,295.072,1.21,152353,17755.2,3.6,130.71,0.67,3.17,0.54
6/20/2022,1835.599976,3674.840088,10798.34961,1665.689941,1.049141765,135.276001,31.12999916,170,8520740000,7452830000,8520740000,295.072,1.21,152353,17755.2,3.6,130.71,0.67,3.17,0.54
6/21/2022,1834.599976,3764.790039,11069.2998,1694.030029,1.052077889,135.0870056,30.19000053,216,5292260000,5226260000,5292260000,295.072,1.21,152353,17755.2,3.6,130.71,0.7,3.21,0.54
6/22/2022,1834.300049,3759.889893,11053.08008,1690.280029,1.053263545,136.2689972,28.95000076,115,5058990000,5238180000,5058990000,295.072,1.21,152353,17755.2,3.6,130.71,0.62,3.06,0.48
6/23/2022,1825.699951,3795.72998,11232.19043,1711.670044,1.056412458,136.0240021,29.04999924,9,5098640000,5258200000,5098640000,295.072,1.21,152353,17755.2,3.6,130.71,0.59,3.01,0.45
6/24/2022,1826.5,3911.73999,11607.62012,1765.73999,1.05201149,134.8399963,27.22999954,61,8120260000,9468130000,8120260000,295.072,1.21,152353,17755.2,3.6,130.71,0.57,3.04,0.36
6/25/2022,1826.5,3911.73999,11607.62012,1765.73999,1.05201149,134.8399963,27.22999954,61,8120260000,9468130000,8120260000,295.072,1.21,152353,17755.2,3.6,130.71,0.57,3.04,0.36
6/26/2022,1826.5,3911.73999,11607.62012,1765.73999,1.05201149,134.8399963,27.22999954,61,8120260000,9468130000,8120260000,295.072,1.21,152353,17755.2,3.6,130.71,0.57,3.04,0.36
6/27/2022,1820.900024,3900.110107,11524.5498,1771.73999,1.056613326,135.0619965,26.95000076,77,4325310000,5047860000,4325310000,295.072,1.21,152353,17755.2,3.6,130.71,0.65,3.08,0.45
6/28/2022,1817.5,3821.550049,11181.54004,1738.839966,1.058089137,135.4349976,28.36000061,391,4270120000,5433220000,4270120000,295.072,1.21,152353,17755.2,3.6,130.71,0.72,3.1,0.52
6/29/2022,1813.699951,3818.830078,11177.88965,1719.369995,1.052354574,136.0469971,28.15999985,173,4211240000,5650860000,4211240000,295.072,1.21,152353,17755.2,3.6,130.71,0.74,3.06,0.56
6/30/2022,1804.099976,3785.379883,11028.74023,1707.98999,1.044659138,136.5890045,28.70999908,328,4840070000,5654520000,4840070000,295.072,1.21,152353,17755.2,3.6,130.71,0.65,2.92,0.43
7/1/2022,1798.900024,3825.330078,11127.84961,1727.76001,1.047767758,135.7859955,26.70000076,77,4046950000,4865730000,4046950000,294.94,1.68,153049,17770.1,3.5,117.18,0.54,2.84,0.28
7/2/2022,1798.900024,3825.330078,11127.84961,1727.76001,1.047767758,135.7859955,26.70000076,77,4046950000,4865730000,4046950000,294.94,1.68,153049,17770.1,3.5,117.18,0.54,2.84,0.28
7/3/2022,1798.900024,3825.330078,11127.84961,1727.76001,1.047767758,135.7859955,26.70000076,77,4046950000,4865730000,4046950000,294.94,1.68,153049,17770.1,3.5,117.18,0.54,2.84,0.28
7/4/2022,1798.900024,3825.330078,11127.84961,1727.76001,1.043394804,135.0429993,26.70000076,77,4046950000,4865730000,4046950000,294.94,1.68,153049,17770.1,3.5,117.18,0.54,2.84,0.28
7/5/2022,1761.800049,3831.389893,11322.24023,1741.329956,1.043318629,135.8399963,27.54000092,64,5076590000,5053570000,5076590000,294.94,1.68,153049,17770.1,3.5,117.18,0.52,2.82,0.31
7/6/2022,1734.900024,3845.080078,11361.84961,1727.550049,1.025767326,135.5209961,26.72999954,1729,4417720000,4851170000,4417720000,294.94,1.68,153049,17770.1,3.5,117.18,0.64,2.97,0.48
7/7/2022,1737.900024,3902.620117,11621.34961,1769.599976,1.018641114,135.9660034,26.07999992,1869,4057770000,4685050000,4057770000,294.94,1.68,153049,17770.1,3.5,117.18,0.68,3.03,0.52
7/8/2022,1740.599976,3899.379883,11635.30957,1769.359985,1.016983628,135.9129944,24.63999939,370,3521620000,4526570000,3521620000,294.94,1.68,153049,17770.1,3.5,117.18,0.72,3.12,0.51
7/9/2022,1740.599976,3899.379883,11635.30957,1769.359985,1.016983628,135.9129944,24.63999939,370,3521620000,4526570000,3521620000,294.94,1.68,153049,17770.1,3.5,117.18,0.72,3.12,0.51
7/10/2022,1740.599976,3899.379883,11635.30957,1769.359985,1.016983628,135.9129944,24.63999939,370,3521620000,4526570000,3521620000,294.94,1.68,153049,17770.1,3.5,117.18,0.72,3.12,0.51
7/11/2022,1730,3854.429932,11372.59961,1732.01001,1.016611457,136.3009949,26.17000008,75,3423480000,4362910000,3423480000,294.94,1.68,153049,17770.1,3.5,117.18,0.67,3.07,0.49
7/12/2022,1723.300049,3818.800049,11264.73047,1728.180054,1.004752517,137.3880005,27.29000092,451,3817210000,4317860000,3817210000,294.94,1.68,153049,17770.1,3.5,117.18,0.64,3.03,0.51
7/13/2022,1734.199951,3801.780029,11247.58008,1726.040039,1.003310919,136.7259979,26.81999969,368,4109390000,4433060000,4109390000,294.94,1.68,153049,17770.1,3.5,117.18,0.6,3.13,0.51
7/14/2022,1704.5,3790.379883,11251.19043,1707.51001,1.003270626,137.628006,26.39999962,1289,4199690000,4481070000,4199690000,294.94,1.68,153049,17770.1,3.5,117.18,0.62,3.15,0.52
7/15/2022,1702.400024,3863.159912,11452.41992,1744.369995,1.002566576,138.9669952,24.22999954,721,4143800000,4369060000,4143800000,294.94,1.68,153049,17770.1,3.5,117.18,0.57,3.13,0.46
7/16/2022,1702.400024,3863.159912,11452.41992,1744.369995,1.002566576,138.9669952,24.22999954,721,4143800000,4369060000,4143800000,294.94,1.68,153049,17770.1,3.5,117.18,0.57,3.13,0.46
7/17/2022,1702.400024,3863.159912,11452.41992,1744.369995,1.002566576,138.9669952,24.22999954,721,4143800000,4369060000,4143800000,294.94,1.68,153049,17770.1,3.5,117.18,0.57,3.13,0.46
7/18/2022,1709.199951,3830.850098,11360.0498,1738.420044,1.009631872,138.3139954,25.29999924,264,4046870000,5057920000,4046870000,294.94,1.68,153049,17770.1,3.5,117.18,0.59,3.15,0.43
7/19/2022,1710,3936.689941,11713.15039,1799.319946,1.014517784,138.2290039,24.5,1684,4041070000,5302740000,4041070000,294.94,1.68,153049,17770.1,3.5,117.18,0.62,3.23,0.47
7/20/2022,1699.5,3959.899902,11897.65039,1827.949951,1.023133039,138.1909943,23.87999916,130,4185300000,5467080000,4185300000,294.94,1.68,153049,17770.1,3.5,117.18,0.66,3.25,0.51
7/21/2022,1712.699951,3998.949951,12059.61035,1836.689941,1.018278122,138.3950043,23.11000061,183,4132790000,4680930000,4132790000,294.94,1.68,153049,17770.1,3.5,117.18,0.58,3.1,0.45
7/22/2022,1727.099976,3961.629883,11834.11035,1806.880005,1.022108197,137.0980072,23.03000069,61,3979240000,4721880000,3979240000,294.94,1.68,153049,17770.1,3.5,117.18,0.43,2.98,0.31
7/23/2022,1727.099976,3961.629883,11834.11035,1806.880005,1.022108197,137.0980072,23.03000069,61,3979240000,4721880000,3979240000,294.94,1.68,153049,17770.1,3.5,117.18,0.43,2.98,0.31
7/24/2022,1727.099976,3961.629883,11834.11035,1806.880005,1.022108197,137.0980072,23.03000069,61,3979240000,4721880000,3979240000,294.94,1.68,153049,17770.1,3.5,117.18,0.43,2.98,0.31
7/25/2022,1719,3966.840088,11782.66992,1817.77002,1.020023108,136.3119965,23.36000061,67,3568340000,4346520000,3568340000,294.94,1.68,153049,17770.1,3.5,117.18,0.45,3,0.31
7/26/2022,1717.699951,3921.050049,11562.57031,1805.25,1.022494912,136.4309998,24.69000053,1,3778950000,4349760000,3778950000,294.94,1.68,153049,17770.1,3.5,117.18,0.45,3.02,0.33
7/27/2022,1719.099976,4023.610107,12032.41992,1848.339966,1.012955785,136.9700012,23.23999977,144865,4112180000,4588480000,4112180000,294.94,1.68,153049,17770.1,3.5,117.18,0.36,2.96,0.21
7/28/2022,1750.300049,4072.429932,12162.58984,1873.030029,1.020929098,136.1109924,22.32999992,37236,4413000000,4924950000,4413000000,294.94,1.68,153049,17770.1,3.5,117.18,0.2,2.85,0.02
7/29/2022,1762.900024,4130.290039,12390.69043,1885.22998,1.019232869,134.3970032,21.32999992,3485,4616360000,4907410000,4616360000,294.94,1.68,153049,17770.1,3.5,117.18,0.14,2.89,-0.03
7/30/2022,1762.900024,4130.290039,12390.69043,1885.22998,1.019232869,134.3970032,21.32999992,3485,4616360000,4907410000,4616360000,294.94,1.68,153049,17770.1,3.5,117.18,0.14,2.89,-0.03
7/31/2022,1762.900024,4130.290039,12390.69043,1885.22998,1.019232869,134.3970032,21.32999992,3485,4616360000,4907410000,4616360000,294.94,1.68,153049,17770.1,3.5,117.18,0.14,2.89,-0.03
8/1/2022,1769,4118.629883,12368.98047,1883.310059,1.02082479,133.4069977,22.84000015,705,4202810000,4396390000,4202810000,295.162,2.33,153286,17916.5,3.6,132.86,0.09,2.9,-0.06
8/2/2022,1771.099976,4091.189941,12348.75977,1882.449951,1.026135683,131.5720062,23.93000031,1078,4727710000,4792140000,4727710000,295.162,2.33,153286,17916.5,3.6,132.86,0.27,3.06,0.16
8/3/2022,1758,4155.169922,12668.16016,1908.930054,1.015568733,133.3789978,21.95000076,399,4351760000,5667990000,4351760000,295.162,2.33,153286,17916.5,3.6,132.86,0.23,3.1,0.14
8/4/2022,1788.5,4151.939941,12720.58008,1906.459961,1.015764594,133.9620056,21.44000053,285,4283320000,5451470000,4283320000,295.162,2.33,153286,17916.5,3.6,132.86,0.22,3.03,0.12
8/5/2022,1772.900024,4145.189941,12657.5498,1921.819946,1.024779201,132.6210022,21.14999962,645,4085940000,4911300000,4085940000,295.162,2.33,153286,17916.5,3.6,132.86,0.37,3.24,0.33
8/6/2022,1772.900024,4145.189941,12657.5498,1921.819946,1.024779201,132.6210022,21.14999962,645,4085940000,4911300000,4085940000,295.162,2.33,153286,17916.5,3.6,132.86,0.37,3.24,0.33
8/7/2022,1772.900024,4145.189941,12657.5498,1921.819946,1.024779201,132.6210022,21.14999962,645,4085940000,4911300000,4085940000,295.162,2.33,153286,17916.5,3.6,132.86,0.37,3.24,0.33
8/8/2022,1786.800049,4140.060059,12644.45996,1941.209961,1.017087102,135.0570068,21.29000092,127,4221090000,5238600000,4221090000,295.162,2.33,153286,17916.5,3.6,132.86,0.29,3.21,0.26
8/9/2022,1794,4122.470215,12493.92969,1912.890015,1.019762993,134.8399963,21.77000046,249,3913090000,5307340000,3913090000,295.162,2.33,153286,17916.5,3.6,132.86,0.33,3.28,0.31
8/10/2022,1795.599976,4210.240234,12854.7998,1969.25,1.020814419,135.1869965,19.73999977,601,4546010000,5196210000,4546010000,295.162,2.33,153286,17916.5,3.6,132.86,0.35,3.23,0.32
8/11/2022,1789.699951,4207.27002,12779.91016,1975.26001,1.030078292,132.8300018,20.20000076,1235,4630200000,5815960000,4630200000,295.162,2.33,153286,17916.5,3.6,132.86,0.4,3.23,0.31
8/12/2022,1798.599976,4280.149902,13047.19043,2016.619995,1.031672359,132.9940033,19.53000069,187,3788010000,4782610000,3788010000,295.162,2.33,153286,17916.5,3.6,132.86,0.37,3.25,0.3
8/13/2022,1798.599976,4280.149902,13047.19043,2016.619995,1.031672359,132.9940033,19.53000069,187,3788010000,4782610000,3788010000,295.162,2.33,153286,17916.5,3.6,132.86,0.37,3.25,0.3
8/14/2022,1798.599976,4280.149902,13047.19043,2016.619995,1.031672359,132.9940033,19.53000069,187,3788010000,4782610000,3788010000,295.162,2.33,153286,17916.5,3.6,132.86,0.37,3.25,0.3
8/15/2022,1781.400024,4297.140137,13128.0498,2021.349976,1.025640965,133.2879944,19.95000076,64,3696830000,4476040000,3696830000,295.162,2.33,153286,17916.5,3.6,132.86,0.35,3.2,0.29
8/16/2022,1773.199951,4305.200195,13102.5498,2020.530029,1.016198158,133.1430054,19.69000053,308,4329820000,5028410000,4329820000,295.162,2.33,153286,17916.5,3.6,132.86,0.38,3.25,0.34
8/17/2022,1760.300049,4274.040039,12938.12012,1987.310059,1.01706636,134.2769928,19.89999962,23,3885030000,5229520000,3885030000,295.162,2.33,153286,17916.5,3.6,132.86,0.43,3.28,0.39
8/18/2022,1755.300049,4283.740234,12965.33984,2000.72998,1.018018961,134.9440002,19.55999947,321,3340330000,4724350000,3340330000,295.162,2.33,153286,17916.5,3.6,132.86,0.36,3.22,0.32
8/19/2022,1747.599976,4228.47998,12705.21973,1957.349976,1.008990049,135.7949982,20.60000038,49,3761340000,4628170000,3761340000,295.162,2.33,153286,17916.5,3.6,132.86,0.43,3.25,0.39
8/20/2022,1747.599976,4228.47998,12705.21973,1957.349976,1.008990049,135.7949982,20.60000038,49,3761340000,4628170000,3761340000,295.162,2.33,153286,17916.5,3.6,132.86,0.43,3.25,0.39
8/21/2022,1747.599976,4228.47998,12705.21973,1957.349976,1.008990049,135.7949982,20.60000038,49,3761340000,4628170000,3761340000,295.162,2.33,153286,17916.5,3.6,132.86,0.43,3.25,0.39
8/22/2022,1734,4137.990234,12381.57031,1915.73999,1.003522396,137.0410004,23.79999924,347,3907430000,4270980000,3907430000,295.162,2.33,153286,17916.5,3.6,132.86,0.46,3.32,0.43
8/23/2022,1746.800049,4128.72998,12381.2998,1919.140015,0.993946791,137.5460052,24.11000061,509,3823520000,3836180000,3823520000,295.162,2.33,153286,17916.5,3.6,132.86,0.47,3.29,0.41
8/24/2022,1747.800049,4140.77002,12431.53027,1935.290039,0.996690989,136.7330017,22.81999969,187,3583630000,3917170000,3583630000,295.162,2.33,153286,17916.5,3.6,132.86,0.49,3.36,0.41
8/25/2022,1757.699951,4199.120117,12639.26953,1964.640015,0.996909559,137.0809937,21.78000069,172,3566870000,4323470000,3566870000,295.162,2.33,153286,17916.5,3.6,132.86,0.43,3.35,0.38
8/26/2022,1736.099976,4057.659912,12141.70996,1899.829956,0.997128308,136.5630035,25.55999947,202,3832750000,4530000000,3832750000,295.162,2.33,153286,17916.5,3.6,132.86,0.47,3.37,0.47
8/27/2022,1736.099976,4057.659912,12141.70996,1899.829956,0.997128308,136.5630035,25.55999947,202,3832750000,4530000000,3832750000,295.162,2.33,153286,17916.5,3.6,132.86,0.47,3.37,0.47
8/28/2022,1736.099976,4057.659912,12141.70996,1899.829956,0.997128308,136.5630035,25.55999947,202,3832750000,4530000000,3832750000,295.162,2.33,153286,17916.5,3.6,132.86,0.47,3.37,0.47
8/29/2022,1736.599976,4030.610107,12017.66992,1882.939941,0.993867815,137.5200043,26.20999908,950,3396510000,4209850000,3396510000,295.162,2.33,153286,17916.5,3.6,132.86,0.54,3.42,0.56
8/30/2022,1723.199951,3986.159912,11883.13965,1855.589966,1.001401901,138.595993,26.20999908,385,3835860000,4681520000,3835860000,295.162,2.33,153286,17916.5,3.6,132.86,0.56,3.46,0.6
8/31/2022,1712.800049,3955,11816.2002,1844.119995,1.002506256,138.7339935,25.87000084,2133,4542490000,4952010000,4542490000,295.162,2.33,153286,17916.5,3.6,132.86,0.67,3.45,0.72
9/1/2022,1696.599976,3966.850098,11785.12988,1822.819946,1.003905177,139.2960052,25.55999947,683,4152250000,4792890000,4152250000,296.421,2.56,153513,17992.8,3.5,131.99,0.81,3.51,0.87
9/2/2022,1709.800049,3924.26001,11630.86035,1809.75,0.99523288,140.0809937,25.46999931,182,3665850000,4257410000,3665850000,296.421,2.56,153513,17992.8,3.5,131.99,0.73,3.4,0.75
9/3/2022,1709.800049,3924.26001,11630.86035,1809.75,0.99523288,140.0809937,25.46999931,182,3665850000,4257410000,3665850000,296.421,2.56,153513,17992.8,3.5,131.99,0.73,3.4,0.75
9/4/2022,1709.800049,3924.26001,11630.86035,1809.75,0.99523288,140.0809937,25.46999931,182,3665850000,4257410000,3665850000,296.421,2.56,153513,17992.8,3.5,131.99,0.73,3.4,0.75
9/5/2022,1709.800049,3924.26001,11630.86035,1809.75,0.990942776,140.4869995,25.46999931,182,3665850000,4257410000,3665850000,296.421,2.56,153513,17992.8,3.5,131.99,0.73,3.4,0.75
9/6/2022,1700.400024,3908.189941,11544.91016,1792.319946,0.995222986,140.4299927,26.90999985,697,4127340000,4622940000,4127340000,296.421,2.56,153513,17992.8,3.5,131.99,0.85,3.5,0.87
9/7/2022,1715.300049,3979.870117,11791.90039,1832,0.989795148,143.151001,24.63999939,651,3890320000,4445640000,3890320000,296.421,2.56,153513,17992.8,3.5,131.99,0.82,3.45,0.86
9/8/2022,1708,4006.179932,11862.12988,1846.910034,0.999570191,144.128006,23.61000061,1193,3966850000,4329910000,3966850000,296.421,2.56,153513,17992.8,3.5,131.99,0.88,3.48,0.93
9/9/2022,1716.199951,4067.360107,12112.30957,1882.849976,1.00120151,143.8560028,22.79000092,635,3901940000,4401590000,3901940000,296.421,2.56,153513,17992.8,3.5,131.99,0.91,3.56,0.94
9/10/2022,1716.199951,4067.360107,12112.30957,1882.849976,1.00120151,143.8560028,22.79000092,635,3901940000,4401590000,3901940000,296.421,2.56,153513,17992.8,3.5,131.99,0.91,3.56,0.94
9/11/2022,1716.199951,4067.360107,12112.30957,1882.849976,1.00120151,143.8560028,22.79000092,635,3901940000,4401590000,3901940000,296.421,2.56,153513,17992.8,3.5,131.99,0.91,3.56,0.94
9/12/2022,1728.099976,4110.410156,12266.41016,1906.089966,1.007140636,142.595993,23.87000084,68,3814200000,4146680000,3814200000,296.421,2.56,153513,17992.8,3.5,131.99,0.95,3.58,0.95
9/13/2022,1705,3932.689941,11633.57031,1831.569946,1.012955785,142.5850067,27.27000046,432,4224550000,5188380000,4224550000,296.421,2.56,153513,17992.8,3.5,131.99,0.98,3.75,1.02
9/14/2022,1696.5,3946.01001,11719.67969,1838.459961,0.998203278,144.404007,26.15999985,532,4293240000,4861530000,4293240000,296.421,2.56,153513,17992.8,3.5,131.99,0.95,3.78,0.98
9/15/2022,1665.400024,3901.350098,11552.36035,1825.22998,0.998402536,142.9230042,26.27000046,1125,4441830000,4805910000,4441830000,296.421,2.56,153513,17992.8,3.5,131.99,1.02,3.87,1.09
9/16/2022,1671.699951,3873.330078,11448.40039,1798.189941,0.998831332,143.3650055,26.29999924,464,7954650000,7451840000,7954650000,296.421,2.56,153513,17992.8,3.5,131.99,1.07,3.85,1.13
9/17/2022,1671.699951,3873.330078,11448.40039,1798.189941,0.998831332,143.3650055,26.29999924,464,7954650000,7451840000,7954650000,296.421,2.56,153513,17992.8,3.5,131.99,1.07,3.85,1.13
9/18/2022,1671.699951,3873.330078,11448.40039,1798.189941,0.998831332,143.3650055,26.29999924,464,7954650000,7451840000,7954650000,296.421,2.56,153513,17992.8,3.5,131.99,1.07,3.85,1.13
9/19/2022,1666.199951,3899.889893,11535.01953,1812.839966,1.002234936,142.7649994,25.76000023,580,3766850000,4168670000,3766850000,296.421,2.56,153513,17992.8,3.5,131.99,1.15,3.95,1.25
9/20/2022,1659.699951,3855.929932,11425.0498,1787.5,1.002958775,143.2230072,27.15999985,2830,4058050000,4028100000,4058050000,296.421,2.56,153513,17992.8,3.5,131.99,1.17,3.96,1.27
9/21/2022,1664.599976,3789.929932,11220.19043,1762.160034,0.997078538,143.602005,27.98999977,2337,4078330000,4471000000,4078330000,296.421,2.56,153513,17992.8,3.5,131.99,1.13,4.02,1.27
9/22/2022,1670.800049,3757.98999,11066.80957,1722.310059,0.983071506,144.3159943,27.35000038,973,4284600000,4916470000,4284600000,296.421,2.56,153513,17992.8,3.5,131.99,1.29,4.11,1.46
9/23/2022,1645.300049,3693.22998,10867.92969,1679.589966,0.984155059,142.2799988,29.92000008,1224,5144270000,5134350000,5144270000,296.421,2.56,153513,17992.8,3.5,131.99,1.32,4.2,1.58
9/24/2022,1645.300049,3693.22998,10867.92969,1679.589966,0.984155059,142.2799988,29.92000008,1224,5144270000,5134350000,5144270000,296.421,2.56,153513,17992.8,3.5,131.99,1.32,4.2,1.58
9/25/2022,1645.300049,3693.22998,10867.92969,1679.589966,0.984155059,142.2799988,29.92000008,1224,5144270000,5134350000,5144270000,296.421,2.56,153513,17992.8,3.5,131.99,1.32,4.2,1.58
9/26/2022,1623.300049,3655.040039,10802.91992,1655.880005,0.968992293,143.5110016,32.25999832,1205,4886140000,4697730000,4886140000,296.421,2.56,153513,17992.8,3.5,131.99,1.56,4.27,1.82
9/27/2022,1626.699951,3647.290039,10829.5,1662.51001,0.96237123,144.4589996,32.59999847,888,4577740000,4445050000,4577740000,296.421,2.56,153513,17992.8,3.5,131.99,1.64,4.3,1.86
9/28/2022,1660.400024,3719.040039,11051.63965,1715.23999,0.959619164,144.6909943,30.18000031,18311,4684850000,4556100000,4684850000,296.421,2.56,153513,17992.8,3.5,131.99,1.39,4.07,1.55
9/29/2022,1658.5,3640.469971,10737.50977,1674.930054,0.970817208,144.397995,31.84000015,6028,4681810000,4516630000,4681810000,296.421,2.56,153513,17992.8,3.5,131.99,1.57,4.16,1.8
9/30/2022,1662.400024,3585.620117,10575.62012,1664.719971,0.982955575,144.4309998,31.62000084,548,5645360000,4649710000,5645360000,296.421,2.56,153513,17992.8,3.5,131.99,1.68,4.22,1.92
10/1/2022,1662.400024,3585.620117,10575.62012,1664.719971,0.982955575,144.4309998,31.62000084,548,5645360000,4649710000,5645360000,297.979,3.08,153913,18109.6,3.6,143.16,1.68,4.22,1.92
10/2/2022,1662.400024,3585.620117,10575.62012,1664.719971,0.982955575,144.4309998,31.62000084,548,5645360000,4649710000,5645360000,297.979,3.08,153913,18109.6,3.6,143.16,1.68,4.22,1.92
10/3/2022,1692.900024,3678.429932,10815.42969,1708.869995,0.979268849,144.8159943,30.10000038,410,4806680000,4415440000,4806680000,297.979,3.08,153913,18109.6,3.6,143.16,1.43,4.12,1.64
10/4/2022,1721.099976,3790.929932,11176.41016,1775.77002,0.983206868,144.5189972,29.06999969,291,5146580000,5004780000,5146580000,297.979,3.08,153913,18109.6,3.6,143.16,1.38,4.1,1.56
10/5/2022,1711.400024,3783.280029,11148.63965,1762.689941,0.998432457,143.7870026,28.54999924,418,4293180000,4091860000,4293180000,297.979,3.08,153913,18109.6,3.6,143.16,1.54,4.15,1.7
10/6/2022,1711.699951,3744.52002,11073.30957,1752.51001,0.991099894,144.4490051,30.52000046,133,4252100000,4423320000,4252100000,297.979,3.08,153913,18109.6,3.6,143.16,1.61,4.23,1.76
10/7/2022,1700.5,3639.659912,10652.40039,1702.150024,0.978904545,145.0390015,31.36000061,179,4449660000,4634190000,4449660000,297.979,3.08,153913,18109.6,3.6,143.16,1.62,4.3,1.78
10/8/2022,1700.5,3639.659912,10652.40039,1702.150024,0.978904545,145.0390015,31.36000061,179,4449660000,4634190000,4449660000,297.979,3.08,153913,18109.6,3.6,143.16,1.62,4.3,1.78
10/9/2022,1700.5,3639.659912,10652.40039,1702.150024,0.978904545,145.0390015,31.36000061,179,4449660000,4634190000,4449660000,297.979,3.08,153913,18109.6,3.6,143.16,1.62,4.3,1.78
10/10/2022,1667.300049,3612.389893,10542.09961,1691.920044,0.973501265,145.4819946,32.45000076,195,3834320000,3989640000,3834320000,297.979,3.08,153913,18109.6,3.6,143.16,1.62,4.3,1.78
10/11/2022,1678.699951,3588.840088,10426.19043,1692.920044,0.971005738,145.673996,33.63000107,167,4759030000,4738840000,4759030000,297.979,3.08,153913,18109.6,3.6,143.16,1.62,4.3,1.78
10/12/2022,1670.300049,3577.030029,10417.09961,1687.76001,0.970016778,145.8699951,33.56999969,149,4006830000,4091030000,4006830000,297.979,3.08,153913,18109.6,3.6,143.16,1.62,4.28,1.8
10/13/2022,1670,3669.909912,10649.15039,1728.410034,0.970798433,146.7369995,31.94000053,729,5021680000,5300080000,5021680000,297.979,3.08,153913,18109.6,3.6,143.16,1.63,4.47,1.83
10/14/2022,1641.699951,3583.070068,10321.38965,1682.400024,0.975134015,147.2929993,32.02000046,82,4243030000,4393000000,4243030000,297.979,3.08,153913,18109.6,3.6,143.16,1.59,4.48,1.81
10/15/2022,1641.699951,3583.070068,10321.38965,1682.400024,0.975134015,147.2929993,32.02000046,82,4243030000,4393000000,4243030000,297.979,3.08,153913,18109.6,3.6,143.16,1.59,4.48,1.81
10/16/2022,1641.699951,3583.070068,10321.38965,1682.400024,0.975134015,147.2929993,32.02000046,82,4243030000,4393000000,4243030000,297.979,3.08,153913,18109.6,3.6,143.16,1.59,4.48,1.81
10/17/2022,1657,3677.949951,10675.7998,1735.75,0.973937452,148.6320038,31.37000084,238,4352780000,4439190000,4352780000,297.979,3.08,153913,18109.6,3.6,143.16,1.57,4.45,1.76
10/18/2022,1649,3719.97998,10772.40039,1755.959961,0.984639645,148.970993,30.5,597,4483740000,5047360000,4483740000,297.979,3.08,153913,18109.6,3.6,143.16,1.6,4.43,1.79
10/19/2022,1627.5,3695.159912,10680.50977,1725.76001,0.986387849,149.2089996,30.76000023,84,4223800000,4955090000,4223800000,297.979,3.08,153913,18109.6,3.6,143.16,1.72,4.55,1.89
10/20/2022,1630.800049,3665.780029,10614.83984,1704.390015,0.976648271,149.8209991,29.97999954,477,4496620000,4628010000,4496620000,297.979,3.08,153913,18109.6,3.6,143.16,1.73,4.62,1.8
10/21/2022,1651,3752.75,10859.71973,1742.23999,0.977889955,150.1759949,29.69000053,224,5078020000,4706440000,5078020000,297.979,3.08,153913,18109.6,3.6,143.16,1.69,4.49,1.65
10/22/2022,1651,3752.75,10859.71973,1742.23999,0.977889955,150.1759949,29.69000053,224,5078020000,4706440000,5078020000,297.979,3.08,153913,18109.6,3.6,143.16,1.69,4.49,1.65
10/23/2022,1651,3752.75,10859.71973,1742.23999,0.977889955,150.1759949,29.69000053,224,5078020000,4706440000,5078020000,297.979,3.08,153913,18109.6,3.6,143.16,1.69,4.49,1.65
10/24/2022,1648.699951,3797.340088,10952.61035,1748.400024,0.986008584,147.8190002,29.85000038,29,4747930000,4808710000,4747930000,297.979,3.08,153913,18109.6,3.6,143.16,1.66,4.5,1.64
10/25/2022,1652.800049,3859.110107,11199.12012,1796.160034,0.988650322,148.8869934,28.45999908,880,4843120000,5141760000,4843120000,297.979,3.08,153913,18109.6,3.6,143.16,1.59,4.42,1.63
10/26/2022,1664,3830.600098,10970.99023,1804.329956,0.996373117,147.9799957,27.28000069,89,4817310000,5224440000,4817310000,297.979,3.08,153913,18109.6,3.6,143.16,1.6,4.39,1.64
10/27/2022,1660.699951,3807.300049,10792.66992,1806.319946,1.009193778,146.1340027,27.38999939,2298,4687320000,4773520000,4687320000,297.979,3.08,153913,18109.6,3.6,143.16,1.51,4.3,1.52
10/28/2022,1639.599976,3901.060059,11102.4502,1846.920044,0.996780396,146.2740021,25.75,626,4459410000,4731940000,4459410000,297.979,3.08,153913,18109.6,3.6,143.16,1.51,4.41,1.57
10/29/2022,1639.599976,3901.060059,11102.4502,1846.920044,0.996780396,146.2740021,25.75,626,4459410000,4731940000,4459410000,297.979,3.08,153913,18109.6,3.6,143.16,1.51,4.41,1.57
10/30/2022,1639.599976,3901.060059,11102.4502,1846.920044,0.996780396,146.2740021,25.75,626,4459410000,4731940000,4459410000,297.979,3.08,153913,18109.6,3.6,143.16,1.51,4.41,1.57
10/31/2022,1635.900024,3871.97998,10988.15039,1846.859985,0.995500267,147.8119965,25.87999916,522,4820620000,4753740000,4820620000,297.979,3.08,153913,18109.6,3.6,143.16,1.58,4.51,1.6
11/1/2022,1645,3856.100098,10890.84961,1851.390015,0.988630772,148.7369995,25.80999947,985,4481210000,4677520000,4481210000,298.708,3.78,154210,18108,3.6,116.72,1.56,4.54,1.62
11/2/2022,1645.699951,3759.689941,10524.7998,1789.140015,0.987790942,147.9149933,25.86000061,612,4899000000,5436420000,4899000000,298.708,3.78,154210,18108,3.6,116.72,1.57,4.61,1.62
11/3/2022,1627.300049,3719.889893,10342.94043,1779.72998,0.981440902,147.8919983,25.29999924,1427,4625290000,5102190000,4625290000,298.708,3.78,154210,18108,3.6,116.72,1.74,4.71,1.82
11/4/2022,1672.5,3770.550049,10475.25,1799.869995,0.974963009,148.3930054,24.54999924,159,5400180000,5453750000,5400180000,298.708,3.78,154210,18108,3.6,116.72,1.69,4.66,1.72
11/5/2022,1672.5,3770.550049,10475.25,1799.869995,0.974963009,148.3930054,24.54999924,159,5400180000,5453750000,5400180000,298.708,3.78,154210,18108,3.6,116.72,1.69,4.66,1.72
11/6/2022,1672.5,3770.550049,10475.25,1799.869995,0.974963009,148.3930054,24.54999924,159,5400180000,5453750000,5400180000,298.708,3.78,154210,18108,3.6,116.72,1.69,4.66,1.72
11/7/2022,1676.5,3806.800049,10564.51953,1809.810059,0.99288106,146.8410034,24.35000038,42,4341620000,4456690000,4341620000,298.708,3.78,154210,18108,3.6,116.72,1.69,4.72,1.72
11/8/2022,1712.099976,3828.110107,10616.2002,1808.930054,1.00186348,146.6239929,25.54000092,23,4607640000,5134500000,4607640000,298.708,3.78,154210,18108,3.6,116.72,1.64,4.67,1.7
11/9/2022,1710.099976,3748.570068,10353.16992,1760.400024,1.008084774,145.2949982,26.09000015,497,4645010000,4977460000,4645010000,298.708,3.78,154210,18108,3.6,116.72,1.7,4.61,1.74
11/10/2022,1750.300049,3956.370117,11114.15039,1867.930054,1.00195384,146.2089996,23.53000069,325,5781260000,6433000000,5781260000,298.708,3.78,154210,18108,3.6,116.72,1.43,4.34,1.48
11/11/2022,1766,3992.929932,11323.33008,1882.73999,1.019222498,141.7339935,22.52000046,257,5593310000,5867750000,5593310000,298.708,3.78,154210,18108,3.6,116.72,1.43,4.34,1.48
11/12/2022,1766,3992.929932,11323.33008,1882.73999,1.019222498,141.7339935,22.52000046,257,5593310000,5867750000,5593310000,298.708,3.78,154210,18108,3.6,116.72,1.43,4.34,1.48
11/13/2022,1766,3992.929932,11323.33008,1882.73999,1.019222498,141.7339935,22.52000046,257,5593310000,5867750000,5593310000,298.708,3.78,154210,18108,3.6,116.72,1.43,4.34,1.48
11/14/2022,1773.599976,3957.25,11196.21973,1861.25,1.032855153,139.5529938,23.72999954,358,4561930000,5004060000,4561930000,298.708,3.78,154210,18108,3.6,116.72,1.51,4.4,1.58
11/15/2022,1773.800049,3991.72998,11358.41016,1889.199951,1.031927824,140.1150055,24.54000092,57,5015310000,5617310000,5015310000,298.708,3.78,154210,18108,3.6,116.72,1.45,4.37,1.53
11/16/2022,1773,3958.790039,11183.66016,1853.170044,1.03578639,138.9649963,24.11000061,303,4165320000,4585190000,4165320000,298.708,3.78,154210,18108,3.6,116.72,1.38,4.35,1.48
11/17/2022,1760.800049,3946.560059,11144.95996,1839.119995,1.039501071,139.3220062,23.93000031,18,4051780000,4354360000,4051780000,298.708,3.78,154210,18108,3.6,116.72,1.49,4.43,1.61
11/18/2022,1751.900024,3965.340088,11146.05957,1849.72998,1.036172867,140.4120026,23.12000084,414,4037360000,4175420000,4037360000,298.708,3.78,154210,18108,3.6,116.72,1.57,4.51,1.71
11/19/2022,1751.900024,3965.340088,11146.05957,1849.72998,1.036172867,140.4120026,23.12000084,414,4037360000,4175420000,4037360000,298.708,3.78,154210,18108,3.6,116.72,1.57,4.51,1.71
11/20/2022,1751.900024,3965.340088,11146.05957,1849.72998,1.036172867,140.4120026,23.12000084,414,4037360000,4175420000,4037360000,298.708,3.78,154210,18108,3.6,116.72,1.57,4.51,1.71
11/21/2022,1737.400024,3949.939941,11024.50977,1839.140015,1.033089876,140.253006,22.36000061,544,3850690000,3977130000,3850690000,298.708,3.78,154210,18108,3.6,116.72,1.52,4.48,1.63
11/22/2022,1738.300049,4003.580078,11174.41016,1860.439941,1.024569154,142.0980072,21.29000092,15,3887990000,4186360000,3887990000,298.708,3.78,154210,18108,3.6,116.72,1.44,4.47,1.58
11/23/2022,1744.900024,4027.26001,11285.32031,1863.52002,1.031108618,141.1549988,20.35000038,39,3279720000,4431530000,3279720000,298.708,3.78,154210,18108,3.6,116.72,1.39,4.46,1.55
11/24/2022,1744.900024,4027.26001,11285.32031,1863.52002,1.041623354,139.2779999,20.35000038,39,3279720000,4431530000,3279720000,298.708,3.78,154210,18108,3.6,116.72,1.39,4.46,1.55
11/25/2022,1753.300049,4026.120117,11226.36035,1869.189941,1.040810227,138.6029968,20.5,216,1706460000,2184080000,1706460000,298.708,3.78,154210,18108,3.6,116.72,1.36,4.42,1.51
11/26/2022,1753.300049,4026.120117,11226.36035,1869.189941,1.040810227,138.6029968,20.5,216,1706460000,2184080000,1706460000,298.708,3.78,154210,18108,3.6,116.72,1.36,4.42,1.51
11/27/2022,1753.300049,4026.120117,11226.36035,1869.189941,1.040810227,138.6029968,20.5,216,1706460000,2184080000,1706460000,298.708,3.78,154210,18108,3.6,116.72,1.36,4.42,1.51
11/28/2022,1740.099976,3963.939941,11049.5,1830.959961,1.03675282,139.1000061,22.20999908,132767,3615430000,4271360000,3615430000,298.708,3.78,154210,18108,3.6,116.72,1.43,4.46,1.59
11/29/2022,1748.400024,3957.629883,10983.78027,1836.550049,1.034554124,138.7189941,21.88999939,19416,3546040000,4592830000,3546040000,298.708,3.78,154210,18108,3.6,116.72,1.5,4.48,1.62
11/30/2022,1746,4080.110107,11468,1886.579956,1.032449961,138.7449951,20.57999992,3339,6579360000,6653460000,6579360000,298.708,3.78,154210,18108,3.6,116.72,1.34,4.38,1.41
12/1/2022,1801.099976,4076.570068,11482.4502,1881.680054,1.042535424,137.3589935,19.84000015,1053,4527130000,5158120000,4527130000,298.808,4.1,154336,18116.5,3.5,111.2,1.17,4.25,1.23
12/2/2022,1795.900024,4071.699951,11461.5,1892.839966,1.05284214,135.1499939,19.05999947,1725,4012620000,4523010000,4012620000,298.808,4.1,154336,18116.5,3.5,111.2,1.08,4.28,1.16
12/3/2022,1795.900024,4071.699951,11461.5,1892.839966,1.05284214,135.1499939,19.05999947,1725,4012620000,4523010000,4012620000,298.808,4.1,154336,18116.5,3.5,111.2,1.08,4.28,1.16
12/4/2022,1795.900024,4071.699951,11461.5,1892.839966,1.05284214,135.1499939,19.05999947,1725,4012620000,4523010000,4012620000,298.808,4.1,154336,18116.5,3.5,111.2,1.08,4.28,1.16
12/5/2022,1767.400024,3998.840088,11239.94043,1840.219971,1.054418564,134.4750061,20.75,1713,4280820000,4510030000,4280820000,298.808,4.1,154336,18116.5,3.5,111.2,1.21,4.41,1.34
12/6/2022,1769.300049,3941.26001,11014.88965,1812.579956,1.049692392,136.6519928,22.17000008,105,4368380000,4713330000,4368380000,298.808,4.1,154336,18116.5,3.5,111.2,1.2,4.34,1.35
12/7/2022,1785.5,3933.919922,10958.5498,1806.900024,1.046901107,136.8860016,22.68000031,422,4118050000,4343860000,4118050000,298.808,4.1,154336,18116.5,3.5,111.2,1.16,4.26,1.29
12/8/2022,1788.699951,3963.51001,11082,1818.290039,1.051325798,136.3809967,22.29000092,713,4006900000,4281800000,4006900000,298.808,4.1,154336,18116.5,3.5,111.2,1.2,4.31,1.35
12/9/2022,1798.099976,3934.379883,11004.62012,1796.660034,1.055966139,136.6139984,22.82999992,125,3888260000,4337440000,3888260000,298.808,4.1,154336,18116.5,3.5,111.2,1.31,4.33,1.45
12/10/2022,1798.099976,3934.379883,11004.62012,1796.660034,1.055966139,136.6139984,22.82999992,125,3888260000,4337440000,3888260000,298.808,4.1,154336,18116.5,3.5,111.2,1.31,4.33,1.45
12/11/2022,1798.099976,3934.379883,11004.62012,1796.660034,1.055966139,136.6139984,22.82999992,125,3888260000,4337440000,3888260000,298.808,4.1,154336,18116.5,3.5,111.2,1.31,4.33,1.45
12/12/2022,1780.5,3990.560059,11143.74023,1818.609985,1.052221775,136.7120056,25,85,3904130000,4829990000,3904130000,298.808,4.1,154336,18116.5,3.5,111.2,1.33,4.39,1.45
12/13/2022,1813.900024,4019.649902,11256.80957,1832.359985,1.054173946,137.5039978,22.54999924,205,5079360000,6126890000,5079360000,298.808,4.1,154336,18116.5,3.5,111.2,1.27,4.22,1.35
12/14/2022,1807.5,3995.320068,11170.88965,1820.449951,1.062665343,135.5839996,21.13999939,1074,4472340000,5485150000,4472340000,298.808,4.1,154336,18116.5,3.5,111.2,1.3,4.23,1.39
12/15/2022,1777.199951,3895.75,10810.53027,1774.609985,1.067634702,135.3480072,22.82999992,421,4493900000,5536070000,4493900000,298.808,4.1,154336,18116.5,3.5,111.2,1.28,4.23,1.41
12/16/2022,1790,3852.360107,10705.41016,1763.420044,1.064056158,137.7510071,22.62000084,206,7493660000,7968170000,7493660000,298.808,4.1,154336,18116.5,3.5,111.2,1.35,4.17,1.47
12/17/2022,1790,3852.360107,10705.41016,1763.420044,1.064056158,137.7510071,22.62000084,206,7493660000,7968170000,7493660000,298.808,4.1,154336,18116.5,3.5,111.2,1.35,4.17,1.47
12/18/2022,1790,3852.360107,10705.41016,1763.420044,1.064056158,137.7510071,22.62000084,206,7493660000,7968170000,7493660000,298.808,4.1,154336,18116.5,3.5,111.2,1.35,4.17,1.47
12/19/2022,1787.699951,3817.659912,10546.03027,1738.579956,1.058503509,136.6900024,22.42000008,79,3969610000,4631820000,3969610000,298.808,4.1,154336,18116.5,3.5,111.2,1.42,4.25,1.51
12/20/2022,1815.900024,3821.620117,10547.11035,1748.02002,1.061458468,136.9949951,21.47999954,51,3985370000,4707190000,3985370000,298.808,4.1,154336,18116.5,3.5,111.2,1.45,4.25,1.53
12/21/2022,1815.900024,3878.439941,10709.37012,1776.939941,1.062699318,131.8919983,20.06999969,35,3775200000,4401420000,3775200000,298.808,4.1,154336,18116.5,3.5,111.2,1.41,4.21,1.47
12/22/2022,1787,3822.389893,10476.12012,1754.089966,1.061007977,132.3699951,21.96999931,411,3956950000,5125070000,3956950000,298.808,4.1,154336,18116.5,3.5,111.2,1.48,4.24,1.55
12/23/2022,1795.900024,3844.820068,10497.86035,1760.930054,1.060333014,132.3569946,20.87000084,49,2819280000,3544680000,2819280000,298.808,4.1,154336,18116.5,3.5,111.2,1.55,4.31,1.57
12/24/2022,1795.900024,3844.820068,10497.86035,1760.930054,1.060333014,132.3569946,20.87000084,49,2819280000,3544680000,2819280000,298.808,4.1,154336,18116.5,3.5,111.2,1.55,4.31,1.57
12/25/2022,1795.900024,3844.820068,10497.86035,1760.930054,1.060333014,132.3569946,20.87000084,49,2819280000,3544680000,2819280000,298.808,4.1,154336,18116.5,3.5,111.2,1.55,4.31,1.57
12/26/2022,1795.900024,3844.820068,10497.86035,1760.930054,1.066780448,132.7899933,20.87000084,49,2819280000,3544680000,2819280000,298.808,4.1,154336,18116.5,3.5,111.2,1.55,4.31,1.57
12/27/2022,1814.800049,3829.25,10353.23047,1749.52002,1.064022183,132.7640076,21.64999962,69,3030300000,3827290000,3030300000,298.808,4.1,154336,18116.5,3.5,111.2,1.58,4.32,1.61
12/28/2022,1807.900024,3783.219971,10213.29004,1722.02002,1.06371665,133.4859924,22.13999939,434,3083520000,3842970000,3083520000,298.808,4.1,154336,18116.5,3.5,111.2,1.6,4.31,1.64
12/29/2022,1819.5,3849.280029,10478.08984,1766.25,1.0629251,134.0339966,21.44000053,277,3003680000,4154100000,3003680000,298.808,4.1,154336,18116.5,3.5,111.2,1.56,4.34,1.62
12/30/2022,1819.699951,3839.5,10466.48047,1761.25,1.066075325,132.9160004,21.67000008,95,2979870000,3959030000,2979870000,298.808,4.1,154336,18116.5,3.5,111.2,1.58,4.41,1.66
12/31/2022,1819.699951,3839.5,10466.48047,1761.25,1.066075325,132.9160004,21.67000008,95,2979870000,3959030000,2979870000,298.808,4.1,154336,18116.5,3.5,111.2,1.58,4.41,1.66
1/1/2023,1819.699951,3839.5,10466.48047,1761.25,1.066075325,132.9160004,21.67000008,95,2979870000,3959030000,2979870000,300.456,4.33,154780,18449.1,3.5,104.27,1.58,4.41,1.66
1/2/2023,1819.699951,3839.5,10466.48047,1761.25,1.070973396,130.8450012,21.67000008,95,2979870000,3959030000,2979870000,300.456,4.33,154780,18449.1,3.5,104.27,1.58,4.41,1.66
1/3/2023,1839.699951,3824.139893,10386.98047,1750.72998,1.067771435,130.7940063,22.89999962,29,3959140000,4780650000,3959140000,300.456,4.33,154780,18449.1,3.5,104.27,1.53,4.4,1.65
1/4/2023,1852.800049,3852.969971,10458.75977,1772.540039,1.054685473,131.2480011,22.01000023,25,4414080000,5085380000,4414080000,300.456,4.33,154780,18449.1,3.5,104.27,1.47,4.36,1.64
1/5/2023,1834.800049,3808.100098,10305.24023,1753.189941,1.06063652,132.2460022,22.45999908,24,3893450000,4764270000,3893450000,300.456,4.33,154780,18449.1,3.5,104.27,1.49,4.45,1.68
1/6/2023,1864.199951,3895.080078,10569.29004,1792.800049,1.052221775,133.3070068,21.12999916,26,3923560000,5199780000,3923560000,300.456,4.33,154780,18449.1,3.5,104.27,1.34,4.24,1.51
1/7/2023,1864.199951,3895.080078,10569.29004,1792.800049,1.052221775,133.3070068,21.12999916,26,3923560000,5199780000,3923560000,300.456,4.33,154780,18449.1,3.5,104.27,1.34,4.24,1.51
1/8/2023,1864.199951,3895.080078,10569.29004,1792.800049,1.052221775,133.3070068,21.12999916,26,3923560000,5199780000,3923560000,300.456,4.33,154780,18449.1,3.5,104.27,1.34,4.24,1.51
1/9/2023,1872.699951,3892.090088,10635.65039,1795.910034,1.065632343,131.8619995,21.96999931,62,4311770000,5132190000,4311770000,300.456,4.33,154780,18449.1,3.5,104.27,1.31,4.19,1.48
1/10/2023,1871.599976,3919.25,10742.62988,1822.650024,1.073318362,131.7290039,20.57999992,101,3851030000,4710680000,3851030000,300.456,4.33,154780,18449.1,3.5,104.27,1.37,4.24,1.52
1/11/2023,1874.599976,3969.610107,10931.66992,1844.050049,1.07389462,132.1009979,21.09000015,1236,4303360000,5284390000,4303360000,300.456,4.33,154780,18449.1,3.5,104.27,1.31,4.2,1.45
1/12/2023,1895.5,3983.169922,11001.09961,1876.060059,1.076600075,131.9019928,18.82999992,59,4440260000,5681240000,4440260000,300.456,4.33,154780,18449.1,3.5,104.27,1.22,4.12,1.32
1/13/2023,1918.400024,3999.090088,11079.16016,1887.030029,1.086023927,129.1719971,18.35000038,512,3939700000,5077990000,3939700000,300.456,4.33,154780,18449.1,3.5,104.27,1.31,4.22,1.4
1/14/2023,1918.400024,3999.090088,11079.16016,1887.030029,1.086023927,129.1719971,18.35000038,512,3939700000,5077990000,3939700000,300.456,4.33,154780,18449.1,3.5,104.27,1.31,4.22,1.4
1/15/2023,1918.400024,3999.090088,11079.16016,1887.030029,1.086023927,129.1719971,18.35000038,512,3939700000,5077990000,3939700000,300.456,4.33,154780,18449.1,3.5,104.27,1.31,4.22,1.4
1/16/2023,1918.400024,3999.090088,11079.16016,1887.030029,1.082461953,128.026001,18.35000038,512,3939700000,5077990000,3939700000,300.456,4.33,154780,18449.1,3.5,104.27,1.31,4.22,1.4
1/17/2023,1907.199951,3990.969971,11095.11035,1884.290039,1.083012938,128.3209991,19.36000061,706,4235560000,5138410000,4235560000,300.456,4.33,154780,18449.1,3.5,104.27,1.36,4.18,1.42
1/18/2023,1904.400024,3928.860107,10957.00977,1854.359985,1.079330802,128.2810059,20.34000015,1027,4298710000,5288630000,4298710000,300.456,4.33,154780,18449.1,3.5,104.27,1.25,4.06,1.34
1/19/2023,1922.099976,3898.850098,10852.26953,1836.349976,1.079785347,128.5390015,20.52000046,371,3991500000,4660800000,3991500000,300.456,4.33,154780,18449.1,3.5,104.27,1.19,4.09,1.27
1/20/2023,1926.400024,3972.610107,11140.42969,1867.339966,1.083388329,128.3699951,19.85000038,1346,4013360000,5980110000,4013360000,300.456,4.33,154780,18449.1,3.5,104.27,1.25,4.14,1.33
1/21/2023,1926.400024,3972.610107,11140.42969,1867.339966,1.083388329,128.3699951,19.85000038,1346,4013360000,5980110000,4013360000,300.456,4.33,154780,18449.1,3.5,104.27,1.25,4.14,1.33
1/22/2023,1926.400024,3972.610107,11140.42969,1867.339966,1.083388329,128.3699951,19.85000038,1346,4013360000,5980110000,4013360000,300.456,4.33,154780,18449.1,3.5,104.27,1.25,4.14,1.33
1/23/2023,1927.099976,4019.810059,11364.41016,1890.77002,1.086507797,129.3540039,19.80999947,218,3945210000,5997810000,3945210000,300.456,4.33,154780,18449.1,3.5,104.27,1.24,4.21,1.33
1/24/2023,1933.900024,4016.949951,11334.26953,1885.609985,1.087429285,130.5970001,19.20000076,201,3320430000,5670860000,3320430000,300.456,4.33,154780,18449.1,3.5,104.27,1.19,4.12,1.29
1/25/2023,1941.199951,4016.219971,11313.36035,1890.319946,1.088814616,130.2389984,19.07999992,7,3724020000,5485570000,3724020000,300.456,4.33,154780,18449.1,3.5,104.27,1.17,4.11,1.26
1/26/2023,1929.099976,4060.429932,11512.41016,1903.060059,1.092203856,129.2369995,18.72999954,131,3809590000,5732890000,3809590000,300.456,4.33,154780,18449.1,3.5,104.27,1.16,4.17,1.26
1/27/2023,1928.599976,4070.560059,11621.70996,1911.459961,1.089443207,129.8000031,18.51000023,150902,3907760000,6243800000,3907760000,300.456,4.33,154780,18449.1,3.5,104.27,1.19,4.19,1.29
1/28/2023,1928.599976,4070.560059,11621.70996,1911.459961,1.089443207,129.8000031,18.51000023,150902,3907760000,6243800000,3907760000,300.456,4.33,154780,18449.1,3.5,104.27,1.19,4.19,1.29
1/29/2023,1928.599976,4070.560059,11621.70996,1911.459961,1.089443207,129.8000031,18.51000023,150902,3907760000,6243800000,3907760000,300.456,4.33,154780,18449.1,3.5,104.27,1.19,4.19,1.29
1/30/2023,1922.900024,4017.77002,11393.80957,1885.719971,1.087145567,129.8540039,19.94000053,27220,3802000000,5122320000,3802000000,300.456,4.33,154780,18449.1,3.5,104.27,1.26,4.25,1.38
1/31/2023,1929.5,4076.600098,11584.5498,1931.939941,1.085069418,130.4790039,19.39999962,1910,4679320000,5695150000,4679320000,300.456,4.33,154780,18449.1,3.5,104.27,1.28,4.21,1.36
2/1/2023,1927.800049,4119.209961,11816.32031,1960.810059,1.086094737,130.1100006,17.87000084,2290,4856930000,6336040000,4856930000,301.476,4.57,155086,18491.6,3.6,120.99,1.14,4.09,1.19
2/2/2023,1916.300049,4179.759766,12200.82031,2001.219971,1.101285219,128.621994,18.72999954,748,5624360000,7038210000,5624360000,301.476,4.57,155086,18491.6,3.6,120.99,1.18,4.09,1.23
2/3/2023,1862.900024,4136.47998,12006.9502,1985.530029,1.090512514,128.7460022,18.32999992,992,4694510000,5954490000,4694510000,301.476,4.57,155086,18491.6,3.6,120.99,1.31,4.3,1.4
2/4/2023,1862.900024,4136.47998,12006.9502,1985.530029,1.090512514,128.7460022,18.32999992,992,4694510000,5954490000,4694510000,301.476,4.57,155086,18491.6,3.6,120.99,1.31,4.3,1.4
2/5/2023,1862.900024,4136.47998,12006.9502,1985.530029,1.090512514,128.7460022,18.32999992,992,4694510000,5954490000,4694510000,301.476,4.57,155086,18491.6,3.6,120.99,1.31,4.3,1.4
2/6/2023,1866.199951,4111.080078,11887.4502,1957.719971,1.079086185,132.0090027,19.43000031,424,4114240000,5538350000,4114240000,301.476,4.57,155086,18491.6,3.6,120.99,1.38,4.44,1.48
2/7/2023,1871.699951,4164,12113.79004,1972.609985,1.073076487,132.6230011,18.65999985,297,4355860000,5720240000,4355860000,301.476,4.57,155086,18491.6,3.6,120.99,1.36,4.47,1.45
2/8/2023,1877.400024,4117.859863,11910.51953,1942.599976,1.072972894,131.0420074,19.62999916,230,4029820000,5052870000,4029820000,301.476,4.57,155086,18491.6,3.6,120.99,1.29,4.45,1.36
2/9/2023,1866.199951,4081.5,11789.58008,1915.339966,1.071581602,131.3869934,20.70999908,223,4270200000,5536290000,4270200000,301.476,4.57,155086,18491.6,3.6,120.99,1.34,4.48,1.42
2/10/2023,1862.800049,4090.459961,11718.12012,1918.810059,1.07422924,131.5189972,20.53000069,27,3891520000,4885030000,3891520000,301.476,4.57,155086,18491.6,3.6,120.99,1.41,4.5,1.46
2/11/2023,1862.800049,4090.459961,11718.12012,1918.810059,1.07422924,131.5189972,20.53000069,27,3891520000,4885030000,3891520000,301.476,4.57,155086,18491.6,3.6,120.99,1.41,4.5,1.46
2/12/2023,1862.800049,4090.459961,11718.12012,1918.810059,1.07422924,131.5189972,20.53000069,27,3891520000,4885030000,3891520000,301.476,4.57,155086,18491.6,3.6,120.99,1.41,4.5,1.46
2/13/2023,1851.900024,4137.290039,11891.79004,1941.140015,1.067771435,131.5509949,20.34000015,569,3448620000,4752880000,3448620000,301.476,4.57,155086,18491.6,3.6,120.99,1.41,4.52,1.49
2/14/2023,1854,4136.129883,11960.15039,1939.910034,1.073041916,132.3370056,18.90999985,656,3929200000,5032430000,3929200000,301.476,4.57,155086,18491.6,3.6,120.99,1.46,4.6,1.55
2/15/2023,1834.199951,4147.600098,12070.58984,1960.969971,1.07357192,132.9909973,18.22999954,368,4075980000,5056640000,4075980000,301.476,4.57,155086,18491.6,3.6,120.99,1.46,4.62,1.53
2/16/2023,1842,4090.409912,11855.83008,1942.209961,1.06917572,133.9029999,20.17000008,222,4143660000,5159410000,4143660000,301.476,4.57,155086,18491.6,3.6,120.99,1.49,4.62,1.54
2/17/2023,1840.400024,4079.090088,11787.26953,1946.359985,1.066575646,134.0740051,20.02000046,35,4045480000,4925230000,4045480000,301.476,4.57,155086,18491.6,3.6,120.99,1.46,4.6,1.53
2/18/2023,1840.400024,4079.090088,11787.26953,1946.359985,1.066575646,134.0740051,20.02000046,35,4045480000,4925230000,4045480000,301.476,4.57,155086,18491.6,3.6,120.99,1.46,4.6,1.53
2/19/2023,1840.400024,4079.090088,11787.26953,1946.359985,1.066575646,134.0740051,20.02000046,35,4045480000,4925230000,4045480000,301.476,4.57,155086,18491.6,3.6,120.99,1.46,4.6,1.53
2/20/2023,1840.400024,4079.090088,11787.26953,1946.359985,1.06844449,134.3070068,20.02000046,35,4045480000,4925230000,4045480000,301.476,4.57,155086,18491.6,3.6,120.99,1.46,4.6,1.53
2/21/2023,1833,3997.340088,11492.2998,1888.209961,1.068261981,134.3359985,22.87000084,862,4121590000,5002540000,4121590000,301.476,4.57,155086,18491.6,3.6,120.99,1.53,4.67,1.58
2/22/2023,1832,3991.050049,11507.07031,1894.680054,1.065200925,134.9759979,22.29000092,278,4079320000,4671270000,4079320000,301.476,4.57,155086,18491.6,3.6,120.99,1.52,4.66,1.61
2/23/2023,1818,4012.320068,11590.40039,1908.089966,1.060580373,134.9320068,21.13999939,291,3952940000,4714580000,3952940000,301.476,4.57,155086,18491.6,3.6,120.99,1.49,4.66,1.59
2/24/2023,1808.800049,3970.040039,11394.94043,1890.48999,1.059804797,134.628006,21.67000008,404,3877700000,4432650000,3877700000,301.476,4.57,155086,18491.6,3.6,120.99,1.57,4.78,1.72
2/25/2023,1808.800049,3970.040039,11394.94043,1890.48999,1.059804797,134.628006,21.67000008,404,3877700000,4432650000,3877700000,301.476,4.57,155086,18491.6,3.6,120.99,1.57,4.78,1.72
2/26/2023,1808.800049,3970.040039,11394.94043,1890.48999,1.059804797,134.628006,21.67000008,404,3877700000,4432650000,3877700000,301.476,4.57,155086,18491.6,3.6,120.99,1.57,4.78,1.72
2/27/2023,1817,3982.23999,11466.98047,1896.27002,1.055475831,136.3950043,20.95000076,829,3836950000,4494000000,3836950000,301.476,4.57,155086,18491.6,3.6,120.99,1.56,4.78,1.68
2/28/2023,1828.900024,3970.149902,11455.54004,1896.98999,1.06112051,136.3170013,20.70000076,618,5043400000,5340950000,5043400000,301.476,4.57,155086,18491.6,3.6,120.99,1.49,4.81,1.6
3/1/2023,1837.699951,3951.389893,11379.48047,1898.430054,1.057730913,136.3480072,20.57999992,211,4249480000,4927530000,4249480000,301.643,4.65,155171,18520.4,3.5,105.38,1.57,4.89,1.68
3/2/2023,1833.5,3981.350098,11462.98047,1902.660034,1.066894293,136.1940002,19.59000015,154,4244900000,5313760000,4244900000,301.643,4.65,155171,18520.4,3.5,105.38,1.6,4.89,1.67
3/3/2023,1847.699951,4045.639893,11689.00977,1928.26001,1.05997324,136.7050018,18.48999977,61,4084730000,5102210000,4084730000,301.643,4.65,155171,18520.4,3.5,105.38,1.45,4.86,1.55
3/4/2023,1847.699951,4045.639893,11689.00977,1928.26001,1.05997324,136.7050018,18.48999977,61,4084730000,5102210000,4084730000,301.643,4.65,155171,18520.4,3.5,105.38,1.45,4.86,1.55
3/5/2023,1847.699951,4045.639893,11689.00977,1928.26001,1.05997324,136.7050018,18.48999977,61,4084730000,5102210000,4084730000,301.643,4.65,155171,18520.4,3.5,105.38,1.45,4.86,1.55
3/6/2023,1847.900024,4048.419922,11675.74023,1899.76001,1.062620163,135.8600006,18.61000061,5,4000870000,4982880000,4000870000,301.643,4.65,155171,18520.4,3.5,105.38,1.49,4.89,1.57
3/7/2023,1813.900024,3986.370117,11530.33008,1878.719971,1.068832874,135.9989929,19.59000015,450,3922500000,5422820000,3922500000,301.643,4.65,155171,18520.4,3.5,105.38,1.59,5,1.77
3/8/2023,1812.699951,3992.01001,11576,1879.47998,1.05507493,137.3910065,19.11000061,75,3535570000,5085970000,3535570000,301.643,4.65,155171,18520.4,3.5,105.38,1.66,5.05,1.87
3/9/2023,1829.300049,3918.320068,11338.34961,1826.589966,1.054952502,137.2259979,22.61000061,332,4445260000,5061790000,4445260000,301.643,4.65,155171,18520.4,3.5,105.38,1.63,4.9,1.79
3/10/2023,1862,3861.590088,11138.88965,1772.699951,1.058469892,136.3950043,24.79999924,248,5518190000,6193500000,5518190000,301.643,4.65,155171,18520.4,3.5,105.38,1.44,4.6,1.62
3/11/2023,1862,3861.590088,11138.88965,1772.699951,1.058469892,136.3950043,24.79999924,248,5518190000,6193500000,5518190000,301.643,4.65,155171,18520.4,3.5,105.38,1.44,4.6,1.62
3/12/2023,1862,3861.590088,11138.88965,1772.699951,1.058469892,136.3950043,24.79999924,248,5518190000,6193500000,5518190000,301.643,4.65,155171,18520.4,3.5,105.38,1.44,4.6,1.62
3/13/2023,1911.699951,3855.76001,11188.83984,1744.300049,1.06836462,134.9799957,26.52000046,503,6558020000,6201490000,6558020000,301.643,4.65,155171,18520.4,3.5,105.38,1.31,4.03,1.42
3/14/2023,1906.199951,3919.290039,11428.15039,1776.890015,1.072501063,133.1139984,23.72999954,107,5665870000,5533120000,5665870000,301.643,4.65,155171,18520.4,3.5,105.38,1.33,4.2,1.43
3/15/2023,1926.599976,3891.929932,11434.0498,1745.939941,1.072765708,134.3970032,26.13999939,564,6594010000,5912430000,6594010000,301.643,4.65,155171,18520.4,3.5,105.38,1.22,3.93,1.26
3/16/2023,1919,3960.280029,11717.28027,1771.23999,1.058335423,132.9290009,22.98999977,394,5695790000,5498920000,5695790000,301.643,4.65,155171,18520.4,3.5,105.38,1.34,4.14,1.46
3/17/2023,1969.800049,3916.639893,11630.50977,1725.890015,1.061413407,133.3679962,25.51000023,82,9354280000,7903090000,9354280000,301.643,4.65,155171,18520.4,3.5,105.38,1.29,3.81,1.34
3/18/2023,1969.800049,3916.639893,11630.50977,1725.890015,1.061413407,133.3679962,25.51000023,82,9354280000,7903090000,9354280000,301.643,4.65,155171,18520.4,3.5,105.38,1.29,3.81,1.34
3/19/2023,1969.800049,3916.639893,11630.50977,1725.890015,1.061413407,133.3679962,25.51000023,82,9354280000,7903090000,9354280000,301.643,4.65,155171,18520.4,3.5,105.38,1.29,3.81,1.34
3/20/2023,1979.199951,3951.570068,11675.54004,1744.98999,1.067885518,132.2839966,24.14999962,389,5347140000,4970630000,5347140000,301.643,4.65,155171,18520.4,3.5,105.38,1.33,3.92,1.42
3/21/2023,1938,4002.870117,11860.11035,1777.73999,1.071914792,131.3919983,21.37999916,47,4920240000,4829870000,4920240000,301.643,4.65,155171,18520.4,3.5,105.38,1.36,4.17,1.48
3/22/2023,1946.800049,3936.969971,11669.95996,1727.359985,1.077423692,132.3480072,22.26000023,50,4533010000,4981590000,4533010000,301.643,4.65,155171,18520.4,3.5,105.38,1.2,3.96,1.23
3/23/2023,1993.800049,3948.719971,11787.40039,1720.290039,1.087039232,131.1790009,22.61000061,33,4991600000,4917460000,4991600000,301.643,4.65,155171,18520.4,3.5,105.38,1.19,3.76,1.13
3/24/2023,1982.099976,3970.98999,11823.95996,1734.920044,1.08350575,130.8650055,21.73999977,19,4583970000,4363650000,4583970000,301.643,4.65,155171,18520.4,3.5,105.38,1.16,3.76,1.2
3/25/2023,1982.099976,3970.98999,11823.95996,1734.920044,1.08350575,130.8650055,21.73999977,19,4583970000,4363650000,4583970000,301.643,4.65,155171,18520.4,3.5,105.38,1.16,3.76,1.2
3/26/2023,1982.099976,3970.98999,11823.95996,1734.920044,1.08350575,130.8650055,21.73999977,19,4583970000,4363650000,4583970000,301.643,4.65,155171,18520.4,3.5,105.38,1.16,3.76,1.2
3/27/2023,1952.400024,3977.530029,11768.83984,1753.670044,1.077818513,130.845993,20.60000038,877,4233540000,4330320000,4233540000,301.643,4.65,155171,18520.4,3.5,105.38,1.29,3.94,1.32
3/28/2023,1972.400024,3971.27002,11716.08008,1752.630005,1.080707192,131.2330017,19.96999931,21,4014600000,4036910000,4014600000,301.643,4.65,155171,18520.4,3.5,105.38,1.24,4.02,1.29
3/29/2023,1966.099976,4027.810059,11926.24023,1771.599976,1.083952069,131.0460052,19.12000084,88563,4145250000,4493540000,4145250000,301.643,4.65,155171,18520.4,3.5,105.38,1.24,4.08,1.29
3/30/2023,1980.300049,4050.830078,12013.46973,1768.380005,1.084363461,132.576004,19.02000046,10119,3930860000,4738880000,3930860000,301.643,4.65,155171,18520.4,3.5,105.38,1.21,4.1,1.26
3/31/2023,1969,4109.310059,12221.91016,1802.47998,1.09046495,133.201004,18.70000076,957,4525120000,5521150000,4525120000,301.643,4.65,155171,18520.4,3.5,105.38,1.16,4.06,1.2
4/1/2023,1969,4109.310059,12221.91016,1802.47998,1.09046495,133.201004,18.70000076,957,4525120000,5521150000,4525120000,302.858,4.83,155387,18641.8,3.4,106.81,1.16,4.06,1.2
4/2/2023,1969,4109.310059,12221.91016,1802.47998,1.09046495,133.201004,18.70000076,957,4525120000,5521150000,4525120000,302.858,4.83,155387,18641.8,3.4,106.81,1.16,4.06,1.2
4/3/2023,1983.900024,4124.509766,12189.4502,1802.310059,1.080333591,133.3470001,18.54999924,737,4234700000,4816440000,4234700000,302.858,4.83,155387,18641.8,3.4,106.81,1.14,3.97,1.13
4/4/2023,2022.199951,4100.600098,12126.33008,1769.650024,1.091226578,132.298996,19,811,4227800000,4298760000,4227800000,302.858,4.83,155387,18641.8,3.4,106.81,1.1,3.84,1.07
4/5/2023,2020.900024,4090.379883,11996.86035,1752.130005,1.096010566,131.4850006,19.07999992,525,3968020000,4378590000,3968020000,302.858,4.83,155387,18641.8,3.4,106.81,1.07,3.79,1.07
4/6/2023,2011.900024,4105.02002,12087.95996,1754.459961,1.090334177,130.9340057,18.39999962,0,3486690000,3862800000,3486690000,302.858,4.83,155387,18641.8,3.4,106.81,1.06,3.82,1.06
4/7/2023,2011.900024,4105.02002,12087.95996,1754.459961,1.092013001,131.6690063,18.39999962,0,3486690000,3862800000,3486690000,302.858,4.83,155387,18641.8,3.4,106.81,1.14,3.97,1.16
4/8/2023,2011.900024,4105.02002,12087.95996,1754.459961,1.092013001,131.6690063,18.39999962,0,3486690000,3862800000,3486690000,302.858,4.83,155387,18641.8,3.4,106.81,1.14,3.97,1.16
4/9/2023,2011.900024,4105.02002,12087.95996,1754.459961,1.092013001,131.6690063,18.39999962,0,3486690000,3862800000,3486690000,302.858,4.83,155387,18641.8,3.4,106.81,1.14,3.97,1.16
4/10/2023,1989.099976,4109.109863,12084.36035,1772.439941,1.091357589,132.0970001,18.96999931,652,3423650000,4334070000,3423650000,302.858,4.83,155387,18641.8,3.4,106.81,1.14,4,1.18
4/11/2023,2004.800049,4108.939941,12031.87988,1786.589966,1.086932898,133.4689941,19.10000038,68,3665830000,4676960000,3665830000,302.858,4.83,155387,18641.8,3.4,106.81,1.14,4.03,1.18
4/12/2023,2010.900024,4091.949951,11929.33984,1773.699951,1.091750741,133.5939941,19.09000015,172,3633120000,4909770000,3633120000,302.858,4.83,155387,18641.8,3.4,106.81,1.14,3.95,1.17
4/13/2023,2041.300049,4146.220215,12166.26953,1796.680054,1.099989057,133.0850067,17.79999924,1043,3596590000,4942990000,3596590000,302.858,4.83,155387,18641.8,3.4,106.81,1.16,3.96,1.22
4/14/2023,2002.199951,4137.640137,12123.46973,1781.150024,1.105461001,132.4869995,17.06999969,718,3575690000,4655740000,3575690000,302.858,4.83,155387,18641.8,3.4,106.81,1.22,4.08,1.29
4/15/2023,2002.199951,4137.640137,12123.46973,1781.150024,1.105461001,132.4869995,17.06999969,718,3575690000,4655740000,3575690000,302.858,4.83,155387,18641.8,3.4,106.81,1.22,4.08,1.29
4/16/2023,2002.199951,4137.640137,12123.46973,1781.150024,1.105461001,132.4869995,17.06999969,718,3575690000,4655740000,3575690000,302.858,4.83,155387,18641.8,3.4,106.81,1.22,4.08,1.29
4/17/2023,1994.199951,4151.319824,12157.71973,1802.839966,1.098659635,133.970993,16.95000076,554,3611180000,4823180000,3611180000,302.858,4.83,155387,18641.8,3.4,106.81,1.28,4.18,1.34
4/18/2023,2007.400024,4154.870117,12153.41016,1795.550049,1.092537999,134.4250031,16.82999992,72,3536640000,4851810000,3536640000,302.858,4.83,155387,18641.8,3.4,106.81,1.3,4.19,1.36
4/19/2023,1995.199951,4154.52002,12157.23047,1799.439941,1.097538233,134.0440063,16.45999908,61,3572560000,4972700000,3572560000,302.858,4.83,155387,18641.8,3.4,106.81,1.32,4.24,1.38
4/20/2023,2007.599976,4129.790039,12059.55957,1789.699951,1.095218301,134.7039948,17.17000008,164,3772080000,4590530000,3772080000,302.858,4.83,155387,18641.8,3.4,106.81,1.28,4.14,1.35
4/21/2023,1979.5,4133.52002,12072.45996,1791.51001,1.097092748,133.9960022,16.77000046,132,3611750000,4868050000,3611750000,302.858,4.83,155387,18641.8,3.4,106.81,1.29,4.17,1.36
4/22/2023,1979.5,4133.52002,12072.45996,1791.51001,1.097092748,133.9960022,16.77000046,132,3611750000,4868050000,3611750000,302.858,4.83,155387,18641.8,3.4,106.81,1.29,4.17,1.36
4/23/2023,1979.5,4133.52002,12072.45996,1791.51001,1.097092748,133.9960022,16.77000046,132,3611750000,4868050000,3611750000,302.858,4.83,155387,18641.8,3.4,106.81,1.29,4.17,1.36
4/24/2023,1989.099976,4137.040039,12037.2002,1788.869995,1.09922719,133.9609985,16.88999939,145,3290940000,4854050000,3290940000,302.858,4.83,155387,18641.8,3.4,106.81,1.24,4.12,1.27
4/25/2023,1994,4071.629883,11799.16016,1745.949951,1.105949998,134.0839996,18.76000023,306,3978640000,4806020000,3978640000,302.858,4.83,155387,18641.8,3.4,106.81,1.15,3.86,1.17
4/26/2023,1985.699951,4055.98999,11854.34961,1730.410034,1.097839475,133.7109985,18.84000015,615,3837030000,5281970000,3837030000,302.858,4.83,155387,18641.8,3.4,106.81,1.18,3.9,1.2
4/27/2023,1989.900024,4135.350098,12142.24023,1751.219971,1.104728222,133.4649963,17.03000069,355,3750550000,5253710000,3750550000,302.858,4.83,155387,18641.8,3.4,106.81,1.26,4.07,1.31
4/28/2023,1990.099976,4169.47998,12226.58008,1768.98999,1.103204846,133.802002,15.77999973,152,4087800000,5331380000,4087800000,302.858,4.83,155387,18641.8,3.4,106.81,1.26,4.04,1.31
4/29/2023,1990.099976,4169.47998,12226.58008,1768.98999,1.103204846,133.802002,15.77999973,152,4087800000,5331380000,4087800000,302.858,4.83,155387,18641.8,3.4,106.81,1.26,4.04,1.31
4/30/2023,1990.099976,4169.47998,12226.58008,1768.98999,1.103204846,133.802002,15.77999973,152,4087800000,5331380000,4087800000,302.858,4.83,155387,18641.8,3.4,106.81,1.26,4.04,1.31
5/1/2023,1983.400024,4167.870117,12212.59961,1769.209961,1.101091146,136.3860016,16.07999992,210,3321370000,5168430000,3321370000,303.316,5.06,155614,18664.6,3.6,108.47,1.36,4.14,1.4
5/2/2023,2014.300049,4119.580078,12080.50977,1732.109985,1.096924186,137.5209961,17.78000069,1896,4486130000,5501410000,4486130000,303.316,5.06,155614,18664.6,3.6,108.47,1.24,3.97,1.28
5/3/2023,2028.599976,4090.75,12025.33008,1739.280029,1.101091146,136.4660034,18.34000015,1349,4246510000,5782160000,4246510000,303.316,5.06,155614,18664.6,3.6,108.47,1.18,3.89,1.18
5/4/2023,2048,4061.219971,11966.40039,1718.810059,1.106892586,134.5440063,20.09000015,930,4920090000,4745780000,4920090000,303.316,5.06,155614,18664.6,3.6,108.47,1.18,3.75,1.16
5/5/2023,2017.400024,4136.25,12235.41016,1759.880005,1.102292776,134.1790009,17.19000053,59,4186270000,4574790000,4186270000,303.316,5.06,155614,18664.6,3.6,108.47,1.23,3.92,1.22
5/6/2023,2017.400024,4136.25,12235.41016,1759.880005,1.102292776,134.1790009,17.19000053,59,4186270000,4574790000,4186270000,303.316,5.06,155614,18664.6,3.6,108.47,1.23,3.92,1.22
5/7/2023,2017.400024,4136.25,12235.41016,1759.880005,1.102292776,134.1790009,17.19000053,59,4186270000,4574790000,4186270000,303.316,5.06,155614,18664.6,3.6,108.47,1.23,3.92,1.22
5/8/2023,2026.300049,4138.120117,12256.91992,1754.469971,1.101867676,135.1990051,16.97999954,3,3641640000,4216360000,3641640000,303.316,5.06,155614,18664.6,3.6,108.47,1.29,4,1.27
5/9/2023,2036.199951,4119.169922,12179.5498,1749.680054,1.099614024,135.072998,17.70999908,241,3810140000,4126780000,3810140000,303.316,5.06,155614,18664.6,3.6,108.47,1.3,4.01,1.29
5/10/2023,2030.5,4137.640137,12306.44043,1759.51001,1.096467137,135.2879944,16.94000053,248,4057160000,4948260000,4057160000,303.316,5.06,155614,18664.6,3.6,108.47,1.26,3.9,1.24
5/11/2023,2014.699951,4130.620117,12328.50977,1744.709961,1.098406196,134.0870056,16.93000031,90,3752900000,4489490000,3752900000,303.316,5.06,155614,18664.6,3.6,108.47,1.23,3.89,1.26
5/12/2023,2014.5,4124.080078,12284.74023,1740.849976,1.091214538,134.4980011,17.03000069,115,3533740000,4170000000,3533740000,303.316,5.06,155614,18664.6,3.6,108.47,1.28,3.98,1.34
5/13/2023,2014.5,4124.080078,12284.74023,1740.849976,1.091214538,134.4980011,17.03000069,115,3533740000,4170000000,3533740000,303.316,5.06,155614,18664.6,3.6,108.47,1.28,3.98,1.34
5/14/2023,2014.5,4124.080078,12284.74023,1740.849976,1.091214538,134.4980011,17.03000069,115,3533740000,4170000000,3533740000,303.316,5.06,155614,18664.6,3.6,108.47,1.28,3.98,1.34
5/15/2023,2018,4136.279785,12365.20996,1761.550049,1.08526969,135.8220062,17.12000084,3,3562170000,3979290000,3562170000,303.316,5.06,155614,18664.6,3.6,108.47,1.31,3.99,1.34
5/16/2023,1988.400024,4109.899902,12343.0498,1736.180054,1.087370157,136.0449982,17.98999977,49,3654200000,4067510000,3654200000,303.316,5.06,155614,18664.6,3.6,108.47,1.35,4.06,1.41
5/17/2023,1980.699951,4158.77002,12500.57031,1774.5,1.086566806,136.4299927,16.87000084,13,4039080000,4501820000,4039080000,303.316,5.06,155614,18664.6,3.6,108.47,1.35,4.12,1.42
5/18/2023,1956.5,4198.049805,12688.83984,1784.859985,1.083834648,137.6139984,16.04999924,23,3980500000,4532890000,3980500000,303.316,5.06,155614,18664.6,3.6,108.47,1.42,4.24,1.53
5/19/2023,1978.699951,4191.97998,12657.90039,1773.719971,1.077539682,138.6199951,16.80999947,106,4041900000,3935780000,4041900000,303.316,5.06,155614,18664.6,3.6,108.47,1.46,4.28,1.57
5/20/2023,1978.699951,4191.97998,12657.90039,1773.719971,1.077539682,138.6199951,16.80999947,106,4041900000,3935780000,4041900000,303.316,5.06,155614,18664.6,3.6,108.47,1.46,4.28,1.57
5/21/2023,1978.699951,4191.97998,12657.90039,1773.719971,1.077539682,138.6199951,16.80999947,106,4041900000,3935780000,4041900000,303.316,5.06,155614,18664.6,3.6,108.47,1.46,4.28,1.57
5/22/2023,1974.800049,4192.629883,12720.78027,1795.380005,1.082274556,137.6920013,17.20999908,8,3728520000,4278920000,3728520000,303.316,5.06,155614,18664.6,3.6,108.47,1.48,4.29,1.59
5/23/2023,1972.400024,4145.580078,12560.25,1787.709961,1.081104517,138.6719971,18.53000069,1,4155320000,4347440000,4155320000,303.316,5.06,155614,18664.6,3.6,108.47,1.44,4.26,1.55
5/24/2023,1962.800049,4115.240234,12484.16016,1767,1.076971173,138.5980072,20.03000069,189,0,4088270000,3739190000,303.316,5.06,155614,18664.6,3.6,108.47,1.48,4.31,1.61
5/25/2023,1943.099976,4151.279785,12698.08984,1754.599976,1.075731516,139.2830048,19.13999939,1,4147760000,4651640000,4147760000,303.316,5.06,155614,18664.6,3.6,108.47,1.58,4.5,1.78
5/26/2023,1944.099976,4205.450195,12975.69043,1773.02002,1.072443604,140.0169983,17.95000076,166036,3715460000,4434070000,3715460000,303.316,5.06,155614,18664.6,3.6,108.47,1.57,4.54,1.79
5/27/2023,1944.099976,4205.450195,12975.69043,1773.02002,1.072443604,140.0169983,17.95000076,166036,3715460000,4434070000,3715460000,303.316,5.06,155614,18664.6,3.6,108.47,1.57,4.54,1.79
5/28/2023,1944.099976,4205.450195,12975.69043,1773.02002,1.072443604,140.0169983,17.95000076,166036,3715460000,4434070000,3715460000,303.316,5.06,155614,18664.6,3.6,108.47,1.57,4.54,1.79
5/29/2023,1944.099976,4205.450195,12975.69043,1773.02002,1.07230556,140.8710022,17.95000076,166036,3715460000,4434070000,3715460000,303.316,5.06,155614,18664.6,3.6,108.47,1.57,4.54,1.79
5/30/2023,1958,4205.52002,13017.42969,1767.290039,1.070766926,140.4409943,17.45999908,37838,4228510000,4843470000,4228510000,303.316,5.06,155614,18664.6,3.6,108.47,1.47,4.46,1.69
5/31/2023,1963.900024,4179.830078,12935.29004,1749.650024,1.073306918,139.7920074,17.94000053,5959,5980670000,5905760000,5980670000,303.316,5.06,155614,18664.6,3.6,108.47,1.46,4.4,1.67
6/1/2023,1978,4221.02002,13100.98047,1767.939941,1.069518685,139.1269989,15.64999962,750,4391860000,4610310000,4391860000,304.099,5.08,155871,18773,3.6,110.53,1.45,4.33,1.63
6/2/2023,1952.400024,4282.370117,13240.76953,1830.910034,1.076078773,138.7480011,14.60000038,356,4454200000,4426760000,4454200000,304.099,5.08,155871,18773,3.6,110.53,1.51,4.5,1.71
6/3/2023,1952.400024,4282.370117,13240.76953,1830.910034,1.076078773,138.7480011,14.60000038,356,4454200000,4426760000,4454200000,304.099,5.08,155871,18773,3.6,110.53,1.51,4.5,1.71
6/4/2023,1952.400024,4282.370117,13240.76953,1830.910034,1.076078773,138.7480011,14.60000038,356,4454200000,4426760000,4454200000,304.099,5.08,155871,18773,3.6,110.53,1.51,4.5,1.71
6/5/2023,1958,4273.790039,13229.42969,1806.709961,1.069862008,140.2070007,14.72999954,713,3813290000,4344280000,3813290000,304.099,5.08,155871,18773,3.6,110.53,1.5,4.46,1.67
6/6/2023,1965.5,4283.850098,13276.41992,1855.400024,1.071179867,139.3829956,13.96000004,164,3996560000,4810910000,3996560000,304.099,5.08,155871,18773,3.6,110.53,1.5,4.51,1.71
6/7/2023,1942.699951,4267.52002,13104.90039,1888.449951,1.069804788,139.5269928,13.93999958,139,4537800000,5270600000,4537800000,304.099,5.08,155871,18773,3.6,110.53,1.58,4.56,1.78
6/8/2023,1963.599976,4293.930176,13238.51953,1880.780029,1.070744038,139.8990021,13.64999962,433,3826740000,4280160000,3826740000,304.099,5.08,155871,18773,3.6,110.53,1.53,4.52,1.73
6/9/2023,1962.199951,4298.859863,13259.13965,1865.709961,1.078271747,138.8630066,13.82999992,49,3786510000,4412710000,3786510000,304.099,5.08,155871,18773,3.6,110.53,1.55,4.59,1.79
6/10/2023,1962.199951,4298.859863,13259.13965,1865.709961,1.078271747,138.8630066,13.82999992,49,3786510000,4412710000,3786510000,304.099,5.08,155871,18773,3.6,110.53,1.55,4.59,1.79
6/11/2023,1962.199951,4298.859863,13259.13965,1865.709961,1.078271747,138.8630066,13.82999992,49,3786510000,4412710000,3786510000,304.099,5.08,155871,18773,3.6,110.53,1.55,4.59,1.79
6/12/2023,1955.300049,4338.930176,13461.91992,1873.209961,1.075095415,139.3710022,15.01000023,212,3945670000,4722680000,3945670000,304.099,5.08,155871,18773,3.6,110.53,1.56,4.55,1.8
6/13/2023,1944.599976,4369.009766,13573.32031,1896.329956,1.076298833,139.4600067,14.60999966,343,4275400000,5522100000,4275400000,304.099,5.08,155871,18773,3.6,110.53,1.64,4.67,1.89
6/14/2023,1955.300049,4372.589844,13626.48047,1874.099976,1.078934908,140.177002,13.88000011,202,4252110000,5772550000,4252110000,304.099,5.08,155871,18773,3.6,110.53,1.62,4.74,1.91
6/15/2023,1957.800049,4425.839844,13782.82031,1889.280029,1.08430469,139.977005,14.5,329,4176690000,5667520000,4176690000,304.099,5.08,155871,18773,3.6,110.53,1.51,4.62,1.75
6/16/2023,1958.400024,4409.589844,13689.57031,1875.469971,1.094594836,140.2680054,13.53999996,119,6848600000,8076530000,6848600000,304.099,5.08,155871,18773,3.6,110.53,1.55,4.7,1.82
6/17/2023,1958.400024,4409.589844,13689.57031,1875.469971,1.094594836,140.2680054,13.53999996,119,6848600000,8076530000,6848600000,304.099,5.08,155871,18773,3.6,110.53,1.55,4.7,1.82
6/18/2023,1958.400024,4409.589844,13689.57031,1875.469971,1.094594836,140.2680054,13.53999996,119,6848600000,8076530000,6848600000,304.099,5.08,155871,18773,3.6,110.53,1.55,4.7,1.82
6/19/2023,1958.400024,4409.589844,13689.57031,1875.469971,1.094211578,141.8670044,13.53999996,119,6848600000,8076530000,6848600000,304.099,5.08,155871,18773,3.6,110.53,1.55,4.7,1.82
6/20/2023,1935.5,4388.709961,13667.29004,1866.699951,1.092430472,141.8990021,13.88000011,193,4055790000,5237710000,4055790000,304.099,5.08,155871,18773,3.6,110.53,1.52,4.68,1.82
6/21/2023,1933.300049,4365.689941,13502.2002,1863.01001,1.092036843,141.3350067,13.19999981,557,3709330000,5194640000,3709330000,304.099,5.08,155871,18773,3.6,110.53,1.51,4.68,1.8
6/22/2023,1912.699951,4381.890137,13630.61035,1848.180054,1.099263549,141.6880035,12.90999985,237,3511000000,4499550000,3511000000,304.099,5.08,155871,18773,3.6,110.53,1.56,4.77,1.85
6/23/2023,1919.099976,4348.330078,13492.51953,1821.630005,1.095890403,143.0299988,13.43999958,105,6053620000,7734500000,6053620000,304.099,5.08,155871,18773,3.6,110.53,1.53,4.71,1.83
6/24/2023,1919.099976,4348.330078,13492.51953,1821.630005,1.095890403,143.0299988,13.43999958,105,6053620000,7734500000,6053620000,304.099,5.08,155871,18773,3.6,110.53,1.53,4.71,1.83
6/25/2023,1919.099976,4348.330078,13492.51953,1821.630005,1.095890403,143.0299988,13.43999958,105,6053620000,7734500000,6053620000,304.099,5.08,155871,18773,3.6,110.53,1.53,4.71,1.83
6/26/2023,1923.699951,4328.819824,13335.78027,1823.26001,1.090667129,143.5410004,14.25,71,3415030000,4430600000,3415030000,304.099,5.08,155871,18773,3.6,110.53,1.54,4.65,1.83
6/27/2023,1914,4378.410156,13555.66992,1849.930054,1.091048002,143.4600067,13.73999977,49,3573500000,5053660000,3573500000,304.099,5.08,155871,18773,3.6,110.53,1.57,4.74,1.9
6/28/2023,1912.300049,4376.859863,13591.75,1858.709961,1.095722318,143.8820038,13.43000031,628,3739330000,4533270000,3739330000,304.099,5.08,155871,18773,3.6,110.53,1.53,4.71,1.85
6/29/2023,1909.199951,4396.439941,13591.33008,1881.589966,1.091583848,144.3890076,13.53999996,289,3696660000,4388140000,3696660000,304.099,5.08,155871,18773,3.6,110.53,1.65,4.87,1.99
6/30/2023,1921.099976,4450.379883,13787.91992,1888.72998,1.086802959,144.7799988,13.59000015,445,3923450000,4661120000,3923450000,304.099,5.08,155871,18773,3.6,110.53,1.59,4.87,1.95
7/1/2023,1921.099976,4450.379883,13787.91992,1888.72998,1.086802959,144.7799988,13.59000015,445,3923450000,4661120000,3923450000,304.615,5.12,156019,18884.2,3.5,107.45,1.59,4.87,1.95
7/2/2023,1921.099976,4450.379883,13787.91992,1888.72998,1.086802959,144.7799988,13.59000015,445,3923450000,4661120000,3923450000,304.615,5.12,156019,18884.2,3.5,107.45,1.59,4.87,1.95
7/3/2023,1921.699951,4455.589844,13816.76953,1896.780029,1.090750456,144.397995,13.56999969,41,2034280000,2902300000,2034280000,304.615,5.12,156019,18884.2,3.5,107.45,1.61,4.94,1.98
7/4/2023,1921.699951,4455.589844,13816.76953,1896.780029,1.091309905,144.5839996,13.56999969,41,2034280000,2902300000,2034280000,304.615,5.12,156019,18884.2,3.5,107.45,1.61,4.94,1.98
7/5/2023,1919.599976,4446.819824,13791.65039,1872.910034,1.088494658,144.4060059,14.18000031,193,3482620000,5339340000,0,304.615,5.12,156019,18884.2,3.5,107.45,1.69,4.94,2.05
7/6/2023,1908.699951,4411.589844,13679.04004,1842.22998,1.085658431,144.4889984,15.43999958,81,3682020000,6113080000,3682020000,304.615,5.12,156019,18884.2,3.5,107.45,1.78,4.99,2.15
7/7/2023,1926.199951,4398.950195,13660.71973,1864.660034,1.089063644,143.951004,14.82999992,61,3630480000,5098120000,3630480000,304.615,5.12,156019,18884.2,3.5,107.45,1.79,4.94,2.13
7/8/2023,1926.199951,4398.950195,13660.71973,1864.660034,1.089063644,143.951004,14.82999992,61,3630480000,5098120000,3630480000,304.615,5.12,156019,18884.2,3.5,107.45,1.79,4.94,2.13
7/9/2023,1926.199951,4398.950195,13660.71973,1864.660034,1.089063644,143.951004,14.82999992,61,3630480000,5098120000,3630480000,304.615,5.12,156019,18884.2,3.5,107.45,1.79,4.94,2.13
7/10/2023,1925,4409.529785,13685.48047,1895.25,1.096972346,142.2089996,15.06999969,269,3429600000,5275390000,3429600000,304.615,5.12,156019,18884.2,3.5,107.45,1.76,4.85,2.06
7/11/2023,1931.300049,4439.259766,13760.7002,1913.359985,1.100594401,141.2969971,14.84000015,142,3624220000,4840950000,3624220000,304.615,5.12,156019,18884.2,3.5,107.45,1.75,4.88,2.08
7/12/2023,1956.199951,4472.160156,13918.95996,1933.380005,1.101406455,140.1179962,13.53999996,132,3920290000,5230620000,3920290000,304.615,5.12,156019,18884.2,3.5,107.45,1.6,4.72,1.89
7/13/2023,1959.199951,4510.040039,14138.57031,1950.890015,1.114454508,138.3150024,13.60999966,121,3839530000,5183560000,3839530000,304.615,5.12,156019,18884.2,3.5,107.45,1.52,4.59,1.77
7/14/2023,1960.099976,4505.419922,14113.7002,1931.089966,1.122346997,138.0749969,13.34000015,94,3647450000,5366890000,3647450000,304.615,5.12,156019,18884.2,3.5,107.45,1.59,4.74,1.89
7/15/2023,1960.099976,4505.419922,14113.7002,1931.089966,1.122346997,138.0749969,13.34000015,94,3647450000,5366890000,3647450000,304.615,5.12,156019,18884.2,3.5,107.45,1.59,4.74,1.89
7/16/2023,1960.099976,4505.419922,14113.7002,1931.089966,1.122346997,138.0749969,13.34000015,94,3647450000,5366890000,3647450000,304.615,5.12,156019,18884.2,3.5,107.45,1.59,4.74,1.89
7/17/2023,1952.400024,4522.790039,14244.9502,1951.27002,1.122775555,138.6820068,13.47999954,29,3538240000,4593160000,3538240000,304.615,5.12,156019,18884.2,3.5,107.45,1.56,4.74,1.86
7/18/2023,1977.199951,4554.97998,14353.63965,1976.069946,1.123759627,138.7290039,13.30000019,83,4090010000,4824070000,0,304.615,5.12,156019,18884.2,3.5,107.45,1.57,4.74,1.87
7/19/2023,1977.5,4565.720215,14358.01953,1984.890015,1.122889042,139.0269928,13.76000023,35,4115670000,5112420000,4115670000,304.615,5.12,156019,18884.2,3.5,107.45,1.53,4.74,1.85
7/20/2023,1968.300049,4534.870117,14063.30957,1967.160034,1.120523453,139.5980072,13.98999977,638,3761770000,5128020000,3761770000,304.615,5.12,156019,18884.2,3.5,107.45,1.5,4.8,1.87
7/21/2023,1964.300049,4536.339844,14032.80957,1960.26001,1.113709807,139.8639984,13.60000038,50,3570190000,5254180000,3570190000,304.615,5.12,156019,18884.2,3.5,107.45,1.49,4.82,1.86
7/22/2023,1964.300049,4536.339844,14032.80957,1960.26001,1.113709807,139.8639984,13.60000038,50,3570190000,5254180000,3570190000,304.615,5.12,156019,18884.2,3.5,107.45,1.49,4.82,1.86
7/23/2023,1964.300049,4536.339844,14032.80957,1960.26001,1.113709807,139.8639984,13.60000038,50,3570190000,5254180000,3570190000,304.615,5.12,156019,18884.2,3.5,107.45,1.49,4.82,1.86
7/24/2023,1960.300049,4554.640137,14058.87012,1965.680054,1.112532616,141.75,13.90999985,2,3856250000,4083070000,3856250000,304.615,5.12,156019,18884.2,3.5,107.45,1.48,4.81,1.85
7/25/2023,1962.099976,4567.459961,14144.55957,1966.109985,1.106317043,141.5220032,13.85999966,19,3812470000,3812470000,0,304.615,5.12,156019,18884.2,3.5,107.45,1.52,4.85,1.89
7/26/2023,1968.900024,4566.75,14127.28027,1980.359985,1.105045676,140.9129944,13.18999958,51,3990290000,4322000000,3990290000,304.615,5.12,156019,18884.2,3.5,107.45,1.5,4.82,1.85
7/27/2023,1945.400024,4537.410156,14050.11035,1954.900024,1.107836843,140.3670044,14.40999985,194253,4553210000,5115840000,4553210000,304.615,5.12,156019,18884.2,3.5,107.45,1.64,4.91,1.97
7/28/2023,1960.400024,4582.22998,14316.66016,1981.540039,1.097875595,138.8639984,13.32999992,23155,3981010000,4453520000,3981010000,304.615,5.12,156019,18884.2,3.5,107.45,1.58,4.87,1.9
7/29/2023,1960.400024,4582.22998,14316.66016,1981.540039,1.097875595,138.8639984,13.32999992,23155,3981010000,4453520000,3981010000,304.615,5.12,156019,18884.2,3.5,107.45,1.58,4.87,1.9
7/30/2023,1960.400024,4582.22998,14316.66016,1981.540039,1.097875595,138.8639984,13.32999992,23155,3981010000,4453520000,3981010000,304.615,5.12,156019,18884.2,3.5,107.45,1.58,4.87,1.9
7/31/2023,1970.5,4588.959961,14346.01953,2003.180054,1.10242641,140.7579956,13.63000011,1025,4503600000,4934440000,4503600000,304.615,5.12,156019,18884.2,3.5,107.45,1.6,4.88,1.91
8/1/2023,1940.699951,4576.72998,14283.91016,1994.170044,1.099759102,142.322998,13.93000031,688,4042370000,4633770000,4042370000,306.138,5.33,156176,18953.3,3.7,101.14,1.68,4.92,1.98
8/2/2023,1937.400024,4513.390137,13973.4502,1966.829956,1.100788116,142.9700012,16.09000015,652,4270710000,5481960000,4270710000,306.138,5.33,156176,18953.3,3.7,101.14,1.72,4.88,1.99
8/3/2023,1932,4501.890137,13959.71973,1961.400024,1.094415188,143.3439941,15.92000008,773,4149120000,6036970000,4149120000,306.138,5.33,156176,18953.3,3.7,101.14,1.83,4.9,2.06
8/4/2023,1939.599976,4478.029785,13909.24023,1957.459961,1.095158339,142.5980072,17.10000038,290,4143310000,5349450000,4143310000,306.138,5.33,156176,18953.3,3.7,101.14,1.67,4.78,1.89
8/5/2023,1939.599976,4478.029785,13909.24023,1957.459961,1.095158339,142.5980072,17.10000038,290,4143310000,5349450000,4143310000,306.138,5.33,156176,18953.3,3.7,101.14,1.67,4.78,1.89
8/6/2023,1939.599976,4478.029785,13909.24023,1957.459961,1.095158339,142.5980072,17.10000038,290,4143310000,5349450000,4143310000,306.138,5.33,156176,18953.3,3.7,101.14,1.67,4.78,1.89
8/7/2023,1933.5,4518.439941,13994.40039,1958.939941,1.10026741,141.8760071,15.77000046,376,3493920000,4892330000,3493920000,306.138,5.33,156176,18953.3,3.7,101.14,1.68,4.76,1.87
8/8/2023,1924.099976,4499.379883,13884.32031,1947.420044,1.100315809,142.5240021,15.98999977,555,3884910000,5284550000,3884910000,306.138,5.33,156176,18953.3,3.7,101.14,1.66,4.74,1.86
8/9/2023,1915.400024,4467.709961,13722.01953,1930.77002,1.095890403,143.2779999,15.96000004,451,3803100000,5591360000,3803100000,306.138,5.33,156176,18953.3,3.7,101.14,1.66,4.79,1.89
8/10/2023,1914.400024,4468.830078,13737.99023,1922.619995,1.097767115,143.727005,15.85000038,178,4504370000,5299080000,4504370000,306.138,5.33,156176,18953.3,3.7,101.14,1.76,4.82,1.96
8/11/2023,1912.900024,4464.049805,13644.84961,1925.109985,1.098164916,144.8540039,14.84000015,57,3753290000,4638880000,3753290000,306.138,5.33,156176,18953.3,3.7,101.14,1.8,4.89,2.01
8/12/2023,1912.900024,4464.049805,13644.84961,1925.109985,1.098164916,144.8540039,14.84000015,57,3753290000,4638880000,3753290000,306.138,5.33,156176,18953.3,3.7,101.14,1.8,4.89,2.01
8/13/2023,1912.900024,4464.049805,13644.84961,1925.109985,1.098164916,144.8540039,14.84000015,57,3753290000,4638880000,3753290000,306.138,5.33,156176,18953.3,3.7,101.14,1.8,4.89,2.01
8/14/2023,1910.599976,4489.720215,13788.33008,1920.48999,1.094439149,144.8170013,14.81999969,46,3896410000,4272020000,3896410000,306.138,5.33,156176,18953.3,3.7,101.14,1.83,4.96,2.07
8/15/2023,1902.5,4437.859863,13631.0498,1895.75,1.090988398,145.4369965,16.45999908,73,3832250000,4473320000,3832250000,306.138,5.33,156176,18953.3,3.7,101.14,1.89,4.92,2.12
8/16/2023,1896.099976,4404.330078,13474.62988,1871.52002,1.090417385,145.6080017,16.78000069,22,3753910000,6243760000,3753910000,306.138,5.33,156176,18953.3,3.7,101.14,1.96,4.97,2.19
8/17/2023,1884.099976,4370.359863,13316.92969,1850.060059,1.087488413,146.3329926,17.88999939,245,3943700000,5280180000,3943700000,306.138,5.33,156176,18953.3,3.7,101.14,1.97,4.94,2.18
8/18/2023,1886.099976,4369.709961,13290.78027,1859.420044,1.087464809,145.7140045,17.29999924,19,3940400000,4801910000,3940400000,306.138,5.33,156176,18953.3,3.7,101.14,1.94,4.92,2.16
8/19/2023,1886.099976,4369.709961,13290.78027,1859.420044,1.087464809,145.7140045,17.29999924,19,3940400000,4801910000,3940400000,306.138,5.33,156176,18953.3,3.7,101.14,1.94,4.92,2.16
8/20/2023,1886.099976,4369.709961,13290.78027,1859.420044,1.087464809,145.7140045,17.29999924,19,3940400000,4801910000,3940400000,306.138,5.33,156176,18953.3,3.7,101.14,1.94,4.92,2.16
8/21/2023,1893.300049,4399.77002,13497.58984,1856.01001,1.087559462,145.3049927,17.12999916,876,3726850000,4363070000,3726850000,306.138,5.33,156176,18953.3,3.7,101.14,2,4.97,2.21
8/22/2023,1896.400024,4387.549805,13505.87012,1850.839966,1.089835167,146.2380066,16.96999931,46,3522760000,4282430000,3522760000,306.138,5.33,156176,18953.3,3.7,101.14,1.99,5.02,2.22
8/23/2023,1918.5,4436.009766,13721.03027,1870.030029,1.084669232,145.7630005,15.97999954,547,3837270000,4127850000,3837270000,306.138,5.33,156176,18953.3,3.7,101.14,1.84,4.95,2.1
8/24/2023,1918.199951,4376.310059,13463.96973,1846.280029,1.086578608,144.6730042,17.20000076,337,3723470000,4383820000,3723470000,306.138,5.33,156176,18953.3,3.7,101.14,1.91,4.98,2.15
8/25/2023,1911.099976,4405.709961,13590.65039,1853.630005,1.079913616,146.0670013,15.68000031,195,3296180000,3970060000,3296180000,306.138,5.33,156176,18953.3,3.7,101.14,1.92,5.03,2.19
8/26/2023,1911.099976,4405.709961,13590.65039,1853.630005,1.079913616,146.0670013,15.68000031,195,3296180000,3970060000,3296180000,306.138,5.33,156176,18953.3,3.7,101.14,1.92,5.03,2.19
8/27/2023,1911.099976,4405.709961,13590.65039,1853.630005,1.079913616,146.0670013,15.68000031,195,3296180000,3970060000,3296180000,306.138,5.33,156176,18953.3,3.7,101.14,1.92,5.03,2.19
8/28/2023,1917.900024,4433.310059,13705.12988,1869.01001,1.079738617,146.5310059,15.07999992,99,2957230000,3666680000,2957230000,306.138,5.33,156176,18953.3,3.7,101.14,1.9,4.98,2.17
8/29/2023,1936.5,4497.629883,13943.75977,1895.540039,1.082555652,146.4640045,14.44999981,1674,3354820000,4748180000,3354820000,306.138,5.33,156176,18953.3,3.7,101.14,1.83,4.87,2.08
8/30/2023,1944.300049,4514.870117,14019.30957,1903.209961,1.086921096,145.9880066,13.88000011,396,3064110000,4364600000,3064110000,306.138,5.33,156176,18953.3,3.7,101.14,1.86,4.9,2.11
8/31/2023,1938.199951,4507.660156,14034.96973,1899.680054,1.093254685,146.098999,13.56999969,491,3946360000,4568610000,3946360000,306.138,5.33,156176,18953.3,3.7,101.14,1.85,4.85,2.08
9/1/2023,1939.800049,4515.77002,14031.80957,1920.829956,1.084410429,145.4730072,13.09000015,167,3246260000,4033960000,3246260000,307.374,5.33,156334,19048.1,3.7,98.63,1.92,4.87,2.12
9/2/2023,1939.800049,4515.77002,14031.80957,1920.829956,1.084410429,145.4730072,13.09000015,167,3246260000,4033960000,3246260000,307.374,5.33,156334,19048.1,3.7,98.63,1.92,4.87,2.12
9/3/2023,1939.800049,4515.77002,14031.80957,1920.829956,1.084410429,145.4730072,13.09000015,167,3246260000,4033960000,3246260000,307.374,5.33,156334,19048.1,3.7,98.63,1.92,4.87,2.12
9/4/2023,1939.800049,4515.77002,14031.80957,1920.829956,1.077586293,146.0570068,13.09000015,167,3246260000,4033960000,3246260000,307.374,5.33,156334,19048.1,3.7,98.63,1.92,4.87,2.12
9/5/2023,1926.199951,4496.830078,14020.9502,1880.449951,1.079447269,146.5429993,14.01000023,113,3526250000,4379790000,3526250000,307.374,5.33,156334,19048.1,3.7,98.63,1.98,4.94,2.16
9/6/2023,1918.099976,4465.47998,13872.46973,1874.280029,1.0726161,147.470993,14.44999981,24,3418850000,4215320000,3418850000,307.374,5.33,156334,19048.1,3.7,98.63,2,5.01,2.21
9/7/2023,1917.5,4451.140137,13748.83008,1855.76001,1.072420478,147.7089996,14.39999962,41,3763760000,4320830000,3763760000,307.374,5.33,156334,19048.1,3.7,98.63,1.95,4.94,2.14
9/8/2023,1918.400024,4457.490234,13761.53027,1851.540039,1.069781899,147.3309937,13.84000015,105,3259290000,4160360000,3259290000,307.374,5.33,156334,19048.1,3.7,98.63,1.93,4.98,2.13
9/9/2023,1918.400024,4457.490234,13761.53027,1851.540039,1.069781899,147.3309937,13.84000015,105,3259290000,4160360000,3259290000,307.374,5.33,156334,19048.1,3.7,98.63,1.93,4.98,2.13
9/10/2023,1918.400024,4457.490234,13761.53027,1851.540039,1.069781899,147.3309937,13.84000015,105,3259290000,4160360000,3259290000,307.374,5.33,156334,19048.1,3.7,98.63,1.93,4.98,2.13
9/11/2023,1923.300049,4487.459961,13917.88965,1855.140015,1.071811318,147.1130066,13.80000019,50,3369920000,4538870000,3369920000,307.374,5.33,156334,19048.1,3.7,98.63,1.94,4.97,2.14
9/12/2023,1911.300049,4461.899902,13773.61035,1855.319946,1.075037599,146.6779938,14.22999954,365,3435740000,4595490000,3435740000,307.374,5.33,156334,19048.1,3.7,98.63,1.93,4.98,2.14
9/13/2023,1909.099976,4467.439941,13813.58984,1840.839966,1.075326681,147.1580048,13.47999954,15,3529430000,4840310000,3529430000,307.374,5.33,156334,19048.1,3.7,98.63,1.9,4.96,2.11
9/14/2023,1910,4505.100098,13926.0498,1866.630005,1.073422074,147.345993,12.81999969,169,3648720000,4649010000,3648720000,307.374,5.33,156334,19048.1,3.7,98.63,1.95,5,2.15
9/15/2023,1923.699951,4450.319824,13708.33008,1847.030029,1.06371665,147.4819946,13.78999996,8,6932230000,8162210000,6932230000,307.374,5.33,156334,19048.1,3.7,98.63,1.98,5.02,2.18
9/16/2023,1923.699951,4450.319824,13708.33008,1847.030029,1.06371665,147.4819946,13.78999996,8,6932230000,8162210000,6932230000,307.374,5.33,156334,19048.1,3.7,98.63,1.98,5.02,2.18
9/17/2023,1923.699951,4450.319824,13708.33008,1847.030029,1.06371665,147.4819946,13.78999996,8,6932230000,8162210000,6932230000,307.374,5.33,156334,19048.1,3.7,98.63,1.98,5.02,2.18
9/18/2023,1931.5,4453.529785,13710.24023,1834.300049,1.066825986,147.8679962,14,19,3161230000,4855880000,3161230000,307.374,5.33,156334,19048.1,3.7,98.63,1.96,5.05,2.17
9/19/2023,1932,4443.950195,13678.19043,1826.530029,1.069267154,147.6049957,14.10999966,6,3614880000,4453460000,3614880000,307.374,5.33,156334,19048.1,3.7,98.63,2,5.08,2.21
9/20/2023,1945.599976,4402.200195,13469.12988,1810.099976,1.06820488,147.7420044,15.14000034,119,3308450000,4782440000,3308450000,307.374,5.33,156334,19048.1,3.7,98.63,2,5.12,2.25
9/21/2023,1919.199951,4330,13223.98047,1781.829956,1.065303087,148.3209991,17.54000092,9,3662340000,5014890000,3662340000,307.374,5.33,156334,19048.1,3.7,98.63,2.11,5.12,2.32
9/22/2023,1925.400024,4320.060059,13211.80957,1776.5,1.066154838,147.6439972,17.20000076,1,3349570000,4302700000,3349570000,307.374,5.33,156334,19048.1,3.7,98.63,2.07,5.1,2.28
9/23/2023,1925.400024,4320.060059,13211.80957,1776.5,1.066154838,147.6439972,17.20000076,1,3349570000,4302700000,3349570000,307.374,5.33,156334,19048.1,3.7,98.63,2.07,5.1,2.28
9/24/2023,1925.400024,4320.060059,13211.80957,1776.5,1.066154838,147.6439972,17.20000076,1,3349570000,4302700000,3349570000,307.374,5.33,156334,19048.1,3.7,98.63,2.07,5.1,2.28
9/25/2023,1916.599976,4337.439941,13271.32031,1784.23999,1.064849257,148.4340057,16.89999962,114,3195650000,4100290000,3195650000,307.374,5.33,156334,19048.1,3.7,98.63,2.18,5.09,2.37
9/26/2023,1900.400024,4273.529785,13063.61035,1761.609985,1.059164882,148.8110046,18.94000053,161,3472340000,4693540000,3472340000,307.374,5.33,156334,19048.1,3.7,98.63,2.23,5.04,2.42
9/27/2023,1871.599976,4274.509766,13092.84961,1778.900024,1.056948304,149.0449982,18.21999931,12251,3875880000,4841410000,3875880000,307.374,5.33,156334,19048.1,3.7,98.63,2.27,5.1,2.44
9/28/2023,1860.400024,4299.700195,13201.28027,1794.310059,1.050530553,149.4980011,17.34000015,4654,3846230000,4648390000,3846230000,307.374,5.33,156334,19048.1,3.7,98.63,2.2,5.04,2.35
9/29/2023,1848.099976,4288.049805,13219.32031,1785.099976,1.056245089,149.3370056,17.52000046,1605,3865960000,5138500000,3865960000,307.374,5.33,156334,19048.1,3.7,98.63,2.24,5.03,2.38
9/30/2023,1848.099976,4288.049805,13219.32031,1785.099976,1.056245089,149.3370056,17.52000046,1605,3865960000,5138500000,3865960000,307.374,5.33,156334,19048.1,3.7,98.63,2.24,5.03,2.38
10/1/2023,1848.099976,4288.049805,13219.32031,1785.099976,1.056245089,149.3370056,17.52000046,1605,3865960000,5138500000,3865960000,307.653,5.33,156520,19109.4,3.9,197.89,2.24,5.03,2.38
10/2/2023,1830,4288.390137,13307.76953,1756.819946,1.056524038,149.5399933,17.61000061,2309,3938660000,4554700000,3938660000,307.653,5.33,156520,19109.4,3.9,197.89,2.34,5.12,2.49
10/3/2023,1824.599976,4229.450195,13059.46973,1727.150024,1.048075199,149.8509979,19.78000069,310,3953830000,4684310000,3953830000,307.653,5.33,156520,19109.4,3.9,197.89,2.45,5.15,2.59
10/4/2023,1818.5,4263.75,13236.00977,1729.01001,1.047230005,149.1920013,18.57999992,357,3777600000,4308070000,3777600000,307.653,5.33,156520,19109.4,3.9,197.89,2.4,5.05,2.54
10/5/2023,1816.599976,4258.189941,13219.83008,1731.51001,1.050707102,148.9660034,18.48999977,393,3581470000,4167470000,3581470000,307.653,5.33,156520,19109.4,3.9,197.89,2.41,5.03,2.54
10/6/2023,1830.199951,4308.5,13431.33984,1745.560059,1.054663181,148.4629974,17.45000076,390,3902030000,4309420000,3902030000,307.653,5.33,156520,19109.4,3.9,197.89,2.47,5.08,2.58
10/7/2023,1830.199951,4308.5,13431.33984,1745.560059,1.054663181,148.4629974,17.45000076,390,3902030000,4309420000,3902030000,307.653,5.33,156520,19109.4,3.9,197.89,2.47,5.08,2.58
10/8/2023,1830.199951,4308.5,13431.33984,1745.560059,1.054663181,148.4629974,17.45000076,390,3902030000,4309420000,3902030000,307.653,5.33,156520,19109.4,3.9,197.89,2.47,5.08,2.58
10/9/2023,1849.5,4335.660156,13484.24023,1755.98999,1.056747317,149.1600037,17.70000076,232,3174630000,3835930000,3174630000,307.653,5.33,156520,19109.4,3.9,197.89,2.47,5.08,2.58
10/10/2023,1861,4358.240234,13562.83984,1775.949951,1.057887554,148.3269958,17.03000069,236,3520240000,4301350000,3520240000,307.653,5.33,156520,19109.4,3.9,197.89,2.34,4.96,2.44
10/11/2023,1872.800049,4376.950195,13659.67969,1773.300049,1.060479164,148.628006,16.09000015,65,3601660000,4160440000,3601660000,307.653,5.33,156520,19109.4,3.9,197.89,2.26,4.99,2.39
10/12/2023,1869.300049,4349.609863,13574.21973,1734.25,1.062428236,149.0359955,16.69000053,46,3713140000,4858620000,3713140000,307.653,5.33,156520,19109.4,3.9,197.89,2.36,5.06,2.46
10/13/2023,1927.400024,4327.779785,13407.23047,1719.709961,1.053674102,149.7899933,19.31999969,43,3566560000,4251550000,3566560000,307.653,5.33,156520,19109.4,3.9,197.89,2.29,5.04,2.39
10/14/2023,1927.400024,4327.779785,13407.23047,1719.709961,1.053674102,149.7899933,19.31999969,43,3566560000,4251550000,3566560000,307.653,5.33,156520,19109.4,3.9,197.89,2.29,5.04,2.39
10/15/2023,1927.400024,4327.779785,13407.23047,1719.709961,1.053674102,149.7899933,19.31999969,43,3566560000,4251550000,3566560000,307.653,5.33,156520,19109.4,3.9,197.89,2.29,5.04,2.39
10/16/2023,1921.099976,4373.629883,13567.98047,1747.060059,1.052155375,149.5659943,17.20999908,53,3409960000,4308690000,3409960000,307.653,5.33,156520,19109.4,3.9,197.89,2.33,5.09,2.42
10/17/2023,1922.699951,4373.200195,13533.75,1766.050049,1.055431247,149.5780029,17.87999916,103,3794850000,4417640000,3794850000,307.653,5.33,156520,19109.4,3.9,197.89,2.42,5.19,2.54
10/18/2023,1955.300049,4314.600098,13314.2998,1728.810059,1.057305932,149.7590027,19.21999931,67,3686030000,4617140000,3686030000,307.653,5.33,156520,19109.4,3.9,197.89,2.47,5.19,2.57
10/19/2023,1968.400024,4278,13186.17969,1702.699951,1.053851843,149.7420044,21.39999962,1945,3969730000,5014790000,3969730000,307.653,5.33,156520,19109.4,3.9,197.89,2.49,5.14,2.43
10/20/2023,1982.5,4224.160156,12983.80957,1680.790039,1.058649182,149.802002,21.70999908,557,4004030000,4622840000,4004030000,307.653,5.33,156520,19109.4,3.9,197.89,2.46,5.07,2.39
10/21/2023,1982.5,4224.160156,12983.80957,1680.790039,1.058649182,149.802002,21.70999908,557,4004030000,4622840000,4004030000,307.653,5.33,156520,19109.4,3.9,197.89,2.46,5.07,2.39
10/22/2023,1982.5,4224.160156,12983.80957,1680.790039,1.058649182,149.802002,21.70999908,557,4004030000,4622840000,4004030000,307.653,5.33,156520,19109.4,3.9,197.89,2.46,5.07,2.39
10/23/2023,1976.300049,4217.040039,13018.33008,1665.880005,1.058996677,149.8800049,20.37000084,127,3776100000,4669060000,3776100000,307.653,5.33,156520,19109.4,3.9,197.89,2.45,5.05,2.4
10/24/2023,1975,4247.680176,13139.87012,1679.5,1.066985369,149.7689972,18.96999931,10,3821820000,4604720000,3821820000,307.653,5.33,156520,19109.4,3.9,197.89,2.43,5.02,2.44
10/25/2023,1984.099976,4186.77002,12821.21973,1651.430054,1.059535265,149.8540039,20.19000053,97,3869370000,4599850000,3869370000,307.653,5.33,156520,19109.4,3.9,197.89,2.52,5.08,2.49
10/26/2023,1987.199951,4137.22998,12595.61035,1657,1.056725025,150.0980072,20.68000031,521,4277640000,4894900000,4277640000,307.653,5.33,156520,19109.4,3.9,197.89,2.44,5.02,2.42
10/27/2023,1988.599976,4117.370117,12643.00977,1636.939941,1.056445956,150.3659973,21.27000046,372,4019500000,4172100000,4019500000,307.653,5.33,156520,19109.4,3.9,197.89,2.42,4.99,2.37
10/28/2023,1988.599976,4117.370117,12643.00977,1636.939941,1.056445956,150.3659973,21.27000046,372,4019500000,4172100000,4019500000,307.653,5.33,156520,19109.4,3.9,197.89,2.42,4.99,2.37
10/29/2023,1988.599976,4117.370117,12643.00977,1636.939941,1.056445956,150.3659973,21.27000046,372,4019500000,4172100000,4019500000,307.653,5.33,156520,19109.4,3.9,197.89,2.42,4.99,2.37
10/30/2023,1996.199951,4166.819824,12789.48047,1647.290039,1.056245089,149.7330017,19.75,157,3911140000,4149320000,3911140000,307.653,5.33,156520,19109.4,3.9,197.89,2.44,5.03,2.4
10/31/2023,1985.199951,4193.799805,12851.24023,1662.280029,1.06150353,149.1109924,18.13999939,84,4249470000,4315630000,4249470000,307.653,5.33,156520,19109.4,3.9,197.89,2.46,5.07,2.42
11/1/2023,1978.800049,4237.859863,13061.46973,1669.699951,1.057909966,151.2940063,16.87000084,41,4224900000,4545120000,4224900000,308.087,5.33,156661,19178.9,3.7,156.7,2.36,4.95,2.31
11/2/2023,1985.599976,4317.779785,13294.19043,1714.209961,1.058705211,150.5749969,15.65999985,39,4669780000,4962950000,4669780000,308.087,5.33,156661,19178.9,3.7,156.7,2.27,4.98,2.3
11/3/2023,1991.5,4358.339844,13478.28027,1760.699951,1.061909318,150.496994,14.90999985,12,4570960000,4918750000,4570960000,308.087,5.33,156661,19178.9,3.7,156.7,2.18,4.83,2.17
11/4/2023,1991.5,4358.339844,13478.28027,1760.699951,1.061909318,150.496994,14.90999985,12,4570960000,4918750000,4570960000,308.087,5.33,156661,19178.9,3.7,156.7,2.18,4.83,2.17
11/5/2023,1991.5,4358.339844,13478.28027,1760.699951,1.061909318,150.496994,14.90999985,12,4570960000,4918750000,4570960000,308.087,5.33,156661,19178.9,3.7,156.7,2.18,4.83,2.17
11/6/2023,1981.599976,4365.97998,13518.78027,1737.939941,1.073214769,149.4490051,14.89000034,130,3656340000,4345850000,3656340000,308.087,5.33,156661,19178.9,3.7,156.7,2.25,4.93,2.25
11/7/2023,1966.800049,4378.379883,13639.86035,1733.150024,1.072156072,149.9889984,14.81000042,20,3791230000,4354460000,3791230000,308.087,5.33,156661,19178.9,3.7,156.7,2.19,4.91,2.21
11/8/2023,1951.5,4382.779785,13650.41016,1714.069946,1.069610238,150.3959961,14.44999981,43,3729510000,4685550000,3729510000,308.087,5.33,156661,19178.9,3.7,156.7,2.15,4.93,2.22
11/9/2023,1964.199951,4347.350098,13521.4502,1687.23999,1.071042299,150.8639984,15.28999996,10,3900780000,5313970000,3900780000,308.087,5.33,156661,19178.9,3.7,156.7,2.29,5.03,2.35
11/10/2023,1932.599976,4415.240234,13798.11035,1705.319946,1.066757679,151.348999,14.17000008,375,3665080000,4722140000,3665080000,308.087,5.33,156661,19178.9,3.7,156.7,2.29,5.04,2.37
11/11/2023,1932.599976,4415.240234,13798.11035,1705.319946,1.066757679,151.348999,14.17000008,375,3665080000,4722140000,3665080000,308.087,5.33,156661,19178.9,3.7,156.7,2.29,5.04,2.37
11/12/2023,1932.599976,4415.240234,13798.11035,1705.319946,1.066757679,151.348999,14.17000008,375,3665080000,4722140000,3665080000,308.087,5.33,156661,19178.9,3.7,156.7,2.29,5.04,2.37
11/13/2023,1945.5,4411.549805,13767.74023,1705.5,1.069015622,151.4689941,14.76000023,191,3326240000,4349590000,3326240000,308.087,5.33,156661,19178.9,3.7,156.7,2.32,5.02,2.37
11/14/2023,1961.800049,4495.700195,14094.37988,1798.319946,1.070182562,151.6459961,14.15999985,2,4700350000,5332490000,4700350000,308.087,5.33,156661,19178.9,3.7,156.7,2.16,4.8,2.19
11/15/2023,1960.099976,4502.879883,14103.83984,1801.219971,1.087831497,150.4850006,14.18000031,6,4347170000,5063830000,4347170000,308.087,5.33,156661,19178.9,3.7,156.7,2.22,4.9,2.28
11/16/2023,1983.900024,4508.240234,14113.66992,1773.76001,1.085458159,151.2149963,14.31999969,39,3964520000,4545180000,3964520000,308.087,5.33,156661,19178.9,3.7,156.7,2.18,4.83,2.23
11/17/2023,1981.599976,4514.02002,14125.48047,1797.77002,1.085375667,150.7050018,13.80000019,32,3777240000,4408640000,3777240000,308.087,5.33,156661,19178.9,3.7,156.7,2.16,4.88,2.22
11/18/2023,1981.599976,4514.02002,14125.48047,1797.77002,1.085375667,150.7050018,13.80000019,32,3777240000,4408640000,3777240000,308.087,5.33,156661,19178.9,3.7,156.7,2.16,4.88,2.22
11/19/2023,1981.599976,4514.02002,14125.48047,1797.77002,1.085375667,150.7050018,13.80000019,32,3777240000,4408640000,3777240000,308.087,5.33,156661,19178.9,3.7,156.7,2.16,4.88,2.22
11/20/2023,1977.699951,4547.379883,14284.53027,1807.079956,1.090702772,149.9420013,13.40999985,182,3644790000,4561810000,3644790000,308.087,5.33,156661,19178.9,3.7,156.7,2.12,4.89,2.18
11/21/2023,1999.300049,4538.189941,14199.98047,1783.26001,1.094594836,148.3619995,13.35000038,16,3511080000,4128600000,3511080000,308.087,5.33,156661,19178.9,3.7,156.7,2.16,4.86,2.22
11/22/2023,1991.400024,4556.620117,14265.86035,1795.540039,1.091822267,148.1519928,12.85000038,6075,3042810000,3855240000,3042810000,308.087,5.33,156661,19178.9,3.7,156.7,2.16,4.89,2.23
11/23/2023,1991.400024,4556.620117,14265.86035,1795.540039,1.089087367,149.4600067,12.85000038,6075,3042810000,3855240000,3042810000,308.087,5.33,156661,19178.9,3.7,156.7,2.16,4.89,2.23
11/24/2023,2002.199951,4559.339844,14250.84961,1807.5,1.090631485,149.6349945,12.46000004,63,1639500000,2541840000,1639500000,308.087,5.33,156661,19178.9,3.7,156.7,2.21,4.92,2.28
11/25/2023,2002.199951,4559.339844,14250.84961,1807.5,1.090631485,149.6349945,12.46000004,63,1639500000,2541840000,1639500000,308.087,5.33,156661,19178.9,3.7,156.7,2.21,4.92,2.28
11/26/2023,2002.199951,4559.339844,14250.84961,1807.5,1.090631485,149.6349945,12.46000004,63,1639500000,2541840000,1639500000,308.087,5.33,156661,19178.9,3.7,156.7,2.21,4.92,2.28
11/27/2023,2011.800049,4550.430176,14241.01953,1801.150024,1.09404397,149.5709991,12.68999958,228,3403990000,4205880000,3403990000,308.087,5.33,156661,19178.9,3.7,156.7,2.18,4.84,2.26
11/28/2023,2039.699951,4554.890137,14281.75977,1792.810059,1.095842361,148.4519958,12.68999958,174665,3586240000,4474400000,3586240000,308.087,5.33,156661,19178.9,3.7,156.7,2.12,4.73,2.14
11/29/2023,2047.099976,4550.580078,14258.49023,1803.810059,1.100594401,147.0630035,12.97999954,15290,4418760000,4890220000,4418760000,308.087,5.33,156661,19178.9,3.7,156.7,2.06,4.64,2.08
11/30/2023,2038.099976,4567.799805,14226.21973,1809.02002,1.097369552,147.0390015,12.92000008,2506,5399300000,5678070000,5399300000,308.087,5.33,156661,19178.9,3.7,156.7,2.14,4.73,2.16
12/1/2023,2071,4594.629883,14305.03027,1862.640015,1.08920598,147.9989929,12.63000011,614,4397120000,5607000000,4397120000,308.735,5.33,156930,19283.5,3.8,142.28,2,4.56,2.02
12/2/2023,2071,4594.629883,14305.03027,1862.640015,1.08920598,147.9989929,12.63000011,614,4397120000,5607000000,4397120000,308.735,5.33,156930,19283.5,3.8,142.28,2,4.56,2.02
12/3/2023,2071,4594.629883,14305.03027,1862.640015,1.08920598,147.9989929,12.63000011,614,4397120000,5607000000,4397120000,308.735,5.33,156930,19283.5,3.8,142.28,2,4.56,2.02
12/4/2023,2024.099976,4569.779785,14185.49023,1882.02002,1.088814616,146.3930054,13.07999992,1071,4369910000,6270020000,4369910000,308.735,5.33,156930,19283.5,3.8,142.28,2.07,4.64,2.1
12/5/2023,2018.5,4567.180176,14229.91016,1856.040039,1.083775878,147.3269958,12.85000038,289,3909950000,6179120000,3909950000,308.735,5.33,156930,19283.5,3.8,142.28,2.01,4.57,2.05
12/6/2023,2030.5,4549.339844,14146.70996,1852.050049,1.07936573,147.1849976,12.97000027,417,4245680000,5167030000,4245680000,308.735,5.33,156930,19283.5,3.8,142.28,1.98,4.6,2.07
12/7/2023,2029.900024,4585.589844,14339.99023,1868.25,1.076669693,147.1840057,13.06000042,67,3818880000,5694310000,3818880000,308.735,5.33,156930,19283.5,3.8,142.28,1.97,4.58,2.05
12/8/2023,1998.300049,4604.370117,14403.96973,1880.819946,1.079214334,144.2779999,12.35000038,449,3707010000,5430840000,3707010000,308.735,5.33,156930,19283.5,3.8,142.28,2.02,4.71,2.13
12/9/2023,1998.300049,4604.370117,14403.96973,1880.819946,1.079214334,144.2779999,12.35000038,449,3707010000,5430840000,3707010000,308.735,5.33,156930,19283.5,3.8,142.28,2.02,4.71,2.13
12/10/2023,1998.300049,4604.370117,14403.96973,1880.819946,1.079214334,144.2779999,12.35000038,449,3707010000,5430840000,3707010000,308.735,5.33,156930,19283.5,3.8,142.28,2.02,4.71,2.13
12/11/2023,1978,4622.439941,14432.49023,1883.680054,1.076576948,144.9830017,12.63000011,651,3823210000,5607820000,3823210000,308.735,5.33,156930,19283.5,3.8,142.28,2.04,4.71,2.14
12/12/2023,1977.800049,4643.700195,14533.40039,1881.27002,1.07665801,146.0850067,12.06999969,95,3808380000,4950100000,3808380000,308.735,5.33,156930,19283.5,3.8,142.28,2.04,4.73,2.15
12/13/2023,1982.300049,4707.089844,14733.95996,1947.51001,1.079867005,145.2799988,12.18999958,2252,5063650000,6732040000,5063650000,308.735,5.33,156930,19283.5,3.8,142.28,1.88,4.46,1.92
12/14/2023,2030.199951,4719.549805,14761.55957,2000.51001,1.088613033,142.772995,12.47999954,236,6314040000,8033170000,6314040000,308.735,5.33,156930,19283.5,3.8,142.28,1.7,4.37,1.72
12/15/2023,2021.099976,4719.189941,14813.91992,1985.130005,1.099360228,142.279007,12.27999973,261,8218980000,8377630000,8218980000,308.735,5.33,156930,19283.5,3.8,142.28,1.69,4.44,1.74
12/16/2023,2021.099976,4719.189941,14813.91992,1985.130005,1.099360228,142.279007,12.27999973,261,8218980000,8377630000,8218980000,308.735,5.33,156930,19283.5,3.8,142.28,1.69,4.44,1.74
12/17/2023,2021.099976,4719.189941,14813.91992,1985.130005,1.099360228,142.279007,12.27999973,261,8218980000,8377630000,8218980000,308.735,5.33,156930,19283.5,3.8,142.28,1.69,4.44,1.74
12/18/2023,2026.300049,4740.560059,14904.80957,1982.420044,1.089526415,142.3130035,12.56000042,100,4060340000,5866080000,4060340000,308.735,5.33,156930,19283.5,3.8,142.28,1.74,4.43,1.76
12/19/2023,2038.400024,4768.370117,15003.21973,2020.949951,1.092382789,142.7220001,12.52999973,498,4026970000,5757180000,4026970000,308.735,5.33,156930,19283.5,3.8,142.28,1.74,4.41,1.77
12/20/2023,2034.5,4698.350098,14777.94043,1982.839966,1.098104596,143.8890076,13.67000008,258,4201320000,6294700000,4201320000,308.735,5.33,156930,19283.5,3.8,142.28,1.67,4.34,1.7
12/21/2023,2039.099976,4746.75,14963.87012,2017.060059,1.094570875,143.522995,13.64999962,228,3431180000,5465640000,3431180000,308.735,5.33,156930,19283.5,3.8,142.28,1.7,4.33,1.69
12/22/2023,2057.100098,4754.629883,14992.96973,2033.959961,1.100618601,142.0700073,13.02999973,202,3046770000,4796600000,3046770000,308.735,5.33,156930,19283.5,3.8,142.28,1.71,4.31,1.71
12/23/2023,2057.100098,4754.629883,14992.96973,2033.959961,1.100618601,142.0700073,13.02999973,202,3046770000,4796600000,3046770000,308.735,5.33,156930,19283.5,3.8,142.28,1.71,4.31,1.71
12/24/2023,2057.100098,4754.629883,14992.96973,2033.959961,1.100618601,142.0700073,13.02999973,202,3046770000,4796600000,3046770000,308.735,5.33,156930,19283.5,3.8,142.28,1.71,4.31,1.71
12/25/2023,2057.100098,4754.629883,14992.96973,2033.959961,1.102657437,142.3419952,13.02999973,202,3046770000,4796600000,3046770000,308.735,5.33,156930,19283.5,3.8,142.28,1.71,4.31,1.71
12/26/2023,2058.199951,4774.75,15074.57031,2059.189941,1.102025509,142.2299957,12.98999977,64,2513910000,6120600000,2513910000,308.735,5.33,156930,19283.5,3.8,142.28,1.71,4.26,1.72
12/27/2023,2081.899902,4781.580078,15099.17969,2066.209961,1.104301214,142.4609985,12.43000031,586,2748450000,7480170000,2748450000,308.735,5.33,156930,19283.5,3.8,142.28,1.64,4.2,1.66
12/28/2023,2073.899902,4783.350098,15095.13965,2058.340088,1.110864282,141.3990021,12.47000027,338,2698860000,5090570000,2698860000,308.735,5.33,156930,19283.5,3.8,142.28,1.68,4.26,1.72
12/29/2023,2062.399902,4769.830078,15011.34961,2027.069946,1.106819153,141.4299927,12.44999981,47,3126060000,5441060000,3126060000,308.735,5.33,156930,19283.5,3.8,142.28,1.72,4.23,1.72
12/30/2023,2062.399902,4769.830078,15011.34961,2027.069946,1.106819153,141.4299927,12.44999981,47,3126060000,5441060000,3126060000,308.735,5.33,156930,19283.5,3.8,142.28,1.72,4.23,1.72
12/31/2023,2062.399902,4769.830078,15011.34961,2027.069946,1.106819153,141.4299927,12.44999981,47,3126060000,5441060000,3126060000,308.735,5.33,156930,19283.5,3.8,142.28,1.72,4.23,1.72
1/1/2024,2062.399902,4769.830078,15011.34961,2027.069946,1.105583191,140.9519958,12.44999981,47,3126060000,5441060000,3126060000,309.794,5.33,157049,19303.3,3.7,160.37,1.72,4.23,1.72
1/2/2024,2064.399902,4742.830078,14765.94043,2012.800049,1.103874564,141.1260071,13.19999981,61,3743050000,5791170000,3743050000,309.794,5.33,157049,19303.3,3.7,160.37,1.74,4.33,1.76
1/3/2024,2034.199951,4704.810059,14592.20996,1959.199951,1.094175696,142.1549988,14.03999996,54,3950760000,5449950000,3950760000,309.794,5.33,157049,19303.3,3.7,160.37,1.71,4.33,1.73
1/4/2024,2042.300049,4688.680176,14510.2998,1957.72998,1.092776775,142.9989929,14.13000011,88,3715480000,5289220000,3715480000,309.794,5.33,157049,19303.3,3.7,160.37,1.77,4.38,1.79
1/5/2024,2042.400024,4697.240234,14524.07031,1951.140015,1.094738722,144.7649994,13.35000038,12,3844370000,5232820000,3844370000,309.794,5.33,157049,19303.3,3.7,160.37,1.83,4.4,1.83
1/6/2024,2042.400024,4697.240234,14524.07031,1951.140015,1.094738722,144.7649994,13.35000038,12,3844370000,5232820000,3844370000,309.794,5.33,157049,19303.3,3.7,160.37,1.83,4.4,1.83
1/7/2024,2042.400024,4697.240234,14524.07031,1951.140015,1.094738722,144.7649994,13.35000038,12,3844370000,5232820000,3844370000,309.794,5.33,157049,19303.3,3.7,160.37,1.83,4.4,1.83
1/8/2024,2026.599976,4763.540039,14843.76953,1989.01001,1.094223619,144.7160034,13.07999992,10,3742320000,6337770000,3742320000,309.794,5.33,157049,19303.3,3.7,160.37,1.79,4.36,1.78
1/9/2024,2026.400024,4756.5,14857.70996,1968.040039,1.095170259,144.2299957,12.76000023,27,3529960000,5068410000,3529960000,309.794,5.33,157049,19303.3,3.7,160.37,1.8,4.36,1.8
1/10/2024,2021.699951,4783.450195,14969.65039,1970.26001,1.093242645,144.4279938,12.68999958,538,3498680000,4404590000,3498680000,309.794,5.33,157049,19303.3,3.7,160.37,1.82,4.37,1.81
1/11/2024,2014.300049,4780.240234,14970.19043,1955.459961,1.097514153,145.7339935,12.43999958,97,3759890000,5044690000,3759890000,309.794,5.33,157049,19303.3,3.7,160.37,1.76,4.26,1.72
1/12/2024,2046.699951,4783.830078,14972.75977,1950.959961,1.098164916,145.0460052,12.69999981,390,3486340000,4958940000,3486340000,309.794,5.33,157049,19303.3,3.7,160.37,1.69,4.14,1.62
1/13/2024,2046.699951,4783.830078,14972.75977,1950.959961,1.098164916,145.0460052,12.69999981,390,3486340000,4958940000,3486340000,309.794,5.33,157049,19303.3,3.7,160.37,1.69,4.14,1.62
1/14/2024,2046.699951,4783.830078,14972.75977,1950.959961,1.098164916,145.0460052,12.69999981,390,3486340000,4958940000,3486340000,309.794,5.33,157049,19303.3,3.7,160.37,1.69,4.14,1.62
1/15/2024,2046.699951,4783.830078,14972.75977,1950.959961,1.094570875,145.1490021,12.69999981,390,3486340000,4958940000,3486340000,309.794,5.33,157049,19303.3,3.7,160.37,1.69,4.14,1.62
1/16/2024,2026,4765.97998,14944.34961,1927.300049,1.094570875,145.7940063,13.84000015,46,4260550000,6386180000,4260550000,309.794,5.33,157049,19303.3,3.7,160.37,1.77,4.22,1.71
1/17/2024,2002.599976,4739.209961,14855.62012,1913.170044,1.087878942,147.2460022,14.78999996,764,3928600000,5181740000,3928600000,309.794,5.33,157049,19303.3,3.7,160.37,1.8,4.34,1.78
1/18/2024,2018.599976,4780.939941,15055.65039,1923.650024,1.088577509,148.1179962,14.13000011,1474,4019000000,5587440000,4019000000,309.794,5.33,157049,19303.3,3.7,160.37,1.8,4.34,1.76
1/19/2024,2026.5,4839.810059,15310.96973,1944.390015,1.087914348,148.128006,13.30000019,50,4287200000,5604950000,4287200000,309.794,5.33,157049,19303.3,3.7,160.37,1.81,4.39,1.78
1/20/2024,2026.5,4839.810059,15310.96973,1944.390015,1.087914348,148.128006,13.30000019,50,4287200000,5604950000,4287200000,309.794,5.33,157049,19303.3,3.7,160.37,1.81,4.39,1.78
1/21/2024,2026.5,4839.810059,15310.96973,1944.390015,1.087914348,148.128006,13.30000019,50,4287200000,5604950000,4287200000,309.794,5.33,157049,19303.3,3.7,160.37,1.81,4.39,1.78
1/22/2024,2019.800049,4850.430176,15360.29004,1983.380005,1.089229703,148.1210022,13.18999958,12,4297610000,5456240000,4297610000,309.794,5.33,157049,19303.3,3.7,160.37,1.8,4.37,1.76
1/23/2024,2023.699951,4864.600098,15425.94043,1976.27002,1.088020921,148.1419983,12.55000019,15,3912800000,5207680000,3912800000,309.794,5.33,157049,19303.3,3.7,160.37,1.85,4.31,1.8
1/24/2024,2013.900024,4868.549805,15481.91992,1961.859985,1.085788131,148.2510071,13.14000034,253,4330030000,4983210000,4330030000,309.794,5.33,157049,19303.3,3.7,160.37,1.88,4.34,1.83
1/25/2024,2016.900024,4894.160156,15510.5,1975.880005,1.08817482,147.5910034,13.44999981,548,4020430000,5281570000,4020430000,309.794,5.33,157049,19303.3,3.7,160.37,1.85,4.28,1.77
1/26/2024,2016.800049,4890.970215,15455.36035,1978.329956,1.084704638,147.7230072,13.26000023,49,3353400000,4510530000,3353400000,309.794,5.33,157049,19303.3,3.7,160.37,1.85,4.34,1.78
1/27/2024,2016.800049,4890.970215,15455.36035,1978.329956,1.084704638,147.7230072,13.26000023,49,3353400000,4510530000,3353400000,309.794,5.33,157049,19303.3,3.7,160.37,1.85,4.34,1.78
1/28/2024,2016.800049,4890.970215,15455.36035,1978.329956,1.084704638,147.7230072,13.26000023,49,3353400000,4510530000,3353400000,309.794,5.33,157049,19303.3,3.7,160.37,1.85,4.34,1.78
1/29/2024,2025.199951,4927.930176,15628.04004,2011.420044,1.084351778,148.1399994,13.60000038,150708,3525160000,4979310000,3525160000,309.794,5.33,157049,19303.3,3.7,160.37,1.78,4.29,1.71
1/30/2024,2031.5,4924.970215,15509.90039,1996.23999,1.083447099,147.4680023,13.31000042,26907,3836130000,4719240000,3836130000,309.794,5.33,157049,19303.3,3.7,160.37,1.8,4.36,1.75
1/31/2024,2048.399902,4845.649902,15164.00977,1947.339966,1.084339976,147.3690033,14.35000038,2007,4696120000,5875610000,4696120000,309.794,5.33,157049,19303.3,3.7,160.37,1.73,4.27,1.67
2/1/2024,2053,4906.189941,15361.63965,1974.420044,1.080392003,146.9960022,13.88000011,947,4386090000,5046920000,4386090000,311.022,5.33,157271,19446.5,3.9,146.6,1.68,4.2,1.63
2/2/2024,2036.099976,4958.609863,15628.9502,1962.72998,1.087464809,146.451004,13.85000038,888,3974350000,4800690000,3974350000,311.022,5.33,157271,19446.5,3.9,146.6,1.82,4.36,1.8
2/3/2024,2036.099976,4958.609863,15628.9502,1962.72998,1.087464809,146.451004,13.85000038,888,3974350000,4800690000,3974350000,311.022,5.33,157271,19446.5,3.9,146.6,1.82,4.36,1.8
2/4/2024,2036.099976,4958.609863,15628.9502,1962.72998,1.087464809,146.451004,13.85000038,888,3974350000,4800690000,3974350000,311.022,5.33,157271,19446.5,3.9,146.6,1.82,4.36,1.8
2/5/2024,2025.699951,4942.810059,15597.67969,1937.23999,1.07800436,148.5010071,13.67000008,412,4023640000,4831020000,4023640000,311.022,5.33,157271,19446.5,3.9,146.6,1.9,4.46,1.87
2/6/2024,2034.5,4954.22998,15609,1953.630005,1.074183106,148.6399994,13.06000042,249,4440880000,4759640000,4440880000,311.022,5.33,157271,19446.5,3.9,146.6,1.85,4.39,1.79
2/7/2024,2035.199951,4995.060059,15756.63965,1950.359985,1.075719953,147.8179932,12.82999992,71,4895590000,4567580000,4895590000,311.022,5.33,157271,19446.5,3.9,146.6,1.86,4.41,1.8
2/8/2024,2032.199951,4997.910156,15793.70996,1979.699951,1.077574611,148.0859985,12.78999996,341,4341860000,5675850000,4341860000,311.022,5.33,157271,19446.5,3.9,146.6,1.91,4.46,1.84
2/9/2024,2023.300049,5026.609863,15990.66016,2009.98999,1.07772553,149.2590027,12.93000031,62,3912990000,5797260000,3912990000,311.022,5.33,157271,19446.5,3.9,146.6,1.92,4.48,1.86
2/10/2024,2023.300049,5026.609863,15990.66016,2009.98999,1.07772553,149.2590027,12.93000031,62,3912990000,5797260000,3912990000,311.022,5.33,157271,19446.5,3.9,146.6,1.92,4.48,1.86
2/11/2024,2023.300049,5026.609863,15990.66016,2009.98999,1.07772553,149.2590027,12.93000031,62,3912990000,5797260000,3912990000,311.022,5.33,157271,19446.5,3.9,146.6,1.92,4.48,1.86
2/12/2024,2018.199951,5021.839844,15942.5498,2045.26001,1.079820275,149.1670074,13.93000031,317,3805740000,5458490000,3805740000,311.022,5.33,157271,19446.5,3.9,146.6,1.93,4.46,1.86
2/13/2024,1992.900024,4953.169922,15655.59961,1964.170044,1.0772264,149.4049988,15.85000038,198,4302190000,5599860000,4302190000,311.022,5.33,157271,19446.5,3.9,146.6,2.02,4.64,1.98
2/14/2024,1990.300049,5000.620117,15859.15039,2012.099976,1.070893168,150.723999,14.38000011,1916,3845600000,5092660000,3845600000,311.022,5.33,157271,19446.5,3.9,146.6,1.97,4.56,1.91
2/15/2024,2002.099976,5029.72998,15906.16992,2061.47998,1.073214769,150.5440063,14.01000023,286,4137970000,6049100000,4137970000,311.022,5.33,157271,19446.5,3.9,146.6,1.94,4.56,1.87
2/16/2024,2011.5,5005.569824,15775.65039,2045.140015,1.077388763,149.9459991,14.23999977,32,3833270000,5223800000,3833270000,311.022,5.33,157271,19446.5,3.9,146.6,1.97,4.64,1.91
2/17/2024,2011.5,5005.569824,15775.65039,2045.140015,1.077388763,149.9459991,14.23999977,32,3833270000,5223800000,3833270000,311.022,5.33,157271,19446.5,3.9,146.6,1.97,4.64,1.91
2/18/2024,2011.5,5005.569824,15775.65039,2045.140015,1.077388763,149.9459991,14.23999977,32,3833270000,5223800000,3833270000,311.022,5.33,157271,19446.5,3.9,146.6,1.97,4.64,1.91
2/19/2024,2011.5,5005.569824,15775.65039,2045.140015,1.078492761,150.0910034,14.23999977,32,3833270000,5223800000,3833270000,311.022,5.33,157271,19446.5,3.9,146.6,1.97,4.64,1.91
2/20/2024,2027.5,4975.509766,15630.78027,2004.140015,1.077539682,150.2700043,15.42000008,1326,4034880000,5595700000,4034880000,311.022,5.33,157271,19446.5,3.9,146.6,1.95,4.59,1.88
2/21/2024,2022.300049,4981.799805,15580.87012,1994.73999,1.081314921,149.9389954,15.34000015,15,3788390000,4845740000,3788390000,311.022,5.33,157271,19446.5,3.9,146.6,1.98,4.64,1.91
2/22/2024,2019.699951,5087.029785,16041.62012,2013.839966,1.08204031,150.3549957,14.53999996,964,4051710000,5653930000,4051710000,311.022,5.33,157271,19446.5,3.9,146.6,2.02,4.69,1.96
2/23/2024,2038.599976,5088.799805,15996.82031,2016.689941,1.082567453,150.4830017,13.75,22,3672790000,5077910000,3672790000,311.022,5.33,157271,19446.5,3.9,146.6,1.96,4.67,1.94
2/24/2024,2038.599976,5088.799805,15996.82031,2016.689941,1.082567453,150.4830017,13.75,22,3672790000,5077910000,3672790000,311.022,5.33,157271,19446.5,3.9,146.6,1.96,4.67,1.94
2/25/2024,2038.599976,5088.799805,15996.82031,2016.689941,1.082567453,150.4830017,13.75,22,3672790000,5077910000,3672790000,311.022,5.33,157271,19446.5,3.9,146.6,1.96,4.67,1.94
2/26/2024,2028.5,5069.529785,15976.25,2028.969971,1.082005143,150.4980011,13.73999977,143,3683930000,5417630000,3683930000,311.022,5.33,157271,19446.5,3.9,146.6,1.97,4.69,1.93
2/27/2024,2034,5078.180176,16035.2998,2056.110107,1.085093021,150.5659943,13.43000031,964,3925950000,5423020000,3925950000,311.022,5.33,157271,19446.5,3.9,146.6,1.99,4.7,1.94
2/28/2024,2033,5069.759766,15947.74023,2040.310059,1.08448112,150.4949951,13.84000015,581,3789370000,5581690000,3789370000,311.022,5.33,157271,19446.5,3.9,146.6,1.94,4.64,1.88
2/29/2024,2045.699951,5096.27002,16091.91992,2054.840088,1.083881617,150.6560059,13.39999962,706,5219740000,6265340000,5219740000,311.022,5.33,157271,19446.5,3.9,146.6,1.92,4.64,1.86
3/1/2024,2086.899902,5137.080078,16274.94043,2076.389893,1.080497026,150.0950012,13.10999966,1210,4748110000,5457910000,4748110000,312.107,5.33,157517,19581.8,3.9,133.21,1.87,4.54,1.77
3/2/2024,2086.899902,5137.080078,16274.94043,2076.389893,1.080497026,150.0950012,13.10999966,1210,4748110000,5457910000,4748110000,312.107,5.33,157517,19581.8,3.9,133.21,1.87,4.54,1.77
3/3/2024,2086.899902,5137.080078,16274.94043,2076.389893,1.080497026,150.0950012,13.10999966,1210,4748110000,5457910000,4748110000,312.107,5.33,157517,19581.8,3.9,133.21,1.87,4.54,1.77
3/4/2024,2117.699951,5130.950195,16207.50977,2074.310059,1.084269404,150.1049957,13.48999977,805,4758440000,5725470000,4758440000,312.107,5.33,157517,19581.8,3.9,133.21,1.88,4.61,1.79
3/5/2024,2133.5,5078.649902,15939.58984,2053.709961,1.085517049,150.4660034,14.46000004,1287,4418410000,6356800000,4418410000,312.107,5.33,157517,19581.8,3.9,133.21,1.81,4.54,1.74
3/6/2024,2150.300049,5104.759766,16031.54004,2068.090088,1.085599542,150.048996,14.5,443,4559050000,5511370000,4559050000,312.107,5.33,157517,19581.8,3.9,133.21,1.81,4.55,1.74
3/7/2024,2158,5157.359863,16273.37988,2084.73999,1.089953899,149.2689972,14.43999958,152,4137980000,5072790000,4137980000,312.107,5.33,157517,19581.8,3.9,133.21,1.81,4.5,1.73
3/8/2024,2178.600098,5123.689941,16085.11035,2082.709961,1.095014453,147.8679962,14.73999977,259,4208870000,5411790000,4208870000,312.107,5.33,157517,19581.8,3.9,133.21,1.81,4.48,1.72
3/9/2024,2178.600098,5123.689941,16085.11035,2082.709961,1.095014453,147.8679962,14.73999977,259,4208870000,5411790000,4208870000,312.107,5.33,157517,19581.8,3.9,133.21,1.81,4.48,1.72
3/10/2024,2178.600098,5123.689941,16085.11035,2082.709961,1.095014453,147.8679962,14.73999977,259,4208870000,5411790000,4208870000,312.107,5.33,157517,19581.8,3.9,133.21,1.81,4.48,1.72
3/11/2024,2182.5,5117.939941,16019.26953,2065.879883,1.094295502,146.7740021,15.22000027,738,3896430000,4917620000,3896430000,312.107,5.33,157517,19581.8,3.9,133.21,1.83,4.51,1.76
3/12/2024,2160.399902,5175.27002,16265.63965,2065.47998,1.093135118,146.7319946,13.84000015,550,4080510000,5100330000,4080510000,312.107,5.33,157517,19581.8,3.9,133.21,1.86,4.58,1.8
3/13/2024,2175.399902,5165.310059,16177.76953,2071.709961,1.092776775,147.6190033,13.75,20,4282890000,4839000000,4282890000,312.107,5.33,157517,19581.8,3.9,133.21,1.89,4.61,1.82
3/14/2024,2163,5150.47998,16128.53027,2031.180054,1.095530272,147.6210022,14.39999962,515,4687970000,5450980000,4687970000,312.107,5.33,157517,19581.8,3.9,133.21,1.99,4.68,1.92
3/15/2024,2157.300049,5117.089844,15973.16992,2039.319946,1.08834064,148.2960052,14.40999985,100,7753670000,8261950000,7753670000,312.107,5.33,157517,19581.8,3.9,133.21,1.99,4.72,1.94
3/16/2024,2157.300049,5117.089844,15973.16992,2039.319946,1.08834064,148.2960052,14.40999985,100,7753670000,8261950000,7753670000,312.107,5.33,157517,19581.8,3.9,133.21,1.99,4.72,1.94
3/17/2024,2157.300049,5117.089844,15973.16992,2039.319946,1.08834064,148.2960052,14.40999985,100,7753670000,8261950000,7753670000,312.107,5.33,157517,19581.8,3.9,133.21,1.99,4.72,1.94
3/18/2024,2160.699951,5149.419922,16103.4502,2024.73999,1.08825767,148.9550018,14.32999992,21,4036220000,5025040000,4036220000,312.107,5.33,157517,19581.8,3.9,133.21,2.03,4.73,1.97
3/19/2024,2156.300049,5178.509766,16166.79004,2035.709961,1.08739388,149.1439972,13.81999969,12,4031760000,4758740000,4031760000,312.107,5.33,157517,19581.8,3.9,133.21,2,4.68,1.93
3/20/2024,2157.899902,5224.620117,16369.41016,2074.879883,1.086330652,151.0350037,13.03999996,17,4064850000,5298380000,4064850000,312.107,5.33,157517,19581.8,3.9,133.21,1.96,4.59,1.85
3/21/2024,2182.399902,5241.529785,16401.83984,2098.560059,1.093721032,150.7599945,12.92000008,63,4207730000,5134740000,4207730000,312.107,5.33,157517,19581.8,3.9,133.21,1.93,4.62,1.83
3/22/2024,2158.100098,5234.180176,16428.82031,2072,1.086236238,151.6329956,13.06000042,19,3374700000,4339930000,3374700000,312.107,5.33,157517,19581.8,3.9,133.21,1.87,4.59,1.79
3/23/2024,2158.100098,5234.180176,16428.82031,2072,1.086236238,151.6329956,13.06000042,19,3374700000,4339930000,3374700000,312.107,5.33,157517,19581.8,3.9,133.21,1.87,4.59,1.79
3/24/2024,2158.100098,5234.180176,16428.82031,2072,1.086236238,151.6329956,13.06000042,19,3374700000,4339930000,3374700000,312.107,5.33,157517,19581.8,3.9,133.21,1.87,4.59,1.79
3/25/2024,2174.800049,5218.189941,16384.4707,2074.159912,1.080753922,151.3049927,13.18999958,79,3331360000,4636940000,3331360000,312.107,5.33,157517,19581.8,3.9,133.21,1.92,4.54,1.82
3/26/2024,2175.600098,5203.580078,16315.7002,2070.159912,1.083822846,151.3730011,13.23999977,202373,3871790000,5144260000,3871790000,312.107,5.33,157517,19581.8,3.9,133.21,1.92,4.56,1.84
3/27/2024,2190.600098,5248.490234,16399.51953,2114.350098,1.08323586,151.5299988,12.77999973,31200,3850500000,4768930000,3850500000,312.107,5.33,157517,19581.8,3.9,133.21,1.88,4.54,1.81
3/28/2024,2217.399902,5254.350098,16379.45996,2124.550049,1.081338286,151.2870026,13.01000023,2040,3998270000,5174450000,3998270000,312.107,5.33,157517,19581.8,3.9,133.21,1.88,4.59,1.83
3/29/2024,2217.399902,5254.350098,16379.45996,2124.550049,1.079447269,151.4400024,13.01000023,2040,3998270000,5174450000,3998270000,312.107,5.33,157517,19581.8,3.9,133.21,1.88,4.59,1.83
3/30/2024,2217.399902,5254.350098,16379.45996,2124.550049,1.079447269,151.4400024,13.01000023,2040,3998270000,5174450000,3998270000,312.107,5.33,157517,19581.8,3.9,133.21,1.88,4.59,1.83
3/31/2024,2217.399902,5254.350098,16379.45996,2124.550049,1.079447269,151.4400024,13.01000023,2040,3998270000,5174450000,3998270000,312.107,5.33,157517,19581.8,3.9,133.21,1.88,4.59,1.83
4/1/2024,2236.5,5243.77002,16396.83008,2102.840088,1.079272628,151.397995,13.64999962,400,3325930000,4798390000,3325930000,313.016,5.33,157635,19665.7,3.9,163.95,1.98,4.72,1.93
4/2/2024,2261,5205.810059,16240.4502,2065.040039,1.073721766,151.5809937,14.60999966,435,3886590000,4710280000,3886590000,313.016,5.33,157635,19665.7,3.9,163.95,2,4.7,1.91
4/3/2024,2294.399902,5211.490234,16277.45996,2076.199951,1.076855183,151.5399933,14.32999992,285,3703250000,5151500000,3703250000,313.016,5.33,157635,19665.7,3.9,163.95,2,4.68,1.91
4/4/2024,2288.800049,5147.209961,16049.08008,2053.830078,1.083834648,151.5809937,16.35000038,251,4075680000,5368700000,4075680000,313.016,5.33,157635,19665.7,3.9,163.95,1.97,4.65,1.88
4/5/2024,2325.699951,5204.339844,16248.51953,2063.469971,1.083705425,151.2920074,16.03000069,344,3386780000,4578130000,3386780000,313.016,5.33,157635,19665.7,3.9,163.95,2.02,4.73,1.93
4/6/2024,2325.699951,5204.339844,16248.51953,2063.469971,1.083705425,151.2920074,16.03000069,344,3386780000,4578130000,3386780000,313.016,5.33,157635,19665.7,3.9,163.95,2.02,4.73,1.93
4/7/2024,2325.699951,5204.339844,16248.51953,2063.469971,1.083705425,151.2920074,16.03000069,344,3386780000,4578130000,3386780000,313.016,5.33,157635,19665.7,3.9,163.95,2.02,4.73,1.93
4/8/2024,2331.699951,5202.390137,16253.95996,2073.709961,1.083048105,151.6900024,15.18999958,202,3278180000,4386700000,3278180000,313.016,5.33,157635,19665.7,3.9,163.95,2.04,4.78,1.96
4/9/2024,2343.5,5209.910156,16306.63965,2080.800049,1.086366177,151.8430023,14.97999954,211,3400680000,4869190000,3400680000,313.016,5.33,157635,19665.7,3.9,163.95,2,4.74,1.93
4/10/2024,2329.600098,5160.640137,16170.36035,2028.390015,1.085929632,151.7769928,15.80000019,377,3845930000,5308250000,3845930000,313.016,5.33,157635,19665.7,3.9,163.95,2.15,4.97,2.12
4/11/2024,2354.800049,5199.060059,16442.19922,2042.599976,1.074171543,152.9640045,14.90999985,283,3509380000,4714750000,3509380000,313.016,5.33,157635,19665.7,3.9,163.95,2.16,4.93,2.13
4/12/2024,2356.199951,5123.410156,16175.08984,2003.170044,1.072685122,153.1920013,17.30999947,584,3963220000,4552740000,3963220000,313.016,5.33,157635,19665.7,3.9,163.95,2.11,4.88,2.07
4/13/2024,2356.199951,5123.410156,16175.08984,2003.170044,1.072685122,153.1920013,17.30999947,584,3963220000,4552740000,3963220000,313.016,5.33,157635,19665.7,3.9,163.95,2.11,4.88,2.07
4/14/2024,2356.199951,5123.410156,16175.08984,2003.170044,1.072685122,153.1920013,17.30999947,584,3963220000,4552740000,3963220000,313.016,5.33,157635,19665.7,3.9,163.95,2.11,4.88,2.07
4/15/2024,2365.800049,5061.819824,15885.01953,1975.709961,1.064962745,153.2830048,19.22999954,1801,3950210000,4910550000,3950210000,313.016,5.33,157635,19665.7,3.9,163.95,2.2,4.93,2.13
4/16/2024,2390.800049,5051.410156,15865.25,1967.47998,1.062574983,154.2059937,18.39999962,41,4006200000,5001860000,4006200000,313.016,5.33,157635,19665.7,3.9,163.95,2.24,4.97,2.17
4/17/2024,2371.699951,5022.209961,15683.37012,1947.949951,1.062146187,154.697998,18.20999908,37,3596130000,4991470000,3596130000,313.016,5.33,157635,19665.7,3.9,163.95,2.2,4.93,2.15
4/18/2024,2382.300049,5011.120117,15601.5,1942.959961,1.066939831,154.3419952,18,128,3619760000,4932540000,3619760000,313.016,5.33,157635,19665.7,3.9,163.95,2.24,4.98,2.24
4/19/2024,2398.399902,4967.22998,15282.00977,1947.660034,1.064418554,154.6100006,18.70999908,160,3878750000,5316010000,3878750000,313.016,5.33,157635,19665.7,3.9,163.95,2.21,4.97,2.22
4/20/2024,2398.399902,4967.22998,15282.00977,1947.660034,1.064418554,154.6100006,18.70999908,160,3878750000,5316010000,3878750000,313.016,5.33,157635,19665.7,3.9,163.95,2.21,4.97,2.22
4/21/2024,2398.399902,4967.22998,15282.00977,1947.660034,1.064418554,154.6100006,18.70999908,160,3878750000,5316010000,3878750000,313.016,5.33,157635,19665.7,3.9,163.95,2.21,4.97,2.22
4/22/2024,2332.199951,5010.600098,15451.30957,1967.469971,1.065825343,154.6399994,16.94000053,53,3820250000,4616730000,3820250000,313.016,5.33,157635,19665.7,3.9,163.95,2.21,4.97,2.21
4/23/2024,2327.699951,5070.549805,15696.63965,2002.640015,1.06540525,154.8130035,15.68999958,171,3751400000,4951670000,3751400000,313.016,5.33,157635,19665.7,3.9,163.95,2.2,4.86,2.19
4/24/2024,2324.5,5071.629883,15712.75,1995.430054,1.07043457,154.7440033,15.97000027,95,3656740000,4735870000,3656740000,313.016,5.33,157635,19665.7,3.9,163.95,2.24,4.89,2.22
4/25/2024,2329.800049,5048.419922,15611.75977,1981.119995,1.069987893,155.2590027,15.36999989,1024,3958050000,4743640000,3958050000,313.016,5.33,157635,19665.7,3.9,163.95,2.28,4.96,2.27
4/26/2024,2334.800049,5099.959961,15927.90039,2002,1.07296145,155.5970001,15.02999973,717,3604140000,4694400000,3604140000,313.016,5.33,157635,19665.7,3.9,163.95,2.24,4.96,2.24
4/27/2024,2334.800049,5099.959961,15927.90039,2002,1.07296145,155.5970001,15.02999973,717,3604140000,4694400000,3604140000,313.016,5.33,157635,19665.7,3.9,163.95,2.24,4.96,2.24
4/28/2024,2334.800049,5099.959961,15927.90039,2002,1.07296145,155.5970001,15.02999973,717,3604140000,4694400000,3604140000,313.016,5.33,157635,19665.7,3.9,163.95,2.24,4.96,2.24
4/29/2024,2345.399902,5116.169922,15983.08008,2016.030029,1.070686698,158.223999,14.67000008,405,3447450000,4972520000,3447450000,313.016,5.33,157635,19665.7,3.9,163.95,2.22,4.97,2.22
4/30/2024,2291.399902,5035.689941,15657.82031,1973.910034,1.071570158,156.3139954,15.64999962,113,4082470000,5229400000,4082470000,313.016,5.33,157635,19665.7,3.9,163.95,2.28,5.04,2.29
5/1/2024,2299.899902,5018.390137,15605.48047,1980.22998,1.066655278,157.7220001,15.39000034,42,4544170000,5277790000,4544170000,313.14,5.33,157828,19758,3.9,130.52,2.25,4.96,2.25
5/2/2024,2299.199951,5064.200195,15840.95996,2016.109985,1.072156072,155.7039948,14.68000031,56,4381660000,4901610000,4381660000,313.14,5.33,157828,19758,3.9,130.52,2.21,4.87,2.2
5/3/2024,2299,5127.790039,16156.33008,2035.719971,1.073306918,153.0449982,13.48999977,194,3924990000,4887310000,3924990000,313.14,5.33,157828,19758,3.9,130.52,2.15,4.81,2.13
5/4/2024,2299,5127.790039,16156.33008,2035.719971,1.073306918,153.0449982,13.48999977,194,3924990000,4887310000,3924990000,313.14,5.33,157828,19758,3.9,130.52,2.15,4.81,2.13
5/5/2024,2299,5127.790039,16156.33008,2035.719971,1.073306918,153.0449982,13.48999977,194,3924990000,4887310000,3924990000,313.14,5.33,157828,19758,3.9,130.52,2.15,4.81,2.13
5/6/2024,2321.600098,5180.740234,16349.25,2060.669922,1.075812459,153.5659943,13.48999977,9,3683250000,4460130000,3683250000,313.14,5.33,157828,19758,3.9,130.52,2.14,4.82,2.14
5/7/2024,2315.199951,5187.700195,16332.55957,2064.649902,1.076750755,154.2369995,13.22999954,25,3987890000,5041870000,3987890000,313.14,5.33,157828,19758,3.9,130.52,2.15,4.82,2.16
5/8/2024,2313.600098,5187.669922,16302.75977,2055.139893,1.075049162,154.7480011,13,4,3842100000,4530190000,3842100000,313.14,5.33,157828,19758,3.9,130.52,2.17,4.84,2.19
5/9/2024,2332.100098,5214.080078,16346.25977,2073.629883,1.074691057,155.4190063,12.68999958,5,3727370000,4505120000,3727370000,313.14,5.33,157828,19758,3.9,130.52,2.13,4.8,2.13
5/10/2024,2367.300049,5222.680176,16340.87012,2059.780029,1.078515887,155.3890076,12.55000019,126,3617900000,4402110000,3617900000,313.14,5.33,157828,19758,3.9,130.52,2.16,4.87,2.18
5/11/2024,2367.300049,5222.680176,16340.87012,2059.780029,1.078515887,155.3890076,12.55000019,126,3617900000,4402110000,3617900000,313.14,5.33,157828,19758,3.9,130.52,2.16,4.87,2.18
5/12/2024,2367.300049,5222.680176,16340.87012,2059.780029,1.078515887,155.3890076,12.55000019,126,3617900000,4402110000,3617900000,313.14,5.33,157828,19758,3.9,130.52,2.16,4.87,2.18
5/13/2024,2336.100098,5221.419922,16388.24023,2062.120117,1.077040672,155.8179932,13.60000038,14,4255710000,4452750000,4255710000,313.14,5.33,157828,19758,3.9,130.52,2.15,4.85,2.17
5/14/2024,2353.399902,5246.680176,16511.17969,2085.689941,1.079354167,156.2330017,13.42000008,6,4763580000,7270240000,4763580000,313.14,5.33,157828,19758,3.9,130.52,2.12,4.81,2.14
5/15/2024,2388.699951,5308.149902,16742.39063,2109.459961,1.081455231,156.4980011,12.44999981,29,4360810000,8538990000,4360810000,313.14,5.33,157828,19758,3.9,130.52,2.05,4.73,2.06
5/16/2024,2380,5297.100098,16698.32031,2096.25,1.088980556,154.2819977,12.42000008,7,3817470000,11932600000,3817470000,313.14,5.33,157828,19758,3.9,130.52,2.07,4.78,2.1
5/17/2024,2412.199951,5303.27002,16685.9707,2095.719971,1.086779356,155.3789978,11.98999977,213,3578120000,9587280000,3578120000,313.14,5.33,157828,19758,3.9,130.52,2.1,4.83,2.12
5/18/2024,2412.199951,5303.27002,16685.9707,2095.719971,1.086779356,155.3789978,11.98999977,213,3578120000,9587280000,3578120000,313.14,5.33,157828,19758,3.9,130.52,2.1,4.83,2.12
5/19/2024,2412.199951,5303.27002,16685.9707,2095.719971,1.086779356,155.3789978,11.98999977,213,3578120000,9587280000,3578120000,313.14,5.33,157828,19758,3.9,130.52,2.1,4.83,2.12
5/20/2024,2433.899902,5308.129883,16794.86914,2102.5,1.087547541,155.7539978,12.14999962,40,3420100000,6861320000,3420100000,313.14,5.33,157828,19758,3.9,130.52,2.11,4.82,2.13
5/21/2024,2421.699951,5321.410156,16832.61914,2098.360107,1.086082935,156.3699951,11.85999966,6,3662240000,6245090000,3662240000,313.14,5.33,157828,19758,3.9,130.52,2.09,4.82,2.1
5/22/2024,2389.199951,5307.009766,16801.53906,2081.709961,1.085517049,156.2510071,12.28999996,180,3847130000,7277340000,3847130000,313.14,5.33,157828,19758,3.9,130.52,2.1,4.86,2.14
5/23/2024,2335,5267.839844,16736.0293,2048.409912,1.082520485,156.7039948,12.77000046,365,3869520000,7752800000,3869520000,313.14,5.33,157828,19758,3.9,130.52,2.17,4.91,2.21
5/24/2024,2332.5,5304.720215,16920.78906,2069.669922,1.081268191,156.9730072,11.93000031,25,3005510000,5836040000,3005510000,313.14,5.33,157828,19758,3.9,130.52,2.14,4.93,2.2
5/25/2024,2332.5,5304.720215,16920.78906,2069.669922,1.081268191,156.9730072,11.93000031,25,3005510000,5836040000,3005510000,313.14,5.33,157828,19758,3.9,130.52,2.14,4.93,2.2
5/26/2024,2332.5,5304.720215,16920.78906,2069.669922,1.081268191,156.9730072,11.93000031,25,3005510000,5836040000,3005510000,313.14,5.33,157828,19758,3.9,130.52,2.14,4.93,2.2
5/27/2024,2332.5,5304.720215,16920.78906,2069.669922,1.084763408,156.8699951,11.93000031,25,3005510000,5836040000,3005510000,313.14,5.33,157828,19758,3.9,130.52,2.14,4.93,2.2
5/28/2024,2355.199951,5306.040039,17019.88086,2066.850098,1.086189151,156.8450012,12.92000008,26,3751540000,6293380000,3751540000,313.14,5.33,157828,19758,3.9,130.52,2.2,4.94,2.23
5/29/2024,2340.300049,5266.950195,16920.58008,2036.189941,1.085187197,157.2619934,14.27999973,119317,3552750000,6652480000,3552750000,313.14,5.33,157828,19758,3.9,130.52,2.25,4.96,2.27
5/30/2024,2342.899902,5235.47998,16737.08008,2056.600098,1.080181956,157.6080017,14.47000027,32587,3818750000,6659290000,3818750000,313.14,5.33,157828,19758,3.9,130.52,2.19,4.92,2.22
5/31/2024,2322.899902,5277.509766,16735.01953,2070.129883,1.083541036,156.9530029,12.92000008,941,5437160000,6674090000,5437160000,313.14,5.33,157828,19758,3.9,130.52,2.16,4.89,2.18
6/1/2024,2322.899902,5277.509766,16735.01953,2070.129883,1.083541036,156.9530029,12.92000008,941,5437160000,6674090000,5437160000,313.131,5.33,157915,19844.5,4.1,113.09,2.16,4.89,2.18
6/2/2024,2322.899902,5277.509766,16735.01953,2070.129883,1.083541036,156.9530029,12.92000008,941,5437160000,6674090000,5437160000,313.131,5.33,157915,19844.5,4.1,113.09,2.16,4.89,2.18
6/3/2024,2346.600098,5283.399902,16828.66992,2059.679932,1.085304976,157.1799927,13.10999966,781,4046920000,5422040000,4046920000,313.131,5.33,157915,19844.5,4.1,113.09,2.08,4.82,2.11
6/4/2024,2325.5,5291.339844,16857.05078,2033.939941,1.090738535,156.076004,13.15999985,890,3707900000,4917350000,3707900000,313.131,5.33,157915,19844.5,4.1,113.09,2.02,4.77,2.07
6/5/2024,2354.100098,5354.029785,17187.90039,2063.870117,1.088186622,155.1239929,12.63000011,295,3591460000,5325000000,3591460000,313.131,5.33,157915,19844.5,4.1,113.09,1.99,4.72,2.04
6/6/2024,2370.300049,5352.959961,17173.11914,2049.439941,1.087453008,155.9290009,12.57999992,179,3609990000,4960580000,3609990000,313.131,5.33,157915,19844.5,4.1,113.09,2,4.72,2.04
6/7/2024,2305.199951,5346.990234,17133.13086,2026.550049,1.089443207,155.6970062,12.22000027,269,3692760000,4755650000,3692760000,313.131,5.33,157915,19844.5,4.1,113.09,2.13,4.87,2.18
6/8/2024,2305.199951,5346.990234,17133.13086,2026.550049,1.089443207,155.6970062,12.22000027,269,3692760000,4755650000,3692760000,313.131,5.33,157915,19844.5,4.1,113.09,2.13,4.87,2.18
6/9/2024,2305.199951,5346.990234,17133.13086,2026.550049,1.089443207,155.6970062,12.22000027,269,3692760000,4755650000,3692760000,313.131,5.33,157915,19844.5,4.1,113.09,2.13,4.87,2.18
6/10/2024,2307.699951,5360.790039,17192.5293,2031.609985,1.07788825,156.8329926,12.73999977,69,3622280000,5207110000,3622280000,313.131,5.33,157915,19844.5,4.1,113.09,2.16,4.87,2.21
6/11/2024,2307.5,5375.319824,17343.55078,2024.349976,1.076426268,157.0399933,12.85000038,871,3568030000,5009220000,3568030000,313.131,5.33,157915,19844.5,4.1,113.09,2.12,4.81,2.16
6/12/2024,2336,5421.029785,17608.43945,2057.100098,1.074033022,157.1049957,12.03999996,132,3962840000,5560630000,3962840000,313.131,5.33,157915,19844.5,4.1,113.09,2.09,4.75,2.15
6/13/2024,2300.199951,5433.740234,17667.56055,2038.910034,1.081314921,156.8000031,11.93999958,298,3530380000,4916020000,3530380000,313.131,5.33,157915,19844.5,4.1,113.09,2.03,4.68,2.1
6/14/2024,2331.399902,5431.600098,17688.88086,2006.160034,1.073883176,157.128006,12.65999985,948,3438650000,4973820000,3438650000,313.131,5.33,157915,19844.5,4.1,113.09,2.03,4.67,2.11
6/15/2024,2331.399902,5431.600098,17688.88086,2006.160034,1.073883176,157.128006,12.65999985,948,3438650000,4973820000,3438650000,313.131,5.33,157915,19844.5,4.1,113.09,2.03,4.67,2.11
6/16/2024,2331.399902,5431.600098,17688.88086,2006.160034,1.073883176,157.128006,12.65999985,948,3438650000,4973820000,3438650000,313.131,5.33,157915,19844.5,4.1,113.09,2.03,4.67,2.11
6/17/2024,2312.399902,5473.22998,17857.01953,2022.01001,1.070216894,157.5460052,12.75,110,3447840000,6061200000,3447840000,313.131,5.33,157915,19844.5,4.1,113.09,2.06,4.75,2.14
6/18/2024,2330.399902,5487.029785,17862.23047,2025.22998,1.074067712,157.6999969,12.30000019,43,3544330000,5796180000,3544330000,313.131,5.33,157915,19844.5,4.1,113.09,2.01,4.69,2.07
6/19/2024,2330.399902,5487.029785,17862.23047,2025.22998,1.07422924,157.8710022,12.30000019,43,3544330000,5796180000,3544330000,313.131,5.33,157915,19844.5,4.1,113.09,2.01,4.69,2.07
6/20/2024,2353.800049,5473.169922,17721.58984,2017.390015,1.075153232,157.9579926,13.27999973,183,3847060000,6289300000,3847060000,313.131,5.33,157915,19844.5,4.1,113.09,2,4.7,2.05
6/21/2024,2316.399902,5464.620117,17689.35938,2022.030029,1.070640922,158.9309998,13.19999981,76,6773800000,8589160000,6773800000,313.131,5.33,157915,19844.5,4.1,113.09,2.02,4.7,2.07
6/22/2024,2316.399902,5464.620117,17689.35938,2022.030029,1.070640922,158.9309998,13.19999981,76,6773800000,8589160000,6773800000,313.131,5.33,157915,19844.5,4.1,113.09,2.02,4.7,2.07
6/23/2024,2316.399902,5464.620117,17689.35938,2022.030029,1.070640922,158.9309998,13.19999981,76,6773800000,8589160000,6773800000,313.131,5.33,157915,19844.5,4.1,113.09,2.02,4.7,2.07
6/24/2024,2330,5447.870117,17496.82031,2030.810059,1.068775773,159.8609924,13.32999992,99,3696750000,5503210000,3696750000,313.131,5.33,157915,19844.5,4.1,113.09,2.03,4.71,2.09
6/25/2024,2316.600098,5469.299805,17717.65039,2022.349976,1.073272347,159.6860046,12.84000015,105,3591960000,4848280000,3591960000,313.131,5.33,157915,19844.5,4.1,113.09,2.01,4.65,2.08
6/26/2024,2299.199951,5477.899902,17805.16016,2018.119995,1.070961952,159.6860046,12.55000019,986,3563920000,5294310000,3563920000,313.131,5.33,157915,19844.5,4.1,113.09,2.06,4.71,2.12
6/27/2024,2324.5,5482.870117,17858.67969,2038.339966,1.068010926,160.6210022,12.23999977,1532,3589530000,5382060000,3589530000,313.131,5.33,157915,19844.5,4.1,113.09,2.03,4.7,2.07
6/28/2024,2327.699951,5460.47998,17732.59961,2047.689941,1.070847273,160.6869965,12.43999958,92,7199220000,8960940000,7199220000,313.131,5.33,157915,19844.5,4.1,113.09,2.08,4.71,2.09
6/29/2024,2327.699951,5460.47998,17732.59961,2047.689941,1.070847273,160.6869965,12.43999958,92,7199220000,8960940000,7199220000,313.131,5.33,157915,19844.5,4.1,113.09,2.08,4.71,2.09
6/30/2024,2327.699951,5460.47998,17732.59961,2047.689941,1.070847273,160.6869965,12.43999958,92,7199220000,8960940000,7199220000,313.131,5.33,157915,19844.5,4.1,113.09,2.08,4.71,2.09
7/1/2024,2327.600098,5475.089844,17879.30078,2030.069946,1.073525786,160.9069977,12.22000027,237,3488760000,5189990000,3488760000,313.566,5.33,158003,19949.5,4.2,92.39,2.16,4.77,2.15
7/2/2024,2323,5509.009766,18028.75977,2033.869995,1.073710203,161.5119934,12.02999973,30,3329950000,4526550000,3329950000,313.566,5.33,158003,19949.5,4.2,92.39,2.13,4.74,2.13
7/3/2024,2359.800049,5537.02002,18188.30078,2036.619995,1.074841261,161.5039978,12.09000015,59,2179470000,3713960000,2179470000,313.566,5.33,158003,19949.5,4.2,92.39,2.09,4.71,2.1
7/4/2024,2359.800049,5537.02002,18188.30078,2036.619995,1.079330802,161.6210022,12.09000015,59,2179470000,3713960000,2179470000,313.566,5.33,158003,19949.5,4.2,92.39,2.09,4.71,2.1
7/5/2024,2388.5,5567.189941,18352.75977,2026.72998,1.08106935,161.3580017,12.47999954,72,3253080000,4851000000,3253080000,313.566,5.33,158003,19949.5,4.2,92.39,2,4.6,2
7/6/2024,2388.5,5567.189941,18352.75977,2026.72998,1.08106935,161.3580017,12.47999954,72,3253080000,4851000000,3253080000,313.566,5.33,158003,19949.5,4.2,92.39,2,4.6,2
7/7/2024,2388.5,5567.189941,18352.75977,2026.72998,1.08106935,161.3580017,12.47999954,72,3253080000,4851000000,3253080000,313.566,5.33,158003,19949.5,4.2,92.39,2,4.6,2
7/8/2024,2355.199951,5572.850098,18403.74023,2038.670044,1.08260262,160.6380005,12.36999989,64,3185670000,5286260000,3185670000,313.566,5.33,158003,19949.5,4.2,92.39,2.01,4.62,2.01
7/9/2024,2360.100098,5576.97998,18429.28906,2029.469971,1.083095074,160.8569946,12.51000023,9,3232920000,4839140000,3232920000,313.566,5.33,158003,19949.5,4.2,92.39,2.04,4.62,2.03
7/10/2024,2372.199951,5633.910156,18647.44922,2051.75,1.081478596,161.3309937,12.85000038,19,3336100000,5228240000,3336100000,313.566,5.33,158003,19949.5,4.2,92.39,2.01,4.62,2.02
7/11/2024,2415,5584.540039,18283.41016,2125.040039,1.083329678,161.6069946,12.92000008,72,4020950000,6366620000,4020950000,313.566,5.33,158003,19949.5,4.2,92.39,1.95,4.5,1.95
7/12/2024,2414,5615.350098,18398.44922,2148.27002,1.087275624,158.201004,12.46000004,355,3700280000,5845930000,3700280000,313.566,5.33,158003,19949.5,4.2,92.39,1.94,4.45,1.95
7/13/2024,2414,5615.350098,18398.44922,2148.27002,1.087275624,158.201004,12.46000004,355,3700280000,5845930000,3700280000,313.566,5.33,158003,19949.5,4.2,92.39,1.94,4.45,1.95
7/14/2024,2414,5615.350098,18398.44922,2148.27002,1.087275624,158.201004,12.46000004,355,3700280000,5845930000,3700280000,313.566,5.33,158003,19949.5,4.2,92.39,1.94,4.45,1.95
7/15/2024,2422.899902,5631.220215,18472.57031,2187.02002,1.088553905,158.3130035,13.11999989,540,3620470000,5450350000,3620470000,313.566,5.33,158003,19949.5,4.2,92.39,1.96,4.44,1.93
7/16/2024,2462.399902,5667.200195,18509.33984,2263.669922,1.090155959,158.1410065,13.18999958,93,4041760000,5812930000,4041760000,313.566,5.33,158003,19949.5,4.2,92.39,1.91,4.43,1.89
7/17/2024,2454.800049,5588.27002,17996.91992,2239.669922,1.090250969,158.3500061,14.47999954,10,4246450000,6007280000,4246450000,313.566,5.33,158003,19949.5,4.2,92.39,1.9,4.42,1.88
7/18/2024,2451.800049,5544.589844,17871.2207,2198.290039,1.094020128,155.6860046,15.93000031,2,4007510000,5977260000,4007510000,313.566,5.33,158003,19949.5,4.2,92.39,1.89,4.46,1.92
7/19/2024,2395.5,5505,17726.93945,2184.350098,1.090155959,157.1499939,16.52000046,15,3760570000,4992930000,3760570000,313.566,5.33,158003,19949.5,4.2,92.39,1.93,4.49,1.98
7/20/2024,2395.5,5505,17726.93945,2184.350098,1.090155959,157.1499939,16.52000046,15,3760570000,4992930000,3760570000,313.566,5.33,158003,19949.5,4.2,92.39,1.93,4.49,1.98
7/21/2024,2395.5,5505,17726.93945,2184.350098,1.090155959,157.1499939,16.52000046,15,3760570000,4992930000,3760570000,313.566,5.33,158003,19949.5,4.2,92.39,1.93,4.49,1.98
7/22/2024,2392,5564.410156,18007.57031,2220.649902,1.089918256,157.4219971,14.90999985,18,3375180000,5093620000,3375180000,313.566,5.33,158003,19949.5,4.2,92.39,1.96,4.5,1.99
7/23/2024,2404.600098,5555.740234,17997.34961,2243.27002,1.088980556,156.8910065,14.72000027,41,3500210000,4938000000,3500210000,313.566,5.33,158003,19949.5,4.2,92.39,1.96,4.4,1.98
7/24/2024,2413.300049,5427.129883,17342.41016,2195.370117,1.085069418,155.7680054,18.04000092,6,3945550000,6735560000,3945550000,313.566,5.33,158003,19949.5,4.2,92.39,2,4.37,1.99
7/25/2024,2351.899902,5399.220215,17181.7207,2222.97998,1.083952069,153.8910065,18.45999908,31,4592120000,6114350000,4592120000,313.566,5.33,158003,19949.5,4.2,92.39,1.99,4.41,2
7/26/2024,2380,5459.100098,17357.88086,2260.070068,1.085128307,153.6970062,16.38999939,95,3638770000,5281560000,3638770000,313.566,5.33,158003,19949.5,4.2,92.39,1.93,4.36,1.93
7/27/2024,2380,5459.100098,17357.88086,2260.070068,1.085128307,153.6970062,16.38999939,95,3638770000,5281560000,3638770000,313.566,5.33,158003,19949.5,4.2,92.39,1.93,4.36,1.93
7/28/2024,2380,5459.100098,17357.88086,2260.070068,1.085128307,153.6970062,16.38999939,95,3638770000,5281560000,3638770000,313.566,5.33,158003,19949.5,4.2,92.39,1.93,4.36,1.93
7/29/2024,2377.300049,5463.540039,17370.19922,2235.330078,1.085375667,154.1390076,16.60000038,126409,3379970000,4897230000,3379970000,313.566,5.33,158003,19949.5,4.2,92.39,1.92,4.36,1.92
7/30/2024,2405,5436.439941,17147.41992,2243.139893,1.081946611,153.8329926,17.69000053,25944,3777740000,5564310000,3777740000,313.566,5.33,158003,19949.5,4.2,92.39,1.9,4.35,1.91
7/31/2024,2426.5,5522.299805,17599.40039,2254.47998,1.081607223,152.6699982,16.36000061,1313,4546910000,6292560000,4546910000,313.566,5.33,158003,19949.5,4.2,92.39,1.85,4.29,1.84
8/1/2024,2435,5446.680176,17194.15039,2186.159912,1.08239162,149.7440033,18.59000015,690,4703620000,6664550000,4703620000,314.131,5.33,158074,20001.3,4.2,140.98,1.79,4.16,1.78
8/2/2024,2425.699951,5346.560059,16776.16016,2109.310059,1.078760266,149.201004,23.38999939,550,5156450000,6313870000,5156450000,314.131,5.33,158074,20001.3,4.2,140.98,1.76,3.88,1.73
8/3/2024,2425.699951,5346.560059,16776.16016,2109.310059,1.078760266,149.201004,23.38999939,550,5156450000,6313870000,5156450000,314.131,5.33,158074,20001.3,4.2,140.98,1.76,3.88,1.73
8/4/2024,2425.699951,5346.560059,16776.16016,2109.310059,1.078760266,149.201004,23.38999939,550,5156450000,6313870000,5156450000,314.131,5.33,158074,20001.3,4.2,140.98,1.76,3.88,1.73
8/5/2024,2401.699951,5186.330078,16200.08008,2039.160034,1.091083646,145.5839996,38.56999969,334,5333250000,6852190000,5333250000,314.131,5.33,158074,20001.3,4.2,140.98,1.71,3.89,1.71
8/6/2024,2389.100098,5240.029785,16366.84961,2064.300049,1.095098257,145.7899933,27.70999908,163,4690190000,5908930000,4690190000,314.131,5.33,158074,20001.3,4.2,140.98,1.78,3.99,1.77
8/7/2024,2390.5,5199.5,16195.80957,2035.109985,1.092621565,144.7319946,27.85000038,130,4558260000,5913620000,4558260000,314.131,5.33,158074,20001.3,4.2,140.98,1.85,4,1.82
8/8/2024,2422.199951,5319.310059,16660.01953,2084.419922,1.092812538,146.1239929,23.79000092,201,4016830000,5815880000,4016830000,314.131,5.33,158074,20001.3,4.2,140.98,1.87,4.04,1.85
8/9/2024,2432.100098,5344.160156,16745.30078,2080.919922,1.091572046,147.6690063,20.37000084,611,3516400000,5783410000,3516400000,314.131,5.33,158074,20001.3,4.2,140.98,1.84,4.05,1.84
8/10/2024,2432.100098,5344.160156,16745.30078,2080.919922,1.091572046,147.6690063,20.37000084,611,3516400000,5783410000,3516400000,314.131,5.33,158074,20001.3,4.2,140.98,1.84,4.05,1.84
8/11/2024,2432.100098,5344.160156,16745.30078,2080.919922,1.091572046,147.6690063,20.37000084,611,3516400000,5783410000,3516400000,314.131,5.33,158074,20001.3,4.2,140.98,1.84,4.05,1.84
8/12/2024,2462.399902,5344.390137,16780.60938,2062.080078,1.091381311,147.0420074,20.70999908,566,3360160000,4890850000,3360160000,314.131,5.33,158074,20001.3,4.2,140.98,1.79,4.01,1.77
8/13/2024,2466.699951,5434.430176,17187.60938,2095.189941,1.093625188,146.9819946,18.12000084,510,3648980000,5469160000,3648980000,314.131,5.33,158074,20001.3,4.2,140.98,1.76,3.93,1.72
8/14/2024,2439.399902,5455.209961,17192.59961,2084.320068,1.099698663,146.970993,16.19000053,274,3380050000,4985480000,3380050000,314.131,5.33,158074,20001.3,4.2,140.98,1.77,3.94,1.74
8/15/2024,2453.100098,5543.220215,17594.5,2135.469971,1.101321578,147.253006,15.22999954,285,3723310000,5478170000,3723310000,314.131,5.33,158074,20001.3,4.2,140.98,1.8,4.08,1.8
8/16/2024,2498.600098,5554.25,17631.7207,2141.919922,1.097273231,149.2220001,14.80000019,197,3357690000,5138150000,3357690000,314.131,5.33,158074,20001.3,4.2,140.98,1.81,4.06,1.8
8/17/2024,2498.600098,5554.25,17631.7207,2141.919922,1.097273231,149.2220001,14.80000019,197,3357690000,5138150000,3357690000,314.131,5.33,158074,20001.3,4.2,140.98,1.81,4.06,1.8
8/18/2024,2498.600098,5554.25,17631.7207,2141.919922,1.097273231,149.2220001,14.80000019,197,3357690000,5138150000,3357690000,314.131,5.33,158074,20001.3,4.2,140.98,1.81,4.06,1.8
8/19/2024,2501.800049,5608.25,17876.76953,2167.5,1.102499366,147.9559937,14.64999962,88,3222050000,5564300000,3222050000,314.131,5.33,158074,20001.3,4.2,140.98,1.79,4.06,1.81
8/20/2024,2511.300049,5597.120117,17816.93945,2142.189941,1.108647466,146.6990051,15.88000011,187,2994420000,5305260000,2994420000,314.131,5.33,158074,20001.3,4.2,140.98,1.75,3.99,1.75
8/21/2024,2508.399902,5620.850098,17918.99023,2170.560059,1.11279273,145.3470001,16.27000046,96,3119670000,4765150000,3119670000,314.131,5.33,158074,20001.3,4.2,140.98,1.72,3.92,1.7
8/22/2024,2478.899902,5570.640137,17619.34961,2150.030029,1.115536094,145.1179962,17.54999924,210,2981530000,5065360000,2981530000,314.131,5.33,158074,20001.3,4.2,140.98,1.76,3.99,1.76
8/23/2024,2508.399902,5634.609863,17877.78906,2218.699951,1.11171639,146.2019958,15.85999966,94,3291940000,5380810000,3291940000,314.131,5.33,158074,20001.3,4.2,140.98,1.68,3.9,1.64
8/24/2024,2508.399902,5634.609863,17877.78906,2218.699951,1.11171639,146.2019958,15.85999966,94,3291940000,5380810000,3291940000,314.131,5.33,158074,20001.3,4.2,140.98,1.68,3.9,1.64
8/25/2024,2508.399902,5634.609863,17877.78906,2218.699951,1.11171639,146.2019958,15.85999966,94,3291940000,5380810000,3291940000,314.131,5.33,158074,20001.3,4.2,140.98,1.68,3.9,1.64
8/26/2024,2517.699951,5616.839844,17725.76953,2217.919922,1.118793488,144,16.14999962,290,2938570000,5110940000,2938570000,314.131,5.33,158074,20001.3,4.2,140.98,1.67,3.91,1.64
8/27/2024,2516,5625.799805,17754.82031,2203,1.116470098,144.5160065,15.43000031,100,2798990000,4362380000,2798990000,314.131,5.33,158074,20001.3,4.2,140.98,1.68,3.83,1.64
8/28/2024,2501,5592.180176,17556.0293,2188.639893,1.117793083,143.9750061,17.11000061,2353,3053450000,5211920000,3053450000,314.131,5.33,158074,20001.3,4.2,140.98,1.69,3.83,1.64
8/29/2024,2525.699951,5591.959961,17516.42969,2202.97998,1.112495542,144.4329987,15.64999962,3966,3065640000,5727780000,3065640000,314.131,5.33,158074,20001.3,4.2,140.98,1.71,3.87,1.65
8/30/2024,2493.800049,5648.399902,17713.61914,2217.629883,1.108045459,144.8899994,15,208,4185850000,5531150000,4185850000,314.131,5.33,158074,20001.3,4.2,140.98,1.76,3.91,1.7
8/31/2024,2493.800049,5648.399902,17713.61914,2217.629883,1.108045459,144.8899994,15,208,4185850000,5531150000,4185850000,314.131,5.33,158074,20001.3,4.2,140.98,1.76,3.91,1.7
9/1/2024,2493.800049,5648.399902,17713.61914,2217.629883,1.108045459,144.8899994,15,208,4185850000,5531150000,4185850000,314.851,5.13,158314,20147.6,4.1,130.36,1.76,3.91,1.7
9/2/2024,2493.800049,5648.399902,17713.61914,2217.629883,1.1044842,146.3809967,15,208,4185850000,5531150000,4185850000,314.851,5.13,158314,20147.6,4.1,130.36,1.76,3.91,1.7
9/3/2024,2489.899902,5528.930176,17136.30078,2149.209961,1.106745601,146.7220001,20.71999931,206,3866350000,5813970000,3866350000,314.851,5.13,158314,20147.6,4.1,130.36,1.73,3.88,1.7
9/4/2024,2493.399902,5520.069824,17084.30078,2145.219971,1.104886889,145.3529968,21.31999969,470,3478140000,5011820000,3478140000,314.851,5.13,158314,20147.6,4.1,130.36,1.7,3.76,1.66
9/5/2024,2511.399902,5503.410156,17127.66016,2132.050049,1.108045459,143.3240051,19.89999962,54,3521650000,4983030000,3521650000,314.851,5.13,158314,20147.6,4.1,130.36,1.7,3.75,1.67
9/6/2024,2493.5,5408.419922,16690.83008,2091.409912,1.111111164,143.3930054,22.37999916,96,3822800000,5549030000,3822800000,314.851,5.13,158314,20147.6,4.1,130.36,1.69,3.66,1.64
9/7/2024,2493.5,5408.419922,16690.83008,2091.409912,1.111111164,143.3930054,22.37999916,96,3822800000,5549030000,3822800000,314.851,5.13,158314,20147.6,4.1,130.36,1.69,3.66,1.64
9/8/2024,2493.5,5408.419922,16690.83008,2091.409912,1.111111164,143.3930054,22.37999916,96,3822800000,5549030000,3822800000,314.851,5.13,158314,20147.6,4.1,130.36,1.69,3.66,1.64
9/9/2024,2501.800049,5471.049805,16884.59961,2097.780029,1.108721256,142.4859924,19.45000076,96,3825940000,5132150000,3825940000,314.851,5.13,158314,20147.6,4.1,130.36,1.66,3.68,1.61
9/10/2024,2512.300049,5495.52002,17025.88086,2097.439941,1.103752732,143.177002,19.07999992,5,3848180000,4963740000,3848180000,314.851,5.13,158314,20147.6,4.1,130.36,1.63,3.59,1.57
9/11/2024,2512.100098,5554.129883,17395.5293,2103.850098,1.102098346,142.2339935,17.69000053,90,3839450000,6086930000,3839450000,314.851,5.13,158314,20147.6,4.1,130.36,1.61,3.62,1.55
9/12/2024,2551.199951,5595.759766,17569.67969,2129.429932,1.101091146,142.5899963,17.06999969,132,3655070000,4983120000,3655070000,314.851,5.13,158314,20147.6,4.1,130.36,1.63,3.64,1.54
9/13/2024,2581.300049,5626.02002,17683.98047,2182.48999,1.107787728,141.4989929,16.55999947,31,3500790000,4802880000,3500790000,314.851,5.13,158314,20147.6,4.1,130.36,1.58,3.57,1.48
9/14/2024,2581.300049,5626.02002,17683.98047,2182.48999,1.107787728,141.4989929,16.55999947,31,3500790000,4802880000,3500790000,314.851,5.13,158314,20147.6,4.1,130.36,1.58,3.57,1.48
9/15/2024,2581.300049,5626.02002,17683.98047,2182.48999,1.107787728,141.4989929,16.55999947,31,3500790000,4802880000,3500790000,314.851,5.13,158314,20147.6,4.1,130.36,1.58,3.57,1.48
9/16/2024,2580.399902,5633.089844,17592.13086,2189.169922,1.108844161,140.7899933,17.13999939,28,3437070000,4675530000,3437070000,314.851,5.13,158314,20147.6,4.1,130.36,1.54,3.56,1.47
9/17/2024,2564.300049,5634.580078,17628.06055,2205.47998,1.112953663,140.7899933,17.61000061,22,3443600000,4959520000,3443600000,314.851,5.13,158314,20147.6,4.1,130.36,1.53,3.59,1.47
9/18/2024,2570.699951,5618.259766,17573.30078,2206.340088,1.112309933,142.0149994,18.22999954,25,3691390000,5611630000,3691390000,314.851,5.13,158314,20147.6,4.1,130.36,1.58,3.61,1.49
9/19/2024,2588,5713.640137,18013.98047,2252.709961,1.111481667,142.7100067,16.32999992,99,4024530000,5574650000,4024530000,314.851,5.13,158314,20147.6,4.1,130.36,1.56,3.59,1.45
9/20/2024,2619.899902,5702.549805,17948.32031,2227.889893,1.116196036,142.8580017,16.14999962,17,7867260000,9914480000,7867260000,314.851,5.13,158314,20147.6,4.1,130.36,1.58,3.55,1.46
9/21/2024,2619.899902,5702.549805,17948.32031,2227.889893,1.116196036,142.8580017,16.14999962,17,7867260000,9914480000,7867260000,314.851,5.13,158314,20147.6,4.1,130.36,1.58,3.55,1.46
9/22/2024,2619.899902,5702.549805,17948.32031,2227.889893,1.116196036,142.8580017,16.14999962,17,7867260000,9914480000,7867260000,314.851,5.13,158314,20147.6,4.1,130.36,1.58,3.55,1.46
9/23/2024,2626.5,5718.569824,17974.26953,2220.280029,1.11608386,144.0039978,15.89000034,9,3529550000,5237310000,3529550000,314.851,5.13,158314,20147.6,4.1,130.36,1.58,3.57,1.47
9/24/2024,2651.199951,5732.930176,18074.51953,2223.98999,1.111172795,143.6380005,15.39000034,35,3872710000,5347580000,3872710000,314.851,5.13,158314,20147.6,4.1,130.36,1.55,3.49,1.41
9/25/2024,2659.199951,5722.259766,18082.21094,2197.449951,1.119119048,142.9629974,15.40999985,175,3624910000,4858060000,3624910000,314.851,5.13,158314,20147.6,4.1,130.36,1.61,3.53,1.46
9/26/2024,2669.899902,5745.370117,18190.28906,2209.870117,1.113102317,144.6829987,15.36999989,17216,4391180000,5669210000,4391180000,314.851,5.13,158314,20147.6,4.1,130.36,1.63,3.6,1.52
9/27/2024,2644.300049,5738.169922,18119.58984,2224.699951,1.117717981,145.076004,16.95999908,4228,3898530000,5367890000,3898530000,314.851,5.13,158314,20147.6,4.1,130.36,1.6,3.55,1.47
9/28/2024,2644.300049,5738.169922,18119.58984,2224.699951,1.117717981,145.076004,16.95999908,4228,3898530000,5367890000,3898530000,314.851,5.13,158314,20147.6,4.1,130.36,1.6,3.55,1.47
9/29/2024,2644.300049,5738.169922,18119.58984,2224.699951,1.117717981,145.076004,16.95999908,4228,3898530000,5367890000,3898530000,314.851,5.13,158314,20147.6,4.1,130.36,1.6,3.55,1.47
9/30/2024,2636.100098,5762.47998,18189.16992,2229.969971,1.116981506,142.7830048,16.72999954,973,4425730000,5846150000,4425730000,314.851,5.13,158314,20147.6,4.1,130.36,1.63,3.66,1.51
10/1/2024,2667.300049,5708.75,17910.35938,2197.030029,1.113660216,143.7100067,19.26000023,153,4025180000,5879980000,4025180000,315.564,4.83,158358,20226,4.1,130.69,1.55,3.61,1.44
10/2/2024,2647.100098,5709.540039,17925.11914,2195.01001,1.106390476,143.7359924,18.89999962,72,3829050000,5489040000,3829050000,315.564,4.83,158358,20226,4.1,130.69,1.58,3.63,1.45
10/3/2024,2657.100098,5699.939941,17918.48047,2180.149902,1.104850292,146.5820007,20.48999977,354,3597450000,5208990000,3597450000,315.564,4.83,158358,20226,4.1,130.69,1.64,3.7,1.51
10/4/2024,2645.800049,5751.069824,18137.84961,2212.800049,1.103557825,146.8399963,19.20999908,114,3479400000,5136070000,3479400000,315.564,4.83,158358,20226,4.1,130.69,1.75,3.93,1.67
10/5/2024,2645.800049,5751.069824,18137.84961,2212.800049,1.103557825,146.8399963,19.20999908,114,3479400000,5136070000,3479400000,315.564,4.83,158358,20226,4.1,130.69,1.75,3.93,1.67
10/6/2024,2645.800049,5751.069824,18137.84961,2212.800049,1.103557825,146.8399963,19.20999908,114,3479400000,5136070000,3479400000,315.564,4.83,158358,20226,4.1,130.69,1.75,3.93,1.67
10/7/2024,2644.800049,5695.939941,17923.90039,2193.090088,1.097453952,148.8200073,22.63999939,284,3637790000,5240320000,3637790000,315.564,4.83,158358,20226,4.1,130.69,1.76,3.99,1.69
10/8/2024,2615,5751.129883,18182.91992,2194.97998,1.097574353,148.1459961,21.42000008,687,3393400000,5566510000,3393400000,315.564,4.83,158358,20226,4.1,130.69,1.77,3.98,1.69
10/9/2024,2606,5792.040039,18291.61914,2200.590088,1.097574353,148.1589966,20.86000061,152,3650340000,5228670000,3650340000,315.564,4.83,158358,20226,4.1,130.69,1.77,3.99,1.7
10/10/2024,2620.600098,5780.049805,18282.05078,2188.419922,1.094331384,149.1600037,20.93000031,320,3208790000,5855390000,3208790000,315.564,4.83,158358,20226,4.1,130.69,1.76,3.98,1.65
10/11/2024,2657.600098,5815.029785,18342.93945,2234.409912,1.093386054,148.7039948,20.45999908,12,3208720000,5140440000,3208720000,315.564,4.83,158358,20226,4.1,130.69,1.75,3.95,1.63
10/12/2024,2657.600098,5815.029785,18342.93945,2234.409912,1.093386054,148.7039948,20.45999908,12,3208720000,5140440000,3208720000,315.564,4.83,158358,20226,4.1,130.69,1.75,3.95,1.63
10/13/2024,2657.600098,5815.029785,18342.93945,2234.409912,1.093386054,148.7039948,20.45999908,12,3208720000,5140440000,3208720000,315.564,4.83,158358,20226,4.1,130.69,1.75,3.95,1.63
10/14/2024,2647.800049,5859.850098,18502.68945,2248.639893,1.092537999,149.3339996,19.70000076,40,3005250000,4894710000,3005250000,315.564,4.83,158358,20226,4.1,130.69,1.75,3.95,1.63
10/15/2024,2661.399902,5815.259766,18315.58984,2249.820068,1.090916991,149.6699982,20.63999939,39,3882120000,6522700000,3882120000,315.564,4.83,158358,20226,4.1,130.69,1.75,3.95,1.64
10/16/2024,2674,5842.470215,18367.08008,2286.679932,1.088411689,149.098999,19.57999992,6,3467230000,5257570000,3467230000,315.564,4.83,158358,20226,4.1,130.69,1.75,3.93,1.65
10/17/2024,2691,5841.470215,18373.60938,2280.850098,1.086248159,149.576004,19.11000061,30,3480010000,5806860000,3480010000,315.564,4.83,158358,20226,4.1,130.69,1.79,3.96,1.68
10/18/2024,2713.699951,5864.669922,18489.55078,2276.090088,1.082954288,150.1000061,18.03000069,29,3374490000,5090190000,3374490000,315.564,4.83,158358,20226,4.1,130.69,1.77,3.95,1.65
10/19/2024,2713.699951,5864.669922,18489.55078,2276.090088,1.082954288,150.1000061,18.03000069,29,3374490000,5090190000,3374490000,315.564,4.83,158358,20226,4.1,130.69,1.77,3.95,1.65
10/20/2024,2713.699951,5864.669922,18489.55078,2276.090088,1.082954288,150.1000061,18.03000069,29,3374490000,5090190000,3374490000,315.564,4.83,158358,20226,4.1,130.69,1.77,3.95,1.65
10/21/2024,2723.100098,5853.97998,18540.00977,2239.709961,1.086861968,149.6000061,18.37000084,52,3407010000,6092180000,3407010000,315.564,4.83,158358,20226,4.1,130.69,1.88,4.02,1.75
10/22/2024,2744.199951,5851.200195,18579.76953,2231.530029,1.081782818,150.6049957,18.20000076,93,3342080000,6407180000,3342080000,315.564,4.83,158358,20226,4.1,130.69,1.87,4.03,1.75
10/23/2024,2714.399902,5797.419922,18276.65039,2213.840088,1.079727054,151.1380005,19.23999977,18,3532650000,6245610000,3532650000,315.564,4.83,158358,20226,4.1,130.69,1.93,4.07,1.82
10/24/2024,2734.899902,5809.859863,18415.49023,2218.919922,1.078050852,152.7689972,19.07999992,27,3543030000,5761280000,3543030000,315.564,4.83,158358,20226,4.1,130.69,1.91,4.07,1.7
10/25/2024,2740.899902,5808.120117,18518.60938,2207.98999,1.082415104,151.7830048,20.32999992,29,3501280000,6100040000,3501280000,315.564,4.83,158358,20226,4.1,130.69,1.96,4.11,1.75
10/26/2024,2740.899902,5808.120117,18518.60938,2207.98999,1.082415104,151.7830048,20.32999992,29,3501280000,6100040000,3501280000,315.564,4.83,158358,20226,4.1,130.69,1.96,4.11,1.75
10/27/2024,2740.899902,5808.120117,18518.60938,2207.98999,1.082415104,151.7830048,20.32999992,29,3501280000,6100040000,3501280000,315.564,4.83,158358,20226,4.1,130.69,1.96,4.11,1.75
10/28/2024,2742.899902,5823.52002,18567.18945,2244.070068,1.079657078,152.9519958,19.79999924,56,3691280000,5641660000,3691280000,315.564,4.83,158358,20226,4.1,130.69,1.99,4.12,1.8
10/29/2024,2768.399902,5832.919922,18712.75,2238.090088,1.081677437,153.1790009,19.34000015,848,3879100000,6881170000,3879100000,315.564,4.83,158358,20226,4.1,130.69,1.98,4.11,1.78
10/30/2024,2788.5,5813.669922,18607.92969,2233.040039,1.082063675,153.2740021,20.35000038,231,3851120000,6514690000,3851120000,315.564,4.83,158358,20226,4.1,130.69,1.95,4.15,1.77
10/31/2024,2738.300049,5705.450195,18095.15039,2196.649902,1.08591783,153.2039948,23.15999985,849,4425660000,6411940000,4425660000,315.564,4.83,158358,20226,4.1,130.69,1.95,4.16,1.77
11/1/2024,2738.600098,5728.799805,18239.91992,2210.129883,1.088613033,151.9799957,21.87999916,109,3796450000,5896470000,3796450000,316.449,4.64,158619,20313.6,4.2,128.9,2.04,4.21,1.85
11/2/2024,2738.600098,5728.799805,18239.91992,2210.129883,1.088613033,151.9799957,21.87999916,109,3796450000,5896470000,3796450000,316.449,4.64,158619,20313.6,4.2,128.9,2.04,4.21,1.85
11/3/2024,2738.600098,5728.799805,18239.91992,2210.129883,1.088613033,151.9799957,21.87999916,109,3796450000,5896470000,3796450000,316.449,4.64,158619,20313.6,4.2,128.9,2.04,4.21,1.85
11/4/2024,2736.100098,5712.689941,18179.98047,2219.030029,1.087453008,152.2870026,21.97999954,16,3602060000,5762320000,3602060000,316.449,4.64,158619,20313.6,4.2,128.9,2.03,4.17,1.85
11/5/2024,2740.300049,5782.759766,18439.16992,2260.840088,1.087405682,152.276001,20.48999977,23,3768310000,7060340000,3768310000,316.449,4.64,158619,20313.6,4.2,128.9,1.99,4.19,1.84
11/6/2024,2667.600098,5929.040039,18983.4707,2392.919922,1.093445897,151.4349976,16.27000046,427,6329530000,8138050000,6329530000,316.449,4.64,158619,20313.6,4.2,128.9,2.04,4.27,1.81
11/7/2024,2698.399902,5973.100098,19269.46094,2382.689941,1.073306918,154.3200073,15.19999981,676,4925740000,9232670000,4925740000,316.449,4.64,158619,20313.6,4.2,128.9,1.98,4.21,1.77
11/8/2024,2687.5,5995.540039,19286.7793,2399.639893,1.079517245,153.1799927,14.93999958,1038,4666740000,7316010000,4666740000,316.449,4.64,158619,20313.6,4.2,128.9,1.95,4.26,1.77
11/9/2024,2687.5,5995.540039,19286.7793,2399.639893,1.079517245,153.1799927,14.93999958,1038,4666740000,7316010000,4666740000,316.449,4.64,158619,20313.6,4.2,128.9,1.95,4.26,1.77
11/10/2024,2687.5,5995.540039,19286.7793,2399.639893,1.079517245,153.1799927,14.93999958,1038,4666740000,7316010000,4666740000,316.449,4.64,158619,20313.6,4.2,128.9,1.95,4.26,1.77
11/11/2024,2611.199951,6001.350098,19298.75977,2434.97998,1.071489811,152.904007,14.97000027,20,4333000000,8087930000,4333000000,316.449,4.64,158619,20313.6,4.2,128.9,1.95,4.26,1.77
11/12/2024,2600,5983.990234,19281.40039,2391.850098,1.066439152,153.4799957,14.71000004,118,4243400000,7816410000,4243400000,316.449,4.64,158619,20313.6,4.2,128.9,2.08,4.34,1.89
11/13/2024,2580.800049,5985.379883,19230.7207,2369.370117,1.061672568,154.6549988,14.02000046,53,4220180000,9623670000,4220180000,316.449,4.64,158619,20313.6,4.2,128.9,2.09,4.27,1.88
11/14/2024,2568.199951,5949.169922,19107.65039,2336.939941,1.056412458,155.4290009,14.31000042,27,4184570000,8680480000,4184570000,316.449,4.64,158619,20313.6,4.2,128.9,2.1,4.34,1.92
11/15/2024,2565.699951,5870.620117,18680.11914,2303.840088,1.053008437,156.4680023,16.13999939,20,4590960000,8002270000,4590960000,316.449,4.64,158619,20313.6,4.2,128.9,2.1,4.31,1.91
11/16/2024,2565.699951,5870.620117,18680.11914,2303.840088,1.053008437,156.4680023,16.13999939,20,4590960000,8002270000,4590960000,316.449,4.64,158619,20313.6,4.2,128.9,2.1,4.31,1.91
11/17/2024,2565.699951,5870.620117,18680.11914,2303.840088,1.053008437,156.4680023,16.13999939,20,4590960000,8002270000,4590960000,316.449,4.64,158619,20313.6,4.2,128.9,2.1,4.31,1.91
11/18/2024,2610.600098,5893.620117,18791.81055,2306.340088,1.053374529,154.6640015,15.57999992,136,3983860000,8455360000,3983860000,316.449,4.64,158619,20313.6,4.2,128.9,2.08,4.29,1.87
11/19/2024,2627.100098,5916.97998,18987.4707,2324.830078,1.059490442,154.6170044,16.35000038,87,4036940000,7246610000,4036940000,316.449,4.64,158619,20313.6,4.2,128.9,2.05,4.27,1.84
11/20/2024,2648.199951,5917.109863,18966.14063,2325.530029,1.060760379,154.7180023,17.15999985,27,3772620000,7121670000,3772620000,316.449,4.64,158619,20313.6,4.2,128.9,2.06,4.31,1.85
11/21/2024,2672.100098,5948.709961,18972.41992,2364.02002,1.054618716,155.2949982,16.87000084,33,4230120000,7492540000,4230120000,316.449,4.64,158619,20313.6,4.2,128.9,2.09,4.34,1.88
11/22/2024,2709.899902,5969.339844,19003.65039,2406.669922,1.046934128,154.2180023,15.23999977,41,4141420000,6575820000,4141420000,316.449,4.64,158619,20313.6,4.2,128.9,2.07,4.37,1.87
11/23/2024,2709.899902,5969.339844,19003.65039,2406.669922,1.046934128,154.2180023,15.23999977,41,4141420000,6575820000,4141420000,316.449,4.64,158619,20313.6,4.2,128.9,2.07,4.37,1.87
11/24/2024,2709.899902,5969.339844,19003.65039,2406.669922,1.046934128,154.2180023,15.23999977,41,4141420000,6575820000,4141420000,316.449,4.64,158619,20313.6,4.2,128.9,2.07,4.37,1.87
11/25/2024,2616.800049,5987.370117,19054.83984,2442.030029,1.047987342,154.1459961,14.60000038,94,5633150000,7932980000,5633150000,316.449,4.64,158619,20313.6,4.2,128.9,1.98,4.21,1.82
11/26/2024,2620.300049,6021.629883,19174.30078,2424.310059,1.044430017,154.378006,14.10000038,177858,3835170000,6411770000,3835170000,316.449,4.64,158619,20313.6,4.2,128.9,2.02,4.21,1.84
11/27/2024,2639.899902,5998.740234,19060.48047,2426.189941,1.04911983,153.0090027,14.10000038,61653,3363340000,5619090000,3363340000,316.449,4.64,158619,20313.6,4.2,128.9,1.99,4.19,1.79
11/28/2024,2639.899902,5998.740234,19060.48047,2426.189941,1.056245089,151.3359985,14.10000038,61653,3363340000,5619090000,3363340000,316.449,4.64,158619,20313.6,4.2,128.9,1.99,4.19,1.79
11/29/2024,2657,6032.379883,19218.16992,2434.72998,1.056300879,151.173996,13.51000023,3861,2444420000,4042550000,2444420000,316.449,4.64,158619,20313.6,4.2,128.9,1.92,4.13,1.72
11/30/2024,2657,6032.379883,19218.16992,2434.72998,1.056300879,151.173996,13.51000023,3861,2444420000,4042550000,2444420000,316.449,4.64,158619,20313.6,4.2,128.9,1.92,4.13,1.72
12/1/2024,2657,6032.379883,19218.16992,2434.72998,1.056300879,151.173996,13.51000023,3861,2444420000,4042550000,2444420000,317.603,4.48,158942,20514.3,4.1,142.37,1.92,4.13,1.72
12/2/2024,2634.899902,6047.149902,19403.94922,2434.139893,1.054507494,149.897995,13.34000015,695,4412470000,6370530000,4412470000,317.603,4.48,158942,20514.3,4.1,142.37,1.93,4.17,1.75
12/3/2024,2644.699951,6049.879883,19480.91016,2416.350098,1.05012238,149.5079956,13.30000019,1062,4095000000,6005160000,4095000000,317.603,4.48,158942,20514.3,4.1,142.37,1.95,4.17,1.75
12/4/2024,2653.800049,6086.490234,19735.11914,2426.560059,1.051082611,149.6470032,13.44999981,249,4003390000,7870030000,4003390000,317.603,4.48,158942,20514.3,4.1,142.37,1.9,4.13,1.7
12/5/2024,2626.600098,6075.109863,19700.25977,2396.169922,1.051414132,150.5670013,13.53999996,573,4212020000,7229510000,4212020000,317.603,4.48,158942,20514.3,4.1,142.37,1.92,4.15,1.72
12/6/2024,2638.600098,6090.27002,19859.76953,2408.98999,1.058559537,150.2070007,12.77000046,571,3924830000,6787610000,3924830000,317.603,4.48,158942,20514.3,4.1,142.37,1.91,4.1,1.72
12/7/2024,2638.600098,6090.27002,19859.76953,2408.98999,1.058559537,150.2070007,12.77000046,571,3924830000,6787610000,3924830000,317.603,4.48,158942,20514.3,4.1,142.37,1.91,4.1,1.72
12/8/2024,2638.600098,6090.27002,19859.76953,2408.98999,1.058559537,150.2070007,12.77000046,571,3924830000,6787610000,3924830000,317.603,4.48,158942,20514.3,4.1,142.37,1.91,4.1,1.72
12/9/2024,2664.899902,6052.850098,19736.68945,2392.840088,1.05654633,150.0299988,14.18999958,935,4556460000,7884620000,4556460000,317.603,4.48,158942,20514.3,4.1,142.37,1.93,4.13,1.74
12/10/2024,2697.600098,6034.910156,19687.24023,2382.77002,1.055520415,151.4080048,14.18000031,437,4048410000,6843850000,4048410000,317.603,4.48,158942,20514.3,4.1,142.37,1.93,4.15,1.75
12/11/2024,2733.800049,6084.189941,20034.89063,2394.159912,1.053296804,151.8070068,13.57999992,3387,4269950000,6639720000,4269950000,317.603,4.48,158942,20514.3,4.1,142.37,1.96,4.15,1.75
12/12/2024,2687.5,6051.25,19902.83984,2361.080078,1.050685048,152.2449951,13.92000008,2365,3678010000,7047550000,3678010000,317.603,4.48,158942,20514.3,4.1,142.37,2,4.18,1.79
12/13/2024,2656,6051.089844,19926.7207,2346.899902,1.047405601,152.5870056,13.81000042,1125,3584960000,6028250000,3584960000,317.603,4.48,158942,20514.3,4.1,142.37,2.07,4.25,1.85
12/14/2024,2656,6051.089844,19926.7207,2346.899902,1.047405601,152.5870056,13.81000042,1125,3584960000,6028250000,3584960000,317.603,4.48,158942,20514.3,4.1,142.37,2.07,4.25,1.85
12/15/2024,2656,6051.089844,19926.7207,2346.899902,1.047405601,152.5870056,13.81000042,1125,3584960000,6028250000,3584960000,317.603,4.48,158942,20514.3,4.1,142.37,2.07,4.25,1.85
12/16/2024,2651.399902,6074.080078,20173.89063,2361.98999,1.051005244,153.4530029,14.68999958,877,4391100000,8855040000,4391100000,317.603,4.48,158942,20514.3,4.1,142.37,2.07,4.25,1.87
12/17/2024,2644.399902,6050.609863,20109.06055,2334.080078,1.051734805,154.0859985,15.86999989,705,4544500000,9534350000,4544500000,317.603,4.48,158942,20514.3,4.1,142.37,2.09,4.25,1.9
12/18/2024,2636.5,5872.160156,19392.68945,2231.51001,1.049505115,153.5720062,27.62000084,566,5246960000,9996120000,5246960000,317.603,4.48,158942,20514.3,4.1,142.37,2.18,4.35,2.02
12/19/2024,2592.199951,5867.080078,19372.76953,2221.5,1.035025239,154.6730042,24.09000015,238,4896880000,8029590000,4896880000,317.603,4.48,158942,20514.3,4.1,142.37,2.28,4.32,2.08
12/20/2024,2628.699951,5930.850098,19572.59961,2242.370117,1.03649497,157.6439972,18.36000061,592,8223220000,10962450000,8223220000,317.603,4.48,158942,20514.3,4.1,142.37,2.23,4.3,2.03
12/21/2024,2628.699951,5930.850098,19572.59961,2242.370117,1.03649497,157.6439972,18.36000061,592,8223220000,10962450000,8223220000,317.603,4.48,158942,20514.3,4.1,142.37,2.23,4.3,2.03
12/22/2024,2628.699951,5930.850098,19572.59961,2242.370117,1.03649497,157.6439972,18.36000061,592,8223220000,10962450000,8223220000,317.603,4.48,158942,20514.3,4.1,142.37,2.23,4.3,2.03
12/23/2024,2612.300049,5974.069824,19764.88086,2237.439941,1.043307662,156.5330048,16.78000069,451,3593280000,6820720000,3593280000,317.603,4.48,158942,20514.3,4.1,142.37,2.27,4.3,2.06
12/24/2024,2620,6040.040039,20031.13086,2259.850098,1.040582657,157.1649933,14.27000046,35,1757720000,4739190000,1757720000,317.603,4.48,158942,20514.3,4.1,142.37,2.24,4.29,2.04
12/25/2024,2620,6040.040039,20031.13086,2259.850098,1.040257931,157.1069946,14.27000046,35,1757720000,4739190000,1757720000,317.603,4.48,158942,20514.3,4.1,142.37,2.24,4.29,2.04
12/26/2024,2638.800049,6037.589844,20020.35938,2280.189941,1.039955139,157.1329956,14.72999954,84,2904530000,6467910000,2904530000,317.603,4.48,158942,20514.3,4.1,142.37,2.23,4.3,2.03
12/27/2024,2617.199951,5970.839844,19722.0293,2244.590088,1.042318106,157.7480011,15.94999981,642,3159610000,7765120000,3159610000,317.603,4.48,158942,20514.3,4.1,142.37,2.28,4.31,2.07
12/28/2024,2617.199951,5970.839844,19722.0293,2244.590088,1.042318106,157.7480011,15.94999981,642,3159610000,7765120000,3159610000,317.603,4.48,158942,20514.3,4.1,142.37,2.28,4.31,2.07
12/29/2024,2617.199951,5970.839844,19722.0293,2244.590088,1.042318106,157.7480011,15.94999981,642,3159610000,7765120000,3159610000,317.603,4.48,158942,20514.3,4.1,142.37,2.28,4.31,2.07
12/30/2024,2606.100098,5906.939941,19486.78906,2227.780029,1.042937756,157.8730011,17.39999962,794,3433250000,8384090000,3433250000,317.603,4.48,158942,20514.3,4.1,142.37,2.24,4.24,2.02
12/31/2024,2629.199951,5881.629883,19310.78906,2230.159912,1.040615201,156.9949951,17.35000038,401,3128350000,8873030000,3128350000,317.603,4.48,158942,20514.3,4.1,142.37,2.24,4.25,2
1/1/2025,2629.199951,5881.629883,19310.78906,2230.159912,1.040615201,156.9949951,17.35000038,401,3128350000,8873030000,3128350000,319.086,4.33,159053,20462.2,4,112.33,2.24,4.25,2
