Date,Close,High,Low,Open,Volume
2011-01-01,,,,,
2011-01-02,,,,,
2011-01-03,1422.5999755859375,1423.9000244140625,1413.699951171875,1415.5999755859375,28.0
2011-01-04,1378.5,1410.9000244140625,1375.800048828125,1409.5999755859375,122.0
2011-01-05,1373.4000244140625,1384.0,1364.199951171875,1383.4000244140625,175.0
2011-01-06,1371.4000244140625,1376.5,1368.9000244140625,1374.800048828125,158.0
2011-01-07,1368.5,1377.199951171875,1355.5,1372.699951171875,225.0
2011-01-08,1368.5,1377.199951171875,1355.5,1372.699951171875,225.0
2011-01-09,1368.5,1377.199951171875,1355.5,1372.699951171875,225.0
2011-01-10,1373.699951171875,1374.0,1365.699951171875,1369.0,181.0
2011-01-11,1384.0,1384.5,1373.9000244140625,1375.4000244140625,13.0
2011-01-12,1385.699951171875,1385.5,1378.0,1382.5999755859375,204.0
2011-01-13,1386.9000244140625,1392.5,1371.4000244140625,1386.0999755859375,66.0
2011-01-14,1360.4000244140625,1376.0,1356.699951171875,1375.0,252.0
2011-01-15,1360.4000244140625,1376.0,1356.699951171875,1375.0,252.0
2011-01-16,1360.4000244140625,1376.0,1356.699951171875,1375.0,252.0
2011-01-17,1360.4000244140625,1376.0,1356.699951171875,1375.0,252.0
2011-01-18,1368.0999755859375,1371.0,1359.199951171875,1365.0999755859375,106.0
2011-01-19,1370.199951171875,1376.199951171875,1367.0,1371.9000244140625,40.0
2011-01-20,1346.5,1367.699951171875,1345.0,1367.699951171875,10.0
2011-01-21,1341.0,1345.5999755859375,1338.5999755859375,1341.699951171875,20.0
2011-01-22,1341.0,1345.5999755859375,1338.5999755859375,1341.699951171875,20.0
2011-01-23,1341.0,1345.5999755859375,1338.5999755859375,1341.699951171875,20.0
2011-01-24,1344.5,1352.300048828125,1341.800048828125,1352.300048828125,2.0
2011-01-25,1332.300048828125,1331.5,1323.5999755859375,1330.4000244140625,394.0
2011-01-26,1333.0,1341.699951171875,1333.0,1333.0,4.0
2011-01-27,1318.4000244140625,1342.0,1318.4000244140625,1342.0,210699.0
2011-01-28,1340.699951171875,1346.5999755859375,1307.699951171875,1314.0,73023.0
2011-01-29,1340.699951171875,1346.5999755859375,1307.699951171875,1314.0,73023.0
2011-01-30,1340.699951171875,1346.5999755859375,1307.699951171875,1314.0,73023.0
2011-01-31,1333.800048828125,1345.9000244140625,1323.300048828125,1339.0,13657.0
2011-02-01,1339.5999755859375,1342.9000244140625,1325.300048828125,1333.0999755859375,3180.0
2011-02-02,1331.5,1344.0,1327.0,1344.0,1363.0
2011-02-03,1352.300048828125,1355.800048828125,1324.9000244140625,1335.5999755859375,1865.0
2011-02-04,1348.300048828125,1360.0,1345.0,1354.800048828125,591.0
2011-02-05,1348.300048828125,1360.0,1345.0,1354.800048828125,591.0
2011-02-06,1348.300048828125,1360.0,1345.0,1354.800048828125,591.0
2011-02-07,1347.5999755859375,1353.800048828125,1343.800048828125,1345.800048828125,1004.0
2011-02-08,1363.4000244140625,1367.0,1350.0,1351.199951171875,2536.0
2011-02-09,1364.800048828125,1366.5,1359.5999755859375,1362.800048828125,146.0
2011-02-10,1361.9000244140625,1364.5,1351.699951171875,1364.300048828125,312.0
2011-02-11,1359.9000244140625,1368.800048828125,1355.199951171875,1364.0,488.0
2011-02-12,1359.9000244140625,1368.800048828125,1355.199951171875,1364.0,488.0
2011-02-13,1359.9000244140625,1368.800048828125,1355.199951171875,1364.0,488.0
2011-02-14,1364.5999755859375,1365.5999755859375,1356.5999755859375,1357.800048828125,181.0
2011-02-15,1373.5999755859375,1376.0,1361.5999755859375,1361.5999755859375,321.0
2011-02-16,1374.699951171875,1382.0,1370.5,1373.5999755859375,156.0
2011-02-17,1384.699951171875,1384.699951171875,1377.0,1377.699951171875,113.0
2011-02-18,1388.199951171875,1391.800048828125,1381.800048828125,1384.0999755859375,98.0
2011-02-19,1388.199951171875,1391.800048828125,1381.800048828125,1384.0999755859375,98.0
2011-02-20,1388.199951171875,1391.800048828125,1381.800048828125,1384.0999755859375,98.0
2011-02-21,1388.199951171875,1391.800048828125,1381.800048828125,1384.0999755859375,98.0
2011-02-22,1400.5,1408.699951171875,1395.0999755859375,1395.0999755859375,430.0
2011-02-23,1413.4000244140625,1413.800048828125,1397.800048828125,1397.800048828125,318.0
2011-02-24,1415.300048828125,1415.300048828125,1408.300048828125,1415.0999755859375,809.0
2011-02-25,1408.699951171875,1411.0,1401.0,1401.699951171875,352.0
2011-02-26,1408.699951171875,1411.0,1401.0,1401.699951171875,352.0
2011-02-27,1408.699951171875,1411.0,1401.0,1401.699951171875,352.0
2011-02-28,1409.300048828125,1415.699951171875,1407.699951171875,1410.699951171875,205.0
2011-03-01,1430.699951171875,1434.4000244140625,1415.300048828125,1415.300048828125,116.0
2011-03-02,1437.199951171875,1440.5,1428.800048828125,1432.5,1600.0
2011-03-03,1416.0,1432.300048828125,1415.9000244140625,1432.300048828125,244.0
2011-03-04,1428.199951171875,1429.800048828125,1416.800048828125,1418.9000244140625,60.0
2011-03-05,1428.199951171875,1429.800048828125,1416.800048828125,1418.9000244140625,60.0
2011-03-06,1428.199951171875,1429.800048828125,1416.800048828125,1418.9000244140625,60.0
2011-03-07,1434.0999755859375,1445.0,1429.5,1434.5,613.0
2011-03-08,1426.9000244140625,1432.5999755859375,1424.300048828125,1431.5999755859375,198.0
2011-03-09,1429.300048828125,1435.699951171875,1426.0999755859375,1430.0,98.0
2011-03-10,1412.199951171875,1429.800048828125,1403.800048828125,1429.5,23.0
2011-03-11,1421.5,1422.5999755859375,1404.9000244140625,1413.699951171875,23.0
2011-03-12,1421.5,1422.5999755859375,1404.9000244140625,1413.699951171875,23.0
2011-03-13,1421.5,1422.5999755859375,1404.9000244140625,1413.699951171875,23.0
2011-03-14,1424.5999755859375,1427.699951171875,1420.0,1420.0,58.0
2011-03-15,1392.5999755859375,1413.300048828125,1385.5,1413.300048828125,20.0
2011-03-16,1396.0,1404.199951171875,1394.300048828125,1398.0,38.0
2011-03-17,1404.0,1393.5999755859375,1387.699951171875,1387.699951171875,27.0
2011-03-18,1415.9000244140625,1419.300048828125,1406.4000244140625,1406.4000244140625,6.0
2011-03-19,1415.9000244140625,1419.300048828125,1406.4000244140625,1406.4000244140625,6.0
2011-03-20,1415.9000244140625,1419.300048828125,1406.4000244140625,1406.4000244140625,6.0
2011-03-21,1426.199951171875,1433.5,1430.800048828125,1433.5,43.0
2011-03-22,1427.5,1430.4000244140625,1430.4000244140625,1430.4000244140625,85.0
2011-03-23,1437.9000244140625,1439.699951171875,1432.199951171875,1432.199951171875,19.0
2011-03-24,1434.800048828125,1446.9000244140625,1437.5,1437.699951171875,27.0
2011-03-25,1426.0999755859375,1436.0,1436.0,1436.0,1.0
2011-03-26,1426.0999755859375,1436.0,1436.0,1436.0,1.0
2011-03-27,1426.0999755859375,1436.0,1436.0,1436.0,1.0
2011-03-28,1419.800048828125,1415.5999755859375,1413.199951171875,1413.199951171875,6.0
2011-03-29,1416.0,1416.0,1416.0,1416.0,135792.0
2011-03-30,1423.800048828125,1430.300048828125,1412.0,1418.699951171875,47011.0
2011-03-31,1438.9000244140625,1440.0,1420.699951171875,1423.300048828125,8230.0
2011-04-01,1428.0999755859375,1436.5,1413.0,1433.4000244140625,5318.0
2011-04-02,1428.0999755859375,1436.5,1413.0,1433.4000244140625,5318.0
2011-04-03,1428.0999755859375,1436.5,1413.0,1433.4000244140625,5318.0
2011-04-04,1432.199951171875,1439.0999755859375,1428.800048828125,1429.0999755859375,683.0
2011-04-05,1451.800048828125,1457.5999755859375,1430.300048828125,1437.9000244140625,2609.0
2011-04-06,1457.699951171875,1462.300048828125,1452.0,1456.9000244140625,901.0
2011-04-07,1458.5,1462.5,1453.9000244140625,1459.699951171875,229.0
2011-04-08,1473.4000244140625,1475.5,1457.5,1457.5999755859375,1407.0
2011-04-09,1473.4000244140625,1475.5,1457.5,1457.5999755859375,1407.0
2011-04-10,1473.4000244140625,1475.5,1457.5,1457.5999755859375,1407.0
2011-04-11,1467.4000244140625,1476.0,1459.699951171875,1476.0,378.0
2011-04-12,1452.9000244140625,1467.199951171875,1444.4000244140625,1461.800048828125,345.0
2011-04-13,1454.9000244140625,1462.0,1454.0,1455.0,197.0
2011-04-14,1471.699951171875,1476.0,1452.699951171875,1456.800048828125,535.0
2011-04-15,1485.300048828125,1487.5,1473.199951171875,1477.5999755859375,293.0
2011-04-16,1485.300048828125,1487.5,1473.199951171875,1477.5999755859375,293.0
2011-04-17,1485.300048828125,1487.5,1473.199951171875,1477.5999755859375,293.0
2011-04-18,1492.300048828125,1497.300048828125,1477.5,1486.300048828125,650.0
2011-04-19,1494.5,1499.5,1489.0,1493.300048828125,168.0
2011-04-20,1498.300048828125,1505.300048828125,1494.0,1494.0,386.0
2011-04-21,1503.199951171875,1508.300048828125,1501.699951171875,1503.699951171875,237.0
2011-04-22,1503.199951171875,1508.300048828125,1501.699951171875,1503.699951171875,237.0
2011-04-23,1503.199951171875,1508.300048828125,1501.699951171875,1503.699951171875,237.0
2011-04-24,1503.199951171875,1508.300048828125,1501.699951171875,1503.699951171875,237.0
2011-04-25,1508.5999755859375,1518.0,1502.800048828125,1513.300048828125,233.0
2011-04-26,1503.0,1506.300048828125,1495.0,1501.5,223.0
2011-04-27,1516.699951171875,1512.800048828125,1505.199951171875,1507.0999755859375,460.0
2011-04-28,1530.800048828125,1536.0,1526.5999755859375,1528.5999755859375,425.0
2011-04-29,1556.0,1568.699951171875,1537.300048828125,1538.699951171875,124.0
2011-04-30,1556.0,1568.699951171875,1537.300048828125,1538.699951171875,124.0
2011-05-01,1556.0,1568.699951171875,1537.300048828125,1538.699951171875,124.0
2011-05-02,1556.699951171875,1576.5999755859375,1543.0999755859375,1572.9000244140625,200.0
2011-05-03,1540.0999755859375,1547.0,1527.5,1542.5,246.0
2011-05-04,1514.9000244140625,1539.0,1506.199951171875,1535.0,272.0
2011-05-05,1480.9000244140625,1520.699951171875,1471.0,1514.699951171875,133.0
2011-05-06,1491.199951171875,1494.800048828125,1472.300048828125,1473.199951171875,144.0
2011-05-07,1491.199951171875,1494.800048828125,1472.300048828125,1473.199951171875,144.0
2011-05-08,1491.199951171875,1494.800048828125,1472.300048828125,1473.199951171875,144.0
2011-05-09,1502.9000244140625,1512.800048828125,1501.300048828125,1501.5,44.0
2011-05-10,1516.5999755859375,1516.9000244140625,1508.4000244140625,1508.4000244140625,13.0
2011-05-11,1501.0999755859375,1524.0999755859375,1495.199951171875,1524.0,30.0
2011-05-12,1506.5999755859375,1498.5,1484.800048828125,1492.0999755859375,11.0
2011-05-13,1493.4000244140625,1511.300048828125,1490.199951171875,1503.5,16.0
2011-05-14,1493.4000244140625,1511.300048828125,1490.199951171875,1503.5,16.0
2011-05-15,1493.4000244140625,1511.300048828125,1490.199951171875,1503.5,16.0
2011-05-16,1490.4000244140625,1494.9000244140625,1489.300048828125,1489.300048828125,10.0
2011-05-17,1479.800048828125,1491.800048828125,1473.0,1489.800048828125,41.0
2011-05-18,1495.5999755859375,1497.0,1496.300048828125,1496.4000244140625,82.0
2011-05-19,1492.199951171875,1491.5,1491.5,1491.5,1.0
2011-05-20,1508.800048828125,1512.699951171875,1488.699951171875,1499.0,93.0
2011-05-21,1508.800048828125,1512.699951171875,1488.699951171875,1499.0,93.0
2011-05-22,1508.800048828125,1512.699951171875,1488.699951171875,1499.0,93.0
2011-05-23,1515.300048828125,1512.300048828125,1507.0,1510.5,42.0
2011-05-24,1523.199951171875,1527.0999755859375,1521.9000244140625,1527.0999755859375,4.0
2011-05-25,1526.5999755859375,1527.5,1526.0999755859375,1526.4000244140625,10.0
2011-05-26,1522.800048828125,1521.199951171875,1519.5,1521.199951171875,186986.0
2011-05-27,1536.300048828125,1538.5,1518.4000244140625,1519.4000244140625,76719.0
2011-05-28,1536.300048828125,1538.5,1518.4000244140625,1519.4000244140625,76719.0
2011-05-29,1536.300048828125,1538.5,1518.4000244140625,1519.4000244140625,76719.0
2011-05-30,1536.300048828125,1538.5,1518.4000244140625,1519.4000244140625,76719.0
2011-05-31,1535.9000244140625,1541.0999755859375,1532.4000244140625,1536.699951171875,6152.0
2011-06-01,1542.4000244140625,1550.5999755859375,1529.699951171875,1535.699951171875,2845.0
2011-06-02,1532.0,1544.5,1520.0,1541.300048828125,1651.0
2011-06-03,1541.699951171875,1546.300048828125,1525.0,1534.699951171875,1745.0
2011-06-04,1541.699951171875,1546.300048828125,1525.0,1534.699951171875,1745.0
2011-06-05,1541.699951171875,1546.300048828125,1525.0,1534.699951171875,1745.0
2011-06-06,1546.5,1553.9000244140625,1542.0,1542.9000244140625,691.0
2011-06-07,1543.300048828125,1549.9000244140625,1537.199951171875,1545.0,2530.0
2011-06-08,1538.0999755859375,1544.199951171875,1531.300048828125,1544.199951171875,489.0
2011-06-09,1542.0999755859375,1548.800048828125,1534.4000244140625,1536.0999755859375,288.0
2011-06-10,1528.5999755859375,1543.9000244140625,1526.4000244140625,1543.699951171875,632.0
2011-06-11,1528.5999755859375,1543.9000244140625,1526.4000244140625,1543.699951171875,632.0
2011-06-12,1528.5999755859375,1543.9000244140625,1526.4000244140625,1543.699951171875,632.0
2011-06-13,1515.0,1533.0,1511.300048828125,1528.0999755859375,851.0
2011-06-14,1523.800048828125,1526.199951171875,1513.0999755859375,1517.199951171875,306.0
2011-06-15,1525.5999755859375,1533.4000244140625,1515.0,1525.0,648.0
2011-06-16,1529.300048828125,1531.199951171875,1522.0,1526.0,164.0
2011-06-17,1538.5999755859375,1541.5999755859375,1523.0,1523.0,72.0
2011-06-18,1538.5999755859375,1541.5999755859375,1523.0,1523.0,72.0
2011-06-19,1538.5999755859375,1541.5999755859375,1523.0,1523.0,72.0
2011-06-20,1541.5,1545.699951171875,1535.199951171875,1536.0,99.0
2011-06-21,1546.0,1547.5,1540.0,1540.0999755859375,125.0
2011-06-22,1552.9000244140625,1558.5,1544.4000244140625,1547.199951171875,222.0
2011-06-23,1520.0999755859375,1547.199951171875,1514.699951171875,1547.199951171875,300.0
2011-06-24,1500.5,1525.0,1498.5,1524.699951171875,257.0
2011-06-25,1500.5,1525.0,1498.5,1524.699951171875,257.0
2011-06-26,1500.5,1525.0,1498.5,1524.699951171875,257.0
2011-06-27,1496.0,1503.5,1490.699951171875,1503.5,140.0
2011-06-28,1499.699951171875,1505.0,1496.0999755859375,1499.9000244140625,508.0
2011-06-29,1509.9000244140625,1512.199951171875,1504.0999755859375,1504.0999755859375,395.0
2011-06-30,1502.300048828125,1514.0,1498.800048828125,1511.5,69.0
2011-07-01,1482.300048828125,1502.199951171875,1480.0,1502.199951171875,66.0
2011-07-02,1482.300048828125,1502.199951171875,1480.0,1502.199951171875,66.0
2011-07-03,1482.300048828125,1502.199951171875,1480.0,1502.199951171875,66.0
2011-07-04,1482.300048828125,1502.199951171875,1480.0,1502.199951171875,66.0
2011-07-05,1512.300048828125,1515.0,1490.300048828125,1490.4000244140625,199.0
2011-07-06,1528.699951171875,1531.5,1510.300048828125,1513.699951171875,71.0
2011-07-07,1530.199951171875,1533.0999755859375,1522.699951171875,1529.0999755859375,55.0
2011-07-08,1541.199951171875,1542.5999755859375,1526.5999755859375,1527.0,3.0
2011-07-09,1541.199951171875,1542.5999755859375,1526.5999755859375,1527.0,3.0
2011-07-10,1541.199951171875,1542.5999755859375,1526.5999755859375,1527.0,3.0
2011-07-11,1548.800048828125,1555.199951171875,1543.0999755859375,1550.0,14.0
2011-07-12,1561.9000244140625,1565.0,1542.0,1548.199951171875,8.0
2011-07-13,1585.199951171875,1585.5999755859375,1570.800048828125,1574.0,29.0
2011-07-14,1589.0,1592.800048828125,1583.5999755859375,1586.300048828125,19.0
2011-07-15,1589.800048828125,1592.199951171875,1582.300048828125,1582.300048828125,8.0
2011-07-16,1589.800048828125,1592.199951171875,1582.300048828125,1582.300048828125,8.0
2011-07-17,1589.800048828125,1592.199951171875,1582.300048828125,1582.300048828125,8.0
2011-07-18,1602.0999755859375,1605.0,1592.800048828125,1592.800048828125,13.0
2011-07-19,1600.9000244140625,1608.800048828125,1583.300048828125,1608.0999755859375,63.0
2011-07-20,1596.699951171875,1596.699951171875,1582.4000244140625,1584.300048828125,9.0
2011-07-21,1586.800048828125,1601.5999755859375,1586.5999755859375,1598.0,24.0
2011-07-22,1601.300048828125,1606.5,1588.5,1588.5,12.0
2011-07-23,1601.300048828125,1606.5,1588.5,1588.5,12.0
2011-07-24,1601.300048828125,1606.5,1588.5,1588.5,12.0
2011-07-25,1612.0,1619.4000244140625,1610.0,1610.0,67.0
2011-07-26,1616.5999755859375,1618.5,1609.800048828125,1609.800048828125,28.0
2011-07-27,1615.0,1619.699951171875,1617.0,1619.699951171875,232220.0
2011-07-28,1613.4000244140625,1620.5999755859375,1602.800048828125,1614.199951171875,70263.0
2011-07-29,1628.300048828125,1634.9000244140625,1610.5999755859375,1617.0999755859375,6761.0
2011-07-30,1628.300048828125,1634.9000244140625,1610.5999755859375,1617.0999755859375,6761.0
2011-07-31,1628.300048828125,1634.9000244140625,1610.5999755859375,1617.0999755859375,6761.0
2011-08-01,1619.0,1631.800048828125,1607.0,1623.0,2889.0
2011-08-02,1641.9000244140625,1660.5999755859375,1616.800048828125,1619.300048828125,2440.0
2011-08-03,1663.4000244140625,1672.300048828125,1651.5999755859375,1659.9000244140625,2024.0
2011-08-04,1656.199951171875,1681.800048828125,1640.0,1660.5,1952.0
2011-08-05,1648.800048828125,1666.0999755859375,1642.699951171875,1647.5,825.0
2011-08-06,1648.800048828125,1666.0999755859375,1642.699951171875,1647.5,825.0
2011-08-07,1648.800048828125,1666.0999755859375,1642.699951171875,1647.5,825.0
2011-08-08,1710.199951171875,1720.0,1678.0999755859375,1679.0999755859375,1885.0
2011-08-09,1740.0,1779.0,1720.0999755859375,1722.5,1861.0
2011-08-10,1781.300048828125,1795.5999755859375,1741.300048828125,1744.0,969.0
2011-08-11,1748.800048828125,1813.5,1733.300048828125,1795.0999755859375,1503.0
2011-08-12,1740.199951171875,1764.199951171875,1723.800048828125,1760.5999755859375,1166.0
2011-08-13,1740.199951171875,1764.199951171875,1723.800048828125,1760.5999755859375,1166.0
2011-08-14,1740.199951171875,1764.199951171875,1723.800048828125,1760.5999755859375,1166.0
2011-08-15,1755.5,1765.199951171875,1730.5,1734.9000244140625,976.0
2011-08-16,1782.4000244140625,1787.300048828125,1761.5999755859375,1769.0,278.0
2011-08-17,1791.199951171875,1794.300048828125,1782.0,1784.800048828125,231.0
2011-08-18,1818.9000244140625,1828.5,1785.5,1786.5,868.0
2011-08-19,1848.9000244140625,1874.4000244140625,1823.699951171875,1823.699951171875,328.0
2011-08-20,1848.9000244140625,1874.4000244140625,1823.699951171875,1823.699951171875,328.0
2011-08-21,1848.9000244140625,1874.4000244140625,1823.699951171875,1823.699951171875,328.0
2011-08-22,1888.699951171875,1895.0,1858.4000244140625,1868.5999755859373,1106.0
2011-08-23,1858.300048828125,1909.300048828125,1824.5999755859373,1909.0,458.0
2011-08-24,1754.0999755859375,1853.0999755859373,1753.0999755859375,1833.0,992.0
2011-08-25,1759.800048828125,1772.5,1707.300048828125,1748.4000244140625,864.0
2011-08-26,1794.0999755859375,1829.300048828125,1768.5,1768.5,270.0
2011-08-27,1794.0999755859375,1829.300048828125,1768.5,1768.5,270.0
2011-08-28,1794.0999755859375,1829.300048828125,1768.5,1768.5,270.0
2011-08-29,1788.4000244140625,1817.9000244140625,1786.699951171875,1817.9000244140625,828.0
2011-08-30,1826.699951171875,1839.5999755859373,1783.0999755859375,1787.199951171875,598.0
2011-08-31,1828.5,1837.9000244140625,1811.4000244140625,1830.5999755859373,336.0
2011-09-01,1826.0,1829.5,1814.4000244140625,1825.800048828125,263.0
2011-09-02,1873.699951171875,1884.199951171875,1828.5999755859373,1828.5999755859373,442.0
2011-09-03,1873.699951171875,1884.199951171875,1828.5999755859373,1828.5999755859373,442.0
2011-09-04,1873.699951171875,1884.199951171875,1828.5999755859373,1828.5999755859373,442.0
2011-09-05,1873.699951171875,1884.199951171875,1828.5999755859373,1828.5999755859373,442.0
2011-09-06,1869.9000244140625,1911.5999755859373,1864.0,1886.300048828125,536.0
2011-09-07,1814.199951171875,1873.699951171875,1792.800048828125,1868.9000244140625,470.0
2011-09-08,1854.4000244140625,1870.0,1835.0,1839.300048828125,142.0
2011-09-09,1856.4000244140625,1881.300048828125,1830.0,1858.0999755859373,188.0
2011-09-10,1856.4000244140625,1881.300048828125,1830.0,1858.0999755859373,188.0
2011-09-11,1856.4000244140625,1881.300048828125,1830.0,1858.0999755859373,188.0
2011-09-12,1809.9000244140625,1852.4000244140625,1806.0,1852.4000244140625,245.0
2011-09-13,1826.800048828125,1835.300048828125,1808.0999755859373,1817.800048828125,52.0
2011-09-14,1823.5,1843.0,1809.0,1843.0,156.0
2011-09-15,1778.5,1816.300048828125,1775.800048828125,1816.300048828125,80.0
2011-09-16,1812.0999755859373,1819.0999755859373,1768.5,1768.5,111.0
2011-09-17,1812.0999755859373,1819.0999755859373,1768.5,1768.5,111.0
2011-09-18,1812.0999755859373,1819.0999755859373,1768.5,1768.5,111.0
2011-09-19,1776.4000244140625,1818.9000244140625,1788.0,1814.699951171875,13.0
2011-09-20,1806.5999755859373,1807.800048828125,1776.0,1778.800048828125,86.0
2011-09-21,1805.5,1811.699951171875,1782.800048828125,1808.0,22.0
2011-09-22,1739.199951171875,1773.199951171875,1730.9000244140625,1773.199951171875,23.0
2011-09-23,1637.5,1737.300048828125,1636.300048828125,1737.300048828125,81.0
2011-09-24,1637.5,1737.300048828125,1636.300048828125,1737.300048828125,81.0
2011-09-25,1637.5,1737.300048828125,1636.300048828125,1737.300048828125,81.0
2011-09-26,1592.5,1661.800048828125,1562.4000244140625,1646.4000244140625,151.0
2011-09-27,1650.5999755859375,1665.4000244140625,1653.699951171875,1653.800048828125,47.0
2011-09-28,1616.300048828125,1650.0,1650.0,1650.0,21275.0
2011-09-29,1615.5,1633.800048828125,1585.0,1604.0,7181.0
2011-09-30,1620.4000244140625,1639.4000244140625,1609.4000244140625,1620.800048828125,284.0
2011-10-01,1620.4000244140625,1639.4000244140625,1609.4000244140625,1620.800048828125,284.0
2011-10-02,1620.4000244140625,1639.4000244140625,1609.4000244140625,1620.800048828125,284.0
2011-10-03,1656.0,1660.800048828125,1627.5999755859375,1627.800048828125,101.0
2011-10-04,1614.699951171875,1678.0999755859375,1596.5999755859375,1661.0,159.0
2011-10-05,1640.300048828125,1640.300048828125,1599.5999755859375,1629.300048828125,114.0
2011-10-06,1651.9000244140625,1654.699951171875,1637.5999755859375,1642.5999755859375,38.0
2011-10-07,1634.5,1665.0,1626.199951171875,1657.0,66.0
2011-10-08,1634.5,1665.0,1626.199951171875,1657.0,66.0
2011-10-09,1634.5,1665.0,1626.199951171875,1657.0,66.0
2011-10-10,1669.5999755859375,1676.800048828125,1645.5999755859375,1645.5999755859375,61.0
2011-10-11,1659.699951171875,1685.0,1657.5999755859375,1685.0,151.0
2011-10-12,1681.300048828125,1691.0,1667.0999755859375,1667.0999755859375,37.0
2011-10-13,1667.300048828125,1678.800048828125,1656.199951171875,1676.0999755859375,148.0
2011-10-14,1681.800048828125,1683.300048828125,1665.800048828125,1665.800048828125,51.0
2011-10-15,1681.800048828125,1683.300048828125,1665.800048828125,1665.800048828125,51.0
2011-10-16,1681.800048828125,1683.300048828125,1665.800048828125,1665.800048828125,51.0
2011-10-17,1675.5,1693.5,1667.300048828125,1683.5999755859375,41.0
2011-10-18,1651.699951171875,1666.0,1627.5,1666.0,85.0
2011-10-19,1646.0,1659.300048828125,1641.300048828125,1659.300048828125,22.0
2011-10-20,1611.9000244140625,1643.199951171875,1608.699951171875,1643.199951171875,92.0
2011-10-21,1635.0999755859375,1647.4000244140625,1626.0999755859375,1626.0999755859375,32.0
2011-10-22,1635.0999755859375,1647.4000244140625,1626.0999755859375,1626.0999755859375,32.0
2011-10-23,1635.0999755859375,1647.4000244140625,1626.0999755859375,1626.0999755859375,32.0
2011-10-24,1651.5,1657.800048828125,1646.199951171875,1646.199951171875,313.0
2011-10-25,1699.5999755859375,1706.800048828125,1645.0,1645.0,355.0
2011-10-26,1722.699951171875,1723.5999755859375,1708.9000244140625,1717.0,135.0
2011-10-27,1746.699951171875,1735.5,1717.800048828125,1717.800048828125,494.0
2011-10-28,1746.199951171875,1752.0,1733.0,1752.0,158.0
2011-10-29,1746.199951171875,1752.0,1733.0,1752.0,158.0
2011-10-30,1746.199951171875,1752.0,1733.0,1752.0,158.0
2011-10-31,1724.199951171875,1741.9000244140625,1717.0,1741.9000244140625,62.0
2011-11-01,1711.0,1720.0999755859375,1682.5,1706.699951171875,246.0
2011-11-02,1728.699951171875,1741.4000244140625,1723.199951171875,1724.300048828125,294.0
2011-11-03,1764.199951171875,1766.0,1726.5999755859375,1740.5,290.0
2011-11-04,1755.300048828125,1761.199951171875,1754.9000244140625,1757.0,47.0
2011-11-05,1755.300048828125,1761.199951171875,1754.9000244140625,1757.0,47.0
2011-11-06,1755.300048828125,1761.199951171875,1754.9000244140625,1757.0,47.0
2011-11-07,1790.300048828125,1797.0,1755.300048828125,1755.300048828125,35.0
2011-11-08,1798.4000244140625,1798.4000244140625,1785.699951171875,1798.4000244140625,14.0
2011-11-09,1790.9000244140625,1793.0,1774.199951171875,1793.0,6.0
2011-11-10,1758.9000244140625,1766.800048828125,1754.800048828125,1766.800048828125,16.0
2011-11-11,1787.5,1789.0999755859375,1777.0,1777.0,28.0
2011-11-12,1787.5,1789.0999755859375,1777.0,1777.0,28.0
2011-11-13,1787.5,1789.0999755859375,1777.0,1777.0,28.0
2011-11-14,1777.800048828125,1779.0,1779.0,1779.0,24.0
2011-11-15,1781.699951171875,1783.0999755859375,1761.300048828125,1779.199951171875,18.0
2011-11-16,1773.800048828125,1777.5,1757.699951171875,1777.5,65.0
2011-11-17,1719.800048828125,1755.300048828125,1714.0,1755.300048828125,54.0
2011-11-18,1724.699951171875,1736.0,1719.0,1725.0,14.0
2011-11-19,1724.699951171875,1736.0,1719.0,1725.0,14.0
2011-11-20,1724.699951171875,1736.0,1719.0,1725.0,14.0
2011-11-21,1678.300048828125,1704.5999755859375,1674.4000244140625,1704.5999755859375,9.0
2011-11-22,1702.199951171875,1702.199951171875,1675.4000244140625,1675.4000244140625,13.0
2011-11-23,1695.699951171875,1700.0,1681.5999755859375,1691.199951171875,34.0
2011-11-24,1695.699951171875,1700.0,1681.5999755859375,1691.199951171875,34.0
2011-11-25,1685.5,1693.5,1675.300048828125,1690.0999755859375,28.0
2011-11-26,1685.5,1693.5,1675.300048828125,1690.0999755859375,28.0
2011-11-27,1685.5,1693.5,1675.300048828125,1690.0999755859375,28.0
2011-11-28,1710.800048828125,1710.800048828125,1710.800048828125,1710.800048828125,175525.0
2011-11-29,1713.4000244140625,1718.4000244140625,1704.0,1711.300048828125,64786.0
2011-11-30,1745.5,1749.199951171875,1699.9000244140625,1714.0,15463.0
2011-12-01,1735.300048828125,1753.300048828125,1734.5,1747.0,1350.0
2011-12-02,1747.0,1762.9000244140625,1741.5999755859375,1744.800048828125,1067.0
2011-12-03,1747.0,1762.9000244140625,1741.5999755859375,1744.800048828125,1067.0
2011-12-04,1747.0,1762.9000244140625,1741.5999755859375,1744.800048828125,1067.0
2011-12-05,1730.699951171875,1752.5999755859375,1718.699951171875,1748.9000244140625,756.0
2011-12-06,1727.9000244140625,1731.800048828125,1703.0,1722.0999755859375,648.0
2011-12-07,1740.9000244140625,1741.9000244140625,1720.0,1730.5999755859375,300.0
2011-12-08,1709.800048828125,1752.300048828125,1705.4000244140625,1742.0,942.0
2011-12-09,1712.800048828125,1720.699951171875,1705.699951171875,1713.300048828125,568.0
2011-12-10,1712.800048828125,1720.699951171875,1705.699951171875,1713.300048828125,568.0
2011-12-11,1712.800048828125,1720.699951171875,1705.699951171875,1713.300048828125,568.0
2011-12-12,1664.199951171875,1708.199951171875,1658.5,1707.5,894.0
2011-12-13,1659.9000244140625,1671.800048828125,1628.0,1654.699951171875,274.0
2011-12-14,1584.300048828125,1639.5,1565.800048828125,1636.5,890.0
2011-12-15,1574.5999755859375,1592.800048828125,1565.5999755859375,1571.4000244140625,589.0
2011-12-16,1595.5999755859375,1595.9000244140625,1586.0,1587.4000244140625,57.0
2011-12-17,1595.5999755859375,1595.9000244140625,1586.0,1587.4000244140625,57.0
2011-12-18,1595.5999755859375,1595.9000244140625,1586.0,1587.4000244140625,57.0
2011-12-19,1594.4000244140625,1603.4000244140625,1589.699951171875,1596.4000244140625,92.0
2011-12-20,1615.5999755859375,1617.0,1596.4000244140625,1596.4000244140625,215.0
2011-12-21,1611.9000244140625,1635.0,1608.300048828125,1615.5999755859375,38.0
2011-12-22,1608.9000244140625,1610.0,1601.9000244140625,1608.800048828125,599.0
2011-12-23,1604.699951171875,1612.800048828125,1604.699951171875,1612.0,62.0
2011-12-24,1604.699951171875,1612.800048828125,1604.699951171875,1612.0,62.0
2011-12-25,1604.699951171875,1612.800048828125,1604.699951171875,1612.0,62.0
2011-12-26,1604.699951171875,1612.800048828125,1604.699951171875,1612.0,62.0
2011-12-27,1594.199951171875,1599.0,1592.5999755859375,1599.0,52.0
2011-12-28,1562.9000244140625,1588.5999755859375,1561.300048828125,1584.9000244140625,763.0
2011-12-29,1539.9000244140625,1559.300048828125,1525.0,1559.300048828125,866.0
2011-12-30,1565.800048828125,1579.5,1547.9000244140625,1549.4000244140625,289.0
2011-12-31,1565.800048828125,1579.5,1547.9000244140625,1549.4000244140625,289.0
2012-01-01,1565.800048828125,1579.5,1547.9000244140625,1549.4000244140625,289.0
2012-01-02,1565.800048828125,1579.5,1547.9000244140625,1549.4000244140625,289.0
2012-01-03,1599.699951171875,1604.300048828125,1566.0,1568.9000244140625,229.0
2012-01-04,1611.9000244140625,1618.5999755859375,1594.5,1596.5999755859375,172.0
2012-01-05,1619.4000244140625,1624.0999755859375,1597.800048828125,1610.800048828125,362.0
2012-01-06,1616.0999755859375,1627.800048828125,1616.0999755859375,1622.5,20.0
2012-01-07,1616.0999755859375,1627.800048828125,1616.0999755859375,1622.5,20.0
2012-01-08,1616.0999755859375,1627.800048828125,1616.0999755859375,1622.5,20.0
2012-01-09,1607.5,1620.0999755859375,1607.5,1614.300048828125,8.0
2012-01-10,1631.0,1638.0,1619.9000244140625,1619.9000244140625,47.0
2012-01-11,1639.199951171875,1645.4000244140625,1633.800048828125,1634.800048828125,65.0
2012-01-12,1647.300048828125,1656.0999755859375,1645.199951171875,1645.199951171875,84.0
2012-01-13,1630.4000244140625,1643.4000244140625,1630.4000244140625,1638.9000244140625,368.0
2012-01-14,1630.4000244140625,1643.4000244140625,1630.4000244140625,1638.9000244140625,368.0
2012-01-15,1630.4000244140625,1643.4000244140625,1630.4000244140625,1638.9000244140625,368.0
2012-01-16,1630.4000244140625,1643.4000244140625,1630.4000244140625,1638.9000244140625,368.0
2012-01-17,1655.199951171875,1657.800048828125,1642.0999755859375,1643.699951171875,16.0
2012-01-18,1659.5,1660.300048828125,1654.0,1654.0,11.0
2012-01-19,1654.0999755859375,1664.4000244140625,1653.5,1663.0,58.0
2012-01-20,1663.699951171875,1664.300048828125,1652.800048828125,1652.800048828125,8.0
2012-01-21,1663.699951171875,1664.300048828125,1652.800048828125,1652.800048828125,8.0
2012-01-22,1663.699951171875,1664.300048828125,1652.800048828125,1652.800048828125,8.0
2012-01-23,1678.0,1680.0,1669.9000244140625,1676.9000244140625,10.0
2012-01-24,1664.199951171875,1668.199951171875,1664.199951171875,1666.9000244140625,5.0
2012-01-25,1699.800048828125,1706.199951171875,1672.0,1673.0,239.0
2012-01-26,1726.300048828125,1729.0,1721.0,1729.0,16.0
2012-01-27,1731.800048828125,1734.0999755859375,1727.0,1727.0,175023.0
2012-01-28,1731.800048828125,1734.0999755859375,1727.0,1727.0,175023.0
2012-01-29,1731.800048828125,1734.0999755859375,1727.0,1727.0,175023.0
2012-01-30,1731.0,1739.9000244140625,1715.699951171875,1737.199951171875,53427.0
2012-01-31,1737.800048828125,1747.699951171875,1725.0,1731.699951171875,7540.0
2012-02-01,1747.0999755859375,1751.0999755859375,1734.0,1738.199951171875,2027.0
2012-02-02,1756.800048828125,1761.0999755859375,1742.9000244140625,1745.0999755859375,2062.0
2012-02-03,1737.9000244140625,1761.300048828125,1724.5,1758.699951171875,543.0
2012-02-04,1737.9000244140625,1761.300048828125,1724.5,1758.699951171875,543.0
2012-02-05,1737.9000244140625,1761.300048828125,1724.5,1758.699951171875,543.0
2012-02-06,1722.800048828125,1738.300048828125,1713.300048828125,1728.0,726.0
2012-02-07,1746.4000244140625,1748.0,1713.199951171875,1722.0,272.0
2012-02-08,1729.300048828125,1751.5,1728.199951171875,1744.0,955.0
2012-02-09,1739.0,1749.699951171875,1726.0999755859375,1731.4000244140625,119.0
2012-02-10,1723.300048828125,1734.4000244140625,1706.4000244140625,1732.699951171875,248.0
2012-02-11,1723.300048828125,1734.4000244140625,1706.4000244140625,1732.699951171875,248.0
2012-02-12,1723.300048828125,1734.4000244140625,1706.4000244140625,1732.699951171875,248.0
2012-02-13,1723.0,1733.0,1718.4000244140625,1725.0,104.0
2012-02-14,1715.9000244140625,1724.9000244140625,1715.0,1720.0,94.0
2012-02-15,1726.300048828125,1737.0,1723.5999755859375,1723.5999755859375,110.0
2012-02-16,1726.800048828125,1728.4000244140625,1707.0,1718.4000244140625,38.0
2012-02-17,1724.5,1735.0999755859375,1718.800048828125,1733.5999755859375,80.0
2012-02-18,1724.5,1735.0999755859375,1718.800048828125,1733.5999755859375,80.0
2012-02-19,1724.5,1735.0999755859375,1718.800048828125,1733.5999755859375,80.0
2012-02-20,1724.5,1735.0999755859375,1718.800048828125,1733.5999755859375,80.0
2012-02-21,1757.0999755859375,1760.0,1733.5999755859375,1736.0999755859375,115.0
2012-02-22,1770.0,1781.9000244140625,1750.0,1758.699951171875,161.0
2012-02-23,1784.9000244140625,1786.0,1773.0,1774.0,298.0
2012-02-24,1775.0999755859375,1780.699951171875,1771.300048828125,1778.5,129.0
2012-02-25,1775.0999755859375,1780.699951171875,1771.300048828125,1778.5,129.0
2012-02-26,1775.0999755859375,1780.699951171875,1771.300048828125,1778.5,129.0
2012-02-27,1773.5999755859375,1775.5999755859375,1768.0999755859375,1773.5999755859375,841.0
2012-02-28,1787.0,1789.4000244140625,1767.9000244140625,1767.9000244140625,306.0
2012-02-29,1709.9000244140625,1790.4000244140625,1669.0,1789.9000244140625,359.0
2012-03-01,1721.0999755859375,1724.5999755859375,1698.5999755859375,1698.5999755859375,214.0
2012-03-02,1708.800048828125,1723.0,1705.199951171875,1723.0,135.0
2012-03-03,1708.800048828125,1723.0,1705.199951171875,1723.0,135.0
2012-03-04,1708.800048828125,1723.0,1705.199951171875,1723.0,135.0
2012-03-05,1703.0,1709.5,1695.4000244140625,1705.5,421.0
2012-03-06,1671.4000244140625,1708.699951171875,1666.0,1708.699951171875,176.0
2012-03-07,1683.300048828125,1684.0,1673.0999755859375,1676.0,39.0
2012-03-08,1698.0999755859375,1702.4000244140625,1686.4000244140625,1686.4000244140625,301.0
2012-03-09,1710.9000244140625,1710.9000244140625,1680.699951171875,1698.800048828125,73.0
2012-03-10,1710.9000244140625,1710.9000244140625,1680.699951171875,1698.800048828125,73.0
2012-03-11,1710.9000244140625,1710.9000244140625,1680.699951171875,1698.800048828125,73.0
2012-03-12,1699.199951171875,1708.0999755859375,1694.9000244140625,1708.0999755859375,98.0
2012-03-13,1693.699951171875,1698.4000244140625,1685.0999755859375,1698.4000244140625,47.0
2012-03-14,1642.5,1681.0,1637.4000244140625,1676.9000244140625,201.0
2012-03-15,1659.0999755859375,1660.199951171875,1640.0,1646.300048828125,405.0
2012-03-16,1655.5,1661.4000244140625,1641.300048828125,1660.0,317.0
2012-03-17,1655.5,1661.4000244140625,1641.300048828125,1660.0,317.0
2012-03-18,1655.5,1661.4000244140625,1641.300048828125,1660.0,317.0
2012-03-19,1666.9000244140625,1668.0,1652.0999755859375,1661.199951171875,462.0
2012-03-20,1646.699951171875,1652.300048828125,1642.0,1648.0999755859375,250.0
2012-03-21,1650.0,1660.0,1646.0999755859375,1657.800048828125,546.0
2012-03-22,1642.300048828125,1649.4000244140625,1633.800048828125,1648.0,321.0
2012-03-23,1662.300048828125,1665.0999755859375,1646.300048828125,1652.5,76.0
2012-03-24,1662.300048828125,1665.0999755859375,1646.300048828125,1652.5,76.0
2012-03-25,1662.300048828125,1665.0999755859375,1646.300048828125,1652.5,76.0
2012-03-26,1685.5,1692.9000244140625,1657.800048828125,1665.0,84.0
2012-03-27,1684.800048828125,1690.800048828125,1684.4000244140625,1687.800048828125,100.0
2012-03-28,1657.9000244140625,1670.0999755859375,1657.9000244140625,1670.0999755859375,193107.0
2012-03-29,1652.199951171875,1664.5,1644.300048828125,1661.800048828125,47342.0
2012-03-30,1669.300048828125,1670.0,1659.0,1660.5999755859375,9825.0
2012-03-31,1669.300048828125,1670.0,1659.0,1660.5999755859375,9825.0
2012-04-01,1669.300048828125,1670.0,1659.0,1660.5999755859375,9825.0
2012-04-02,1677.5,1682.800048828125,1662.0,1670.4000244140625,2531.0
2012-04-03,1670.0,1679.5,1638.699951171875,1677.5999755859375,1165.0
2012-04-04,1612.300048828125,1647.0,1612.300048828125,1646.5,1122.0
2012-04-05,1628.5,1633.199951171875,1620.4000244140625,1620.800048828125,289.0
2012-04-06,1628.5,1633.199951171875,1620.4000244140625,1620.800048828125,289.0
2012-04-07,1628.5,1633.199951171875,1620.4000244140625,1620.800048828125,289.0
2012-04-08,1628.5,1633.199951171875,1620.4000244140625,1620.800048828125,289.0
2012-04-09,1642.5,1646.4000244140625,1636.5,1645.300048828125,158.0
2012-04-10,1659.5,1661.699951171875,1636.199951171875,1649.0,350.0
2012-04-11,1659.0,1659.699951171875,1654.699951171875,1654.800048828125,426.0
2012-04-12,1679.5,1680.0999755859375,1650.0,1660.0,1309.0
2012-04-13,1659.0999755859375,1674.800048828125,1650.0,1673.300048828125,220.0
2012-04-14,1659.0999755859375,1674.800048828125,1650.0,1673.300048828125,220.0
2012-04-15,1659.0999755859375,1674.800048828125,1650.0,1673.300048828125,220.0
2012-04-16,1648.699951171875,1656.800048828125,1641.199951171875,1650.800048828125,717.0
2012-04-17,1650.300048828125,1652.9000244140625,1637.0,1652.0,69.0
2012-04-18,1638.800048828125,1653.300048828125,1638.0999755859375,1653.199951171875,273.0
2012-04-19,1640.5999755859375,1653.0999755859375,1632.0,1642.0999755859375,77.0
2012-04-20,1642.0999755859375,1645.5999755859375,1640.9000244140625,1641.699951171875,54.0
2012-04-21,1642.0999755859375,1645.5999755859375,1640.9000244140625,1641.699951171875,54.0
2012-04-22,1642.0999755859375,1645.5999755859375,1640.9000244140625,1641.699951171875,54.0
2012-04-23,1631.9000244140625,1642.4000244140625,1625.0999755859375,1642.4000244140625,226.0
2012-04-24,1643.0,1648.5999755859375,1634.4000244140625,1634.4000244140625,123.0
2012-04-25,1641.4000244140625,1643.800048828125,1626.9000244140625,1641.300048828125,82.0
2012-04-26,1659.5999755859375,1659.5999755859375,1658.300048828125,1658.300048828125,280.0
2012-04-27,1664.0,1666.9000244140625,1654.0,1654.5,236.0
2012-04-28,1664.0,1666.9000244140625,1654.0,1654.5,236.0
2012-04-29,1664.0,1666.9000244140625,1654.0,1654.5,236.0
2012-04-30,1663.4000244140625,1665.699951171875,1653.0,1663.0,36.0
2012-05-01,1661.699951171875,1670.5,1661.699951171875,1665.0,25.0
2012-05-02,1653.4000244140625,1659.199951171875,1648.300048828125,1659.199951171875,50.0
2012-05-03,1634.199951171875,1652.199951171875,1631.300048828125,1651.199951171875,78.0
2012-05-04,1644.699951171875,1645.5999755859375,1629.4000244140625,1635.699951171875,68.0
2012-05-05,1644.699951171875,1645.5999755859375,1629.4000244140625,1635.699951171875,68.0
2012-05-06,1644.699951171875,1645.5999755859375,1629.4000244140625,1635.699951171875,68.0
2012-05-07,1638.5999755859375,1640.0,1632.5999755859375,1637.9000244140625,21.0
2012-05-08,1604.0,1636.699951171875,1596.0,1636.699951171875,154.0
2012-05-09,1593.699951171875,1595.300048828125,1586.300048828125,1595.300048828125,30.0
2012-05-10,1595.0999755859375,1595.0999755859375,1592.4000244140625,1594.199951171875,6.0
2012-05-11,1583.5999755859375,1589.5999755859375,1583.5999755859375,1586.0999755859375,6.0
2012-05-12,1583.5999755859375,1589.5999755859375,1583.5999755859375,1586.0999755859375,6.0
2012-05-13,1583.5999755859375,1589.5999755859375,1583.5999755859375,1586.0999755859375,6.0
2012-05-14,1560.5999755859375,1563.0999755859375,1555.5,1563.0,5.0
2012-05-15,1556.800048828125,1558.300048828125,1542.4000244140625,1555.4000244140625,28.0
2012-05-16,1536.199951171875,1541.4000244140625,1528.5,1541.4000244140625,26.0
2012-05-17,1574.5,1579.0,1546.9000244140625,1546.9000244140625,51.0
2012-05-18,1591.5999755859375,1591.5999755859375,1568.199951171875,1573.699951171875,26.0
2012-05-19,1591.5999755859375,1591.5999755859375,1568.199951171875,1573.699951171875,26.0
2012-05-20,1591.5999755859375,1591.5999755859375,1568.199951171875,1573.699951171875,26.0
2012-05-21,1588.4000244140625,1594.0999755859375,1588.4000244140625,1591.9000244140625,32.0
2012-05-22,1576.300048828125,1578.0999755859375,1568.4000244140625,1575.699951171875,27.0
2012-05-23,1548.0999755859375,1548.0999755859375,1534.4000244140625,1538.199951171875,6.0
2012-05-24,1557.300048828125,1569.4000244140625,1551.5,1559.0,23.0
2012-05-25,1568.800048828125,1568.800048828125,1557.300048828125,1558.199951171875,7.0
2012-05-26,1568.800048828125,1568.800048828125,1557.300048828125,1558.199951171875,7.0
2012-05-27,1568.800048828125,1568.800048828125,1557.300048828125,1558.199951171875,7.0
2012-05-28,1568.800048828125,1568.800048828125,1557.300048828125,1558.199951171875,7.0
2012-05-29,1548.5999755859375,1582.5,1548.5999755859375,1574.699951171875,259050.0
2012-05-30,1563.4000244140625,1569.0,1530.4000244140625,1553.9000244140625,79887.0
2012-05-31,1562.5999755859375,1572.5999755859375,1551.800048828125,1562.699951171875,5901.0
2012-06-01,1620.5,1630.0,1545.5,1560.0,2820.0
2012-06-02,1620.5,1630.0,1545.5,1560.0,2820.0
2012-06-03,1620.5,1630.0,1545.5,1560.0,2820.0
2012-06-04,1612.199951171875,1627.9000244140625,1609.0,1623.0,2134.0
2012-06-05,1615.199951171875,1622.699951171875,1612.9000244140625,1619.300048828125,604.0
2012-06-06,1632.800048828125,1639.699951171875,1616.5,1619.699951171875,419.0
2012-06-07,1586.5999755859375,1627.199951171875,1581.9000244140625,1622.5999755859375,1200.0
2012-06-08,1590.0999755859375,1593.9000244140625,1566.5,1589.9000244140625,157.0
2012-06-09,1590.0999755859375,1593.9000244140625,1566.5,1589.9000244140625,157.0
2012-06-10,1590.0999755859375,1593.9000244140625,1566.5,1589.9000244140625,157.0
2012-06-11,1595.5,1608.0,1583.0,1608.0,129.0
2012-06-12,1612.699951171875,1612.800048828125,1588.5,1594.0999755859375,523.0
2012-06-13,1618.0999755859375,1622.4000244140625,1608.199951171875,1608.199951171875,655.0
2012-06-14,1618.4000244140625,1626.4000244140625,1610.0999755859375,1621.199951171875,493.0
2012-06-15,1627.0,1630.0,1621.5,1624.300048828125,1015.0
2012-06-16,1627.0,1630.0,1621.5,1624.300048828125,1015.0
2012-06-17,1627.0,1630.0,1621.5,1624.300048828125,1015.0
2012-06-18,1625.699951171875,1627.5999755859375,1615.0,1622.5999755859375,246.0
2012-06-19,1622.199951171875,1630.699951171875,1622.0,1629.800048828125,32.0
2012-06-20,1614.800048828125,1618.300048828125,1601.300048828125,1618.300048828125,140.0
2012-06-21,1564.5,1603.300048828125,1564.5,1603.199951171875,29.0
2012-06-22,1566.0,1568.4000244140625,1560.0,1565.5,16.0
2012-06-23,1566.0,1568.4000244140625,1560.0,1565.5,16.0
2012-06-24,1566.0,1568.4000244140625,1560.0,1565.5,16.0
2012-06-25,1587.5,1587.5,1571.0,1574.9000244140625,32.0
2012-06-26,1574.0,1583.5,1567.699951171875,1583.5,104.0
2012-06-27,1577.5,1577.5,1563.0,1567.0,220.0
2012-06-28,1549.699951171875,1573.699951171875,1548.4000244140625,1573.699951171875,133.0
2012-06-29,1603.5,1603.5,1561.9000244140625,1562.5999755859375,61.0
2012-06-30,1603.5,1603.5,1561.9000244140625,1562.5999755859375,61.0
2012-07-01,1603.5,1603.5,1561.9000244140625,1562.5999755859375,61.0
2012-07-02,1597.199951171875,1598.300048828125,1589.699951171875,1597.0999755859375,35.0
2012-07-03,1621.300048828125,1624.0,1603.800048828125,1603.800048828125,44.0
2012-07-04,1621.300048828125,1624.0,1603.800048828125,1603.800048828125,44.0
2012-07-05,1608.9000244140625,1619.199951171875,1598.0,1618.5,27.0
2012-07-06,1578.4000244140625,1593.800048828125,1578.4000244140625,1592.300048828125,15.0
2012-07-07,1578.4000244140625,1593.800048828125,1578.4000244140625,1592.300048828125,15.0
2012-07-08,1578.4000244140625,1593.800048828125,1578.4000244140625,1592.300048828125,15.0
2012-07-09,1588.5999755859375,1588.5999755859375,1580.9000244140625,1582.0999755859375,5.0
2012-07-10,1579.300048828125,1599.800048828125,1567.5999755859375,1599.199951171875,12.0
2012-07-11,1575.199951171875,1579.5,1575.199951171875,1577.4000244140625,12.0
2012-07-12,1564.9000244140625,1574.699951171875,1557.199951171875,1569.300048828125,44.0
2012-07-13,1591.5999755859375,1594.0999755859375,1567.800048828125,1567.800048828125,26.0
2012-07-14,1591.5999755859375,1594.0999755859375,1567.800048828125,1567.800048828125,26.0
2012-07-15,1591.5999755859375,1594.0999755859375,1567.800048828125,1567.800048828125,26.0
2012-07-16,1591.199951171875,1591.199951171875,1585.800048828125,1586.199951171875,7.0
2012-07-17,1589.0999755859375,1596.0,1576.300048828125,1596.0,27.0
2012-07-18,1570.4000244140625,1583.699951171875,1569.9000244140625,1581.199951171875,30.0
2012-07-19,1580.0999755859375,1586.9000244140625,1578.4000244140625,1580.0,60.0
2012-07-20,1582.5,1584.4000244140625,1576.0999755859375,1583.9000244140625,5.0
2012-07-21,1582.5,1584.4000244140625,1576.0999755859375,1583.9000244140625,5.0
2012-07-22,1582.5,1584.4000244140625,1576.0999755859375,1583.9000244140625,5.0
2012-07-23,1577.0999755859375,1577.0999755859375,1569.800048828125,1571.699951171875,4.0
2012-07-24,1576.0,1581.9000244140625,1574.0,1574.0,9.0
2012-07-25,1608.0,1608.0,1583.300048828125,1583.699951171875,12.0
2012-07-26,1615.0,1615.0,1614.0999755859375,1614.9000244140625,7.0
2012-07-27,1617.9000244140625,1617.9000244140625,1613.4000244140625,1613.4000244140625,197976.0
2012-07-28,1617.9000244140625,1617.9000244140625,1613.4000244140625,1613.4000244140625,197976.0
2012-07-29,1617.9000244140625,1617.9000244140625,1613.4000244140625,1613.4000244140625,197976.0
2012-07-30,1619.699951171875,1625.800048828125,1613.0999755859375,1622.9000244140625,52890.0
2012-07-31,1610.5,1627.5,1610.0,1621.0999755859375,6281.0
2012-08-01,1603.699951171875,1617.199951171875,1592.0,1613.4000244140625,3530.0
2012-08-02,1587.4000244140625,1615.0,1583.0999755859375,1600.0,933.0
2012-08-03,1606.0,1606.0,1585.0999755859375,1589.300048828125,676.0
2012-08-04,1606.0,1606.0,1585.0999755859375,1589.300048828125,676.0
2012-08-05,1606.0,1606.0,1585.0999755859375,1589.300048828125,676.0
2012-08-06,1612.9000244140625,1614.0999755859375,1603.199951171875,1604.699951171875,662.0
2012-08-07,1609.699951171875,1615.699951171875,1609.300048828125,1610.800048828125,449.0
2012-08-08,1612.9000244140625,1614.800048828125,1603.0,1610.199951171875,341.0
2012-08-09,1617.0999755859375,1617.199951171875,1610.0999755859375,1612.800048828125,433.0
2012-08-10,1619.699951171875,1624.0999755859375,1605.0,1615.800048828125,1219.0
2012-08-11,1619.699951171875,1624.0999755859375,1605.0,1615.800048828125,1219.0
2012-08-12,1619.699951171875,1624.0999755859375,1605.0,1615.800048828125,1219.0
2012-08-13,1609.5999755859375,1623.699951171875,1607.300048828125,1622.0,402.0
2012-08-14,1599.4000244140625,1615.5999755859375,1591.199951171875,1612.800048828125,910.0
2012-08-15,1603.699951171875,1604.5999755859375,1592.0,1593.800048828125,280.0
2012-08-16,1616.0999755859375,1616.0999755859375,1600.199951171875,1600.199951171875,199.0
2012-08-17,1616.300048828125,1617.800048828125,1611.4000244140625,1617.800048828125,249.0
2012-08-18,1616.300048828125,1617.800048828125,1611.4000244140625,1617.800048828125,249.0
2012-08-19,1616.300048828125,1617.800048828125,1611.4000244140625,1617.800048828125,249.0
2012-08-20,1620.0999755859375,1621.4000244140625,1611.5999755859375,1614.0,68.0
2012-08-21,1639.9000244140625,1639.9000244140625,1620.0,1620.0,258.0
2012-08-22,1637.4000244140625,1653.0999755859375,1635.0,1638.4000244140625,37.0
2012-08-23,1669.5999755859375,1672.699951171875,1658.0,1659.9000244140625,141.0
2012-08-24,1669.800048828125,1669.800048828125,1662.199951171875,1665.800048828125,24.0
2012-08-25,1669.800048828125,1669.800048828125,1662.199951171875,1665.800048828125,24.0
2012-08-26,1669.800048828125,1669.800048828125,1662.199951171875,1665.800048828125,24.0
2012-08-27,1672.4000244140625,1674.9000244140625,1663.9000244140625,1674.9000244140625,42.0
2012-08-28,1666.5,1671.0,1659.199951171875,1659.9000244140625,51.0
2012-08-29,1659.800048828125,1667.300048828125,1659.800048828125,1667.199951171875,403.0
2012-08-30,1653.5,1662.0,1650.699951171875,1655.4000244140625,418.0
2012-08-31,1684.5999755859375,1690.0,1646.199951171875,1658.5999755859375,58.0
2012-09-01,1684.5999755859375,1690.0,1646.199951171875,1658.5999755859375,58.0
2012-09-02,1684.5999755859375,1690.0,1646.199951171875,1658.5999755859375,58.0
2012-09-03,1684.5999755859375,1690.0,1646.199951171875,1658.5999755859375,58.0
2012-09-04,1692.9000244140625,1698.0,1687.699951171875,1689.0999755859375,43.0
2012-09-05,1690.800048828125,1693.300048828125,1690.4000244140625,1690.4000244140625,82.0
2012-09-06,1702.5999755859375,1712.4000244140625,1696.4000244140625,1696.4000244140625,39.0
2012-09-07,1737.5,1738.199951171875,1696.699951171875,1696.699951171875,109.0
2012-09-08,1737.5,1738.199951171875,1696.699951171875,1696.699951171875,109.0
2012-09-09,1737.5,1738.199951171875,1696.699951171875,1696.699951171875,109.0
2012-09-10,1728.699951171875,1733.5,1727.199951171875,1733.0999755859375,14.0
2012-09-11,1731.800048828125,1736.0,1731.800048828125,1736.0,2.0
2012-09-12,1730.5999755859375,1742.300048828125,1730.5,1742.199951171875,15.0
2012-09-13,1769.0999755859375,1769.0999755859375,1728.699951171875,1728.699951171875,33.0
2012-09-14,1769.800048828125,1774.5,1766.0,1771.0,25.0
2012-09-15,1769.800048828125,1774.5,1766.0,1771.0,25.0
2012-09-16,1769.800048828125,1774.5,1766.0,1771.0,25.0
2012-09-17,1767.699951171875,1774.800048828125,1753.800048828125,1774.800048828125,54.0
2012-09-18,1768.4000244140625,1768.4000244140625,1766.300048828125,1766.300048828125,13.0
2012-09-19,1769.0,1778.5,1768.0,1776.0,27.0
2012-09-20,1767.699951171875,1771.300048828125,1760.5999755859375,1769.0999755859375,17.0
2012-09-21,1775.5,1785.300048828125,1772.300048828125,1785.300048828125,10.0
2012-09-22,1775.5,1785.300048828125,1772.300048828125,1785.300048828125,10.0
2012-09-23,1775.5,1785.300048828125,1772.300048828125,1785.300048828125,10.0
2012-09-24,1762.0999755859375,1762.0999755859375,1762.0999755859375,1762.0999755859375,4.0
2012-09-25,1763.800048828125,1772.699951171875,1763.800048828125,1772.5999755859375,5.0
2012-09-26,1750.5999755859375,1764.199951171875,1743.0,1762.800048828125,15237.0
2012-09-27,1777.5999755859375,1780.199951171875,1750.699951171875,1752.5999755859375,6989.0
2012-09-28,1771.0999755859375,1782.199951171875,1767.5,1776.800048828125,2839.0
2012-09-29,1771.0999755859375,1782.199951171875,1767.5,1776.800048828125,2839.0
2012-09-30,1771.0999755859375,1782.199951171875,1767.5,1776.800048828125,2839.0
2012-10-01,1780.5,1791.0,1763.300048828125,1766.0,816.0
2012-10-02,1772.699951171875,1779.300048828125,1772.699951171875,1777.9000244140625,94.0
2012-10-03,1777.300048828125,1779.9000244140625,1771.9000244140625,1772.199951171875,134.0
2012-10-04,1794.0999755859375,1794.800048828125,1783.5,1783.5,199.0
2012-10-05,1778.5999755859375,1792.199951171875,1776.5999755859375,1792.199951171875,257.0
2012-10-06,1778.5999755859375,1792.199951171875,1776.5999755859375,1792.199951171875,257.0
2012-10-07,1778.5999755859375,1792.199951171875,1776.5999755859375,1792.199951171875,257.0
2012-10-08,1773.5,1778.0,1766.800048828125,1778.0,33.0
2012-10-09,1763.0,1776.699951171875,1762.300048828125,1776.699951171875,24.0
2012-10-10,1763.199951171875,1764.199951171875,1758.0999755859375,1762.4000244140625,29.0
2012-10-11,1768.800048828125,1771.0,1761.5999755859375,1761.5999755859375,30.0
2012-10-12,1758.0,1769.5,1753.5999755859375,1769.5,84.0
2012-10-13,1758.0,1769.5,1753.5999755859375,1769.5,84.0
2012-10-14,1758.0,1769.5,1753.5999755859375,1769.5,84.0
2012-10-15,1736.0,1750.0,1729.9000244140625,1750.0,108.0
2012-10-16,1744.699951171875,1744.699951171875,1736.5999755859375,1736.699951171875,15.0
2012-10-17,1751.5,1751.5,1746.0,1749.4000244140625,36.0
2012-10-18,1743.300048828125,1749.0999755859375,1740.5,1749.0999755859375,27.0
2012-10-19,1722.800048828125,1741.0999755859375,1721.0,1741.0999755859375,70.0
2012-10-20,1722.800048828125,1741.0999755859375,1721.0,1741.0999755859375,70.0
2012-10-21,1722.800048828125,1741.0999755859375,1721.0,1741.0999755859375,70.0
2012-10-22,1725.0999755859375,1728.300048828125,1715.0,1715.0,12.0
2012-10-23,1708.300048828125,1726.5999755859375,1708.300048828125,1726.5999755859375,75.0
2012-10-24,1700.5,1708.5,1698.5999755859375,1708.4000244140625,27.0
2012-10-25,1712.0,1716.699951171875,1711.699951171875,1711.699951171875,33.0
2012-10-26,1710.9000244140625,1716.199951171875,1706.0999755859375,1706.0999755859375,77.0
2012-10-27,1710.9000244140625,1716.199951171875,1706.0999755859375,1706.0999755859375,77.0
2012-10-28,1710.9000244140625,1716.199951171875,1706.0999755859375,1706.0999755859375,77.0
2012-10-29,1710.9000244140625,1716.199951171875,1706.0999755859375,1706.0999755859375,77.0
2012-10-30,1710.9000244140625,1716.199951171875,1706.0999755859375,1706.0999755859375,77.0
2012-10-31,1717.5,1724.5,1714.4000244140625,1714.4000244140625,64.0
2012-11-01,1714.0999755859375,1725.0999755859375,1714.0999755859375,1722.300048828125,24.0
2012-11-02,1674.0999755859375,1711.300048828125,1674.0999755859375,1711.300048828125,50.0
2012-11-03,1674.0999755859375,1711.300048828125,1674.0999755859375,1711.300048828125,50.0
2012-11-04,1674.0999755859375,1711.300048828125,1674.0999755859375,1711.300048828125,50.0
2012-11-05,1682.199951171875,1683.0999755859375,1674.300048828125,1682.800048828125,7.0
2012-11-06,1714.0999755859375,1718.0,1690.0999755859375,1690.0999755859375,47.0
2012-11-07,1713.199951171875,1726.5,1703.699951171875,1707.699951171875,42.0
2012-11-08,1725.4000244140625,1725.4000244140625,1714.199951171875,1715.9000244140625,34.0
2012-11-09,1730.300048828125,1734.0999755859375,1727.5999755859375,1733.699951171875,6.0
2012-11-10,1730.300048828125,1734.0999755859375,1727.5999755859375,1733.699951171875,6.0
2012-11-11,1730.300048828125,1734.0999755859375,1727.5999755859375,1733.699951171875,6.0
2012-11-12,1730.300048828125,1733.4000244140625,1730.300048828125,1733.199951171875,6.0
2012-11-13,1724.199951171875,1728.199951171875,1718.5,1721.5999755859375,12.0
2012-11-14,1729.5,1729.5,1722.0,1722.0,11.0
2012-11-15,1713.300048828125,1724.9000244140625,1706.300048828125,1724.9000244140625,10.0
2012-11-16,1714.300048828125,1714.300048828125,1706.9000244140625,1710.0,16.0
2012-11-17,1714.300048828125,1714.300048828125,1706.9000244140625,1710.0,16.0
2012-11-18,1714.300048828125,1714.300048828125,1706.9000244140625,1710.0,16.0
2012-11-19,1734.0,1734.0,1721.800048828125,1721.800048828125,4.0
2012-11-20,1723.199951171875,1731.0999755859375,1722.5,1730.5999755859375,21.0
2012-11-21,1727.9000244140625,1727.9000244140625,1725.800048828125,1725.800048828125,23.0
2012-11-22,1727.9000244140625,1727.9000244140625,1725.800048828125,1725.800048828125,23.0
2012-11-23,1751.300048828125,1751.300048828125,1735.0,1735.0,8.0
2012-11-24,1751.300048828125,1751.300048828125,1735.0,1735.0,8.0
2012-11-25,1751.300048828125,1751.300048828125,1735.0,1735.0,8.0
2012-11-26,1749.5,1750.5,1749.4000244140625,1750.300048828125,24.0
2012-11-27,1742.199951171875,1746.4000244140625,1742.199951171875,1746.4000244140625,7.0
2012-11-28,1716.5,1739.800048828125,1716.5,1739.800048828125,276136.0
2012-11-29,1727.199951171875,1729.0,1717.699951171875,1719.5999755859375,65599.0
2012-11-30,1710.9000244140625,1731.199951171875,1708.4000244140625,1725.199951171875,3690.0
2012-12-01,1710.9000244140625,1731.199951171875,1708.4000244140625,1725.199951171875,3690.0
2012-12-02,1710.9000244140625,1731.199951171875,1708.4000244140625,1725.199951171875,3690.0
2012-12-03,1719.5999755859375,1721.9000244140625,1714.5,1714.9000244140625,1238.0
2012-12-04,1694.4000244140625,1716.800048828125,1691.5999755859375,1716.300048828125,1428.0
2012-12-05,1692.4000244140625,1706.0,1685.0,1697.0999755859375,1262.0
2012-12-06,1700.300048828125,1702.0999755859375,1686.4000244140625,1694.300048828125,525.0
2012-12-07,1704.0,1704.5,1684.0,1701.199951171875,169.0
2012-12-08,1704.0,1704.5,1684.0,1701.199951171875,169.0
2012-12-09,1704.0,1704.5,1684.0,1701.199951171875,169.0
2012-12-10,1713.0,1717.0,1704.199951171875,1704.199951171875,88.0
2012-12-11,1708.199951171875,1714.0999755859375,1705.9000244140625,1710.0,88.0
2012-12-12,1716.5999755859375,1722.300048828125,1708.0,1710.0999755859375,195.0
2012-12-13,1695.5999755859375,1707.199951171875,1689.9000244140625,1707.199951171875,240.0
2012-12-14,1695.800048828125,1699.199951171875,1694.4000244140625,1698.300048828125,72.0
2012-12-15,1695.800048828125,1699.199951171875,1694.4000244140625,1698.300048828125,72.0
2012-12-16,1695.800048828125,1699.199951171875,1694.4000244140625,1698.300048828125,72.0
2012-12-17,1697.0,1698.5,1689.5,1690.5,65.0
2012-12-18,1669.5,1702.800048828125,1661.0,1701.4000244140625,501.0
2012-12-19,1666.5,1676.0,1664.5999755859375,1675.300048828125,76.0
2012-12-20,1644.9000244140625,1671.0,1637.5999755859375,1667.9000244140625,158.0
2012-12-21,1659.0999755859375,1659.0999755859375,1635.800048828125,1648.0,78.0
2012-12-22,1659.0999755859375,1659.0999755859375,1635.800048828125,1648.0,78.0
2012-12-23,1659.0999755859375,1659.0999755859375,1635.800048828125,1648.0,78.0
2012-12-24,1658.5999755859375,1663.800048828125,1654.9000244140625,1657.699951171875,73.0
2012-12-25,1658.5999755859375,1663.800048828125,1654.9000244140625,1657.699951171875,73.0
2012-12-26,1659.800048828125,1666.699951171875,1654.5,1654.5,73.0
2012-12-27,1662.5999755859375,1662.5999755859375,1656.199951171875,1656.199951171875,446.0
2012-12-28,1654.9000244140625,1664.0,1653.699951171875,1664.0,197.0
2012-12-29,1654.9000244140625,1664.0,1653.699951171875,1664.0,197.0
2012-12-30,1654.9000244140625,1664.0,1653.699951171875,1664.0,197.0
2012-12-31,1674.800048828125,1677.0999755859375,1655.4000244140625,1655.4000244140625,89.0
2013-01-01,1674.800048828125,1677.0999755859375,1655.4000244140625,1655.4000244140625,89.0
2013-01-02,1687.9000244140625,1693.800048828125,1670.0,1672.800048828125,35.0
2013-01-03,1673.699951171875,1686.800048828125,1662.0,1686.0999755859375,140.0
2013-01-04,1648.0999755859375,1658.300048828125,1625.699951171875,1647.0,199.0
2013-01-05,1648.0999755859375,1658.300048828125,1625.699951171875,1647.0,199.0
2013-01-06,1648.0999755859375,1658.300048828125,1625.699951171875,1647.0,199.0
2013-01-07,1645.5,1659.9000244140625,1643.800048828125,1656.5,49.0
2013-01-08,1661.5,1661.5,1647.699951171875,1647.699951171875,17.0
2013-01-09,1654.800048828125,1662.0999755859375,1651.9000244140625,1658.5999755859375,9.0
2013-01-10,1677.300048828125,1677.300048828125,1672.5,1672.5,9.0
2013-01-11,1660.0,1673.0999755859375,1654.199951171875,1673.0999755859375,147.0
2013-01-12,1660.0,1673.0999755859375,1654.199951171875,1673.0999755859375,147.0
2013-01-13,1660.0,1673.0999755859375,1654.199951171875,1673.0999755859375,147.0
2013-01-14,1668.9000244140625,1673.800048828125,1664.0999755859375,1665.4000244140625,10.0
2013-01-15,1683.4000244140625,1684.300048828125,1671.5999755859375,1671.5999755859375,20.0
2013-01-16,1682.699951171875,1682.699951171875,1674.4000244140625,1674.4000244140625,11.0
2013-01-17,1690.4000244140625,1694.5999755859375,1671.0,1676.4000244140625,81.0
2013-01-18,1686.5999755859375,1692.0,1686.5999755859375,1687.4000244140625,14.0
2013-01-19,1686.5999755859375,1692.0,1686.5999755859375,1687.4000244140625,14.0
2013-01-20,1686.5999755859375,1692.0,1686.5999755859375,1687.4000244140625,14.0
2013-01-21,1686.5999755859375,1692.0,1686.5999755859375,1687.4000244140625,14.0
2013-01-22,1692.800048828125,1694.699951171875,1687.800048828125,1690.300048828125,15.0
2013-01-23,1686.300048828125,1693.699951171875,1685.199951171875,1691.300048828125,28.0
2013-01-24,1669.5,1681.699951171875,1668.0,1680.800048828125,13.0
2013-01-25,1656.4000244140625,1663.0,1656.4000244140625,1663.0,44.0
2013-01-26,1656.4000244140625,1663.0,1656.4000244140625,1663.0,44.0
2013-01-27,1656.4000244140625,1663.0,1656.4000244140625,1663.0,44.0
2013-01-28,1652.4000244140625,1655.5,1651.5999755859375,1651.5999755859375,82.0
2013-01-29,1660.699951171875,1661.5,1660.699951171875,1661.199951171875,145863.0
2013-01-30,1679.9000244140625,1683.0,1661.800048828125,1662.4000244140625,44893.0
2013-01-31,1660.5999755859375,1680.0,1657.4000244140625,1675.4000244140625,6044.0
2013-02-01,1669.4000244140625,1681.199951171875,1659.9000244140625,1663.9000244140625,3250.0
2013-02-02,1669.4000244140625,1681.199951171875,1659.9000244140625,1663.9000244140625,3250.0
2013-02-03,1669.4000244140625,1681.199951171875,1659.9000244140625,1663.9000244140625,3250.0
2013-02-04,1675.300048828125,1676.5,1661.5999755859375,1668.0,450.0
2013-02-05,1672.4000244140625,1683.4000244140625,1666.5,1674.199951171875,353.0
2013-02-06,1677.699951171875,1678.5,1668.0,1672.199951171875,376.0
2013-02-07,1670.4000244140625,1682.0999755859375,1663.0999755859375,1677.0,475.0
2013-02-08,1666.0,1672.5,1664.800048828125,1671.5,289.0
2013-02-09,1666.0,1672.5,1664.800048828125,1671.5,289.0
2013-02-10,1666.0,1672.5,1664.800048828125,1671.5,289.0
2013-02-11,1648.199951171875,1668.0,1643.699951171875,1666.5,868.0
2013-02-12,1648.699951171875,1650.4000244140625,1642.4000244140625,1643.800048828125,85.0
2013-02-13,1644.199951171875,1652.300048828125,1640.199951171875,1652.199951171875,236.0
2013-02-14,1634.699951171875,1646.9000244140625,1632.699951171875,1641.0999755859375,219.0
2013-02-15,1608.800048828125,1633.9000244140625,1599.5,1633.199951171875,460.0
2013-02-16,1608.800048828125,1633.9000244140625,1599.5,1633.199951171875,460.0
2013-02-17,1608.800048828125,1633.9000244140625,1599.5,1633.199951171875,460.0
2013-02-18,1608.800048828125,1633.9000244140625,1599.5,1633.199951171875,460.0
2013-02-19,1603.5999755859375,1617.0,1599.699951171875,1610.0,272.0
2013-02-20,1577.5999755859375,1606.9000244140625,1561.800048828125,1604.699951171875,278.0
2013-02-21,1578.199951171875,1581.199951171875,1555.199951171875,1568.5,2019.0
2013-02-22,1572.4000244140625,1585.4000244140625,1572.4000244140625,1580.0,76.0
2013-02-23,1572.4000244140625,1585.4000244140625,1572.4000244140625,1580.0,76.0
2013-02-24,1572.4000244140625,1585.4000244140625,1572.4000244140625,1580.0,76.0
2013-02-25,1586.199951171875,1596.0,1577.699951171875,1579.4000244140625,118.0
2013-02-26,1615.199951171875,1615.199951171875,1589.0,1593.300048828125,1158.0
2013-02-27,1595.199951171875,1612.800048828125,1591.800048828125,1612.800048828125,700.0
2013-02-28,1577.699951171875,1601.5999755859375,1575.0999755859375,1596.0,102.0
2013-03-01,1571.9000244140625,1585.5999755859375,1566.0,1579.5999755859375,68.0
2013-03-02,1571.9000244140625,1585.5999755859375,1566.0,1579.5999755859375,68.0
2013-03-03,1571.9000244140625,1585.5999755859375,1566.0,1579.5999755859375,68.0
2013-03-04,1572.0999755859375,1580.800048828125,1569.699951171875,1580.800048828125,64.0
2013-03-05,1574.5999755859375,1585.5,1571.4000244140625,1577.5999755859375,65.0
2013-03-06,1574.5999755859375,1582.5999755859375,1566.800048828125,1577.5999755859375,106.0
2013-03-07,1574.800048828125,1583.5,1573.9000244140625,1580.0,52.0
2013-03-08,1576.5999755859375,1581.199951171875,1561.800048828125,1578.5999755859375,68.0
2013-03-09,1576.5999755859375,1581.199951171875,1561.800048828125,1578.5999755859375,68.0
2013-03-10,1576.5999755859375,1581.199951171875,1561.800048828125,1578.5999755859375,68.0
2013-03-11,1577.800048828125,1579.699951171875,1576.0,1576.0,1115.0
2013-03-12,1591.5,1595.5999755859375,1579.800048828125,1579.800048828125,159.0
2013-03-13,1588.300048828125,1596.0,1585.0,1592.300048828125,396.0
2013-03-14,1590.5999755859375,1590.5999755859375,1575.699951171875,1585.699951171875,137.0
2013-03-15,1592.5,1594.4000244140625,1590.199951171875,1590.5,11.0
2013-03-16,1592.5,1594.4000244140625,1590.199951171875,1590.5,11.0
2013-03-17,1592.5,1594.4000244140625,1590.199951171875,1590.5,11.0
2013-03-18,1604.5999755859375,1607.699951171875,1601.5999755859375,1605.9000244140625,613.0
2013-03-19,1611.300048828125,1613.0999755859375,1611.300048828125,1613.0999755859375,202.0
2013-03-20,1607.5,1612.5,1606.199951171875,1610.0,5.0
2013-03-21,1613.800048828125,1613.800048828125,1611.9000244140625,1612.800048828125,7.0
2013-03-22,1606.199951171875,1611.0,1604.0999755859375,1611.0,101.0
2013-03-23,1606.199951171875,1611.0,1604.0999755859375,1611.0,101.0
2013-03-24,1606.199951171875,1611.0,1604.0999755859375,1611.0,101.0
2013-03-25,1604.5999755859375,1607.800048828125,1596.0999755859375,1607.0999755859375,27.0
2013-03-26,1595.800048828125,1595.800048828125,1595.800048828125,1595.800048828125,165484.0
2013-03-27,1606.199951171875,1608.0999755859375,1590.300048828125,1598.5,50450.0
2013-03-28,1594.800048828125,1606.5999755859375,1593.5999755859375,1604.699951171875,4717.0
2013-03-29,1594.800048828125,1606.5999755859375,1593.5999755859375,1604.699951171875,4717.0
2013-03-30,1594.800048828125,1606.5999755859375,1593.5999755859375,1604.699951171875,4717.0
2013-03-31,1594.800048828125,1606.5999755859375,1593.5999755859375,1604.699951171875,4717.0
2013-04-01,1600.0,1600.5,1594.800048828125,1596.800048828125,688.0
2013-04-02,1575.0999755859375,1602.5999755859375,1574.0999755859375,1599.199951171875,2289.0
2013-04-03,1552.800048828125,1576.4000244140625,1549.199951171875,1575.699951171875,2171.0
2013-04-04,1551.800048828125,1557.300048828125,1539.0999755859375,1557.300048828125,829.0
2013-04-05,1575.4000244140625,1580.5999755859375,1550.0999755859375,1553.199951171875,1184.0
2013-04-06,1575.4000244140625,1580.5999755859375,1550.0999755859375,1553.199951171875,1184.0
2013-04-07,1575.4000244140625,1580.5999755859375,1550.0999755859375,1553.199951171875,1184.0
2013-04-08,1572.0,1577.800048828125,1567.800048828125,1575.800048828125,101.0
2013-04-09,1586.199951171875,1589.300048828125,1570.0,1571.5999755859375,215.0
2013-04-10,1558.300048828125,1586.0,1557.0,1584.4000244140625,359.0
2013-04-11,1564.300048828125,1566.699951171875,1554.800048828125,1557.0999755859375,1070.0
2013-04-12,1501.0,1560.800048828125,1480.199951171875,1560.800048828125,881.0
2013-04-13,1501.0,1560.800048828125,1480.199951171875,1560.800048828125,881.0
2013-04-14,1501.0,1560.800048828125,1480.199951171875,1560.800048828125,881.0
2013-04-15,1360.5999755859375,1487.4000244140625,1338.0,1478.199951171875,1309.0
2013-04-16,1386.800048828125,1401.0,1323.0,1358.0,619.0
2013-04-17,1382.199951171875,1394.199951171875,1370.199951171875,1373.199951171875,92.0
2013-04-18,1392.0,1396.4000244140625,1347.5,1347.5,57.0
2013-04-19,1395.300048828125,1420.300048828125,1395.0999755859375,1419.300048828125,241.0
2013-04-20,1395.300048828125,1420.300048828125,1395.0999755859375,1419.300048828125,241.0
2013-04-21,1395.300048828125,1420.300048828125,1395.0999755859375,1419.300048828125,241.0
2013-04-22,1421.0,1434.9000244140625,1406.800048828125,1406.800048828125,70.0
2013-04-23,1408.5999755859375,1429.5,1405.800048828125,1429.5,334.0
2013-04-24,1423.4000244140625,1430.0999755859375,1420.4000244140625,1423.199951171875,138.0
2013-04-25,1461.800048828125,1461.800048828125,1433.0,1433.0,222.0
2013-04-26,1453.5999755859375,1476.199951171875,1451.4000244140625,1467.4000244140625,976.0
2013-04-27,1453.5999755859375,1476.199951171875,1451.4000244140625,1467.4000244140625,976.0
2013-04-28,1453.5999755859375,1476.199951171875,1451.4000244140625,1467.4000244140625,976.0
2013-04-29,1467.4000244140625,1475.5,1462.300048828125,1462.699951171875,269.0
2013-04-30,1472.199951171875,1476.5999755859375,1461.0,1471.0999755859375,534.0
2013-05-01,1446.300048828125,1477.0999755859375,1440.0,1475.800048828125,131.0
2013-05-02,1467.699951171875,1471.199951171875,1453.5,1459.0,244.0
2013-05-03,1464.300048828125,1487.0999755859375,1461.4000244140625,1465.5,68.0
2013-05-04,1464.300048828125,1487.0999755859375,1461.4000244140625,1465.5,68.0
2013-05-05,1464.300048828125,1487.0999755859375,1461.4000244140625,1465.5,68.0
2013-05-06,1468.0999755859375,1477.199951171875,1466.800048828125,1468.0999755859375,33.0
2013-05-07,1449.0,1466.199951171875,1441.199951171875,1462.0,91.0
2013-05-08,1473.9000244140625,1474.699951171875,1450.699951171875,1455.5,81.0
2013-05-09,1468.800048828125,1473.4000244140625,1453.0,1471.199951171875,27.0
2013-05-10,1436.800048828125,1459.300048828125,1423.0,1455.5999755859375,569.0
2013-05-11,1436.800048828125,1459.300048828125,1423.0,1455.5999755859375,569.0
2013-05-12,1436.800048828125,1459.300048828125,1423.0,1455.5999755859375,569.0
2013-05-13,1434.5,1440.5999755859375,1427.800048828125,1440.0,344.0
2013-05-14,1424.699951171875,1444.4000244140625,1422.0,1430.0999755859375,72.0
2013-05-15,1396.5,1425.699951171875,1390.0999755859375,1425.699951171875,364.0
2013-05-16,1387.0999755859375,1395.0999755859375,1370.5999755859375,1390.4000244140625,38.0
2013-05-17,1364.9000244140625,1391.0999755859375,1359.0999755859375,1386.699951171875,50.0
2013-05-18,1364.9000244140625,1391.0999755859375,1359.0999755859375,1386.699951171875,50.0
2013-05-19,1364.9000244140625,1391.0999755859375,1359.0999755859375,1386.699951171875,50.0
2013-05-20,1384.300048828125,1387.5,1342.9000244140625,1342.9000244140625,21.0
2013-05-21,1377.800048828125,1392.300048828125,1358.5,1386.5,51.0
2013-05-22,1367.5999755859375,1395.699951171875,1364.5,1387.199951171875,14.0
2013-05-23,1392.0,1394.800048828125,1377.800048828125,1380.5999755859375,58.0
2013-05-24,1386.800048828125,1386.800048828125,1386.800048828125,1386.800048828125,2.0
2013-05-25,1386.800048828125,1386.800048828125,1386.800048828125,1386.800048828125,2.0
2013-05-26,1386.800048828125,1386.800048828125,1386.800048828125,1386.800048828125,2.0
2013-05-27,1386.800048828125,1386.800048828125,1386.800048828125,1386.800048828125,2.0
2013-05-28,1379.0999755859375,1390.4000244140625,1379.0999755859375,1380.800048828125,55.0
2013-05-29,1391.300048828125,1391.300048828125,1391.300048828125,1391.300048828125,168665.0
2013-05-30,1411.5,1417.5,1388.300048828125,1392.0999755859375,45133.0
2013-05-31,1392.5999755859375,1421.0999755859375,1384.199951171875,1412.4000244140625,5997.0
2013-06-01,1392.5999755859375,1421.0999755859375,1384.199951171875,1412.4000244140625,5997.0
2013-06-02,1392.5999755859375,1421.0999755859375,1384.199951171875,1412.4000244140625,5997.0
2013-06-03,1411.699951171875,1416.300048828125,1388.300048828125,1389.0999755859375,1420.0
2013-06-04,1397.0999755859375,1413.699951171875,1389.0,1410.9000244140625,930.0
2013-06-05,1398.4000244140625,1410.0,1395.5999755859375,1397.5,1687.0
2013-06-06,1415.699951171875,1422.699951171875,1391.5999755859375,1401.699951171875,782.0
2013-06-07,1383.0,1416.0999755859375,1377.9000244140625,1411.5,1163.0
2013-06-08,1383.0,1416.0999755859375,1377.9000244140625,1411.5,1163.0
2013-06-09,1383.0,1416.0999755859375,1377.9000244140625,1411.5,1163.0
2013-06-10,1386.199951171875,1386.9000244140625,1375.5999755859375,1378.800048828125,367.0
2013-06-11,1377.0,1384.4000244140625,1366.0,1384.199951171875,482.0
2013-06-12,1391.800048828125,1393.5,1373.699951171875,1375.0,514.0
2013-06-13,1377.5999755859375,1390.9000244140625,1373.4000244140625,1386.800048828125,458.0
2013-06-14,1387.300048828125,1389.5999755859375,1377.800048828125,1383.9000244140625,90.0
2013-06-15,1387.300048828125,1389.5999755859375,1377.800048828125,1383.9000244140625,90.0
2013-06-16,1387.300048828125,1389.5999755859375,1377.800048828125,1383.9000244140625,90.0
2013-06-17,1382.800048828125,1390.5,1380.0,1390.300048828125,114.0
2013-06-18,1366.5999755859375,1383.5,1363.0,1383.0999755859375,346.0
2013-06-19,1373.5999755859375,1373.5999755859375,1348.0999755859375,1368.0999755859375,198.0
2013-06-20,1285.9000244140625,1348.0999755859375,1275.4000244140625,1348.0999755859375,712.0
2013-06-21,1291.5999755859375,1300.0,1268.9000244140625,1280.4000244140625,456.0
2013-06-22,1291.5999755859375,1300.0,1268.9000244140625,1280.4000244140625,456.0
2013-06-23,1291.5999755859375,1300.0,1268.9000244140625,1280.4000244140625,456.0
2013-06-24,1276.800048828125,1297.300048828125,1275.699951171875,1297.300048828125,321.0
2013-06-25,1274.800048828125,1286.0,1273.199951171875,1281.300048828125,953.0
2013-06-26,1229.5999755859375,1273.9000244140625,1228.800048828125,1273.9000244140625,981.0
2013-06-27,1211.4000244140625,1241.4000244140625,1198.300048828125,1224.699951171875,533.0
2013-06-28,1223.800048828125,1232.300048828125,1183.199951171875,1200.9000244140625,232.0
2013-06-29,1223.800048828125,1232.300048828125,1183.199951171875,1200.9000244140625,232.0
2013-06-30,1223.800048828125,1232.300048828125,1183.199951171875,1200.9000244140625,232.0
2013-07-01,1255.9000244140625,1261.0,1234.199951171875,1234.699951171875,150.0
2013-07-02,1243.5999755859375,1266.300048828125,1241.199951171875,1254.0999755859375,107.0
2013-07-03,1252.0999755859375,1258.199951171875,1240.300048828125,1243.800048828125,19.0
2013-07-04,1252.0999755859375,1258.199951171875,1240.300048828125,1243.800048828125,19.0
2013-07-05,1212.9000244140625,1254.0999755859375,1208.9000244140625,1252.699951171875,72.0
2013-07-06,1212.9000244140625,1254.0999755859375,1208.9000244140625,1252.699951171875,72.0
2013-07-07,1212.9000244140625,1254.0999755859375,1208.9000244140625,1252.699951171875,72.0
2013-07-08,1234.9000244140625,1235.199951171875,1215.4000244140625,1218.800048828125,58.0
2013-07-09,1245.9000244140625,1254.5,1234.4000244140625,1234.699951171875,33.0
2013-07-10,1247.4000244140625,1263.9000244140625,1244.5999755859375,1244.5999755859375,58.0
2013-07-11,1280.0999755859375,1285.0,1278.9000244140625,1284.5999755859375,18.0
2013-07-12,1277.800048828125,1282.300048828125,1274.300048828125,1282.300048828125,6.0
2013-07-13,1277.800048828125,1282.300048828125,1274.300048828125,1282.300048828125,6.0
2013-07-14,1277.800048828125,1282.300048828125,1274.300048828125,1282.300048828125,6.0
2013-07-15,1283.800048828125,1292.4000244140625,1281.5999755859375,1292.0999755859375,19.0
2013-07-16,1290.800048828125,1291.4000244140625,1279.4000244140625,1279.4000244140625,13.0
2013-07-17,1277.9000244140625,1294.4000244140625,1272.9000244140625,1286.199951171875,11.0
2013-07-18,1284.5999755859375,1286.4000244140625,1275.199951171875,1275.300048828125,26.0
2013-07-19,1293.300048828125,1293.300048828125,1290.0,1291.699951171875,9.0
2013-07-20,1293.300048828125,1293.300048828125,1290.0,1291.699951171875,9.0
2013-07-21,1293.300048828125,1293.300048828125,1290.0,1291.699951171875,9.0
2013-07-22,1336.4000244140625,1336.4000244140625,1317.0,1317.0,18.0
2013-07-23,1335.0999755859375,1342.300048828125,1327.9000244140625,1334.800048828125,10.0
2013-07-24,1319.699951171875,1343.5,1318.5999755859375,1342.199951171875,42.0
2013-07-25,1329.0,1336.800048828125,1318.5,1318.5,55.0
2013-07-26,1321.699951171875,1326.5,1321.699951171875,1326.5,66.0
2013-07-27,1321.699951171875,1326.5,1321.699951171875,1326.5,66.0
2013-07-28,1321.699951171875,1326.5,1321.699951171875,1326.5,66.0
2013-07-29,1328.4000244140625,1328.4000244140625,1328.4000244140625,1328.4000244140625,134359.0
2013-07-30,1324.0,1329.5999755859375,1316.199951171875,1327.199951171875,44769.0
2013-07-31,1312.4000244140625,1338.4000244140625,1304.9000244140625,1325.5,6252.0
2013-08-01,1311.0,1328.5,1306.9000244140625,1323.0,1562.0
2013-08-02,1310.5999755859375,1317.0,1283.0,1306.699951171875,1451.0
2013-08-03,1310.5999755859375,1317.0,1283.0,1306.699951171875,1451.0
2013-08-04,1310.5999755859375,1317.0,1283.0,1306.699951171875,1451.0
2013-08-05,1302.5999755859375,1318.300048828125,1297.5,1311.199951171875,904.0
2013-08-06,1283.199951171875,1305.9000244140625,1279.300048828125,1303.0,1314.0
2013-08-07,1286.0999755859375,1288.4000244140625,1274.0,1282.5,989.0
2013-08-08,1310.699951171875,1312.800048828125,1283.699951171875,1283.9000244140625,482.0
2013-08-09,1312.9000244140625,1315.800048828125,1306.699951171875,1315.0999755859375,449.0
2013-08-10,1312.9000244140625,1315.800048828125,1306.699951171875,1315.0999755859375,449.0
2013-08-11,1312.9000244140625,1315.800048828125,1306.699951171875,1315.0999755859375,449.0
2013-08-12,1334.699951171875,1342.4000244140625,1317.199951171875,1317.199951171875,312.0
2013-08-13,1321.199951171875,1339.0999755859375,1320.199951171875,1331.9000244140625,209.0
2013-08-14,1334.0,1336.300048828125,1317.699951171875,1317.699951171875,333.0
2013-08-15,1361.5999755859375,1369.5999755859375,1319.9000244140625,1340.0999755859375,235.0
2013-08-16,1371.699951171875,1378.9000244140625,1361.0,1366.800048828125,175.0
2013-08-17,1371.699951171875,1378.9000244140625,1361.0,1366.800048828125,175.0
2013-08-18,1371.699951171875,1378.9000244140625,1361.0,1366.800048828125,175.0
2013-08-19,1366.199951171875,1384.4000244140625,1363.9000244140625,1379.0,139.0
2013-08-20,1373.0999755859375,1377.0,1355.0,1355.0,123.0
2013-08-21,1370.5999755859375,1377.300048828125,1360.9000244140625,1372.5,109.0
2013-08-22,1371.199951171875,1380.4000244140625,1362.0,1362.0,79.0
2013-08-23,1395.699951171875,1398.199951171875,1373.9000244140625,1376.800048828125,178.0
2013-08-24,1395.699951171875,1398.199951171875,1373.9000244140625,1376.800048828125,178.0
2013-08-25,1395.699951171875,1398.199951171875,1373.9000244140625,1376.800048828125,178.0
2013-08-26,1393.0,1402.800048828125,1391.300048828125,1398.5999755859375,203.0
2013-08-27,1420.5999755859375,1421.0999755859375,1398.699951171875,1403.800048828125,397.0
2013-08-28,1419.0,1428.0,1417.300048828125,1417.300048828125,489.0
2013-08-29,1412.9000244140625,1417.4000244140625,1404.5,1417.4000244140625,375.0
2013-08-30,1396.0999755859375,1409.800048828125,1392.300048828125,1407.199951171875,0.0
2013-08-31,1396.0999755859375,1409.800048828125,1392.300048828125,1407.199951171875,0.0
2013-09-01,1396.0999755859375,1409.800048828125,1392.300048828125,1407.199951171875,0.0
2013-09-02,1396.0999755859375,1409.800048828125,1392.300048828125,1407.199951171875,0.0
2013-09-03,1412.0,1414.4000244140625,1382.300048828125,1393.0,139.0
2013-09-04,1389.9000244140625,1413.0,1387.0999755859375,1413.0,104.0
2013-09-05,1373.0999755859375,1397.5,1367.0999755859375,1393.5,37.0
2013-09-06,1386.699951171875,1390.0999755859375,1368.9000244140625,1371.0,52.0
2013-09-07,1386.699951171875,1390.0999755859375,1368.9000244140625,1371.0,52.0
2013-09-08,1386.699951171875,1390.0999755859375,1368.9000244140625,1371.0,52.0
2013-09-09,1386.800048828125,1389.800048828125,1386.5,1389.800048828125,44.0
2013-09-10,1364.0999755859375,1377.5,1357.5999755859375,1377.5,21.0
2013-09-11,1363.9000244140625,1365.800048828125,1356.699951171875,1365.800048828125,60.0
2013-09-12,1330.4000244140625,1360.0,1322.4000244140625,1360.0,120.0
2013-09-13,1308.4000244140625,1323.0,1305.300048828125,1322.9000244140625,38.0
2013-09-14,1308.4000244140625,1323.0,1305.300048828125,1322.9000244140625,38.0
2013-09-15,1308.4000244140625,1323.0,1305.300048828125,1322.9000244140625,38.0
2013-09-16,1317.9000244140625,1329.5999755859375,1310.800048828125,1328.4000244140625,107.0
2013-09-17,1309.5,1313.0999755859375,1309.5,1313.0,24.0
2013-09-18,1307.800048828125,1347.699951171875,1292.0999755859375,1292.0999755859375,29.0
2013-09-19,1369.4000244140625,1373.0,1362.9000244140625,1362.9000244140625,35.0
2013-09-20,1332.5,1347.5,1330.699951171875,1347.5,2.0
2013-09-21,1332.5,1347.5,1330.699951171875,1347.5,2.0
2013-09-22,1332.5,1347.5,1330.699951171875,1347.5,2.0
2013-09-23,1326.9000244140625,1327.800048828125,1317.5999755859375,1327.0999755859375,78.0
2013-09-24,1316.0,1324.9000244140625,1309.4000244140625,1321.199951171875,61.0
2013-09-25,1335.9000244140625,1335.9000244140625,1322.699951171875,1322.699951171875,51.0
2013-09-26,1323.5999755859375,1338.300048828125,1323.5999755859375,1335.199951171875,13170.0
2013-09-27,1338.4000244140625,1343.800048828125,1319.699951171875,1321.5,2990.0
2013-09-28,1338.4000244140625,1343.800048828125,1319.699951171875,1321.5,2990.0
2013-09-29,1338.4000244140625,1343.800048828125,1319.699951171875,1321.5,2990.0
2013-09-30,1326.5,1350.9000244140625,1322.0,1345.800048828125,597.0
2013-10-01,1286.0,1334.0,1284.5,1328.0,815.0
2013-10-02,1320.5999755859375,1321.0,1280.0,1288.5,152.0
2013-10-03,1317.4000244140625,1319.5,1302.5,1312.0,217.0
2013-10-04,1309.699951171875,1318.0999755859375,1305.699951171875,1316.199951171875,38.0
2013-10-05,1309.699951171875,1318.0999755859375,1305.699951171875,1316.199951171875,38.0
2013-10-06,1309.699951171875,1318.0999755859375,1305.699951171875,1316.199951171875,38.0
2013-10-07,1324.800048828125,1325.4000244140625,1311.800048828125,1313.800048828125,84.0
2013-10-08,1324.199951171875,1330.0,1321.199951171875,1326.5,57.0
2013-10-09,1306.9000244140625,1319.0,1295.300048828125,1317.5999755859375,140.0
2013-10-10,1296.5999755859375,1310.800048828125,1285.0,1303.4000244140625,89.0
2013-10-11,1268.0,1291.5999755859375,1263.800048828125,1286.9000244140625,210.0
2013-10-12,1268.0,1291.5999755859375,1263.800048828125,1286.9000244140625,210.0
2013-10-13,1268.0,1291.5999755859375,1263.800048828125,1286.9000244140625,210.0
2013-10-14,1276.4000244140625,1285.800048828125,1273.9000244140625,1275.800048828125,61.0
2013-10-15,1273.0,1283.5999755859375,1254.0999755859375,1270.5,208.0
2013-10-16,1282.0,1284.0,1269.199951171875,1282.800048828125,86.0
2013-10-17,1322.699951171875,1322.699951171875,1307.0,1307.0,72.0
2013-10-18,1314.4000244140625,1326.0,1312.5999755859375,1318.800048828125,65.0
2013-10-19,1314.4000244140625,1326.0,1312.5999755859375,1318.800048828125,65.0
2013-10-20,1314.4000244140625,1326.0,1312.5999755859375,1318.800048828125,65.0
2013-10-21,1315.699951171875,1317.699951171875,1315.699951171875,1316.800048828125,23.0
2013-10-22,1342.5,1342.5999755859375,1313.9000244140625,1313.9000244140625,55.0
2013-10-23,1333.9000244140625,1333.9000244140625,1331.9000244140625,1331.9000244140625,13.0
2013-10-24,1350.199951171875,1350.199951171875,1334.5,1334.5,18.0
2013-10-25,1352.4000244140625,1353.0,1346.199951171875,1346.199951171875,23.0
2013-10-26,1352.4000244140625,1353.0,1346.199951171875,1346.199951171875,23.0
2013-10-27,1352.4000244140625,1353.0,1346.199951171875,1346.199951171875,23.0
2013-10-28,1352.0,1359.199951171875,1349.0,1351.4000244140625,23.0
2013-10-29,1345.199951171875,1359.699951171875,1345.199951171875,1359.5999755859375,168.0
2013-10-30,1349.0,1355.800048828125,1335.5999755859375,1340.800048828125,44.0
2013-10-31,1323.5999755859375,1334.0,1321.699951171875,1334.0,62.0
2013-11-01,1313.0999755859375,1325.699951171875,1308.0,1325.699951171875,21.0
2013-11-02,1313.0999755859375,1325.699951171875,1308.0,1325.699951171875,21.0
2013-11-03,1313.0999755859375,1325.699951171875,1308.0,1325.699951171875,21.0
2013-11-04,1314.5999755859375,1320.5,1312.0999755859375,1314.5999755859375,39.0
2013-11-05,1308.0,1317.5,1306.9000244140625,1313.300048828125,98.0
2013-11-06,1317.699951171875,1318.5999755859375,1312.5,1313.5,11.0
2013-11-07,1308.4000244140625,1323.5999755859375,1298.0,1323.5999755859375,129.0
2013-11-08,1284.5,1308.0999755859375,1281.300048828125,1308.0,22.0
2013-11-09,1284.5,1308.0999755859375,1281.300048828125,1308.0,22.0
2013-11-10,1284.5,1308.0999755859375,1281.300048828125,1308.0,22.0
2013-11-11,1281.0,1281.800048828125,1281.0,1281.5999755859375,5.0
2013-11-12,1271.0999755859375,1282.300048828125,1271.0999755859375,1282.300048828125,3.0
2013-11-13,1268.300048828125,1280.5,1268.300048828125,1274.0,17.0
2013-11-14,1286.199951171875,1293.300048828125,1278.0999755859375,1280.199951171875,29.0
2013-11-15,1287.300048828125,1288.5,1281.5,1287.699951171875,16.0
2013-11-16,1287.300048828125,1288.5,1281.5,1287.699951171875,16.0
2013-11-17,1287.300048828125,1288.5,1281.5,1287.699951171875,16.0
2013-11-18,1272.199951171875,1284.800048828125,1272.199951171875,1284.699951171875,10.0
2013-11-19,1273.4000244140625,1275.199951171875,1271.0,1274.199951171875,10.0
2013-11-20,1257.9000244140625,1269.0,1241.9000244140625,1269.0,120.0
2013-11-21,1243.5,1247.0999755859375,1236.5,1245.699951171875,90.0
2013-11-22,1244.0,1247.0,1241.4000244140625,1243.199951171875,77.0
2013-11-23,1244.0,1247.0,1241.4000244140625,1243.199951171875,77.0
2013-11-24,1244.0,1247.0,1241.4000244140625,1243.199951171875,77.0
2013-11-25,1241.0999755859375,1241.0999755859375,1229.0,1231.0999755859375,19.0
2013-11-26,1241.4000244140625,1243.0,1241.4000244140625,1243.0,178417.0
2013-11-27,1237.800048828125,1254.800048828125,1235.5,1241.5999755859375,82331.0
2013-11-28,1237.800048828125,1254.800048828125,1235.5,1241.5999755859375,82331.0
2013-11-29,1250.5999755859375,1254.5,1233.699951171875,1237.800048828125,9203.0
2013-11-30,1250.5999755859375,1254.5,1233.699951171875,1237.800048828125,9203.0
2013-12-01,1250.5999755859375,1254.5,1233.699951171875,1237.800048828125,9203.0
2013-12-02,1222.300048828125,1251.5,1217.800048828125,1251.4000244140625,4979.0
2013-12-03,1221.699951171875,1225.699951171875,1215.5999755859375,1219.199951171875,1932.0
2013-12-04,1248.199951171875,1250.4000244140625,1212.9000244140625,1225.0999755859375,1823.0
2013-12-05,1233.199951171875,1241.5,1218.5999755859375,1240.0,446.0
2013-12-06,1230.300048828125,1242.0,1213.0,1228.699951171875,1032.0
2013-12-07,1230.300048828125,1242.0,1213.0,1228.699951171875,1032.0
2013-12-08,1230.300048828125,1242.0,1213.0,1228.699951171875,1032.0
2013-12-09,1235.300048828125,1243.199951171875,1229.0,1230.199951171875,352.0
2013-12-10,1262.4000244140625,1267.0,1239.0,1239.0,882.0
2013-12-11,1258.5,1261.9000244140625,1252.0999755859375,1261.9000244140625,147.0
2013-12-12,1226.0,1255.4000244140625,1225.9000244140625,1253.5,609.0
2013-12-13,1235.699951171875,1239.0,1222.199951171875,1226.699951171875,446.0
2013-12-14,1235.699951171875,1239.0,1222.199951171875,1226.699951171875,446.0
2013-12-15,1235.699951171875,1239.0,1222.199951171875,1226.699951171875,446.0
2013-12-16,1245.5,1250.5999755859375,1228.9000244140625,1238.4000244140625,242.0
2013-12-17,1231.199951171875,1240.4000244140625,1231.199951171875,1237.0,22.0
2013-12-18,1236.0999755859375,1245.0999755859375,1217.0,1231.5,114.0
2013-12-19,1195.0,1226.5999755859375,1188.699951171875,1226.5999755859375,124.0
2013-12-20,1205.0999755859375,1207.800048828125,1190.9000244140625,1190.9000244140625,204.0
2013-12-21,1205.0999755859375,1207.800048828125,1190.9000244140625,1190.9000244140625,204.0
2013-12-22,1205.0999755859375,1207.800048828125,1190.9000244140625,1190.9000244140625,204.0
2013-12-23,1198.4000244140625,1205.199951171875,1195.9000244140625,1205.199951171875,123.0
2013-12-24,1205.0999755859375,1205.5999755859375,1197.699951171875,1199.800048828125,184.0
2013-12-25,1205.0999755859375,1205.5999755859375,1197.699951171875,1199.800048828125,184.0
2013-12-26,1214.0999755859375,1215.9000244140625,1207.0999755859375,1207.0999755859375,140.0
2013-12-27,1216.0999755859375,1218.5,1212.9000244140625,1213.4000244140625,278.0
2013-12-28,1216.0999755859375,1218.5,1212.9000244140625,1213.4000244140625,278.0
2013-12-29,1216.0999755859375,1218.5,1212.9000244140625,1213.4000244140625,278.0
2013-12-30,1203.0999755859375,1215.0,1194.4000244140625,1215.0,351.0
2013-12-31,1201.9000244140625,1212.4000244140625,1182.0,1196.4000244140625,124.0
2014-01-01,1201.9000244140625,1212.4000244140625,1182.0,1196.4000244140625,124.0
2014-01-02,1225.0,1227.300048828125,1204.300048828125,1204.300048828125,209.0
2014-01-03,1238.4000244140625,1239.0,1221.699951171875,1221.699951171875,142.0
2014-01-04,1238.4000244140625,1239.0,1221.699951171875,1221.699951171875,142.0
2014-01-05,1238.4000244140625,1239.0,1221.699951171875,1221.699951171875,142.0
2014-01-06,1237.800048828125,1247.0,1221.9000244140625,1232.800048828125,127.0
2014-01-07,1229.4000244140625,1242.4000244140625,1226.300048828125,1239.300048828125,73.0
2014-01-08,1225.300048828125,1227.5,1218.5999755859375,1227.5,189.0
2014-01-09,1229.300048828125,1229.300048828125,1225.800048828125,1225.800048828125,7.0
2014-01-10,1246.699951171875,1246.800048828125,1234.0,1235.0,58.0
2014-01-11,1246.699951171875,1246.800048828125,1234.0,1235.0,58.0
2014-01-12,1246.699951171875,1246.800048828125,1234.0,1235.0,58.0
2014-01-13,1250.9000244140625,1252.699951171875,1245.5,1250.5999755859375,46.0
2014-01-14,1245.199951171875,1251.300048828125,1242.0,1251.0,37.0
2014-01-15,1238.0999755859375,1243.199951171875,1238.0999755859375,1243.0999755859375,68.0
2014-01-16,1240.0,1242.800048828125,1239.0,1239.300048828125,48.0
2014-01-17,1251.699951171875,1254.300048828125,1239.699951171875,1239.699951171875,101.0
2014-01-18,1251.699951171875,1254.300048828125,1239.699951171875,1239.699951171875,101.0
2014-01-19,1251.699951171875,1254.300048828125,1239.699951171875,1239.699951171875,101.0
2014-01-20,1251.699951171875,1254.300048828125,1239.699951171875,1239.699951171875,101.0
2014-01-21,1242.300048828125,1257.5,1240.0,1256.4000244140625,224.0
2014-01-22,1239.0,1242.0,1239.0,1241.699951171875,58.0
2014-01-23,1262.5999755859375,1264.199951171875,1235.199951171875,1235.199951171875,40.0
2014-01-24,1264.5,1269.4000244140625,1258.300048828125,1258.300048828125,38.0
2014-01-25,1264.5,1269.4000244140625,1258.300048828125,1258.300048828125,38.0
2014-01-26,1264.5,1269.4000244140625,1258.300048828125,1258.300048828125,38.0
2014-01-27,1263.5999755859375,1264.4000244140625,1254.4000244140625,1259.800048828125,92.0
2014-01-28,1251.0,1258.4000244140625,1251.0,1257.9000244140625,20.0
2014-01-29,1262.199951171875,1262.199951171875,1262.199951171875,1262.199951171875,137028.0
2014-01-30,1242.199951171875,1267.699951171875,1237.5,1267.0,45276.0
2014-01-31,1240.0999755859375,1254.5,1238.4000244140625,1243.5999755859375,5820.0
2014-02-01,1240.0999755859375,1254.5,1238.4000244140625,1243.5999755859375,5820.0
2014-02-02,1240.0999755859375,1254.5,1238.4000244140625,1243.5999755859375,5820.0
2014-02-03,1260.4000244140625,1266.300048828125,1241.199951171875,1242.4000244140625,2914.0
2014-02-04,1251.699951171875,1260.699951171875,1247.800048828125,1258.4000244140625,1745.0
2014-02-05,1257.300048828125,1273.699951171875,1253.0999755859375,1254.0,1616.0
2014-02-06,1257.5999755859375,1267.0,1253.5,1258.0,274.0
2014-02-07,1263.300048828125,1271.4000244140625,1257.9000244140625,1258.300048828125,436.0
2014-02-08,1263.300048828125,1271.4000244140625,1257.9000244140625,1258.300048828125,436.0
2014-02-09,1263.300048828125,1271.4000244140625,1257.9000244140625,1258.300048828125,436.0
2014-02-10,1274.800048828125,1277.300048828125,1265.699951171875,1269.5999755859375,742.0
2014-02-11,1290.0999755859375,1292.0,1273.800048828125,1274.0,562.0
2014-02-12,1295.300048828125,1296.199951171875,1285.5,1290.5,140.0
2014-02-13,1300.4000244140625,1303.5,1287.5,1293.300048828125,877.0
2014-02-14,1319.0,1320.699951171875,1301.699951171875,1301.699951171875,308.0
2014-02-15,1319.0,1320.699951171875,1301.699951171875,1301.699951171875,308.0
2014-02-16,1319.0,1320.699951171875,1301.699951171875,1301.699951171875,308.0
2014-02-17,1319.0,1320.699951171875,1301.699951171875,1301.699951171875,308.0
2014-02-18,1324.699951171875,1330.5999755859375,1313.9000244140625,1322.9000244140625,373.0
2014-02-19,1320.5999755859375,1321.5999755859375,1309.0999755859375,1318.300048828125,193.0
2014-02-20,1317.0999755859375,1323.5,1309.5999755859375,1310.699951171875,116.0
2014-02-21,1323.9000244140625,1328.300048828125,1317.4000244140625,1320.0,171.0
2014-02-22,1323.9000244140625,1328.300048828125,1317.4000244140625,1320.0,171.0
2014-02-23,1323.9000244140625,1328.300048828125,1317.4000244140625,1320.0,171.0
2014-02-24,1338.300048828125,1339.0,1321.4000244140625,1324.300048828125,93.0
2014-02-25,1343.0,1343.9000244140625,1333.0999755859375,1336.4000244140625,290.0
2014-02-26,1328.199951171875,1342.0,1325.5999755859375,1341.199951171875,485.0
2014-02-27,1331.5999755859375,1335.0,1324.5999755859375,1329.300048828125,369.0
2014-02-28,1321.4000244140625,1332.5999755859375,1321.0999755859375,1329.800048828125,239.0
2014-03-01,1321.4000244140625,1332.5999755859375,1321.0999755859375,1329.800048828125,239.0
2014-03-02,1321.4000244140625,1332.5999755859375,1321.0999755859375,1329.800048828125,239.0
2014-03-03,1350.0999755859375,1354.0999755859375,1332.9000244140625,1335.9000244140625,232.0
2014-03-04,1337.800048828125,1350.4000244140625,1332.199951171875,1350.4000244140625,80.0
2014-03-05,1340.199951171875,1341.0,1334.800048828125,1334.800048828125,32.0
2014-03-06,1351.699951171875,1351.699951171875,1333.300048828125,1338.0,59.0
2014-03-07,1338.0999755859375,1352.699951171875,1329.199951171875,1349.5,97.0
2014-03-08,1338.0999755859375,1352.699951171875,1329.199951171875,1349.5,97.0
2014-03-09,1338.0999755859375,1352.699951171875,1329.199951171875,1349.5,97.0
2014-03-10,1341.4000244140625,1344.699951171875,1330.5,1336.0,97.0
2014-03-11,1346.5,1352.4000244140625,1338.0999755859375,1340.0,53.0
2014-03-12,1370.300048828125,1370.5,1348.699951171875,1349.0999755859375,58.0
2014-03-13,1372.199951171875,1374.5,1366.5,1366.800048828125,23.0
2014-03-14,1379.0,1386.5999755859375,1371.0999755859375,1376.0999755859375,91.0
2014-03-15,1379.0,1386.5999755859375,1371.0999755859375,1376.0999755859375,91.0
2014-03-16,1379.0,1386.5999755859375,1371.0999755859375,1376.0999755859375,91.0
2014-03-17,1372.9000244140625,1391.4000244140625,1372.199951171875,1386.0999755859375,29.0
2014-03-18,1359.0,1361.800048828125,1353.4000244140625,1359.300048828125,35.0
2014-03-19,1341.4000244140625,1358.0,1332.699951171875,1357.0999755859375,57.0
2014-03-20,1330.5,1333.699951171875,1325.800048828125,1333.699951171875,72.0
2014-03-21,1336.0,1339.0999755859375,1335.800048828125,1339.0999755859375,3.0
2014-03-22,1336.0,1339.0999755859375,1335.800048828125,1339.0999755859375,3.0
2014-03-23,1336.0,1339.0999755859375,1335.800048828125,1339.0999755859375,3.0
2014-03-24,1311.199951171875,1333.0,1310.5,1333.0,103.0
2014-03-25,1311.4000244140625,1315.5,1307.5,1315.5,46.0
2014-03-26,1303.4000244140625,1315.199951171875,1303.4000244140625,1315.199951171875,4.0
2014-03-27,1294.699951171875,1294.699951171875,1294.699951171875,1294.699951171875,185016.0
2014-03-28,1293.800048828125,1299.4000244140625,1285.9000244140625,1292.199951171875,65486.0
2014-03-29,1293.800048828125,1299.4000244140625,1285.9000244140625,1292.199951171875,65486.0
2014-03-30,1293.800048828125,1299.4000244140625,1285.9000244140625,1292.199951171875,65486.0
2014-03-31,1283.4000244140625,1298.800048828125,1282.4000244140625,1294.300048828125,4121.0
2014-04-01,1279.5999755859375,1287.9000244140625,1277.300048828125,1285.0999755859375,884.0
2014-04-02,1290.5,1294.0999755859375,1280.199951171875,1280.199951171875,1099.0
2014-04-03,1284.4000244140625,1293.5,1282.699951171875,1290.800048828125,775.0
2014-04-04,1303.199951171875,1306.0999755859375,1284.4000244140625,1285.5,976.0
2014-04-05,1303.199951171875,1306.0999755859375,1284.4000244140625,1285.5,976.0
2014-04-06,1303.199951171875,1306.0999755859375,1284.4000244140625,1285.5,976.0
2014-04-07,1298.0,1304.0,1296.300048828125,1301.4000244140625,361.0
2014-04-08,1308.699951171875,1314.0999755859375,1296.5999755859375,1296.5999755859375,264.0
2014-04-09,1305.5,1313.5999755859375,1301.0999755859375,1309.5,191.0
2014-04-10,1320.0999755859375,1323.800048828125,1311.199951171875,1311.800048828125,127.0
2014-04-11,1318.699951171875,1322.800048828125,1316.300048828125,1319.0,76.0
2014-04-12,1318.699951171875,1322.800048828125,1316.300048828125,1319.0,76.0
2014-04-13,1318.699951171875,1322.800048828125,1316.300048828125,1319.0,76.0
2014-04-14,1327.199951171875,1330.0,1320.0999755859375,1320.0999755859375,328.0
2014-04-15,1300.0,1322.699951171875,1291.5,1322.699951171875,238.0
2014-04-16,1303.0999755859375,1303.5,1295.0,1302.699951171875,177.0
2014-04-17,1293.4000244140625,1303.0,1292.5,1300.0999755859375,124.0
2014-04-18,1293.4000244140625,1303.0,1292.5,1300.0999755859375,124.0
2014-04-19,1293.4000244140625,1303.0,1292.5,1300.0999755859375,124.0
2014-04-20,1293.4000244140625,1303.0,1292.5,1300.0999755859375,124.0
2014-04-21,1288.0,1299.199951171875,1283.800048828125,1290.0,100.0
2014-04-22,1280.5999755859375,1291.5999755859375,1276.0,1289.199951171875,100.0
2014-04-23,1284.199951171875,1287.699951171875,1282.4000244140625,1284.300048828125,176.0
2014-04-24,1290.5,1297.9000244140625,1272.4000244140625,1284.5999755859375,522.0
2014-04-25,1300.699951171875,1304.5999755859375,1293.800048828125,1293.800048828125,274.0
2014-04-26,1300.699951171875,1304.5999755859375,1293.800048828125,1293.800048828125,274.0
2014-04-27,1300.699951171875,1304.5999755859375,1293.800048828125,1293.800048828125,274.0
2014-04-28,1298.9000244140625,1305.4000244140625,1293.0,1305.4000244140625,388.0
2014-04-29,1296.0,1300.5,1289.0999755859375,1295.5,904.0
2014-04-30,1295.5999755859375,1296.5,1286.5999755859375,1296.0,181.0
2014-05-01,1283.0999755859375,1288.699951171875,1278.0,1288.699951171875,25.0
2014-05-02,1302.5999755859375,1302.699951171875,1276.699951171875,1276.699951171875,90.0
2014-05-03,1302.5999755859375,1302.699951171875,1276.699951171875,1276.699951171875,90.0
2014-05-04,1302.5999755859375,1302.699951171875,1276.699951171875,1276.699951171875,90.0
2014-05-05,1309.0,1314.199951171875,1305.5,1305.5999755859375,31.0
2014-05-06,1308.300048828125,1309.4000244140625,1306.9000244140625,1309.4000244140625,14.0
2014-05-07,1288.5999755859375,1312.0,1288.0,1310.300048828125,21.0
2014-05-08,1287.4000244140625,1291.5,1285.5,1291.5,65.0
2014-05-09,1287.300048828125,1287.300048828125,1287.300048828125,1287.300048828125,3.0
2014-05-10,1287.300048828125,1287.300048828125,1287.300048828125,1287.300048828125,3.0
2014-05-11,1287.300048828125,1287.300048828125,1287.300048828125,1287.300048828125,3.0
2014-05-12,1295.5999755859375,1295.9000244140625,1281.199951171875,1282.0999755859375,19.0
2014-05-13,1294.5999755859375,1295.5,1292.0,1295.5,20.0
2014-05-14,1305.699951171875,1306.9000244140625,1292.800048828125,1292.800048828125,25.0
2014-05-15,1293.5,1302.5,1292.800048828125,1302.5,27.0
2014-05-16,1293.300048828125,1293.300048828125,1293.300048828125,1293.300048828125,8.0
2014-05-17,1293.300048828125,1293.300048828125,1293.300048828125,1293.300048828125,8.0
2014-05-18,1293.300048828125,1293.300048828125,1293.300048828125,1293.300048828125,8.0
2014-05-19,1293.699951171875,1293.699951171875,1293.699951171875,1293.699951171875,44.0
2014-05-20,1294.5,1294.5,1290.0999755859375,1290.699951171875,8.0
2014-05-21,1288.0,1288.0,1287.4000244140625,1287.4000244140625,2.0
2014-05-22,1294.9000244140625,1295.0,1294.199951171875,1294.199951171875,4.0
2014-05-23,1291.5999755859375,1293.4000244140625,1291.5999755859375,1293.199951171875,3.0
2014-05-24,1291.5999755859375,1293.4000244140625,1291.5999755859375,1293.199951171875,3.0
2014-05-25,1291.5999755859375,1293.4000244140625,1291.5999755859375,1293.199951171875,3.0
2014-05-26,1291.5999755859375,1293.4000244140625,1291.5999755859375,1293.199951171875,3.0
2014-05-27,1265.4000244140625,1291.9000244140625,1265.4000244140625,1291.9000244140625,25.0
2014-05-28,1259.300048828125,1259.300048828125,1259.300048828125,1259.300048828125,168825.0
2014-05-29,1256.300048828125,1260.5999755859375,1250.9000244140625,1258.300048828125,38045.0
2014-05-30,1245.5999755859375,1259.5999755859375,1241.800048828125,1255.0999755859375,3839.0
2014-05-31,1245.5999755859375,1259.5999755859375,1241.800048828125,1255.0999755859375,3839.0
2014-06-01,1245.5999755859375,1259.5999755859375,1241.800048828125,1255.0999755859375,3839.0
2014-06-02,1243.699951171875,1250.699951171875,1240.9000244140625,1250.0,774.0
2014-06-03,1244.300048828125,1247.5,1240.5,1244.0999755859375,654.0
2014-06-04,1244.0,1248.800048828125,1242.699951171875,1245.0999755859375,604.0
2014-06-05,1253.0,1256.5999755859375,1241.199951171875,1244.0,1317.0
2014-06-06,1252.0999755859375,1256.5999755859375,1246.300048828125,1253.4000244140625,381.0
2014-06-07,1252.0999755859375,1256.5999755859375,1246.300048828125,1253.4000244140625,381.0
2014-06-08,1252.0999755859375,1256.5999755859375,1246.300048828125,1253.4000244140625,381.0
2014-06-09,1253.5,1256.0999755859375,1252.5999755859375,1252.699951171875,97.0
2014-06-10,1259.800048828125,1262.300048828125,1251.0,1252.4000244140625,1007.0
2014-06-11,1260.800048828125,1264.4000244140625,1259.0999755859375,1259.9000244140625,128.0
2014-06-12,1273.5999755859375,1274.5,1260.0,1260.0,129.0
2014-06-13,1273.699951171875,1274.699951171875,1271.300048828125,1272.5,145.0
2014-06-14,1273.699951171875,1274.699951171875,1271.300048828125,1272.5,145.0
2014-06-15,1273.699951171875,1274.699951171875,1271.300048828125,1272.5,145.0
2014-06-16,1274.9000244140625,1282.0999755859375,1270.800048828125,1279.800048828125,334.0
2014-06-17,1271.699951171875,1272.800048828125,1260.9000244140625,1272.800048828125,819.0
2014-06-18,1272.4000244140625,1272.699951171875,1267.4000244140625,1269.9000244140625,143.0
2014-06-19,1313.699951171875,1321.0,1277.199951171875,1277.199951171875,601.0
2014-06-20,1316.199951171875,1321.4000244140625,1306.800048828125,1321.4000244140625,254.0
2014-06-21,1316.199951171875,1321.4000244140625,1306.800048828125,1321.4000244140625,254.0
2014-06-22,1316.199951171875,1321.4000244140625,1306.800048828125,1321.4000244140625,254.0
2014-06-23,1318.0,1318.0,1312.300048828125,1312.300048828125,142.0
2014-06-24,1320.9000244140625,1325.5999755859375,1315.5999755859375,1315.5999755859375,223.0
2014-06-25,1322.199951171875,1323.4000244140625,1312.0,1315.300048828125,294.0
2014-06-26,1316.0999755859375,1319.5999755859375,1312.4000244140625,1319.5999755859375,1204.0
2014-06-27,1319.0,1320.9000244140625,1313.300048828125,1317.4000244140625,625.0
2014-06-28,1319.0,1320.9000244140625,1313.300048828125,1317.4000244140625,625.0
2014-06-29,1319.0,1320.9000244140625,1313.300048828125,1317.4000244140625,625.0
2014-06-30,1321.800048828125,1328.699951171875,1311.800048828125,1315.300048828125,744.0
2014-07-01,1326.4000244140625,1331.4000244140625,1326.199951171875,1326.699951171875,51.0
2014-07-02,1330.699951171875,1330.699951171875,1326.800048828125,1326.800048828125,226.0
2014-07-03,1320.4000244140625,1327.699951171875,1313.0,1327.300048828125,40.0
2014-07-04,1320.4000244140625,1327.699951171875,1313.0,1327.300048828125,40.0
2014-07-05,1320.4000244140625,1327.699951171875,1313.0,1327.300048828125,40.0
2014-07-06,1320.4000244140625,1327.699951171875,1313.0,1327.300048828125,40.0
2014-07-07,1316.5,1320.300048828125,1313.199951171875,1318.699951171875,93.0
2014-07-08,1316.0,1323.5,1316.0,1318.4000244140625,6.0
2014-07-09,1323.800048828125,1330.4000244140625,1323.800048828125,1324.0,16.0
2014-07-10,1338.699951171875,1343.699951171875,1328.0,1330.5,28.0
2014-07-11,1337.0,1339.0,1336.199951171875,1337.9000244140625,112.0
2014-07-12,1337.0,1339.0,1336.199951171875,1337.9000244140625,112.0
2014-07-13,1337.0,1339.0,1336.199951171875,1337.9000244140625,112.0
2014-07-14,1306.300048828125,1332.800048828125,1304.699951171875,1332.800048828125,103.0
2014-07-15,1296.9000244140625,1311.9000244140625,1294.0999755859375,1307.4000244140625,368.0
2014-07-16,1299.5999755859375,1303.0999755859375,1296.9000244140625,1298.4000244140625,34.0
2014-07-17,1316.699951171875,1323.800048828125,1303.0999755859375,1303.0999755859375,16.0
2014-07-18,1309.199951171875,1322.699951171875,1306.199951171875,1322.699951171875,27.0
2014-07-19,1309.199951171875,1322.699951171875,1306.199951171875,1322.699951171875,27.0
2014-07-20,1309.199951171875,1322.699951171875,1306.199951171875,1322.699951171875,27.0
2014-07-21,1313.699951171875,1315.5,1311.0,1311.0,18.0
2014-07-22,1306.0999755859375,1306.0999755859375,1306.0999755859375,1306.0999755859375,2.0
2014-07-23,1304.5,1304.5,1304.5,1304.5,0.0
2014-07-24,1290.5999755859375,1297.5,1290.5999755859375,1297.5,1.0
2014-07-25,1303.0999755859375,1303.0999755859375,1294.800048828125,1294.800048828125,8.0
2014-07-26,1303.0999755859375,1303.0999755859375,1294.800048828125,1294.800048828125,8.0
2014-07-27,1303.0999755859375,1303.0999755859375,1294.800048828125,1294.800048828125,8.0
2014-07-28,1303.300048828125,1308.0,1303.300048828125,1307.4000244140625,52.0
2014-07-29,1298.300048828125,1310.9000244140625,1298.300048828125,1310.9000244140625,181554.0
2014-07-30,1294.9000244140625,1303.0,1291.0,1298.5999755859375,36189.0
2014-07-31,1281.300048828125,1297.300048828125,1280.5999755859375,1295.0999755859375,5663.0
2014-08-01,1293.5999755859375,1296.5999755859375,1279.699951171875,1284.0999755859375,1985.0
2014-08-02,1293.5999755859375,1296.5999755859375,1279.699951171875,1284.0999755859375,1985.0
2014-08-03,1293.5999755859375,1296.5999755859375,1279.699951171875,1284.0999755859375,1985.0
2014-08-04,1287.699951171875,1295.0,1285.9000244140625,1294.4000244140625,917.0
2014-08-05,1284.0,1292.699951171875,1282.5999755859375,1288.0,825.0
2014-08-06,1306.699951171875,1309.0,1287.800048828125,1288.0999755859375,706.0
2014-08-07,1310.800048828125,1313.0999755859375,1302.5,1305.300048828125,225.0
2014-08-08,1308.9000244140625,1321.4000244140625,1308.0,1310.800048828125,586.0
2014-08-09,1308.9000244140625,1321.4000244140625,1308.0,1310.800048828125,586.0
2014-08-10,1308.9000244140625,1321.4000244140625,1308.0,1310.800048828125,586.0
2014-08-11,1308.5,1309.699951171875,1305.300048828125,1308.4000244140625,194.0
2014-08-12,1308.800048828125,1315.800048828125,1305.800048828125,1306.199951171875,438.0
2014-08-13,1312.800048828125,1312.800048828125,1305.0,1308.800048828125,238.0
2014-08-14,1313.9000244140625,1316.4000244140625,1309.699951171875,1311.800048828125,320.0
2014-08-15,1304.5,1312.800048828125,1292.0,1311.699951171875,199.0
2014-08-16,1304.5,1312.800048828125,1292.0,1311.699951171875,199.0
2014-08-17,1304.5,1312.800048828125,1292.0,1311.699951171875,199.0
2014-08-18,1297.699951171875,1302.0999755859375,1295.699951171875,1301.4000244140625,100.0
2014-08-19,1295.0999755859375,1301.5999755859375,1294.0,1298.800048828125,144.0
2014-08-20,1293.4000244140625,1295.800048828125,1288.4000244140625,1295.4000244140625,332.0
2014-08-21,1273.699951171875,1290.0,1272.0,1290.0,264.0
2014-08-22,1278.5999755859375,1280.0,1275.0,1276.0,119.0
2014-08-23,1278.5999755859375,1280.0,1275.0,1276.0,119.0
2014-08-24,1278.5999755859375,1280.0,1275.0,1276.0,119.0
2014-08-25,1277.300048828125,1277.5999755859375,1273.699951171875,1277.300048828125,251.0
2014-08-26,1283.800048828125,1289.5,1281.0999755859375,1289.4000244140625,74.0
2014-08-27,1281.9000244140625,1282.300048828125,1281.5,1281.5,783.0
2014-08-28,1288.699951171875,1293.699951171875,1284.300048828125,1284.5,817.0
2014-08-29,1285.800048828125,1289.699951171875,1284.800048828125,1289.5,116.0
2014-08-30,1285.800048828125,1289.699951171875,1284.800048828125,1289.5,116.0
2014-08-31,1285.800048828125,1289.699951171875,1284.800048828125,1289.5,116.0
2014-09-01,1285.800048828125,1289.699951171875,1284.800048828125,1289.5,116.0
2014-09-02,1263.699951171875,1286.4000244140625,1262.5,1284.5,280.0
2014-09-03,1268.9000244140625,1271.0999755859375,1263.0999755859375,1266.300048828125,279.0
2014-09-04,1265.0999755859375,1272.699951171875,1260.4000244140625,1268.699951171875,290.0
2014-09-05,1265.800048828125,1268.0999755859375,1263.199951171875,1263.199951171875,123.0
2014-09-06,1265.800048828125,1268.0999755859375,1263.199951171875,1263.199951171875,123.0
2014-09-07,1265.800048828125,1268.0999755859375,1263.199951171875,1263.199951171875,123.0
2014-09-08,1252.699951171875,1268.4000244140625,1252.699951171875,1268.4000244140625,2.0
2014-09-09,1246.800048828125,1246.800048828125,1246.800048828125,1246.800048828125,0.0
2014-09-10,1243.5,1256.699951171875,1243.5,1256.699951171875,95.0
2014-09-11,1237.4000244140625,1237.4000244140625,1237.4000244140625,1237.4000244140625,0.0
2014-09-12,1229.9000244140625,1229.9000244140625,1227.0,1227.0,47.0
2014-09-13,1229.9000244140625,1229.9000244140625,1227.0,1227.0,47.0
2014-09-14,1229.9000244140625,1229.9000244140625,1227.0,1227.0,47.0
2014-09-15,1233.5999755859375,1235.0,1226.699951171875,1226.699951171875,21.0
2014-09-16,1235.199951171875,1238.300048828125,1235.199951171875,1238.300048828125,3.0
2014-09-17,1234.4000244140625,1236.199951171875,1221.9000244140625,1236.199951171875,10.0
2014-09-18,1225.699951171875,1225.699951171875,1216.199951171875,1216.199951171875,5.0
2014-09-19,1215.300048828125,1218.300048828125,1215.300048828125,1218.300048828125,4.0
2014-09-20,1215.300048828125,1218.300048828125,1215.300048828125,1218.300048828125,4.0
2014-09-21,1215.300048828125,1218.300048828125,1215.300048828125,1218.300048828125,4.0
2014-09-22,1216.800048828125,1216.800048828125,1212.4000244140625,1214.9000244140625,7.0
2014-09-23,1221.0,1221.0,1221.0,1221.0,5.0
2014-09-24,1218.5999755859375,1218.5999755859375,1216.800048828125,1218.5999755859375,2.0
2014-09-25,1221.199951171875,1221.199951171875,1209.5,1209.5,11.0
2014-09-26,1214.0999755859375,1214.0999755859375,1214.0999755859375,1214.0999755859375,19497.0
2014-09-27,1214.0999755859375,1214.0999755859375,1214.0999755859375,1214.0999755859375,19497.0
2014-09-28,1214.0999755859375,1214.0999755859375,1214.0999755859375,1214.0999755859375,19497.0
2014-09-29,1217.5,1222.199951171875,1214.800048828125,1216.300048828125,6344.0
2014-09-30,1210.5,1218.199951171875,1204.0,1214.800048828125,680.0
2014-10-01,1214.5999755859375,1217.800048828125,1205.5,1207.699951171875,178.0
2014-10-02,1214.199951171875,1219.5,1210.300048828125,1215.300048828125,176.0
2014-10-03,1192.199951171875,1212.4000244140625,1191.0,1212.4000244140625,499.0
2014-10-04,1192.199951171875,1212.4000244140625,1191.0,1212.4000244140625,499.0
2014-10-05,1192.199951171875,1212.4000244140625,1191.0,1212.4000244140625,499.0
2014-10-06,1206.699951171875,1208.0,1182.800048828125,1187.699951171875,415.0
2014-10-07,1211.699951171875,1211.699951171875,1205.300048828125,1209.0999755859375,272.0
2014-10-08,1205.300048828125,1217.9000244140625,1205.300048828125,1210.199951171875,9.0
2014-10-09,1224.5999755859375,1229.0,1223.9000244140625,1223.9000244140625,19.0
2014-10-10,1221.0,1223.5,1217.0,1223.5,186.0
2014-10-11,1221.0,1223.5,1217.0,1223.5,186.0
2014-10-12,1221.0,1223.5,1217.0,1223.5,186.0
2014-10-13,1229.300048828125,1234.0,1227.0,1229.800048828125,103.0
2014-10-14,1233.5999755859375,1235.9000244140625,1233.5999755859375,1235.9000244140625,73.0
2014-10-15,1244.0999755859375,1247.0,1243.699951171875,1243.699951171875,250.0
2014-10-16,1240.5,1243.0,1236.699951171875,1242.0999755859375,6.0
2014-10-17,1238.300048828125,1238.300048828125,1232.5999755859375,1237.4000244140625,356.0
2014-10-18,1238.300048828125,1238.300048828125,1232.5999755859375,1237.4000244140625,356.0
2014-10-19,1238.300048828125,1238.300048828125,1232.5999755859375,1237.4000244140625,356.0
2014-10-20,1244.0,1244.0,1235.4000244140625,1237.300048828125,105.0
2014-10-21,1251.0,1251.0,1251.0,1251.0,48.0
2014-10-22,1244.800048828125,1244.800048828125,1244.800048828125,1244.800048828125,2.0
2014-10-23,1228.5,1228.5,1227.9000244140625,1228.0,2.0
2014-10-24,1231.199951171875,1232.699951171875,1229.4000244140625,1229.4000244140625,71.0
2014-10-25,1231.199951171875,1232.699951171875,1229.4000244140625,1229.4000244140625,71.0
2014-10-26,1231.199951171875,1232.699951171875,1229.4000244140625,1229.4000244140625,71.0
2014-10-27,1229.0999755859375,1230.199951171875,1227.300048828125,1230.199951171875,282.0
2014-10-28,1229.199951171875,1231.0,1224.699951171875,1224.9000244140625,46.0
2014-10-29,1224.300048828125,1224.300048828125,1224.300048828125,1224.300048828125,631.0
2014-10-30,1198.0999755859375,1214.699951171875,1195.800048828125,1213.699951171875,521.0
2014-10-31,1171.0999755859375,1199.699951171875,1161.4000244140625,1199.5999755859375,260.0
2014-11-01,1171.0999755859375,1199.699951171875,1161.4000244140625,1199.5999755859375,260.0
2014-11-02,1171.0999755859375,1199.699951171875,1161.4000244140625,1199.5999755859375,260.0
2014-11-03,1169.4000244140625,1172.300048828125,1163.0999755859375,1166.4000244140625,60.0
2014-11-04,1167.4000244140625,1171.0,1165.0,1166.9000244140625,40.0
2014-11-05,1145.4000244140625,1168.699951171875,1137.800048828125,1168.0999755859375,157.0
2014-11-06,1142.300048828125,1147.5,1137.9000244140625,1141.0999755859375,137.0
2014-11-07,1169.5999755859375,1169.699951171875,1133.0,1139.9000244140625,97.0
2014-11-08,1169.5999755859375,1169.699951171875,1133.0,1139.9000244140625,97.0
2014-11-09,1169.5999755859375,1169.699951171875,1133.0,1139.9000244140625,97.0
2014-11-10,1159.5999755859375,1171.0,1150.699951171875,1171.0,40.0
2014-11-11,1162.800048828125,1170.5,1151.5999755859375,1155.0,22.0
2014-11-12,1158.9000244140625,1168.0999755859375,1157.5,1162.5,17.0
2014-11-13,1161.0999755859375,1164.5,1155.0,1163.699951171875,1047.0
2014-11-14,1185.0,1191.0,1148.0,1155.199951171875,486.0
2014-11-15,1185.0,1191.0,1148.0,1155.199951171875,486.0
2014-11-16,1185.0,1191.0,1148.0,1155.199951171875,486.0
2014-11-17,1183.0,1186.9000244140625,1180.5999755859375,1183.0999755859375,17.0
2014-11-18,1196.699951171875,1197.0999755859375,1193.9000244140625,1197.0999755859375,2.0
2014-11-19,1193.5999755859375,1198.300048828125,1190.5999755859375,1196.5,23.0
2014-11-20,1190.699951171875,1191.9000244140625,1190.699951171875,1191.800048828125,3.0
2014-11-21,1197.5,1202.4000244140625,1189.0,1191.0,20.0
2014-11-22,1197.5,1202.4000244140625,1189.0,1191.0,20.0
2014-11-23,1197.5,1202.4000244140625,1189.0,1191.0,20.0
2014-11-24,1195.5,1197.9000244140625,1195.5,1197.699951171875,17.0
2014-11-25,1197.0999755859375,1197.0999755859375,1197.0999755859375,1197.0999755859375,210753.0
2014-11-26,1196.5999755859375,1201.0,1193.699951171875,1200.5,75297.0
2014-11-27,1196.5999755859375,1201.0,1193.699951171875,1200.5,75297.0
2014-11-28,1175.199951171875,1198.199951171875,1163.800048828125,1197.0,11175.0
2014-11-29,1175.199951171875,1198.199951171875,1163.800048828125,1197.0,11175.0
2014-11-30,1175.199951171875,1198.199951171875,1163.800048828125,1197.0,11175.0
2014-12-01,1218.0,1220.4000244140625,1141.699951171875,1160.0,5524.0
2014-12-02,1199.199951171875,1212.300048828125,1191.300048828125,1212.300048828125,1236.0
2014-12-03,1208.5,1213.699951171875,1196.0999755859375,1198.0999755859375,440.0
2014-12-04,1207.5,1213.0,1201.5999755859375,1208.199951171875,358.0
2014-12-05,1190.0999755859375,1206.0,1186.699951171875,1203.0999755859375,560.0
2014-12-06,1190.0999755859375,1206.0,1186.699951171875,1203.0999755859375,560.0
2014-12-07,1190.0999755859375,1206.0,1186.699951171875,1203.0999755859375,560.0
2014-12-08,1194.699951171875,1207.0,1187.199951171875,1190.5999755859375,183.0
2014-12-09,1231.5,1238.0,1202.0,1202.0,314.0
2014-12-10,1228.9000244140625,1234.5999755859375,1226.5999755859375,1231.199951171875,306.0
2014-12-11,1225.0999755859375,1231.199951171875,1216.199951171875,1226.5999755859375,264.0
2014-12-12,1222.0,1227.800048828125,1216.199951171875,1227.800048828125,203.0
2014-12-13,1222.0,1227.800048828125,1216.199951171875,1227.800048828125,203.0
2014-12-14,1222.0,1227.800048828125,1216.199951171875,1227.800048828125,203.0
2014-12-15,1207.199951171875,1223.0999755859375,1198.4000244140625,1223.0999755859375,77.0
2014-12-16,1193.9000244140625,1222.0,1192.699951171875,1197.199951171875,223.0
2014-12-17,1194.300048828125,1199.5999755859375,1184.0,1198.199951171875,94.0
2014-12-18,1194.699951171875,1207.300048828125,1189.699951171875,1189.699951171875,197.0
2014-12-19,1195.9000244140625,1200.800048828125,1195.9000244140625,1198.0,96.0
2014-12-20,1195.9000244140625,1200.800048828125,1195.9000244140625,1198.0,96.0
2014-12-21,1195.9000244140625,1200.800048828125,1195.9000244140625,1198.0,96.0
2014-12-22,1179.699951171875,1198.0,1172.699951171875,1198.0,223.0
2014-12-23,1177.9000244140625,1180.300048828125,1175.0,1179.300048828125,232.0
2014-12-24,1173.5,1179.300048828125,1173.5,1177.0,23.0
2014-12-25,1173.5,1179.300048828125,1173.5,1177.0,23.0
2014-12-26,1195.300048828125,1195.300048828125,1177.199951171875,1177.199951171875,124.0
2014-12-27,1195.300048828125,1195.300048828125,1177.199951171875,1177.199951171875,124.0
2014-12-28,1195.300048828125,1195.300048828125,1177.199951171875,1177.199951171875,124.0
2014-12-29,1181.699951171875,1186.5,1181.300048828125,1186.5,180.0
2014-12-30,1200.199951171875,1210.300048828125,1181.4000244140625,1181.4000244140625,191.0
2014-12-31,1183.9000244140625,1199.199951171875,1182.699951171875,1199.199951171875,92.0
2015-01-01,1183.9000244140625,1199.199951171875,1182.699951171875,1199.199951171875,92.0
2015-01-02,1186.0,1194.5,1169.5,1184.0,138.0
2015-01-03,1186.0,1194.5,1169.5,1184.0,138.0
2015-01-04,1186.0,1194.5,1169.5,1184.0,138.0
2015-01-05,1203.9000244140625,1206.9000244140625,1180.0999755859375,1180.300048828125,470.0
2015-01-06,1219.300048828125,1220.0,1203.5,1203.5,97.0
2015-01-07,1210.5999755859375,1219.199951171875,1210.5999755859375,1219.199951171875,29.0
2015-01-08,1208.4000244140625,1215.699951171875,1206.300048828125,1207.0,92.0
2015-01-09,1216.0,1220.199951171875,1210.300048828125,1211.0999755859375,43.0
2015-01-10,1216.0,1220.199951171875,1210.300048828125,1211.0999755859375,43.0
2015-01-11,1216.0,1220.199951171875,1210.300048828125,1211.0999755859375,43.0
2015-01-12,1232.699951171875,1234.4000244140625,1219.0999755859375,1224.199951171875,100.0
2015-01-13,1234.300048828125,1239.300048828125,1230.300048828125,1239.199951171875,20.0
2015-01-14,1234.4000244140625,1243.800048828125,1225.5999755859375,1229.5999755859375,21.0
2015-01-15,1264.699951171875,1265.0,1227.300048828125,1231.5,130.0
2015-01-16,1276.9000244140625,1279.699951171875,1256.0999755859375,1256.0999755859375,44.0
2015-01-17,1276.9000244140625,1279.699951171875,1256.0999755859375,1256.0999755859375,44.0
2015-01-18,1276.9000244140625,1279.699951171875,1256.0999755859375,1256.0999755859375,44.0
2015-01-19,1276.9000244140625,1279.699951171875,1256.0999755859375,1256.0999755859375,44.0
2015-01-20,1294.199951171875,1297.300048828125,1273.800048828125,1278.9000244140625,157.0
2015-01-21,1293.699951171875,1303.5,1286.699951171875,1295.199951171875,78.0
2015-01-22,1300.699951171875,1302.0999755859375,1283.5,1293.199951171875,131.0
2015-01-23,1292.5999755859375,1299.800048828125,1292.5999755859375,1299.800048828125,23.0
2015-01-24,1292.5999755859375,1299.800048828125,1292.5999755859375,1299.800048828125,23.0
2015-01-25,1292.5999755859375,1299.800048828125,1292.5999755859375,1299.800048828125,23.0
2015-01-26,1279.4000244140625,1290.5999755859375,1279.4000244140625,1289.5,26.0
2015-01-27,1291.699951171875,1291.699951171875,1277.199951171875,1277.199951171875,20.0
2015-01-28,1285.9000244140625,1286.800048828125,1285.9000244140625,1285.9000244140625,180387.0
2015-01-29,1254.5999755859375,1285.4000244140625,1251.0,1283.300048828125,67983.0
2015-01-30,1278.5,1284.300048828125,1257.0,1258.0,8626.0
2015-01-31,1278.5,1284.300048828125,1257.0,1258.0,8626.0
2015-02-01,1278.5,1284.300048828125,1257.0,1258.0,8626.0
2015-02-02,1276.199951171875,1284.0999755859375,1266.0,1284.0999755859375,1654.0
2015-02-03,1259.699951171875,1284.699951171875,1255.300048828125,1273.5,2380.0
2015-02-04,1263.800048828125,1271.5999755859375,1256.800048828125,1262.0,668.0
2015-02-05,1262.0,1272.5999755859375,1257.800048828125,1271.800048828125,133.0
2015-02-06,1233.9000244140625,1267.5999755859375,1228.0,1265.0,432.0
2015-02-07,1233.9000244140625,1267.5999755859375,1228.0,1265.0,432.0
2015-02-08,1233.9000244140625,1267.5999755859375,1228.0,1265.0,432.0
2015-02-09,1240.800048828125,1242.300048828125,1235.4000244140625,1237.5,319.0
2015-02-10,1231.5999755859375,1245.0,1231.199951171875,1237.5,231.0
2015-02-11,1219.0,1237.4000244140625,1219.0,1233.300048828125,102.0
2015-02-12,1220.0999755859375,1229.800048828125,1217.9000244140625,1217.9000244140625,99.0
2015-02-13,1226.5,1232.800048828125,1222.199951171875,1222.199951171875,65.0
2015-02-14,1226.5,1232.800048828125,1222.199951171875,1222.199951171875,65.0
2015-02-15,1226.5,1232.800048828125,1222.199951171875,1222.199951171875,65.0
2015-02-16,1226.5,1232.800048828125,1222.199951171875,1222.199951171875,65.0
2015-02-17,1208.0999755859375,1234.0,1203.0,1227.699951171875,204.0
2015-02-18,1199.699951171875,1210.199951171875,1197.800048828125,1207.0999755859375,147.0
2015-02-19,1207.0999755859375,1220.0,1205.0,1216.5,65.0
2015-02-20,1204.4000244140625,1213.0999755859375,1199.0999755859375,1206.5,51.0
2015-02-21,1204.4000244140625,1213.0999755859375,1199.0999755859375,1206.5,51.0
2015-02-22,1204.4000244140625,1213.0999755859375,1199.0999755859375,1206.5,51.0
2015-02-23,1200.300048828125,1203.300048828125,1191.5999755859375,1201.300048828125,268.0
2015-02-24,1196.9000244140625,1203.5,1193.800048828125,1203.4000244140625,151.0
2015-02-25,1201.0,1204.5999755859375,1201.0,1204.300048828125,570.0
2015-02-26,1209.5999755859375,1219.0,1204.800048828125,1204.800048828125,560.0
2015-02-27,1212.5999755859375,1217.800048828125,1204.5,1207.699951171875,195.0
2015-02-28,1212.5999755859375,1217.800048828125,1204.5,1207.699951171875,195.0
2015-03-01,1212.5999755859375,1217.800048828125,1204.5,1207.699951171875,195.0
2015-03-02,1207.699951171875,1222.699951171875,1204.9000244140625,1214.300048828125,124.0
2015-03-03,1204.0,1212.0,1195.0,1201.5,51.0
2015-03-04,1200.5999755859375,1206.9000244140625,1198.0,1204.800048828125,27.0
2015-03-05,1195.9000244140625,1205.4000244140625,1195.9000244140625,1201.699951171875,29.0
2015-03-06,1164.0999755859375,1195.699951171875,1163.699951171875,1195.0,168.0
2015-03-07,1164.0999755859375,1195.699951171875,1163.699951171875,1195.0,168.0
2015-03-08,1164.0999755859375,1195.699951171875,1163.699951171875,1195.0,168.0
2015-03-09,1166.4000244140625,1174.199951171875,1166.300048828125,1169.4000244140625,45.0
2015-03-10,1160.0999755859375,1168.4000244140625,1156.5,1166.4000244140625,94.0
2015-03-11,1150.699951171875,1162.0,1147.699951171875,1162.0,74.0
2015-03-12,1152.0999755859375,1160.5,1149.699951171875,1155.4000244140625,63.0
2015-03-13,1152.5999755859375,1159.199951171875,1152.5999755859375,1158.199951171875,44.0
2015-03-14,1152.5999755859375,1159.199951171875,1152.5999755859375,1158.199951171875,44.0
2015-03-15,1152.5999755859375,1159.199951171875,1152.5999755859375,1158.199951171875,44.0
2015-03-16,1153.300048828125,1162.300048828125,1150.0999755859375,1159.699951171875,56.0
2015-03-17,1148.300048828125,1158.199951171875,1144.300048828125,1153.5999755859375,71.0
2015-03-18,1151.4000244140625,1174.300048828125,1147.0,1148.699951171875,112.0
2015-03-19,1169.0999755859375,1171.5999755859375,1159.300048828125,1171.5999755859375,39.0
2015-03-20,1184.800048828125,1185.4000244140625,1171.0,1171.0,54.0
2015-03-21,1184.800048828125,1185.4000244140625,1171.0,1171.0,54.0
2015-03-22,1184.800048828125,1185.4000244140625,1171.0,1171.0,54.0
2015-03-23,1188.0,1188.0,1181.199951171875,1181.5999755859375,5.0
2015-03-24,1191.699951171875,1193.0,1186.0,1188.0,411.0
2015-03-25,1197.300048828125,1199.199951171875,1192.5,1192.5,11.0
2015-03-26,1205.0999755859375,1213.699951171875,1198.199951171875,1198.199951171875,68.0
2015-03-27,1199.800048828125,1199.800048828125,1196.300048828125,1197.0,172260.0
2015-03-28,1199.800048828125,1199.800048828125,1196.300048828125,1197.0,172260.0
2015-03-29,1199.800048828125,1199.800048828125,1196.300048828125,1197.0,172260.0
2015-03-30,1184.800048828125,1198.5,1181.5999755859375,1198.0,37990.0
2015-03-31,1183.0999755859375,1190.0999755859375,1178.199951171875,1185.800048828125,3409.0
2015-04-01,1208.0999755859375,1208.199951171875,1181.0,1182.9000244140625,1632.0
2015-04-02,1200.9000244140625,1205.699951171875,1194.800048828125,1204.0,1684.0
2015-04-03,1200.9000244140625,1205.699951171875,1194.800048828125,1204.0,1684.0
2015-04-04,1200.9000244140625,1205.699951171875,1194.800048828125,1204.0,1684.0
2015-04-05,1200.9000244140625,1205.699951171875,1194.800048828125,1204.0,1684.0
2015-04-06,1218.5999755859375,1224.199951171875,1209.9000244140625,1209.9000244140625,343.0
2015-04-07,1210.5999755859375,1214.800048828125,1208.199951171875,1214.800048828125,406.0
2015-04-08,1203.0999755859375,1211.4000244140625,1197.5999755859375,1208.9000244140625,236.0
2015-04-09,1193.5999755859375,1202.5,1193.0,1201.699951171875,521.0
2015-04-10,1204.5999755859375,1209.5999755859375,1195.800048828125,1195.800048828125,202.0
2015-04-11,1204.5999755859375,1209.5999755859375,1195.800048828125,1195.800048828125,202.0
2015-04-12,1204.5999755859375,1209.5999755859375,1195.800048828125,1195.800048828125,202.0
2015-04-13,1199.300048828125,1208.0999755859375,1198.300048828125,1208.0999755859375,424.0
2015-04-14,1192.800048828125,1200.5999755859375,1184.0999755859375,1198.800048828125,546.0
2015-04-15,1201.5,1203.0999755859375,1188.5999755859375,1194.5999755859375,196.0
2015-04-16,1198.0,1208.5,1194.5999755859375,1204.300048828125,199.0
2015-04-17,1202.9000244140625,1206.0,1200.199951171875,1200.199951171875,21.0
2015-04-18,1202.9000244140625,1206.0,1200.199951171875,1200.199951171875,21.0
2015-04-19,1202.9000244140625,1206.0,1200.199951171875,1200.199951171875,21.0
2015-04-20,1193.5,1206.9000244140625,1191.0,1205.699951171875,67.0
2015-04-21,1202.9000244140625,1202.9000244140625,1192.800048828125,1193.199951171875,33.0
2015-04-22,1186.9000244140625,1202.5999755859375,1185.199951171875,1199.0999755859375,93.0
2015-04-23,1194.4000244140625,1197.0,1186.0999755859375,1187.199951171875,331.0
2015-04-24,1175.199951171875,1194.699951171875,1174.5999755859375,1192.300048828125,52.0
2015-04-25,1175.199951171875,1194.699951171875,1174.5999755859375,1192.300048828125,52.0
2015-04-26,1175.199951171875,1194.699951171875,1174.5999755859375,1192.300048828125,52.0
2015-04-27,1203.300048828125,1206.699951171875,1181.4000244140625,1182.300048828125,194.0
2015-04-28,1214.0,1214.0,1199.699951171875,1199.699951171875,401.0
2015-04-29,1209.800048828125,1212.5999755859375,1201.9000244140625,1211.199951171875,114.0
2015-04-30,1182.4000244140625,1205.9000244140625,1176.699951171875,1203.0999755859375,143.0
2015-05-01,1174.5,1178.0999755859375,1170.0,1178.0999755859375,23.0
2015-05-02,1174.5,1178.0999755859375,1170.0,1178.0999755859375,23.0
2015-05-03,1174.5,1178.0999755859375,1170.0,1178.0999755859375,23.0
2015-05-04,1186.800048828125,1189.4000244140625,1177.5,1177.5,38.0
2015-05-05,1193.199951171875,1198.699951171875,1186.9000244140625,1187.5,48.0
2015-05-06,1190.300048828125,1194.5999755859375,1189.9000244140625,1194.5,14.0
2015-05-07,1182.4000244140625,1186.0,1179.699951171875,1181.5,44.0
2015-05-08,1189.0999755859375,1189.0999755859375,1182.9000244140625,1183.300048828125,51.0
2015-05-09,1189.0999755859375,1189.0999755859375,1182.9000244140625,1183.300048828125,51.0
2015-05-10,1189.0999755859375,1189.0999755859375,1182.9000244140625,1183.300048828125,51.0
2015-05-11,1183.199951171875,1190.5,1179.300048828125,1189.699951171875,26.0
2015-05-12,1192.5999755859375,1194.800048828125,1189.699951171875,1194.5999755859375,10.0
2015-05-13,1218.4000244140625,1218.4000244140625,1191.0,1192.699951171875,34.0
2015-05-14,1225.4000244140625,1225.5999755859375,1214.5,1214.5,35.0
2015-05-15,1225.5,1225.5,1214.800048828125,1218.5,12.0
2015-05-16,1225.5,1225.5,1214.800048828125,1218.5,12.0
2015-05-17,1225.5,1225.5,1214.800048828125,1218.5,12.0
2015-05-18,1227.800048828125,1228.0999755859375,1222.5999755859375,1224.5,8.0
2015-05-19,1206.9000244140625,1223.9000244140625,1206.0,1223.9000244140625,9.0
2015-05-20,1208.9000244140625,1210.800048828125,1205.0999755859375,1205.0999755859375,11.0
2015-05-21,1204.4000244140625,1204.5,1203.699951171875,1204.5,43.0
2015-05-22,1204.300048828125,1211.9000244140625,1204.300048828125,1211.5999755859375,8.0
2015-05-23,1204.300048828125,1211.9000244140625,1204.300048828125,1211.5999755859375,8.0
2015-05-24,1204.300048828125,1211.9000244140625,1204.300048828125,1211.5999755859375,8.0
2015-05-25,1204.300048828125,1211.9000244140625,1204.300048828125,1211.5999755859375,8.0
2015-05-26,1187.199951171875,1193.5999755859375,1186.0,1193.5999755859375,40.0
2015-05-27,1185.9000244140625,1185.9000244140625,1185.9000244140625,1185.9000244140625,200216.0
2015-05-28,1188.0999755859375,1192.0,1179.5999755859375,1187.0999755859375,52705.0
2015-05-29,1189.4000244140625,1193.300048828125,1185.699951171875,1187.800048828125,4748.0
2015-05-30,1189.4000244140625,1193.300048828125,1185.699951171875,1187.800048828125,4748.0
2015-05-31,1189.4000244140625,1193.300048828125,1185.699951171875,1187.800048828125,4748.0
2015-06-01,1188.300048828125,1204.0,1184.300048828125,1190.5999755859375,1236.0
2015-06-02,1194.0999755859375,1194.300048828125,1186.0,1189.0,1003.0
2015-06-03,1184.699951171875,1193.9000244140625,1179.0999755859375,1193.9000244140625,630.0
2015-06-04,1174.9000244140625,1185.300048828125,1173.0,1184.9000244140625,447.0
2015-06-05,1167.800048828125,1177.300048828125,1164.0,1176.4000244140625,390.0
2015-06-06,1167.800048828125,1177.300048828125,1164.0,1176.4000244140625,390.0
2015-06-07,1167.800048828125,1177.300048828125,1164.0,1176.4000244140625,390.0
2015-06-08,1173.199951171875,1176.0999755859375,1169.0999755859375,1169.5,173.0
2015-06-09,1177.300048828125,1180.300048828125,1172.699951171875,1172.9000244140625,144.0
2015-06-10,1186.0999755859375,1190.0999755859375,1175.5999755859375,1176.0999755859375,295.0
2015-06-11,1179.9000244140625,1183.199951171875,1174.4000244140625,1183.199951171875,69.0
2015-06-12,1178.800048828125,1181.199951171875,1176.199951171875,1180.4000244140625,141.0
2015-06-13,1178.800048828125,1181.199951171875,1176.199951171875,1180.4000244140625,141.0
2015-06-14,1178.800048828125,1181.199951171875,1176.199951171875,1180.4000244140625,141.0
2015-06-15,1185.300048828125,1188.5,1172.699951171875,1179.9000244140625,102.0
2015-06-16,1180.5,1186.5,1175.9000244140625,1186.5,29.0
2015-06-17,1176.4000244140625,1186.300048828125,1174.9000244140625,1177.5999755859375,168.0
2015-06-18,1201.5,1202.0,1183.4000244140625,1183.4000244140625,130.0
2015-06-19,1201.5,1203.0999755859375,1199.699951171875,1199.699951171875,142.0
2015-06-20,1201.5,1203.0999755859375,1199.699951171875,1199.699951171875,142.0
2015-06-21,1201.5,1203.0999755859375,1199.699951171875,1199.699951171875,142.0
2015-06-22,1183.699951171875,1197.800048828125,1182.699951171875,1197.800048828125,30.0
2015-06-23,1176.199951171875,1186.0,1176.199951171875,1183.800048828125,60.0
2015-06-24,1172.5999755859375,1176.5999755859375,1170.699951171875,1176.5999755859375,263.0
2015-06-25,1171.5,1175.9000244140625,1171.5,1175.800048828125,95.0
2015-06-26,1172.9000244140625,1172.9000244140625,1170.5,1170.5,308.0
2015-06-27,1172.9000244140625,1172.9000244140625,1170.5,1170.5,308.0
2015-06-28,1172.9000244140625,1172.9000244140625,1170.5,1170.5,308.0
2015-06-29,1178.5,1186.0,1173.800048828125,1185.0999755859375,174.0
2015-06-30,1171.5,1176.4000244140625,1166.5999755859375,1176.300048828125,223.0
2015-07-01,1169.0,1173.0999755859375,1166.5999755859375,1173.0999755859375,455.0
2015-07-02,1163.0,1168.0999755859375,1155.5,1166.4000244140625,316.0
2015-07-03,1163.0,1168.0999755859375,1155.5,1166.4000244140625,316.0
2015-07-04,1163.0,1168.0999755859375,1155.5,1166.4000244140625,316.0
2015-07-05,1163.0,1168.0999755859375,1155.5,1166.4000244140625,316.0
2015-07-06,1172.9000244140625,1173.0,1162.199951171875,1171.0999755859375,634.0
2015-07-07,1152.4000244140625,1166.800048828125,1149.5,1166.800048828125,469.0
2015-07-08,1163.300048828125,1163.300048828125,1146.4000244140625,1152.5999755859375,65.0
2015-07-09,1159.0,1163.5999755859375,1154.800048828125,1154.800048828125,65.0
2015-07-10,1157.699951171875,1161.4000244140625,1157.5,1160.0999755859375,27.0
2015-07-11,1157.699951171875,1161.4000244140625,1157.5,1160.0999755859375,27.0
2015-07-12,1157.699951171875,1161.4000244140625,1157.5,1160.0999755859375,27.0
2015-07-13,1155.199951171875,1159.0,1151.199951171875,1159.0,14.0
2015-07-14,1153.300048828125,1157.199951171875,1153.0,1157.199951171875,39.0
2015-07-15,1147.199951171875,1154.0,1144.800048828125,1154.0,15.0
2015-07-16,1143.800048828125,1146.199951171875,1142.9000244140625,1146.199951171875,14.0
2015-07-17,1131.800048828125,1144.0,1130.199951171875,1144.0,120.0
2015-07-18,1131.800048828125,1144.0,1130.199951171875,1144.0,120.0
2015-07-19,1131.800048828125,1144.0,1130.199951171875,1144.0,120.0
2015-07-20,1106.699951171875,1130.699951171875,1095.0999755859375,1130.4000244140625,189.0
2015-07-21,1103.4000244140625,1106.4000244140625,1097.0999755859375,1097.0999755859375,118.0
2015-07-22,1091.4000244140625,1095.0,1086.0,1093.0,46.0
2015-07-23,1094.0,1097.5999755859375,1087.800048828125,1097.4000244140625,64.0
2015-07-24,1085.5999755859375,1100.699951171875,1078.5999755859375,1078.5999755859375,52.0
2015-07-25,1085.5999755859375,1100.699951171875,1078.5999755859375,1078.5999755859375,52.0
2015-07-26,1085.5999755859375,1100.699951171875,1078.5999755859375,1078.5999755859375,52.0
2015-07-27,1096.5,1102.5,1093.9000244140625,1100.0,19.0
2015-07-28,1096.300048828125,1097.699951171875,1096.300048828125,1097.199951171875,31.0
2015-07-29,1092.699951171875,1096.9000244140625,1092.699951171875,1096.4000244140625,159142.0
2015-07-30,1088.4000244140625,1097.5,1081.0,1096.0999755859375,49298.0
2015-07-31,1094.9000244140625,1102.800048828125,1079.0999755859375,1087.699951171875,5700.0
2015-08-01,1094.9000244140625,1102.800048828125,1079.0999755859375,1087.699951171875,5700.0
2015-08-02,1094.9000244140625,1102.800048828125,1079.0999755859375,1087.699951171875,5700.0
2015-08-03,1089.4000244140625,1097.0999755859375,1085.0,1095.5,2418.0
2015-08-04,1090.699951171875,1093.9000244140625,1080.5,1085.0999755859375,1139.0
2015-08-05,1085.699951171875,1090.5999755859375,1082.5,1086.5,1207.0
2015-08-06,1090.199951171875,1092.199951171875,1083.5999755859375,1084.4000244140625,269.0
2015-08-07,1094.0999755859375,1098.300048828125,1081.699951171875,1088.9000244140625,614.0
2015-08-08,1094.0999755859375,1098.300048828125,1081.699951171875,1088.9000244140625,614.0
2015-08-09,1094.0999755859375,1098.300048828125,1081.699951171875,1088.9000244140625,614.0
2015-08-10,1104.199951171875,1107.5999755859375,1089.5,1093.199951171875,900.0
2015-08-11,1107.5999755859375,1116.699951171875,1094.0,1103.800048828125,997.0
2015-08-12,1123.199951171875,1124.5,1101.5,1106.0,797.0
2015-08-13,1115.699951171875,1124.300048828125,1113.0,1124.300048828125,441.0
2015-08-14,1112.9000244140625,1118.800048828125,1112.5,1113.9000244140625,908.0
2015-08-15,1112.9000244140625,1118.800048828125,1112.5,1113.9000244140625,908.0
2015-08-16,1112.9000244140625,1118.800048828125,1112.5,1113.9000244140625,908.0
2015-08-17,1118.5999755859375,1122.0,1113.800048828125,1113.800048828125,399.0
2015-08-18,1117.0999755859375,1118.4000244140625,1110.0,1118.199951171875,475.0
2015-08-19,1128.0999755859375,1134.300048828125,1116.800048828125,1117.0,348.0
2015-08-20,1153.0,1153.300048828125,1132.800048828125,1132.800048828125,409.0
2015-08-21,1159.5999755859375,1166.5,1150.5,1154.0999755859375,261.0
2015-08-22,1159.5999755859375,1166.5,1150.5,1154.0999755859375,261.0
2015-08-23,1159.5999755859375,1166.5,1150.5,1154.0999755859375,261.0
2015-08-24,1153.4000244140625,1169.0,1147.5,1164.0,299.0
2015-08-25,1138.199951171875,1155.5,1134.0,1151.5,217.0
2015-08-26,1124.5999755859375,1143.0,1119.5999755859375,1139.199951171875,116.0
2015-08-27,1122.4000244140625,1127.4000244140625,1118.4000244140625,1127.199951171875,564.0
2015-08-28,1133.0999755859375,1139.0,1123.5999755859375,1125.300048828125,279.0
2015-08-29,1133.0999755859375,1139.0,1123.5999755859375,1125.300048828125,279.0
2015-08-30,1133.0999755859375,1139.0,1123.5999755859375,1125.300048828125,279.0
2015-08-31,1131.5999755859375,1134.0,1124.800048828125,1131.0999755859375,194.0
2015-09-01,1138.699951171875,1144.699951171875,1133.5,1133.5,375.0
2015-09-02,1132.5,1140.4000244140625,1130.800048828125,1137.300048828125,201.0
2015-09-03,1123.699951171875,1132.9000244140625,1120.300048828125,1130.300048828125,122.0
2015-09-04,1120.5999755859375,1125.199951171875,1116.199951171875,1123.4000244140625,51.0
2015-09-05,1120.5999755859375,1125.199951171875,1116.199951171875,1123.4000244140625,51.0
2015-09-06,1120.5999755859375,1125.199951171875,1116.199951171875,1123.4000244140625,51.0
2015-09-07,1120.5999755859375,1125.199951171875,1116.199951171875,1123.4000244140625,51.0
2015-09-08,1120.4000244140625,1124.300048828125,1116.4000244140625,1119.800048828125,138.0
2015-09-09,1102.199951171875,1123.5,1102.0999755859375,1123.5,150.0
2015-09-10,1109.5,1113.5,1105.5,1107.300048828125,56.0
2015-09-11,1103.5,1111.699951171875,1098.199951171875,1110.800048828125,81.0
2015-09-12,1103.5,1111.699951171875,1098.199951171875,1110.800048828125,81.0
2015-09-13,1103.5,1111.699951171875,1098.199951171875,1110.800048828125,81.0
2015-09-14,1107.699951171875,1108.5999755859375,1104.0999755859375,1107.800048828125,19.0
2015-09-15,1102.800048828125,1104.5,1102.800048828125,1104.5,8.0
2015-09-16,1119.199951171875,1119.9000244140625,1109.800048828125,1109.800048828125,31.0
2015-09-17,1117.300048828125,1130.5,1117.0999755859375,1118.5999755859375,14.0
2015-09-18,1138.0999755859375,1141.199951171875,1127.800048828125,1128.300048828125,59.0
2015-09-19,1138.0999755859375,1141.199951171875,1127.800048828125,1128.300048828125,59.0
2015-09-20,1138.0999755859375,1141.199951171875,1127.800048828125,1128.300048828125,59.0
2015-09-21,1133.0999755859375,1138.5,1130.800048828125,1137.5999755859375,17.0
2015-09-22,1125.0,1135.0,1122.5,1132.5999755859375,43.0
2015-09-23,1131.5999755859375,1132.199951171875,1128.300048828125,1128.5999755859375,33.0
2015-09-24,1153.800048828125,1155.9000244140625,1133.0,1133.0,37.0
2015-09-25,1146.0,1149.800048828125,1143.4000244140625,1149.800048828125,56.0
2015-09-26,1146.0,1149.800048828125,1143.4000244140625,1149.800048828125,56.0
2015-09-27,1146.0,1149.800048828125,1143.4000244140625,1149.800048828125,56.0
2015-09-28,1132.0,1133.199951171875,1132.0,1133.199951171875,4346.0
2015-09-29,1127.0999755859375,1134.4000244140625,1124.300048828125,1132.199951171875,2417.0
2015-09-30,1115.5,1126.0,1112.0999755859375,1124.300048828125,865.0
2015-10-01,1114.199951171875,1119.0,1113.300048828125,1115.199951171875,1181.0
2015-10-02,1137.0999755859375,1141.199951171875,1105.800048828125,1112.199951171875,323.0
2015-10-03,1137.0999755859375,1141.199951171875,1105.800048828125,1112.199951171875,323.0
2015-10-04,1137.0999755859375,1141.199951171875,1105.800048828125,1112.199951171875,323.0
2015-10-05,1138.0999755859375,1141.699951171875,1132.5,1137.0999755859375,226.0
2015-10-06,1146.800048828125,1150.0,1136.300048828125,1136.300048828125,145.0
2015-10-07,1149.0,1152.9000244140625,1143.0,1147.5999755859375,104.0
2015-10-08,1144.699951171875,1146.699951171875,1138.699951171875,1142.699951171875,138.0
2015-10-09,1156.300048828125,1157.199951171875,1151.5999755859375,1151.5999755859375,22.0
2015-10-10,1156.300048828125,1157.199951171875,1151.5999755859375,1151.5999755859375,22.0
2015-10-11,1156.300048828125,1157.199951171875,1151.5999755859375,1151.5999755859375,22.0
2015-10-12,1164.9000244140625,1166.800048828125,1155.9000244140625,1155.9000244140625,40.0
2015-10-13,1165.800048828125,1166.199951171875,1154.9000244140625,1163.5,132.0
2015-10-14,1180.0999755859375,1189.0,1167.300048828125,1172.4000244140625,143.0
2015-10-15,1187.9000244140625,1188.300048828125,1177.800048828125,1184.199951171875,143.0
2015-10-16,1183.5999755859375,1184.0999755859375,1176.199951171875,1182.5,243.0
2015-10-17,1183.5999755859375,1184.0999755859375,1176.199951171875,1182.5,243.0
2015-10-18,1183.5999755859375,1184.0999755859375,1176.199951171875,1182.5,243.0
2015-10-19,1173.300048828125,1177.800048828125,1169.300048828125,1176.5,62.0
2015-10-20,1178.0,1179.0999755859375,1168.699951171875,1168.699951171875,19.0
2015-10-21,1167.5999755859375,1176.4000244140625,1164.9000244140625,1175.9000244140625,41.0
2015-10-22,1166.5999755859375,1168.5999755859375,1163.5,1166.199951171875,48.0
2015-10-23,1163.300048828125,1178.699951171875,1163.300048828125,1166.199951171875,38.0
2015-10-24,1163.300048828125,1178.699951171875,1163.300048828125,1166.199951171875,38.0
2015-10-25,1163.300048828125,1178.699951171875,1163.300048828125,1166.199951171875,38.0
2015-10-26,1167.0,1170.0,1163.800048828125,1165.0999755859375,176.0
2015-10-27,1166.800048828125,1166.800048828125,1162.0,1164.5,302.0
2015-10-28,1177.0999755859375,1182.699951171875,1175.0999755859375,1175.0999755859375,217.0
2015-10-29,1147.199951171875,1162.0,1144.9000244140625,1158.0,329.0
2015-10-30,1141.5,1147.5999755859375,1139.199951171875,1147.5,249.0
2015-10-31,1141.5,1147.5999755859375,1139.199951171875,1147.5,249.0
2015-11-01,1141.5,1147.5999755859375,1139.199951171875,1147.5,249.0
2015-11-02,1135.800048828125,1138.699951171875,1132.5999755859375,1137.9000244140625,180.0
2015-11-03,1114.199951171875,1134.699951171875,1114.199951171875,1133.300048828125,185.0
2015-11-04,1106.5,1121.9000244140625,1106.5,1119.0,141.0
2015-11-05,1104.4000244140625,1110.699951171875,1104.4000244140625,1107.9000244140625,84.0
2015-11-06,1087.5999755859375,1109.5,1084.800048828125,1105.199951171875,78.0
2015-11-07,1087.5999755859375,1109.5,1084.800048828125,1105.199951171875,78.0
2015-11-08,1087.5999755859375,1109.5,1084.800048828125,1105.199951171875,78.0
2015-11-09,1087.9000244140625,1088.5999755859375,1087.9000244140625,1088.5999755859375,5.0
2015-11-10,1088.199951171875,1091.300048828125,1085.0,1090.0999755859375,18.0
2015-11-11,1084.699951171875,1091.4000244140625,1084.199951171875,1091.4000244140625,15.0
2015-11-12,1080.800048828125,1086.5999755859375,1080.800048828125,1086.0,4.0
2015-11-13,1080.800048828125,1085.9000244140625,1080.800048828125,1083.0999755859375,23.0
2015-11-14,1080.800048828125,1085.9000244140625,1080.800048828125,1083.0999755859375,23.0
2015-11-15,1080.800048828125,1085.9000244140625,1080.800048828125,1083.0999755859375,23.0
2015-11-16,1083.699951171875,1092.4000244140625,1083.699951171875,1092.0,11.0
2015-11-17,1068.699951171875,1075.800048828125,1065.0999755859375,1075.5,6.0
2015-11-18,1068.800048828125,1071.9000244140625,1064.0,1064.0,5.0
2015-11-19,1078.0,1082.4000244140625,1077.4000244140625,1077.4000244140625,10.0
2015-11-20,1076.4000244140625,1082.9000244140625,1076.4000244140625,1082.9000244140625,5.0
2015-11-21,1076.4000244140625,1082.9000244140625,1076.4000244140625,1082.9000244140625,5.0
2015-11-22,1076.4000244140625,1082.9000244140625,1076.4000244140625,1082.9000244140625,5.0
2015-11-23,1066.800048828125,1071.5,1066.800048828125,1070.0,57.0
2015-11-24,1074.300048828125,1079.4000244140625,1073.199951171875,1073.199951171875,222.0
2015-11-25,1070.5,1072.0,1068.5,1070.199951171875,148662.0
2015-11-26,1070.5,1072.0,1068.5,1070.199951171875,148662.0
2015-11-27,1056.199951171875,1074.199951171875,1051.0999755859375,1070.699951171875,52133.0
2015-11-28,1056.199951171875,1074.199951171875,1051.0999755859375,1070.699951171875,52133.0
2015-11-29,1056.199951171875,1074.199951171875,1051.0999755859375,1070.699951171875,52133.0
2015-11-30,1065.800048828125,1068.4000244140625,1052.0999755859375,1056.5,4601.0
2015-12-01,1063.800048828125,1074.5999755859375,1063.4000244140625,1064.5999755859375,3441.0
2015-12-02,1054.199951171875,1069.5,1049.5999755859375,1068.699951171875,503.0
2015-12-03,1061.699951171875,1064.5999755859375,1046.199951171875,1054.4000244140625,1161.0
2015-12-04,1084.5,1088.800048828125,1058.699951171875,1063.0,889.0
2015-12-05,1084.5,1088.800048828125,1058.699951171875,1063.0,889.0
2015-12-06,1084.5,1088.800048828125,1058.699951171875,1063.0,889.0
2015-12-07,1076.4000244140625,1086.5,1067.4000244140625,1084.9000244140625,656.0
2015-12-08,1076.300048828125,1078.4000244140625,1069.5999755859375,1071.0,306.0
2015-12-09,1077.5999755859375,1086.0,1070.5999755859375,1075.0999755859375,386.0
2015-12-10,1073.0999755859375,1076.300048828125,1071.699951171875,1073.0,226.0
2015-12-11,1076.9000244140625,1079.4000244140625,1064.4000244140625,1067.800048828125,410.0
2015-12-12,1076.9000244140625,1079.4000244140625,1064.4000244140625,1067.800048828125,410.0
2015-12-13,1076.9000244140625,1079.4000244140625,1064.4000244140625,1067.800048828125,410.0
2015-12-14,1064.699951171875,1076.699951171875,1060.0,1074.0,509.0
2015-12-15,1062.9000244140625,1066.199951171875,1061.800048828125,1064.5999755859375,220.0
2015-12-16,1078.0,1078.699951171875,1064.300048828125,1064.800048828125,81.0
2015-12-17,1050.800048828125,1072.5999755859375,1050.5,1072.5999755859375,56.0
2015-12-18,1066.199951171875,1070.300048828125,1052.699951171875,1053.699951171875,253.0
2015-12-19,1066.199951171875,1070.300048828125,1052.699951171875,1053.699951171875,253.0
2015-12-20,1066.199951171875,1070.300048828125,1052.699951171875,1053.699951171875,253.0
2015-12-21,1081.9000244140625,1081.9000244140625,1070.199951171875,1070.199951171875,26.0
2015-12-22,1074.800048828125,1078.5999755859375,1073.800048828125,1078.5999755859375,106.0
2015-12-23,1069.4000244140625,1074.800048828125,1069.4000244140625,1074.5,202.0
2015-12-24,1077.199951171875,1077.800048828125,1073.5,1074.300048828125,24.0
2015-12-25,1077.199951171875,1077.800048828125,1073.5,1074.300048828125,24.0
2015-12-26,1077.199951171875,1077.800048828125,1073.5,1074.300048828125,24.0
2015-12-27,1077.199951171875,1077.800048828125,1073.5,1074.300048828125,24.0
2015-12-28,1070.5,1098.800048828125,1070.5,1077.9000244140625,361.0
2015-12-29,1077.5,1079.699951171875,1077.5,1079.0999755859375,252.0
2015-12-30,1060.0999755859375,1070.199951171875,1059.699951171875,1068.5999755859375,71.0
2015-12-31,1060.300048828125,1062.0,1058.5,1061.9000244140625,10.0
2016-01-01,1060.300048828125,1062.0,1058.5,1061.9000244140625,10.0
2016-01-02,1060.300048828125,1062.0,1058.5,1061.9000244140625,10.0
2016-01-03,1060.300048828125,1062.0,1058.5,1061.9000244140625,10.0
2016-01-04,1075.0999755859375,1082.5,1063.199951171875,1063.4000244140625,143.0
2016-01-05,1078.4000244140625,1081.5,1075.300048828125,1075.5999755859375,82.0
2016-01-06,1091.9000244140625,1093.699951171875,1081.5999755859375,1081.5999755859375,52.0
2016-01-07,1107.699951171875,1109.4000244140625,1091.5999755859375,1091.5999755859375,122.0
2016-01-08,1097.800048828125,1111.0999755859375,1093.0,1111.0999755859375,98.0
2016-01-09,1097.800048828125,1111.0999755859375,1093.0,1111.0999755859375,98.0
2016-01-10,1097.800048828125,1111.0999755859375,1093.0,1111.0999755859375,98.0
2016-01-11,1096.5,1107.9000244140625,1096.5,1105.699951171875,43.0
2016-01-12,1085.5999755859375,1098.5,1084.0,1093.800048828125,87.0
2016-01-13,1087.5,1093.9000244140625,1081.5,1081.5,50.0
2016-01-14,1073.9000244140625,1091.5,1073.699951171875,1091.5,59.0
2016-01-15,1091.5,1095.800048828125,1081.800048828125,1085.0,44.0
2016-01-16,1091.5,1095.800048828125,1081.800048828125,1085.0,44.0
2016-01-17,1091.5,1095.800048828125,1081.800048828125,1085.0,44.0
2016-01-18,1091.5,1095.800048828125,1081.800048828125,1085.0,44.0
2016-01-19,1089.9000244140625,1094.4000244140625,1084.9000244140625,1089.800048828125,17.0
2016-01-20,1107.0999755859375,1109.800048828125,1099.800048828125,1099.800048828125,30.0
2016-01-21,1099.0999755859375,1103.5999755859375,1094.0999755859375,1103.5999755859375,16.0
2016-01-22,1097.199951171875,1103.199951171875,1097.199951171875,1098.0,4.0
2016-01-23,1097.199951171875,1103.199951171875,1097.199951171875,1098.0,4.0
2016-01-24,1097.199951171875,1103.199951171875,1097.199951171875,1098.0,4.0
2016-01-25,1106.199951171875,1109.300048828125,1099.300048828125,1099.300048828125,8.0
2016-01-26,1121.699951171875,1121.699951171875,1114.300048828125,1115.0999755859375,181.0
2016-01-27,1116.0999755859375,1117.800048828125,1115.800048828125,1117.800048828125,168706.0
2016-01-28,1115.5999755859375,1125.699951171875,1109.800048828125,1125.4000244140625,52861.0
2016-01-29,1116.4000244140625,1118.5999755859375,1108.800048828125,1114.4000244140625,6955.0
2016-01-30,1116.4000244140625,1118.5999755859375,1108.800048828125,1114.4000244140625,6955.0
2016-01-31,1116.4000244140625,1118.5999755859375,1108.800048828125,1114.4000244140625,6955.0
2016-02-01,1127.9000244140625,1130.0,1115.300048828125,1116.699951171875,1682.0
2016-02-02,1127.300048828125,1131.4000244140625,1123.0,1128.300048828125,1230.0
2016-02-03,1141.300048828125,1146.0,1125.0,1128.5,1630.0
2016-02-04,1157.5999755859375,1157.5999755859375,1141.0,1142.5,771.0
2016-02-05,1157.800048828125,1174.800048828125,1146.0,1155.5999755859375,877.0
2016-02-06,1157.800048828125,1174.800048828125,1146.0,1155.5999755859375,877.0
2016-02-07,1157.800048828125,1174.800048828125,1146.0,1155.5999755859375,877.0
2016-02-08,1197.9000244140625,1200.4000244140625,1165.0,1173.5,931.0
2016-02-09,1198.699951171875,1199.199951171875,1186.699951171875,1188.699951171875,700.0
2016-02-10,1194.699951171875,1197.699951171875,1182.0999755859375,1189.800048828125,671.0
2016-02-11,1247.9000244140625,1260.800048828125,1204.5999755859375,1205.5999755859375,995.0
2016-02-12,1239.0999755859375,1247.800048828125,1233.5,1247.800048828125,250.0
2016-02-13,1239.0999755859375,1247.800048828125,1233.5,1247.800048828125,250.0
2016-02-14,1239.0999755859375,1247.800048828125,1233.5,1247.800048828125,250.0
2016-02-15,1239.0999755859375,1247.800048828125,1233.5,1247.800048828125,250.0
2016-02-16,1207.9000244140625,1233.5999755859375,1193.5999755859375,1233.0999755859375,422.0
2016-02-17,1211.0999755859375,1212.9000244140625,1196.5,1196.5,53.0
2016-02-18,1226.0999755859375,1239.199951171875,1201.5999755859375,1209.5999755859375,315.0
2016-02-19,1230.4000244140625,1232.800048828125,1221.800048828125,1230.800048828125,76.0
2016-02-20,1230.4000244140625,1232.800048828125,1221.800048828125,1230.800048828125,76.0
2016-02-21,1230.4000244140625,1232.800048828125,1221.800048828125,1230.800048828125,76.0
2016-02-22,1209.5,1226.0999755859375,1203.0,1226.0999755859375,280.0
2016-02-23,1222.300048828125,1226.0999755859375,1207.4000244140625,1207.4000244140625,351.0
2016-02-24,1238.699951171875,1250.0999755859375,1230.0,1230.0,111.0
2016-02-25,1238.199951171875,1241.5,1235.0,1239.4000244140625,1349.0
2016-02-26,1219.800048828125,1239.0999755859375,1212.199951171875,1232.4000244140625,656.0
2016-02-27,1219.800048828125,1239.0999755859375,1212.199951171875,1232.4000244140625,656.0
2016-02-28,1219.800048828125,1239.0999755859375,1212.199951171875,1232.4000244140625,656.0
2016-02-29,1233.9000244140625,1241.0,1218.5999755859375,1218.5999755859375,580.0
2016-03-01,1230.300048828125,1248.4000244140625,1229.0,1240.5,477.0
2016-03-02,1241.0999755859375,1242.5999755859375,1226.0,1232.800048828125,267.0
2016-03-03,1257.4000244140625,1267.9000244140625,1238.0,1238.4000244140625,123.0
2016-03-04,1269.9000244140625,1279.9000244140625,1250.9000244140625,1263.0,268.0
2016-03-05,1269.9000244140625,1279.9000244140625,1250.9000244140625,1263.0,268.0
2016-03-06,1269.9000244140625,1279.9000244140625,1250.9000244140625,1263.0,268.0
2016-03-07,1263.199951171875,1272.300048828125,1259.699951171875,1259.800048828125,67.0
2016-03-08,1262.0999755859375,1276.300048828125,1261.0,1268.699951171875,43.0
2016-03-09,1256.5999755859375,1260.0,1244.800048828125,1254.5,79.0
2016-03-10,1272.0,1273.0,1237.5,1250.0,119.0
2016-03-11,1258.699951171875,1280.699951171875,1249.4000244140625,1270.0,87.0
2016-03-12,1258.699951171875,1280.699951171875,1249.4000244140625,1270.0,87.0
2016-03-13,1258.699951171875,1280.699951171875,1249.4000244140625,1270.0,87.0
2016-03-14,1244.4000244140625,1258.0,1234.5,1256.0,58.0
2016-03-15,1230.4000244140625,1236.0,1228.0,1228.300048828125,37.0
2016-03-16,1229.300048828125,1263.800048828125,1228.9000244140625,1229.5,45.0
2016-03-17,1264.5,1270.0999755859375,1255.9000244140625,1261.5,27.0
2016-03-18,1253.800048828125,1264.4000244140625,1251.5,1257.0999755859375,542.0
2016-03-19,1253.800048828125,1264.4000244140625,1251.5,1257.0999755859375,542.0
2016-03-20,1253.800048828125,1264.4000244140625,1251.5,1257.0999755859375,542.0
2016-03-21,1243.800048828125,1256.199951171875,1243.4000244140625,1256.199951171875,1061.0
2016-03-22,1248.199951171875,1252.4000244140625,1243.800048828125,1244.0,20.0
2016-03-23,1223.699951171875,1247.699951171875,1218.5999755859375,1247.699951171875,28.0
2016-03-24,1221.4000244140625,1221.4000244140625,1214.199951171875,1214.199951171875,13.0
2016-03-25,1221.4000244140625,1221.4000244140625,1214.199951171875,1214.199951171875,13.0
2016-03-26,1221.4000244140625,1221.4000244140625,1214.199951171875,1214.199951171875,13.0
2016-03-27,1221.4000244140625,1221.4000244140625,1214.199951171875,1214.199951171875,13.0
2016-03-28,1219.9000244140625,1222.199951171875,1210.0,1211.5,33.0
2016-03-29,1235.5999755859375,1235.5999755859375,1217.699951171875,1217.800048828125,189732.0
2016-03-30,1226.9000244140625,1245.0,1223.4000244140625,1241.4000244140625,48248.0
2016-03-31,1234.199951171875,1239.5999755859375,1224.5,1225.5999755859375,3377.0
2016-04-01,1222.199951171875,1235.199951171875,1209.199951171875,1232.300048828125,1602.0
2016-04-02,1222.199951171875,1235.199951171875,1209.199951171875,1232.300048828125,1602.0
2016-04-03,1222.199951171875,1235.199951171875,1209.199951171875,1232.300048828125,1602.0
2016-04-04,1218.0,1222.300048828125,1215.0,1221.699951171875,2038.0
2016-04-05,1228.4000244140625,1236.699951171875,1215.4000244140625,1215.4000244140625,477.0
2016-04-06,1222.5,1230.4000244140625,1217.5999755859375,1230.4000244140625,248.0
2016-04-07,1236.199951171875,1242.9000244140625,1224.5999755859375,1224.800048828125,375.0
2016-04-08,1242.5,1242.800048828125,1232.0,1241.0,409.0
2016-04-09,1242.5,1242.800048828125,1232.0,1241.0,409.0
2016-04-10,1242.5,1242.800048828125,1232.0,1241.0,409.0
2016-04-11,1256.699951171875,1258.699951171875,1241.5,1241.5,437.0
2016-04-12,1259.4000244140625,1261.699951171875,1253.699951171875,1260.0,185.0
2016-04-13,1246.800048828125,1256.9000244140625,1241.300048828125,1256.5,203.0
2016-04-14,1225.0,1243.699951171875,1224.5,1231.4000244140625,264.0
2016-04-15,1233.0999755859375,1235.0,1225.699951171875,1225.699951171875,97.0
2016-04-16,1233.0999755859375,1235.0,1225.699951171875,1225.699951171875,97.0
2016-04-17,1233.0999755859375,1235.0,1225.699951171875,1225.699951171875,97.0
2016-04-18,1233.5999755859375,1241.0999755859375,1232.199951171875,1238.699951171875,304.0
2016-04-19,1253.0,1256.199951171875,1228.800048828125,1231.5999755859375,386.0
2016-04-20,1253.199951171875,1256.0999755859375,1243.0,1256.0999755859375,180.0
2016-04-21,1249.0,1270.5999755859375,1247.5999755859375,1247.699951171875,124.0
2016-04-22,1228.699951171875,1248.5,1228.0,1248.5,188.0
2016-04-23,1228.699951171875,1248.5,1228.0,1248.5,188.0
2016-04-24,1228.699951171875,1248.5,1228.0,1248.5,188.0
2016-04-25,1238.9000244140625,1240.9000244140625,1231.5999755859375,1231.5999755859375,442.0
2016-04-26,1242.199951171875,1244.199951171875,1233.0,1239.800048828125,97.0
2016-04-27,1249.199951171875,1249.5,1248.5999755859375,1248.5999755859375,547.0
2016-04-28,1265.5,1270.0999755859375,1238.5,1245.9000244140625,887.0
2016-04-29,1289.199951171875,1295.5,1267.199951171875,1267.300048828125,464.0
2016-04-30,1289.199951171875,1295.5,1267.199951171875,1267.300048828125,464.0
2016-05-01,1289.199951171875,1295.5,1267.199951171875,1267.300048828125,464.0
2016-05-02,1294.699951171875,1304.4000244140625,1290.4000244140625,1292.0999755859375,192.0
2016-05-03,1290.699951171875,1301.5,1284.5,1292.699951171875,151.0
2016-05-04,1273.300048828125,1290.0,1273.0,1286.9000244140625,109.0
2016-05-05,1271.4000244140625,1286.0,1270.800048828125,1282.9000244140625,330.0
2016-05-06,1292.9000244140625,1295.5999755859375,1276.9000244140625,1278.5999755859375,305.0
2016-05-07,1292.9000244140625,1295.5999755859375,1276.9000244140625,1278.5999755859375,305.0
2016-05-08,1292.9000244140625,1295.5999755859375,1276.9000244140625,1278.5999755859375,305.0
2016-05-09,1265.5999755859375,1286.5,1262.300048828125,1286.5,341.0
2016-05-10,1263.9000244140625,1267.4000244140625,1258.699951171875,1265.0999755859375,23.0
2016-05-11,1274.5999755859375,1279.199951171875,1266.9000244140625,1266.9000244140625,50.0
2016-05-12,1270.300048828125,1281.199951171875,1264.0,1267.0,101.0
2016-05-13,1271.9000244140625,1275.699951171875,1264.5999755859375,1271.4000244140625,66.0
2016-05-14,1271.9000244140625,1275.699951171875,1264.5999755859375,1271.4000244140625,66.0
2016-05-15,1271.9000244140625,1275.699951171875,1264.5999755859375,1271.4000244140625,66.0
2016-05-16,1273.4000244140625,1287.800048828125,1272.800048828125,1272.800048828125,44.0
2016-05-17,1276.199951171875,1281.5999755859375,1270.800048828125,1272.5,16.0
2016-05-18,1273.699951171875,1276.4000244140625,1256.800048828125,1276.4000244140625,17.0
2016-05-19,1254.199951171875,1255.5,1247.5,1248.0,69.0
2016-05-20,1252.4000244140625,1256.5999755859375,1252.4000244140625,1256.5999755859375,44.0
2016-05-21,1252.4000244140625,1256.5999755859375,1252.4000244140625,1256.5999755859375,44.0
2016-05-22,1252.4000244140625,1256.5999755859375,1252.4000244140625,1256.5999755859375,44.0
2016-05-23,1251.0999755859375,1251.5999755859375,1247.5,1251.5999755859375,56.0
2016-05-24,1228.9000244140625,1240.0,1228.199951171875,1240.0,20.0
2016-05-25,1223.5,1223.5,1218.5999755859375,1219.300048828125,5.0
2016-05-26,1220.0999755859375,1232.5999755859375,1220.0999755859375,1232.5999755859375,199778.0
2016-05-27,1213.800048828125,1223.199951171875,1206.4000244140625,1220.300048828125,63739.0
2016-05-28,1213.800048828125,1223.199951171875,1206.4000244140625,1220.300048828125,63739.0
2016-05-29,1213.800048828125,1223.199951171875,1206.4000244140625,1220.300048828125,63739.0
2016-05-30,1213.800048828125,1223.199951171875,1206.4000244140625,1220.300048828125,63739.0
2016-05-31,1214.800048828125,1217.5999755859375,1199.0,1212.5,6432.0
2016-06-01,1211.9000244140625,1219.800048828125,1205.4000244140625,1215.699951171875,2717.0
2016-06-02,1209.800048828125,1217.0,1209.5999755859375,1212.4000244140625,1627.0
2016-06-03,1240.0999755859375,1244.5,1206.4000244140625,1209.0999755859375,1622.0
2016-06-04,1240.0999755859375,1244.5,1206.4000244140625,1209.0999755859375,1622.0
2016-06-05,1240.0999755859375,1244.5,1206.4000244140625,1209.0999755859375,1622.0
2016-06-06,1244.5999755859375,1247.300048828125,1240.0,1244.4000244140625,1135.0
2016-06-07,1244.4000244140625,1244.9000244140625,1236.5,1244.0,281.0
2016-06-08,1259.800048828125,1264.0,1247.300048828125,1247.5999755859375,406.0
2016-06-09,1270.199951171875,1271.4000244140625,1258.0999755859375,1262.5,381.0
2016-06-10,1273.4000244140625,1278.0,1265.300048828125,1267.5999755859375,397.0
2016-06-11,1273.4000244140625,1278.0,1265.300048828125,1267.5999755859375,397.0
2016-06-12,1273.4000244140625,1278.0,1265.300048828125,1267.5999755859375,397.0
2016-06-13,1284.4000244140625,1287.300048828125,1273.0,1276.199951171875,328.0
2016-06-14,1285.5999755859375,1289.699951171875,1277.800048828125,1281.800048828125,554.0
2016-06-15,1285.800048828125,1296.199951171875,1278.800048828125,1284.5999755859375,162.0
2016-06-16,1296.0999755859375,1316.4000244140625,1281.0999755859375,1296.300048828125,251.0
2016-06-17,1292.5,1300.0999755859375,1280.300048828125,1280.300048828125,129.0
2016-06-18,1292.5,1300.0999755859375,1280.300048828125,1280.300048828125,129.0
2016-06-19,1292.5,1300.0999755859375,1280.300048828125,1280.300048828125,129.0
2016-06-20,1290.0,1291.199951171875,1280.300048828125,1288.9000244140625,153.0
2016-06-21,1270.5,1293.9000244140625,1266.300048828125,1293.9000244140625,134.0
2016-06-22,1268.0,1269.199951171875,1264.9000244140625,1267.0,53.0
2016-06-23,1261.199951171875,1270.5,1255.199951171875,1263.4000244140625,218.0
2016-06-24,1320.0,1355.5999755859375,1253.699951171875,1253.699951171875,694.0
2016-06-25,1320.0,1355.5999755859375,1253.699951171875,1253.699951171875,694.0
2016-06-26,1320.0,1355.5999755859375,1253.699951171875,1253.699951171875,694.0
2016-06-27,1322.5,1331.699951171875,1320.0,1330.0,92.0
2016-06-28,1315.300048828125,1315.5999755859375,1314.0999755859375,1314.800048828125,1072.0
2016-06-29,1323.9000244140625,1327.4000244140625,1311.5999755859375,1311.5999755859375,414.0
2016-06-30,1318.4000244140625,1323.5,1314.5,1315.800048828125,560.0
2016-07-01,1336.699951171875,1344.199951171875,1321.9000244140625,1324.5,137.0
2016-07-02,1336.699951171875,1344.199951171875,1321.9000244140625,1324.5,137.0
2016-07-03,1336.699951171875,1344.199951171875,1321.9000244140625,1324.5,137.0
2016-07-04,1336.699951171875,1344.199951171875,1321.9000244140625,1324.5,137.0
2016-07-05,1356.4000244140625,1356.800048828125,1339.699951171875,1342.199951171875,90.0
2016-07-06,1364.9000244140625,1374.9000244140625,1359.0,1359.0,130.0
2016-07-07,1360.0999755859375,1368.5999755859375,1350.5,1366.800048828125,207.0
2016-07-08,1356.5999755859375,1365.800048828125,1335.0,1361.300048828125,249.0
2016-07-09,1356.5999755859375,1365.800048828125,1335.0,1361.300048828125,249.0
2016-07-10,1356.5999755859375,1365.800048828125,1335.0,1361.300048828125,249.0
2016-07-11,1355.0,1371.800048828125,1353.0,1371.699951171875,26.0
2016-07-12,1334.0999755859375,1356.0,1330.300048828125,1353.5999755859375,252.0
2016-07-13,1342.4000244140625,1342.4000244140625,1336.699951171875,1341.5,7.0
2016-07-14,1331.300048828125,1341.4000244140625,1322.699951171875,1341.4000244140625,20.0
2016-07-15,1326.5,1333.699951171875,1322.9000244140625,1333.699951171875,52.0
2016-07-16,1326.5,1333.699951171875,1322.9000244140625,1333.699951171875,52.0
2016-07-17,1326.5,1333.699951171875,1322.9000244140625,1333.699951171875,52.0
2016-07-18,1328.4000244140625,1335.0,1326.199951171875,1327.5,54.0
2016-07-19,1331.5,1333.199951171875,1326.4000244140625,1328.5,322.0
2016-07-20,1318.800048828125,1337.5,1315.5,1331.0,751.0
2016-07-21,1330.5,1330.5,1312.800048828125,1312.800048828125,318.0
2016-07-22,1323.0999755859375,1330.699951171875,1320.4000244140625,1330.699951171875,55.0
2016-07-23,1323.0999755859375,1330.699951171875,1320.4000244140625,1330.699951171875,55.0
2016-07-24,1323.0999755859375,1330.699951171875,1320.4000244140625,1330.699951171875,55.0
2016-07-25,1319.300048828125,1319.300048828125,1313.800048828125,1315.699951171875,548.0
2016-07-26,1320.699951171875,1320.699951171875,1315.199951171875,1315.199951171875,63.0
2016-07-27,1326.5999755859375,1326.5999755859375,1326.0,1326.0,215388.0
2016-07-28,1332.300048828125,1344.300048828125,1330.0999755859375,1339.5,56908.0
2016-07-29,1349.0,1353.300048828125,1325.800048828125,1333.199951171875,6076.0
2016-07-30,1349.0,1353.300048828125,1325.800048828125,1333.199951171875,6076.0
2016-07-31,1349.0,1353.300048828125,1325.800048828125,1333.199951171875,6076.0
2016-08-01,1351.4000244140625,1353.5,1345.5999755859375,1348.800048828125,1257.0
2016-08-02,1364.4000244140625,1366.0,1346.5999755859375,1352.0999755859375,2941.0
2016-08-03,1356.0999755859375,1364.699951171875,1353.300048828125,1362.4000244140625,715.0
2016-08-04,1358.800048828125,1361.5999755859375,1347.0,1354.4000244140625,381.0
2016-08-05,1336.4000244140625,1360.800048828125,1333.699951171875,1357.5999755859375,1107.0
2016-08-06,1336.4000244140625,1360.800048828125,1333.699951171875,1357.5999755859375,1107.0
2016-08-07,1336.4000244140625,1360.800048828125,1333.699951171875,1357.5999755859375,1107.0
2016-08-08,1333.4000244140625,1335.4000244140625,1327.800048828125,1330.0,587.0
2016-08-09,1339.0,1339.4000244140625,1328.5,1331.800048828125,620.0
2016-08-10,1344.300048828125,1354.199951171875,1344.300048828125,1344.800048828125,110.0
2016-08-11,1342.5,1350.4000244140625,1334.800048828125,1341.5999755859375,666.0
2016-08-12,1335.800048828125,1351.800048828125,1333.199951171875,1336.800048828125,113.0
2016-08-13,1335.800048828125,1351.800048828125,1333.199951171875,1336.800048828125,113.0
2016-08-14,1335.800048828125,1351.800048828125,1333.199951171875,1336.800048828125,113.0
2016-08-15,1340.300048828125,1340.5999755859375,1333.5999755859375,1336.5,62.0
2016-08-16,1350.5,1355.0,1341.0,1342.199951171875,338.0
2016-08-17,1342.699951171875,1347.300048828125,1338.5999755859375,1345.5,135.0
2016-08-18,1351.199951171875,1354.4000244140625,1348.199951171875,1351.300048828125,140.0
2016-08-19,1340.4000244140625,1350.0999755859375,1338.5999755859375,1350.0999755859375,197.0
2016-08-20,1340.4000244140625,1350.0999755859375,1338.5999755859375,1350.0999755859375,197.0
2016-08-21,1340.4000244140625,1350.0999755859375,1338.5999755859375,1350.0999755859375,197.0
2016-08-22,1337.699951171875,1337.699951171875,1333.300048828125,1334.4000244140625,117.0
2016-08-23,1340.5999755859375,1341.199951171875,1334.300048828125,1337.0,551.0
2016-08-24,1324.4000244140625,1337.199951171875,1322.9000244140625,1337.199951171875,262.0
2016-08-25,1320.0999755859375,1324.0,1317.0,1321.4000244140625,58.0
2016-08-26,1321.5,1340.5,1320.0999755859375,1323.800048828125,141.0
2016-08-27,1321.5,1340.5,1320.0999755859375,1323.800048828125,141.0
2016-08-28,1321.5,1340.5,1320.0999755859375,1323.800048828125,141.0
2016-08-29,1322.9000244140625,1323.0,1315.0,1315.0,437.0
2016-08-30,1311.699951171875,1322.0999755859375,1308.0,1322.0,705.0
2016-08-31,1306.9000244140625,1313.699951171875,1306.300048828125,1310.300048828125,214.0
2016-09-01,1312.199951171875,1313.0999755859375,1301.5,1305.300048828125,225.0
2016-09-02,1322.0999755859375,1326.699951171875,1309.199951171875,1309.5999755859375,55.0
2016-09-03,1322.0999755859375,1326.699951171875,1309.199951171875,1309.5999755859375,55.0
2016-09-04,1322.0999755859375,1326.699951171875,1309.199951171875,1309.5999755859375,55.0
2016-09-05,1322.0999755859375,1326.699951171875,1309.199951171875,1309.5999755859375,55.0
2016-09-06,1349.4000244140625,1349.4000244140625,1323.199951171875,1323.300048828125,46.0
2016-09-07,1344.300048828125,1350.5,1343.9000244140625,1348.4000244140625,14.0
2016-09-08,1336.800048828125,1345.4000244140625,1335.699951171875,1344.800048828125,30.0
2016-09-09,1330.0999755859375,1338.5,1328.0,1338.5,35.0
2016-09-10,1330.0999755859375,1338.5,1328.0,1338.5,35.0
2016-09-11,1330.0999755859375,1338.5,1328.0,1338.5,35.0
2016-09-12,1321.0,1329.300048828125,1319.9000244140625,1327.0,177.0
2016-09-13,1319.0,1324.5999755859375,1315.0,1324.5999755859375,79.0
2016-09-14,1321.5,1322.300048828125,1319.199951171875,1319.199951171875,73.0
2016-09-15,1313.5,1320.699951171875,1310.800048828125,1320.699951171875,37.0
2016-09-16,1305.800048828125,1312.5999755859375,1305.800048828125,1312.199951171875,4.0
2016-09-17,1305.800048828125,1312.5999755859375,1305.800048828125,1312.199951171875,4.0
2016-09-18,1305.800048828125,1312.5999755859375,1305.800048828125,1312.199951171875,4.0
2016-09-19,1313.5,1313.5,1313.5,1313.5,20.0
2016-09-20,1313.699951171875,1313.699951171875,1313.699951171875,1313.699951171875,97.0
2016-09-21,1326.9000244140625,1326.9000244140625,1324.0,1326.300048828125,76.0
2016-09-22,1340.4000244140625,1340.4000244140625,1338.199951171875,1338.5999755859375,23.0
2016-09-23,1337.199951171875,1337.199951171875,1337.199951171875,1337.199951171875,40.0
2016-09-24,1337.199951171875,1337.199951171875,1337.199951171875,1337.199951171875,40.0
2016-09-25,1337.199951171875,1337.199951171875,1337.199951171875,1337.199951171875,40.0
2016-09-26,1339.699951171875,1341.800048828125,1335.199951171875,1335.199951171875,24.0
2016-09-27,1325.9000244140625,1328.699951171875,1325.9000244140625,1328.0,48.0
2016-09-28,1319.4000244140625,1319.4000244140625,1319.4000244140625,1319.4000244140625,10551.0
2016-09-29,1321.699951171875,1325.0,1314.699951171875,1321.199951171875,6108.0
2016-09-30,1313.300048828125,1327.699951171875,1312.9000244140625,1320.5999755859375,868.0
2016-10-01,1313.300048828125,1327.699951171875,1312.9000244140625,1320.5999755859375,868.0
2016-10-02,1313.300048828125,1327.699951171875,1312.9000244140625,1320.5999755859375,868.0
2016-10-03,1309.0,1316.800048828125,1308.199951171875,1313.5,299.0
2016-10-04,1266.300048828125,1310.199951171875,1266.300048828125,1307.5999755859375,1893.0
2016-10-05,1265.199951171875,1274.0,1261.300048828125,1272.0999755859375,246.0
2016-10-06,1249.800048828125,1265.300048828125,1249.800048828125,1265.300048828125,114.0
2016-10-07,1248.9000244140625,1263.5999755859375,1248.9000244140625,1253.9000244140625,169.0
2016-10-08,1248.9000244140625,1263.5999755859375,1248.9000244140625,1253.9000244140625,169.0
2016-10-09,1248.9000244140625,1263.5999755859375,1248.9000244140625,1253.9000244140625,169.0
2016-10-10,1248.9000244140625,1263.5999755859375,1248.9000244140625,1253.9000244140625,169.0
2016-10-11,1253.0,1258.9000244140625,1253.0,1258.9000244140625,26.0
2016-10-12,1251.0999755859375,1254.0,1251.0999755859375,1251.699951171875,127.0
2016-10-13,1255.0,1259.0,1255.0,1258.699951171875,315.0
2016-10-14,1253.0999755859375,1253.9000244140625,1250.5999755859375,1253.9000244140625,311.0
2016-10-15,1253.0999755859375,1253.9000244140625,1250.5999755859375,1253.9000244140625,311.0
2016-10-16,1253.0999755859375,1253.9000244140625,1250.5999755859375,1253.9000244140625,311.0
2016-10-17,1254.4000244140625,1255.0,1249.9000244140625,1249.9000244140625,41.0
2016-10-18,1260.800048828125,1261.699951171875,1260.800048828125,1260.9000244140625,11.0
2016-10-19,1267.9000244140625,1271.5,1262.9000244140625,1262.9000244140625,219.0
2016-10-20,1265.5999755859375,1270.5,1265.5,1270.0,415.0
2016-10-21,1265.9000244140625,1265.9000244140625,1265.9000244140625,1265.9000244140625,224.0
2016-10-22,1265.9000244140625,1265.9000244140625,1265.9000244140625,1265.9000244140625,224.0
2016-10-23,1265.9000244140625,1265.9000244140625,1265.9000244140625,1265.9000244140625,224.0
2016-10-24,1262.0,1269.199951171875,1261.800048828125,1269.199951171875,42.0
2016-10-25,1271.9000244140625,1274.0999755859375,1264.0999755859375,1264.0999755859375,61.0
2016-10-26,1264.800048828125,1274.0,1264.800048828125,1274.0,279.0
2016-10-27,1267.9000244140625,1269.4000244140625,1267.9000244140625,1269.4000244140625,338.0
2016-10-28,1275.5,1281.5,1262.0,1270.300048828125,560.0
2016-10-29,1275.5,1281.5,1262.0,1270.300048828125,560.0
2016-10-30,1275.5,1281.5,1262.0,1270.300048828125,560.0
2016-10-31,1271.5,1276.5999755859375,1271.5,1276.5999755859375,58.0
2016-11-01,1286.4000244140625,1290.699951171875,1279.0,1279.300048828125,49.0
2016-11-02,1306.800048828125,1307.0,1288.300048828125,1288.300048828125,30.0
2016-11-03,1302.0999755859375,1303.0999755859375,1287.300048828125,1296.4000244140625,73.0
2016-11-04,1303.300048828125,1303.300048828125,1296.699951171875,1300.0,11.0
2016-11-05,1303.300048828125,1303.300048828125,1296.699951171875,1300.0,11.0
2016-11-06,1303.300048828125,1303.300048828125,1296.699951171875,1300.0,11.0
2016-11-07,1278.300048828125,1294.5,1278.300048828125,1292.0,34.0
2016-11-08,1273.4000244140625,1289.4000244140625,1273.199951171875,1284.0999755859375,50.0
2016-11-09,1272.5999755859375,1318.5999755859375,1270.0,1272.199951171875,108.0
2016-11-10,1265.5,1287.5,1253.300048828125,1274.4000244140625,63.0
2016-11-11,1265.5,1287.5,1253.300048828125,1274.4000244140625,63.0
2016-11-12,1265.5,1287.5,1253.300048828125,1274.4000244140625,63.0
2016-11-13,1265.5,1287.5,1253.300048828125,1274.4000244140625,63.0
2016-11-14,1221.199951171875,1229.5,1210.4000244140625,1227.800048828125,216.0
2016-11-15,1224.0,1226.0,1222.5,1224.300048828125,20.0
2016-11-16,1223.4000244140625,1229.300048828125,1223.0,1229.300048828125,66.0
2016-11-17,1216.5,1225.0,1211.0,1224.5999755859375,1139.0
2016-11-18,1208.5,1211.9000244140625,1207.199951171875,1211.9000244140625,607.0
2016-11-19,1208.5,1211.9000244140625,1207.199951171875,1211.9000244140625,607.0
2016-11-20,1208.5,1211.9000244140625,1207.199951171875,1211.9000244140625,607.0
2016-11-21,1209.5999755859375,1209.5999755859375,1209.5999755859375,1209.5999755859375,19.0
2016-11-22,1211.0,1211.0999755859375,1207.5999755859375,1210.4000244140625,19.0
2016-11-23,1189.0999755859375,1213.800048828125,1186.800048828125,1212.800048828125,309.0
2016-11-24,1189.0999755859375,1213.800048828125,1186.800048828125,1212.800048828125,309.0
2016-11-25,1178.199951171875,1189.300048828125,1177.0,1177.0,14.0
2016-11-26,1178.199951171875,1189.300048828125,1177.0,1177.0,14.0
2016-11-27,1178.199951171875,1189.300048828125,1177.0,1177.0,14.0
2016-11-28,1190.5999755859375,1190.5999755859375,1188.0,1188.0,189914.0
2016-11-29,1187.9000244140625,1194.800048828125,1179.4000244140625,1193.199951171875,42124.0
2016-11-30,1170.800048828125,1193.300048828125,1167.9000244140625,1187.0999755859375,7158.0
2016-12-01,1166.9000244140625,1174.5999755859375,1160.0,1172.699951171875,1588.0
2016-12-02,1175.0999755859375,1177.300048828125,1166.4000244140625,1172.300048828125,1521.0
2016-12-03,1175.0999755859375,1177.300048828125,1166.4000244140625,1172.300048828125,1521.0
2016-12-04,1175.0999755859375,1177.300048828125,1166.4000244140625,1172.300048828125,1521.0
2016-12-05,1174.0,1186.699951171875,1157.0,1181.800048828125,358.0
2016-12-06,1167.5999755859375,1174.5,1167.0999755859375,1170.9000244140625,652.0
2016-12-07,1175.0,1178.5,1166.4000244140625,1167.699951171875,182.0
2016-12-08,1169.800048828125,1177.800048828125,1169.0999755859375,1173.800048828125,322.0
2016-12-09,1159.4000244140625,1168.800048828125,1156.0,1166.5999755859375,365.0
2016-12-10,1159.4000244140625,1168.800048828125,1156.0,1166.5999755859375,365.0
2016-12-11,1159.4000244140625,1168.800048828125,1156.0,1166.5999755859375,365.0
2016-12-12,1163.5,1163.9000244140625,1153.0,1158.300048828125,331.0
2016-12-13,1156.699951171875,1164.0,1155.4000244140625,1163.5,637.0
2016-12-14,1161.300048828125,1164.0,1142.0,1159.800048828125,487.0
2016-12-15,1127.800048828125,1143.300048828125,1123.9000244140625,1139.800048828125,244.0
2016-12-16,1135.300048828125,1140.9000244140625,1126.9000244140625,1126.9000244140625,146.0
2016-12-17,1135.300048828125,1140.9000244140625,1126.9000244140625,1126.9000244140625,146.0
2016-12-18,1135.300048828125,1140.9000244140625,1126.9000244140625,1126.9000244140625,146.0
2016-12-19,1140.5,1140.699951171875,1137.9000244140625,1139.4000244140625,249.0
2016-12-20,1131.5,1133.5,1126.5,1133.5,46.0
2016-12-21,1131.0999755859375,1136.0999755859375,1130.0,1136.0999755859375,50.0
2016-12-22,1128.800048828125,1132.800048828125,1128.300048828125,1131.199951171875,104.0
2016-12-23,1131.9000244140625,1132.800048828125,1130.300048828125,1130.9000244140625,70.0
2016-12-24,1131.9000244140625,1132.800048828125,1130.300048828125,1130.9000244140625,70.0
2016-12-25,1131.9000244140625,1132.800048828125,1130.300048828125,1130.9000244140625,70.0
2016-12-26,1131.9000244140625,1132.800048828125,1130.300048828125,1130.9000244140625,70.0
2016-12-27,1137.300048828125,1142.199951171875,1134.300048828125,1134.300048828125,84.0
2016-12-28,1139.4000244140625,1141.199951171875,1138.0,1141.199951171875,1570.0
2016-12-29,1156.4000244140625,1158.800048828125,1143.5999755859375,1143.800048828125,950.0
2016-12-30,1150.0,1162.0,1150.0,1162.0,16.0
2016-12-31,1150.0,1162.0,1150.0,1162.0,16.0
2017-01-01,1150.0,1162.0,1150.0,1162.0,16.0
2017-01-02,1150.0,1162.0,1150.0,1162.0,16.0
2017-01-03,1160.4000244140625,1160.800048828125,1146.5,1155.199951171875,52.0
2017-01-04,1163.800048828125,1165.0,1156.300048828125,1156.300048828125,36.0
2017-01-05,1179.699951171875,1183.300048828125,1171.5,1172.0,500.0
2017-01-06,1171.9000244140625,1176.5,1171.9000244140625,1176.5,16.0
2017-01-07,1171.9000244140625,1176.5,1171.9000244140625,1176.5,16.0
2017-01-08,1171.9000244140625,1176.5,1171.9000244140625,1176.5,16.0
2017-01-09,1183.5,1183.5999755859375,1173.0,1173.9000244140625,62.0
2017-01-10,1184.199951171875,1188.9000244140625,1182.300048828125,1184.300048828125,8.0
2017-01-11,1195.5999755859375,1197.0,1176.5,1187.5,20.0
2017-01-12,1198.9000244140625,1204.300048828125,1192.300048828125,1192.699951171875,110.0
2017-01-13,1195.300048828125,1196.0,1187.699951171875,1195.699951171875,65.0
2017-01-14,1195.300048828125,1196.0,1187.699951171875,1195.699951171875,65.0
2017-01-15,1195.300048828125,1196.0,1187.699951171875,1195.699951171875,65.0
2017-01-16,1195.300048828125,1196.0,1187.699951171875,1195.699951171875,65.0
2017-01-17,1212.0,1214.5999755859375,1200.800048828125,1205.5,79.0
2017-01-18,1211.300048828125,1214.699951171875,1203.0999755859375,1213.5999755859375,114.0
2017-01-19,1200.9000244140625,1204.0,1195.800048828125,1200.5,26.0
2017-01-20,1204.300048828125,1212.0999755859375,1202.800048828125,1202.800048828125,38.0
2017-01-21,1204.300048828125,1212.0999755859375,1202.800048828125,1202.800048828125,38.0
2017-01-22,1204.300048828125,1212.0999755859375,1202.800048828125,1202.800048828125,38.0
2017-01-23,1215.0,1215.0,1210.0,1212.0,16.0
2017-01-24,1210.300048828125,1219.0,1207.699951171875,1219.0,24.0
2017-01-25,1197.300048828125,1202.800048828125,1194.9000244140625,1202.0,403.0
2017-01-26,1189.5,1199.699951171875,1185.5999755859375,1199.699951171875,19.0
2017-01-27,1188.0999755859375,1188.300048828125,1187.9000244140625,1187.9000244140625,234352.0
2017-01-28,1188.0999755859375,1188.300048828125,1187.9000244140625,1187.9000244140625,234352.0
2017-01-29,1188.0999755859375,1188.300048828125,1187.9000244140625,1187.9000244140625,234352.0
2017-01-30,1193.199951171875,1198.5,1187.0999755859375,1191.699951171875,50503.0
2017-01-31,1208.5999755859375,1214.699951171875,1193.5,1194.9000244140625,3212.0
2017-02-01,1205.5999755859375,1211.9000244140625,1197.9000244140625,1211.9000244140625,1145.0
2017-02-02,1216.699951171875,1224.199951171875,1208.9000244140625,1209.699951171875,1512.0
2017-02-03,1218.5,1220.5999755859375,1206.199951171875,1214.9000244140625,865.0
2017-02-04,1218.5,1220.5999755859375,1206.199951171875,1214.9000244140625,865.0
2017-02-05,1218.5,1220.5999755859375,1206.199951171875,1214.9000244140625,865.0
2017-02-06,1230.0,1235.4000244140625,1218.5,1221.9000244140625,908.0
2017-02-07,1234.199951171875,1236.199951171875,1228.5,1234.199951171875,1177.0
2017-02-08,1237.5999755859375,1243.9000244140625,1231.0,1232.0999755859375,288.0
2017-02-09,1235.0999755859375,1243.5,1226.9000244140625,1239.4000244140625,885.0
2017-02-10,1234.4000244140625,1234.4000244140625,1221.5,1227.5999755859375,391.0
2017-02-11,1234.4000244140625,1234.4000244140625,1221.5,1227.5999755859375,391.0
2017-02-12,1234.4000244140625,1234.4000244140625,1221.5,1227.5999755859375,391.0
2017-02-13,1224.4000244140625,1231.0999755859375,1219.0,1230.5,398.0
2017-02-14,1223.9000244140625,1233.5,1222.0999755859375,1225.9000244140625,159.0
2017-02-15,1231.699951171875,1231.699951171875,1217.300048828125,1225.5,175.0
2017-02-16,1240.0,1240.699951171875,1233.199951171875,1234.5,87.0
2017-02-17,1237.5999755859375,1241.199951171875,1234.800048828125,1240.699951171875,301.0
2017-02-18,1237.5999755859375,1241.199951171875,1234.800048828125,1240.699951171875,301.0
2017-02-19,1237.5999755859375,1241.199951171875,1234.800048828125,1240.699951171875,301.0
2017-02-20,1237.5999755859375,1241.199951171875,1234.800048828125,1240.699951171875,301.0
2017-02-21,1237.5,1237.5,1228.0999755859375,1237.300048828125,119.0
2017-02-22,1232.0,1238.5999755859375,1231.800048828125,1236.0999755859375,36.0
2017-02-23,1250.199951171875,1250.300048828125,1236.0999755859375,1236.0999755859375,112.0
2017-02-24,1256.9000244140625,1258.800048828125,1250.0,1250.0,1264.0
2017-02-25,1256.9000244140625,1258.800048828125,1250.0,1250.0,1264.0
2017-02-26,1256.9000244140625,1258.800048828125,1250.0,1250.0,1264.0
2017-02-27,1257.4000244140625,1263.0999755859375,1250.4000244140625,1254.699951171875,544.0
2017-02-28,1252.5999755859375,1257.300048828125,1247.199951171875,1253.5999755859375,721.0
2017-03-01,1248.9000244140625,1248.9000244140625,1236.9000244140625,1247.800048828125,138.0
2017-03-02,1231.9000244140625,1247.5999755859375,1230.699951171875,1247.199951171875,79.0
2017-03-03,1225.5,1235.199951171875,1222.9000244140625,1231.699951171875,121.0
2017-03-04,1225.5,1235.199951171875,1222.9000244140625,1231.699951171875,121.0
2017-03-05,1225.5,1235.199951171875,1222.9000244140625,1231.699951171875,121.0
2017-03-06,1224.5,1235.199951171875,1224.5,1235.199951171875,29.0
2017-03-07,1215.0999755859375,1225.4000244140625,1213.699951171875,1224.300048828125,53.0
2017-03-08,1208.5,1212.199951171875,1206.699951171875,1212.199951171875,24.0
2017-03-09,1202.4000244140625,1205.5999755859375,1202.300048828125,1204.5,37.0
2017-03-10,1200.699951171875,1203.300048828125,1196.199951171875,1196.199951171875,3.0
2017-03-11,1200.699951171875,1203.300048828125,1196.199951171875,1196.199951171875,3.0
2017-03-12,1200.699951171875,1203.300048828125,1196.199951171875,1196.199951171875,3.0
2017-03-13,1202.4000244140625,1210.0,1202.300048828125,1206.199951171875,35.0
2017-03-14,1201.9000244140625,1205.9000244140625,1196.800048828125,1203.0999755859375,22.0
2017-03-15,1200.0999755859375,1221.199951171875,1197.699951171875,1198.199951171875,36.0
2017-03-16,1226.5,1231.4000244140625,1222.199951171875,1222.199951171875,47.0
2017-03-17,1229.800048828125,1230.9000244140625,1227.0999755859375,1227.0999755859375,26.0
2017-03-18,1229.800048828125,1230.9000244140625,1227.0999755859375,1227.0999755859375,26.0
2017-03-19,1229.800048828125,1230.9000244140625,1227.0999755859375,1227.0999755859375,26.0
2017-03-20,1233.5999755859375,1234.4000244140625,1229.300048828125,1229.300048828125,23.0
2017-03-21,1246.0999755859375,1246.0999755859375,1226.4000244140625,1226.4000244140625,11.0
2017-03-22,1249.300048828125,1249.5,1247.699951171875,1247.9000244140625,3.0
2017-03-23,1246.9000244140625,1247.5,1244.800048828125,1246.4000244140625,16.0
2017-03-24,1248.199951171875,1248.300048828125,1247.5999755859375,1248.0,3.0
2017-03-25,1248.199951171875,1248.300048828125,1247.5999755859375,1248.0,3.0
2017-03-26,1248.199951171875,1248.300048828125,1247.5999755859375,1248.0,3.0
2017-03-27,1255.4000244140625,1257.699951171875,1253.800048828125,1255.800048828125,72.0
2017-03-28,1255.300048828125,1255.9000244140625,1255.300048828125,1255.9000244140625,19.0
2017-03-29,1253.4000244140625,1253.4000244140625,1252.0999755859375,1252.199951171875,190678.0
2017-03-30,1245.0,1253.5999755859375,1241.0999755859375,1253.0999755859375,51328.0
2017-03-31,1247.300048828125,1248.800048828125,1238.699951171875,1242.0999755859375,8223.0
2017-04-01,1247.300048828125,1248.800048828125,1238.699951171875,1242.0999755859375,8223.0
2017-04-02,1247.300048828125,1248.800048828125,1238.699951171875,1242.0999755859375,8223.0
2017-04-03,1250.800048828125,1252.4000244140625,1243.5999755859375,1247.5,1160.0
2017-04-04,1255.0,1260.300048828125,1253.0,1253.0999755859375,724.0
2017-04-05,1245.4000244140625,1255.4000244140625,1243.0,1255.4000244140625,907.0
2017-04-06,1250.300048828125,1257.5,1249.0,1256.0999755859375,169.0
2017-04-07,1254.300048828125,1269.0999755859375,1249.5,1249.5,445.0
2017-04-08,1254.300048828125,1269.0999755859375,1249.5,1249.5,445.0
2017-04-09,1254.300048828125,1269.0999755859375,1249.5,1249.5,445.0
2017-04-10,1251.0999755859375,1255.199951171875,1246.800048828125,1252.699951171875,182.0
2017-04-11,1271.199951171875,1273.5,1254.5,1254.5,401.0
2017-04-12,1275.300048828125,1285.0999755859375,1272.0,1275.0,492.0
2017-04-13,1285.9000244140625,1287.5999755859375,1282.0,1285.300048828125,915.0
2017-04-14,1285.9000244140625,1287.5999755859375,1282.0,1285.300048828125,915.0
2017-04-15,1285.9000244140625,1287.5999755859375,1282.0,1285.300048828125,915.0
2017-04-16,1285.9000244140625,1287.5999755859375,1282.0,1285.300048828125,915.0
2017-04-17,1289.4000244140625,1294.800048828125,1284.300048828125,1291.800048828125,73.0
2017-04-18,1291.699951171875,1291.699951171875,1278.5999755859375,1283.9000244140625,394.0
2017-04-19,1281.4000244140625,1288.0,1274.0,1288.0,194.0
2017-04-20,1281.9000244140625,1281.9000244140625,1276.199951171875,1279.699951171875,127.0
2017-04-21,1287.4000244140625,1287.4000244140625,1279.199951171875,1279.800048828125,474.0
2017-04-22,1287.4000244140625,1287.4000244140625,1279.199951171875,1279.800048828125,474.0
2017-04-23,1287.4000244140625,1287.4000244140625,1279.199951171875,1279.800048828125,474.0
2017-04-24,1275.800048828125,1276.4000244140625,1265.0,1275.0,605.0
2017-04-25,1265.5999755859375,1276.9000244140625,1262.0999755859375,1275.5999755859375,356.0
2017-04-26,1262.0999755859375,1266.0,1262.0999755859375,1266.0,1156.0
2017-04-27,1263.699951171875,1267.199951171875,1262.199951171875,1266.699951171875,206.0
2017-04-28,1266.0999755859375,1267.199951171875,1264.699951171875,1265.9000244140625,85.0
2017-04-29,1266.0999755859375,1267.199951171875,1264.699951171875,1265.9000244140625,85.0
2017-04-30,1266.0999755859375,1267.199951171875,1264.699951171875,1265.9000244140625,85.0
2017-05-01,1253.300048828125,1269.300048828125,1253.300048828125,1268.699951171875,34.0
2017-05-02,1255.0999755859375,1256.199951171875,1251.199951171875,1256.199951171875,90.0
2017-05-03,1246.4000244140625,1255.800048828125,1238.699951171875,1255.0999755859375,195.0
2017-05-04,1226.5,1239.800048828125,1224.199951171875,1239.800048828125,72.0
2017-05-05,1224.800048828125,1233.699951171875,1224.800048828125,1227.0,16.0
2017-05-06,1224.800048828125,1233.699951171875,1224.800048828125,1227.0,16.0
2017-05-07,1224.800048828125,1233.699951171875,1224.800048828125,1227.0,16.0
2017-05-08,1225.300048828125,1234.0,1224.0,1224.0,43.0
2017-05-09,1214.300048828125,1226.199951171875,1214.0,1226.0999755859375,55.0
2017-05-10,1217.300048828125,1220.199951171875,1217.300048828125,1219.800048828125,23.0
2017-05-11,1222.699951171875,1222.699951171875,1218.300048828125,1218.5,13.0
2017-05-12,1226.199951171875,1229.5,1226.0999755859375,1228.0,29.0
2017-05-13,1226.199951171875,1229.5,1226.0999755859375,1228.0,29.0
2017-05-14,1226.199951171875,1229.5,1226.0999755859375,1228.0,29.0
2017-05-15,1228.5999755859375,1232.699951171875,1227.5,1227.5,13.0
2017-05-16,1235.0,1237.300048828125,1230.4000244140625,1230.4000244140625,20.0
2017-05-17,1257.5,1259.199951171875,1240.699951171875,1241.0,26.0
2017-05-18,1251.699951171875,1260.0,1245.800048828125,1254.800048828125,43.0
2017-05-19,1252.699951171875,1252.699951171875,1252.699951171875,1252.699951171875,14.0
2017-05-20,1252.699951171875,1252.699951171875,1252.699951171875,1252.699951171875,14.0
2017-05-21,1252.699951171875,1252.699951171875,1252.699951171875,1252.699951171875,14.0
2017-05-22,1260.699951171875,1260.699951171875,1251.699951171875,1251.699951171875,14.0
2017-05-23,1254.800048828125,1261.5999755859375,1250.5999755859375,1261.5,20.0
2017-05-24,1252.4000244140625,1257.800048828125,1249.699951171875,1251.9000244140625,14.0
2017-05-25,1255.800048828125,1258.300048828125,1255.800048828125,1257.0999755859375,11.0
2017-05-26,1267.5999755859375,1267.5999755859375,1267.5999755859375,1267.5999755859375,271457.0
2017-05-27,1267.5999755859375,1267.5999755859375,1267.5999755859375,1267.5999755859375,271457.0
2017-05-28,1267.5999755859375,1267.5999755859375,1267.5999755859375,1267.5999755859375,271457.0
2017-05-29,1267.5999755859375,1267.5999755859375,1267.5999755859375,1267.5999755859375,271457.0
2017-05-30,1262.0999755859375,1270.0,1258.4000244140625,1267.4000244140625,129819.0
2017-05-31,1272.0,1273.199951171875,1258.5,1262.4000244140625,2712.0
2017-06-01,1267.0,1269.199951171875,1260.800048828125,1268.0,825.0
2017-06-02,1276.800048828125,1279.0,1259.0,1265.199951171875,1732.0
2017-06-03,1276.800048828125,1279.0,1259.0,1265.199951171875,1732.0
2017-06-04,1276.800048828125,1279.0,1259.0,1265.199951171875,1732.0
2017-06-05,1279.300048828125,1282.0,1277.0,1279.199951171875,433.0
2017-06-06,1294.4000244140625,1295.199951171875,1279.4000244140625,1279.4000244140625,942.0
2017-06-07,1290.0999755859375,1293.0999755859375,1284.300048828125,1291.5999755859375,641.0
2017-06-08,1276.300048828125,1287.5999755859375,1268.0999755859375,1285.4000244140625,319.0
2017-06-09,1268.5,1277.9000244140625,1264.5999755859375,1277.9000244140625,467.0
2017-06-10,1268.5,1277.9000244140625,1264.5999755859375,1277.9000244140625,467.0
2017-06-11,1268.5,1277.9000244140625,1264.5999755859375,1277.9000244140625,467.0
2017-06-12,1266.0999755859375,1269.300048828125,1263.199951171875,1266.4000244140625,255.0
2017-06-13,1265.800048828125,1266.9000244140625,1259.699951171875,1264.0999755859375,150.0
2017-06-14,1272.800048828125,1278.0,1256.800048828125,1269.4000244140625,336.0
2017-06-15,1252.199951171875,1264.199951171875,1250.300048828125,1263.199951171875,743.0
2017-06-16,1254.0,1255.300048828125,1251.300048828125,1252.800048828125,34.0
2017-06-17,1254.0,1255.300048828125,1251.300048828125,1252.800048828125,34.0
2017-06-18,1254.0,1255.300048828125,1251.300048828125,1252.800048828125,34.0
2017-06-19,1244.199951171875,1252.199951171875,1241.9000244140625,1252.0999755859375,108.0
2017-06-20,1241.0,1245.5,1240.5,1242.199951171875,75.0
2017-06-21,1243.4000244140625,1245.0,1240.0,1244.0999755859375,205.0
2017-06-22,1247.5999755859375,1252.699951171875,1246.300048828125,1251.0,156.0
2017-06-23,1256.199951171875,1273.5999755859375,1249.800048828125,1250.0,269.0
2017-06-24,1256.199951171875,1273.5999755859375,1249.800048828125,1250.0,269.0
2017-06-25,1256.199951171875,1273.5999755859375,1249.800048828125,1250.0,269.0
2017-06-26,1246.300048828125,1260.199951171875,1241.5999755859375,1260.199951171875,194.0
2017-06-27,1246.4000244140625,1251.800048828125,1245.9000244140625,1251.5999755859375,111.0
2017-06-28,1248.0,1248.5,1248.0,1248.5,370.0
2017-06-29,1244.199951171875,1250.699951171875,1238.0999755859375,1248.199951171875,540.0
2017-06-30,1240.699951171875,1243.699951171875,1239.0999755859375,1243.699951171875,43.0
2017-07-01,1240.699951171875,1243.699951171875,1239.0999755859375,1243.699951171875,43.0
2017-07-02,1240.699951171875,1243.699951171875,1239.0999755859375,1243.699951171875,43.0
2017-07-03,1217.9000244140625,1236.0,1217.9000244140625,1236.0,33.0
2017-07-04,1217.9000244140625,1236.0,1217.9000244140625,1236.0,33.0
2017-07-05,1220.4000244140625,1225.0,1217.0999755859375,1222.5,40.0
2017-07-06,1222.199951171875,1225.0999755859375,1222.199951171875,1225.0999755859375,5.0
2017-07-07,1208.5999755859375,1220.4000244140625,1208.5999755859375,1219.0999755859375,116.0
2017-07-08,1208.5999755859375,1220.4000244140625,1208.5999755859375,1219.0999755859375,116.0
2017-07-09,1208.5999755859375,1220.4000244140625,1208.5999755859375,1219.0999755859375,116.0
2017-07-10,1212.0999755859375,1212.0999755859375,1209.5999755859375,1211.4000244140625,28.0
2017-07-11,1213.5999755859375,1214.9000244140625,1208.699951171875,1208.699951171875,12.0
2017-07-12,1218.0999755859375,1219.4000244140625,1217.9000244140625,1218.300048828125,7.0
2017-07-13,1216.300048828125,1221.4000244140625,1216.300048828125,1221.4000244140625,7.0
2017-07-14,1226.5999755859375,1227.5,1214.800048828125,1214.9000244140625,23.0
2017-07-15,1226.5999755859375,1227.5,1214.800048828125,1214.9000244140625,23.0
2017-07-16,1226.5999755859375,1227.5,1214.800048828125,1214.9000244140625,23.0
2017-07-17,1232.800048828125,1233.4000244140625,1229.9000244140625,1229.9000244140625,7.0
2017-07-18,1241.0999755859375,1241.199951171875,1236.199951171875,1236.199951171875,29.0
2017-07-19,1241.199951171875,1241.199951171875,1240.0999755859375,1240.4000244140625,3.0
2017-07-20,1244.800048828125,1244.800048828125,1236.5999755859375,1236.5999755859375,5.0
2017-07-21,1254.300048828125,1254.300048828125,1250.5,1250.699951171875,16.0
2017-07-22,1254.300048828125,1254.300048828125,1250.5,1250.699951171875,16.0
2017-07-23,1254.300048828125,1254.300048828125,1250.5,1250.699951171875,16.0
2017-07-24,1253.9000244140625,1256.0,1253.9000244140625,1256.0,8.0
2017-07-25,1251.699951171875,1253.5999755859375,1249.199951171875,1252.699951171875,18.0
2017-07-26,1249.0,1249.0,1244.800048828125,1244.800048828125,7.0
2017-07-27,1259.5999755859375,1259.5999755859375,1259.5999755859375,1259.5999755859375,220309.0
2017-07-28,1268.4000244140625,1270.0,1256.9000244140625,1258.4000244140625,64180.0
2017-07-29,1268.4000244140625,1270.0,1256.9000244140625,1258.4000244140625,64180.0
2017-07-30,1268.4000244140625,1270.0,1256.9000244140625,1258.4000244140625,64180.0
2017-07-31,1266.5999755859375,1270.800048828125,1265.800048828125,1268.9000244140625,7780.0
2017-08-01,1272.5999755859375,1273.300048828125,1262.0,1268.4000244140625,1061.0
2017-08-02,1271.800048828125,1272.0999755859375,1262.9000244140625,1268.5,393.0
2017-08-03,1267.800048828125,1269.800048828125,1256.5999755859375,1265.9000244140625,878.0
2017-08-04,1258.300048828125,1269.5999755859375,1253.9000244140625,1269.0,521.0
2017-08-05,1258.300048828125,1269.5999755859375,1253.9000244140625,1269.0,521.0
2017-08-06,1258.300048828125,1269.5999755859375,1253.9000244140625,1269.0,521.0
2017-08-07,1258.199951171875,1259.0999755859375,1255.300048828125,1258.699951171875,260.0
2017-08-08,1256.4000244140625,1264.0999755859375,1251.4000244140625,1256.9000244140625,555.0
2017-08-09,1273.0,1277.800048828125,1260.199951171875,1260.199951171875,574.0
2017-08-10,1283.699951171875,1287.4000244140625,1274.9000244140625,1276.5999755859375,608.0
2017-08-11,1287.699951171875,1291.0999755859375,1282.0,1286.300048828125,139.0
2017-08-12,1287.699951171875,1291.0999755859375,1282.0,1286.300048828125,139.0
2017-08-13,1287.699951171875,1291.0999755859375,1282.0,1286.300048828125,139.0
2017-08-14,1284.199951171875,1288.4000244140625,1278.800048828125,1288.4000244140625,338.0
2017-08-15,1273.699951171875,1280.5,1267.4000244140625,1280.5,188.0
2017-08-16,1276.9000244140625,1282.5999755859375,1269.4000244140625,1271.300048828125,110.0
2017-08-17,1286.4000244140625,1288.5,1283.199951171875,1283.800048828125,43.0
2017-08-18,1285.699951171875,1300.699951171875,1284.300048828125,1288.5999755859375,358.0
2017-08-19,1285.699951171875,1300.699951171875,1284.300048828125,1288.5999755859375,358.0
2017-08-20,1285.699951171875,1300.699951171875,1284.300048828125,1288.5999755859375,358.0
2017-08-21,1290.800048828125,1290.800048828125,1284.699951171875,1285.199951171875,18.0
2017-08-22,1285.0999755859375,1288.4000244140625,1283.199951171875,1287.199951171875,100.0
2017-08-23,1288.9000244140625,1289.4000244140625,1286.9000244140625,1289.4000244140625,250.0
2017-08-24,1286.5,1288.699951171875,1284.0,1288.699951171875,550.0
2017-08-25,1292.5,1292.699951171875,1280.300048828125,1285.4000244140625,280.0
2017-08-26,1292.5,1292.699951171875,1280.300048828125,1285.4000244140625,280.0
2017-08-27,1292.5,1292.699951171875,1280.300048828125,1285.4000244140625,280.0
2017-08-28,1309.699951171875,1311.300048828125,1293.5,1293.5,145.0
2017-08-29,1313.0999755859375,1323.800048828125,1313.0999755859375,1318.800048828125,1178.0
2017-08-30,1308.0999755859375,1312.5,1304.9000244140625,1308.199951171875,1178.0
2017-08-31,1316.199951171875,1322.300048828125,1301.699951171875,1306.5999755859375,373.0
2017-09-01,1324.5,1327.699951171875,1316.9000244140625,1320.199951171875,313.0
2017-09-02,1324.5,1327.699951171875,1316.9000244140625,1320.199951171875,313.0
2017-09-03,1324.5,1327.699951171875,1316.9000244140625,1320.199951171875,313.0
2017-09-04,1324.5,1327.699951171875,1316.9000244140625,1320.199951171875,313.0
2017-09-05,1339.199951171875,1339.199951171875,1328.5999755859375,1335.199951171875,39.0
2017-09-06,1333.9000244140625,1340.300048828125,1332.5999755859375,1340.0,20.0
2017-09-07,1345.0999755859375,1349.0,1336.4000244140625,1336.4000244140625,26.0
2017-09-08,1346.0,1355.800048828125,1345.5999755859375,1351.0,37.0
2017-09-09,1346.0,1355.800048828125,1345.5999755859375,1351.0,37.0
2017-09-10,1346.0,1355.800048828125,1345.5999755859375,1351.0,37.0
2017-09-11,1331.0,1331.0,1327.300048828125,1331.0,9.0
2017-09-12,1328.0,1328.0,1325.199951171875,1327.0,15.0
2017-09-13,1323.4000244140625,1323.4000244140625,1323.4000244140625,1323.4000244140625,16.0
2017-09-14,1324.699951171875,1329.300048828125,1319.5999755859375,1319.5999755859375,316.0
2017-09-15,1320.4000244140625,1321.199951171875,1319.800048828125,1320.5999755859375,15.0
2017-09-16,1320.4000244140625,1321.199951171875,1319.800048828125,1320.5999755859375,15.0
2017-09-17,1320.4000244140625,1321.199951171875,1319.800048828125,1320.5999755859375,15.0
2017-09-18,1306.300048828125,1310.4000244140625,1306.0,1309.800048828125,129.0
2017-09-19,1306.199951171875,1310.300048828125,1305.0999755859375,1307.9000244140625,20.0
2017-09-20,1312.0,1312.0,1298.699951171875,1312.0,12.0
2017-09-21,1290.5999755859375,1304.0999755859375,1290.300048828125,1299.0999755859375,336.0
2017-09-22,1293.300048828125,1295.699951171875,1293.300048828125,1295.0,209.0
2017-09-23,1293.300048828125,1295.699951171875,1293.300048828125,1295.0,209.0
2017-09-24,1293.300048828125,1295.699951171875,1293.300048828125,1295.0,209.0
2017-09-25,1306.800048828125,1309.199951171875,1291.0,1293.0999755859375,51.0
2017-09-26,1297.0,1305.5999755859375,1297.0,1304.5,39.0
2017-09-27,1283.4000244140625,1283.4000244140625,1283.4000244140625,1283.4000244140625,19488.0
2017-09-28,1285.5,1288.0,1277.0,1283.0999755859375,5226.0
2017-09-29,1281.5,1289.4000244140625,1281.5,1284.199951171875,492.0
2017-09-30,1281.5,1289.4000244140625,1281.5,1284.199951171875,492.0
2017-10-01,1281.5,1289.4000244140625,1281.5,1284.199951171875,492.0
2017-10-02,1272.699951171875,1276.0999755859375,1270.4000244140625,1275.0,136.0
2017-10-03,1271.5,1273.300048828125,1268.5999755859375,1269.699951171875,192.0
2017-10-04,1273.699951171875,1280.800048828125,1270.0,1273.800048828125,218.0
2017-10-05,1269.9000244140625,1277.800048828125,1267.5999755859375,1277.800048828125,36.0
2017-10-06,1271.5999755859375,1272.0,1260.5,1267.5999755859375,46.0
2017-10-07,1271.5999755859375,1272.0,1260.5,1267.5999755859375,46.0
2017-10-08,1271.5999755859375,1272.0,1260.5,1267.5999755859375,46.0
2017-10-09,1281.800048828125,1284.0,1279.0,1280.5999755859375,19.0
2017-10-10,1290.5999755859375,1293.0,1281.699951171875,1282.5999755859375,18.0
2017-10-11,1285.800048828125,1292.0,1284.9000244140625,1287.300048828125,21.0
2017-10-12,1293.300048828125,1294.5,1289.300048828125,1291.5,14.0
2017-10-13,1301.5,1301.699951171875,1291.699951171875,1293.300048828125,74.0
2017-10-14,1301.5,1301.699951171875,1291.699951171875,1293.300048828125,74.0
2017-10-15,1301.5,1301.699951171875,1291.699951171875,1293.300048828125,74.0
2017-10-16,1299.9000244140625,1303.800048828125,1291.9000244140625,1302.0,173.0
2017-10-17,1283.0,1295.0999755859375,1283.0,1295.0999755859375,571.0
2017-10-18,1279.9000244140625,1279.9000244140625,1279.9000244140625,1279.9000244140625,163.0
2017-10-19,1286.9000244140625,1286.9000244140625,1285.0999755859375,1286.4000244140625,134.0
2017-10-20,1277.4000244140625,1279.5999755859375,1277.4000244140625,1279.5999755859375,304.0
2017-10-21,1277.4000244140625,1279.5999755859375,1277.4000244140625,1279.5999755859375,304.0
2017-10-22,1277.4000244140625,1279.5999755859375,1277.4000244140625,1279.5999755859375,304.0
2017-10-23,1277.699951171875,1280.800048828125,1271.5,1274.699951171875,115.0
2017-10-24,1275.0,1275.5,1273.699951171875,1275.5,111.0
2017-10-25,1275.4000244140625,1275.4000244140625,1269.9000244140625,1269.9000244140625,105.0
2017-10-26,1266.300048828125,1273.5,1264.699951171875,1273.5,39.0
2017-10-27,1268.5,1268.5,1267.0999755859375,1268.4000244140625,567.0
2017-10-28,1268.5,1268.5,1267.0999755859375,1268.4000244140625,567.0
2017-10-29,1268.5,1268.5,1267.0999755859375,1268.4000244140625,567.0
2017-10-30,1274.0999755859375,1274.0999755859375,1267.9000244140625,1270.0,222.0
2017-10-31,1267.0,1274.5999755859375,1266.0999755859375,1273.0999755859375,235.0
2017-11-01,1274.0999755859375,1274.800048828125,1270.300048828125,1272.199951171875,78.0
2017-11-02,1274.9000244140625,1274.9000244140625,1274.9000244140625,1274.9000244140625,70.0
2017-11-03,1266.5,1267.9000244140625,1265.300048828125,1265.300048828125,75.0
2017-11-04,1266.5,1267.9000244140625,1265.300048828125,1265.300048828125,75.0
2017-11-05,1266.5,1267.9000244140625,1265.300048828125,1265.300048828125,75.0
2017-11-06,1279.4000244140625,1280.5,1269.0,1269.0,128.0
2017-11-07,1273.699951171875,1276.800048828125,1270.4000244140625,1276.800048828125,11.0
2017-11-08,1281.5999755859375,1284.9000244140625,1274.699951171875,1275.9000244140625,15.0
2017-11-09,1285.5999755859375,1286.9000244140625,1279.699951171875,1279.699951171875,18.0
2017-11-10,1272.4000244140625,1283.5,1272.4000244140625,1283.5,10.0
2017-11-11,1272.4000244140625,1283.5,1272.4000244140625,1283.5,10.0
2017-11-12,1272.4000244140625,1283.5,1272.4000244140625,1283.5,10.0
2017-11-13,1277.300048828125,1277.300048828125,1277.0,1277.300048828125,3.0
2017-11-14,1281.5,1281.5,1276.9000244140625,1276.9000244140625,4.0
2017-11-15,1276.5,1284.699951171875,1275.9000244140625,1281.4000244140625,13.0
2017-11-16,1277.4000244140625,1277.5,1277.4000244140625,1277.5,43.0
2017-11-17,1295.800048828125,1295.800048828125,1288.300048828125,1288.300048828125,1.0
2017-11-18,1295.800048828125,1295.800048828125,1288.300048828125,1288.300048828125,1.0
2017-11-19,1295.800048828125,1295.800048828125,1288.300048828125,1288.300048828125,1.0
2017-11-20,1274.5999755859375,1275.9000244140625,1274.5999755859375,1274.5999755859375,1.0
2017-11-21,1281.0999755859375,1281.0999755859375,1281.0999755859375,1281.0999755859375,4.0
2017-11-22,1291.5999755859375,1291.5999755859375,1282.9000244140625,1284.699951171875,4.0
2017-11-23,1291.5999755859375,1291.5999755859375,1282.9000244140625,1284.699951171875,4.0
2017-11-24,1286.699951171875,1286.699951171875,1286.699951171875,1286.699951171875,0.0
2017-11-25,1286.699951171875,1286.699951171875,1286.699951171875,1286.699951171875,0.0
2017-11-26,1286.699951171875,1286.699951171875,1286.699951171875,1286.699951171875,0.0
2017-11-27,1293.800048828125,1293.800048828125,1293.800048828125,1293.800048828125,1.0
2017-11-28,1294.699951171875,1294.699951171875,1294.699951171875,1294.699951171875,275442.0
2017-11-29,1282.0999755859375,1296.199951171875,1281.0999755859375,1293.4000244140625,47244.0
2017-11-30,1273.199951171875,1284.5,1269.699951171875,1283.0999755859375,3049.0
2017-12-01,1278.800048828125,1288.5999755859375,1271.0,1274.0999755859375,823.0
2017-12-02,1278.800048828125,1288.5999755859375,1271.0,1274.0999755859375,823.0
2017-12-03,1278.800048828125,1288.5999755859375,1271.0,1274.0999755859375,823.0
2017-12-04,1274.300048828125,1276.0999755859375,1270.300048828125,1272.5,850.0
2017-12-05,1261.5999755859375,1275.800048828125,1260.0,1275.4000244140625,1499.0
2017-12-06,1262.800048828125,1267.800048828125,1261.5999755859375,1264.9000244140625,373.0
2017-12-07,1249.800048828125,1262.4000244140625,1243.9000244140625,1262.300048828125,358.0
2017-12-08,1245.199951171875,1249.300048828125,1241.5,1246.300048828125,157.0
2017-12-09,1245.199951171875,1249.300048828125,1241.5,1246.300048828125,157.0
2017-12-10,1245.199951171875,1249.300048828125,1241.5,1246.300048828125,157.0
2017-12-11,1243.699951171875,1249.199951171875,1239.9000244140625,1248.4000244140625,146.0
2017-12-12,1238.5,1244.4000244140625,1236.5,1241.300048828125,692.0
2017-12-13,1245.4000244140625,1254.5,1239.800048828125,1241.9000244140625,349.0
2017-12-14,1253.800048828125,1257.699951171875,1250.300048828125,1252.9000244140625,139.0
2017-12-15,1254.300048828125,1260.300048828125,1253.0999755859375,1253.0999755859375,578.0
2017-12-16,1254.300048828125,1260.300048828125,1253.0999755859375,1253.0999755859375,578.0
2017-12-17,1254.300048828125,1260.300048828125,1253.0999755859375,1253.0999755859375,578.0
2017-12-18,1262.199951171875,1262.4000244140625,1255.699951171875,1256.199951171875,45.0
2017-12-19,1260.699951171875,1264.300048828125,1259.5,1261.0999755859375,329.0
2017-12-20,1266.0999755859375,1266.5999755859375,1261.300048828125,1261.300048828125,63.0
2017-12-21,1267.300048828125,1267.4000244140625,1264.300048828125,1266.4000244140625,226.0
2017-12-22,1275.4000244140625,1276.300048828125,1266.300048828125,1266.300048828125,119.0
2017-12-23,1275.4000244140625,1276.300048828125,1266.300048828125,1266.300048828125,119.0
2017-12-24,1275.4000244140625,1276.300048828125,1266.300048828125,1266.300048828125,119.0
2017-12-25,1275.4000244140625,1276.300048828125,1266.300048828125,1266.300048828125,119.0
2017-12-26,1284.0999755859375,1284.0999755859375,1281.800048828125,1282.4000244140625,84.0
2017-12-27,1287.0,1287.0,1284.0,1284.0,456.0
2017-12-28,1294.0999755859375,1294.0999755859375,1288.199951171875,1288.199951171875,245.0
2017-12-29,1306.300048828125,1306.300048828125,1294.0,1294.199951171875,65.0
2017-12-30,1306.300048828125,1306.300048828125,1294.0,1294.199951171875,65.0
2017-12-31,1306.300048828125,1306.300048828125,1294.0,1294.199951171875,65.0
2018-01-01,1306.300048828125,1306.300048828125,1294.0,1294.199951171875,65.0
2018-01-02,1313.699951171875,1317.5999755859375,1302.300048828125,1302.300048828125,68.0
2018-01-03,1316.199951171875,1320.0999755859375,1312.0999755859375,1320.0,42.0
2018-01-04,1319.4000244140625,1322.0,1319.4000244140625,1319.4000244140625,2.0
2018-01-05,1320.300048828125,1320.300048828125,1320.300048828125,1320.300048828125,1.0
2018-01-06,1320.300048828125,1320.300048828125,1320.300048828125,1320.300048828125,1.0
2018-01-07,1320.300048828125,1320.300048828125,1320.300048828125,1320.300048828125,1.0
2018-01-08,1318.5999755859375,1319.9000244140625,1314.5999755859375,1319.9000244140625,41.0
2018-01-09,1311.699951171875,1311.699951171875,1309.5999755859375,1309.5999755859375,16.0
2018-01-10,1317.4000244140625,1320.699951171875,1315.300048828125,1320.300048828125,70.0
2018-01-11,1320.5999755859375,1320.5999755859375,1316.300048828125,1317.0999755859375,9.0
2018-01-12,1333.4000244140625,1338.199951171875,1327.800048828125,1327.800048828125,14.0
2018-01-13,1333.4000244140625,1338.199951171875,1327.800048828125,1327.800048828125,14.0
2018-01-14,1333.4000244140625,1338.199951171875,1327.800048828125,1327.800048828125,14.0
2018-01-15,1333.4000244140625,1338.199951171875,1327.800048828125,1327.800048828125,14.0
2018-01-16,1335.4000244140625,1335.4000244140625,1331.0,1331.0999755859375,13.0
2018-01-17,1338.0,1338.0,1326.800048828125,1334.4000244140625,27.0
2018-01-18,1326.0,1328.9000244140625,1326.0,1328.9000244140625,211.0
2018-01-19,1331.9000244140625,1333.0,1330.0999755859375,1330.0999755859375,50.0
2018-01-20,1331.9000244140625,1333.0,1330.0999755859375,1330.0999755859375,50.0
2018-01-21,1331.9000244140625,1333.0,1330.0999755859375,1330.0999755859375,50.0
2018-01-22,1330.9000244140625,1330.9000244140625,1328.4000244140625,1328.4000244140625,162.0
2018-01-23,1335.699951171875,1335.9000244140625,1335.699951171875,1335.800048828125,47.0
2018-01-24,1355.9000244140625,1357.199951171875,1355.9000244140625,1355.9000244140625,18.0
2018-01-25,1362.4000244140625,1362.4000244140625,1346.699951171875,1356.300048828125,4.0
2018-01-26,1351.5999755859375,1352.0,1350.9000244140625,1351.5999755859375,280546.0
2018-01-27,1351.5999755859375,1352.0,1350.9000244140625,1351.5999755859375,280546.0
2018-01-28,1351.5999755859375,1352.0,1350.9000244140625,1351.5999755859375,280546.0
2018-01-29,1351.5999755859375,1352.0,1350.9000244140625,1351.5999755859375,280546.0
2018-01-30,1335.4000244140625,1347.800048828125,1332.800048828125,1338.699951171875,52100.0
2018-01-31,1339.0,1346.9000244140625,1331.800048828125,1337.5,4881.0
2018-02-01,1344.300048828125,1350.5999755859375,1336.800048828125,1343.800048828125,1680.0
2018-02-02,1333.699951171875,1352.0999755859375,1327.699951171875,1348.5,2841.0
2018-02-03,1333.699951171875,1352.0999755859375,1327.699951171875,1348.5,2841.0
2018-02-04,1333.699951171875,1352.0999755859375,1327.699951171875,1348.5,2841.0
2018-02-05,1333.0,1340.199951171875,1329.0,1331.0999755859375,641.0
2018-02-06,1326.0999755859375,1343.699951171875,1319.5,1338.199951171875,529.0
2018-02-07,1311.5999755859375,1331.0999755859375,1310.5,1325.4000244140625,491.0
2018-02-08,1316.9000244140625,1321.0999755859375,1307.0,1317.0999755859375,459.0
2018-02-09,1313.0999755859375,1322.0,1311.9000244140625,1320.9000244140625,451.0
2018-02-10,1313.0999755859375,1322.0,1311.9000244140625,1320.9000244140625,451.0
2018-02-11,1313.0999755859375,1322.0,1311.9000244140625,1320.9000244140625,451.0
2018-02-12,1324.199951171875,1325.5,1318.0,1323.800048828125,140.0
2018-02-13,1328.0999755859375,1329.5999755859375,1323.4000244140625,1324.5,71.0
2018-02-14,1355.5,1355.5,1324.0,1332.800048828125,400.0
2018-02-15,1352.0999755859375,1355.9000244140625,1349.699951171875,1352.0,111.0
2018-02-16,1353.199951171875,1361.4000244140625,1344.9000244140625,1354.0,110.0
2018-02-17,1353.199951171875,1361.4000244140625,1344.9000244140625,1354.0,110.0
2018-02-18,1353.199951171875,1361.4000244140625,1344.9000244140625,1354.0,110.0
2018-02-19,1353.199951171875,1361.4000244140625,1344.9000244140625,1354.0,110.0
2018-02-20,1328.800048828125,1350.199951171875,1328.5,1348.4000244140625,283.0
2018-02-21,1330.0,1331.5,1324.4000244140625,1326.800048828125,119.0
2018-02-22,1330.5999755859375,1331.4000244140625,1322.0,1322.0,70.0
2018-02-23,1328.199951171875,1332.0999755859375,1327.699951171875,1328.0,427.0
2018-02-24,1328.199951171875,1332.0999755859375,1327.699951171875,1328.0,427.0
2018-02-25,1328.199951171875,1332.0999755859375,1327.699951171875,1328.0,427.0
2018-02-26,1330.699951171875,1340.5,1330.699951171875,1335.0,652.0
2018-02-27,1315.5,1332.5999755859375,1312.699951171875,1331.699951171875,710.0
2018-02-28,1315.5,1321.0,1315.4000244140625,1315.4000244140625,58.0
2018-03-01,1302.9000244140625,1318.0999755859375,1301.800048828125,1310.4000244140625,43.0
2018-03-02,1321.0999755859375,1323.199951171875,1314.300048828125,1314.300048828125,155.0
2018-03-03,1321.0999755859375,1323.199951171875,1314.300048828125,1314.300048828125,155.0
2018-03-04,1321.0999755859375,1323.199951171875,1314.300048828125,1314.300048828125,155.0
2018-03-05,1318.0999755859375,1325.9000244140625,1318.0999755859375,1323.5,18.0
2018-03-06,1333.5999755859375,1333.5999755859375,1321.4000244140625,1321.5999755859375,18.0
2018-03-07,1326.0,1338.0999755859375,1326.0,1338.0999755859375,27.0
2018-03-08,1319.9000244140625,1326.800048828125,1319.300048828125,1324.800048828125,62.0
2018-03-09,1322.4000244140625,1322.4000244140625,1313.0,1316.800048828125,88.0
2018-03-10,1322.4000244140625,1322.4000244140625,1313.0,1316.800048828125,88.0
2018-03-11,1322.4000244140625,1322.4000244140625,1313.0,1316.800048828125,88.0
2018-03-12,1319.4000244140625,1319.4000244140625,1319.4000244140625,1319.4000244140625,0.0
2018-03-13,1325.9000244140625,1325.9000244140625,1325.300048828125,1325.9000244140625,13.0
2018-03-14,1324.4000244140625,1324.4000244140625,1322.199951171875,1322.199951171875,19.0
2018-03-15,1316.800048828125,1316.800048828125,1316.800048828125,1316.800048828125,0.0
2018-03-16,1311.300048828125,1311.300048828125,1310.0999755859375,1310.0999755859375,34.0
2018-03-17,1311.300048828125,1311.300048828125,1310.0999755859375,1310.0999755859375,34.0
2018-03-18,1311.300048828125,1311.300048828125,1310.0999755859375,1310.0999755859375,34.0
2018-03-19,1316.800048828125,1316.9000244140625,1307.300048828125,1309.4000244140625,6.0
2018-03-20,1311.0999755859375,1311.0999755859375,1311.0999755859375,1311.0999755859375,4.0
2018-03-21,1320.699951171875,1328.800048828125,1312.4000244140625,1312.4000244140625,34.0
2018-03-22,1326.5999755859375,1326.5999755859375,1326.5999755859375,1326.5999755859375,0.0
2018-03-23,1349.300048828125,1349.300048828125,1343.199951171875,1343.199951171875,8.0
2018-03-24,1349.300048828125,1349.300048828125,1343.199951171875,1343.199951171875,8.0
2018-03-25,1349.300048828125,1349.300048828125,1343.199951171875,1343.199951171875,8.0
2018-03-26,1354.4000244140625,1354.4000244140625,1345.0999755859375,1348.5,10.0
2018-03-27,1341.300048828125,1341.300048828125,1341.0,1341.0,290889.0
2018-03-28,1324.199951171875,1346.4000244140625,1322.4000244140625,1345.0,59284.0
2018-03-29,1322.800048828125,1327.0999755859375,1321.699951171875,1324.0,5585.0
2018-03-30,1322.800048828125,1327.0999755859375,1321.699951171875,1324.0,5585.0
2018-03-31,1322.800048828125,1327.0999755859375,1321.699951171875,1324.0,5585.0
2018-04-01,1322.800048828125,1327.0999755859375,1321.699951171875,1324.0,5585.0
2018-04-02,1342.0999755859375,1344.199951171875,1324.699951171875,1327.0,649.0
2018-04-03,1332.800048828125,1341.5,1328.5,1340.4000244140625,702.0
2018-04-04,1335.800048828125,1347.300048828125,1331.5999755859375,1331.800048828125,718.0
2018-04-05,1324.300048828125,1333.699951171875,1322.5999755859375,1333.5,258.0
2018-04-06,1331.9000244140625,1333.0,1319.0,1326.5,348.0
2018-04-07,1331.9000244140625,1333.0,1319.0,1326.5,348.0
2018-04-08,1331.9000244140625,1333.0,1319.0,1326.5,348.0
2018-04-09,1336.300048828125,1337.5,1327.0,1333.0,290.0
2018-04-10,1342.0,1342.0,1333.0,1335.199951171875,105.0
2018-04-11,1356.5,1365.4000244140625,1340.0999755859375,1340.0999755859375,118.0
2018-04-12,1338.4000244140625,1351.5,1334.5999755859375,1351.199951171875,34.0
2018-04-13,1344.800048828125,1346.0,1335.9000244140625,1335.9000244140625,67.0
2018-04-14,1344.800048828125,1346.0,1335.9000244140625,1335.9000244140625,67.0
2018-04-15,1344.800048828125,1346.0,1335.9000244140625,1335.9000244140625,67.0
2018-04-16,1347.5,1348.800048828125,1341.0,1341.0,60.0
2018-04-17,1347.199951171875,1348.0999755859375,1339.0,1348.0,409.0
2018-04-18,1351.199951171875,1354.199951171875,1343.5,1343.5,45.0
2018-04-19,1346.800048828125,1355.199951171875,1341.5999755859375,1348.5999755859375,387.0
2018-04-20,1336.699951171875,1343.4000244140625,1335.300048828125,1342.5,310.0
2018-04-21,1336.699951171875,1343.4000244140625,1335.300048828125,1342.5,310.0
2018-04-22,1336.699951171875,1343.4000244140625,1335.300048828125,1342.5,310.0
2018-04-23,1322.5,1334.4000244140625,1322.5,1334.0,68.0
2018-04-24,1331.4000244140625,1331.699951171875,1326.199951171875,1326.4000244140625,28.0
2018-04-25,1321.199951171875,1325.0,1320.0,1324.0,278.0
2018-04-26,1316.300048828125,1316.300048828125,1315.699951171875,1315.699951171875,569.0
2018-04-27,1320.300048828125,1321.699951171875,1312.800048828125,1315.300048828125,622.0
2018-04-28,1320.300048828125,1321.699951171875,1312.800048828125,1315.300048828125,622.0
2018-04-29,1320.300048828125,1321.699951171875,1312.800048828125,1315.300048828125,622.0
2018-04-30,1316.199951171875,1316.199951171875,1309.5999755859375,1309.5999755859375,49.0
2018-05-01,1303.800048828125,1313.800048828125,1303.4000244140625,1313.199951171875,28.0
2018-05-02,1302.5999755859375,1309.300048828125,1302.5999755859375,1309.0,23.0
2018-05-03,1310.699951171875,1310.699951171875,1310.699951171875,1310.699951171875,4.0
2018-05-04,1312.699951171875,1312.699951171875,1312.699951171875,1312.699951171875,0.0
2018-05-05,1312.699951171875,1312.699951171875,1312.699951171875,1312.699951171875,0.0
2018-05-06,1312.699951171875,1312.699951171875,1312.699951171875,1312.699951171875,0.0
2018-05-07,1312.199951171875,1312.5,1310.199951171875,1310.5999755859375,4.0
2018-05-08,1312.0,1312.0,1308.5,1310.0999755859375,337.0
2018-05-09,1311.300048828125,1311.300048828125,1311.300048828125,1311.300048828125,70.0
2018-05-10,1320.800048828125,1320.800048828125,1312.199951171875,1312.199951171875,8.0
2018-05-11,1319.0,1319.0,1319.0,1319.0,3.0
2018-05-12,1319.0,1319.0,1319.0,1319.0,3.0
2018-05-13,1319.0,1319.0,1319.0,1319.0,3.0
2018-05-14,1316.5,1319.9000244140625,1316.5,1319.9000244140625,4.0
2018-05-15,1288.9000244140625,1304.699951171875,1288.9000244140625,1304.5999755859375,8.0
2018-05-16,1290.199951171875,1294.0,1285.4000244140625,1290.9000244140625,26.0
2018-05-17,1288.199951171875,1291.300048828125,1288.199951171875,1291.300048828125,2.0
2018-05-18,1290.199951171875,1290.199951171875,1285.199951171875,1285.199951171875,2.0
2018-05-19,1290.199951171875,1290.199951171875,1285.199951171875,1285.199951171875,2.0
2018-05-20,1290.199951171875,1290.199951171875,1285.199951171875,1285.199951171875,2.0
2018-05-21,1290.199951171875,1292.0999755859375,1287.4000244140625,1287.4000244140625,52.0
2018-05-22,1291.699951171875,1291.699951171875,1291.699951171875,1291.699951171875,50.0
2018-05-23,1289.300048828125,1289.300048828125,1289.300048828125,1289.300048828125,10.0
2018-05-24,1303.699951171875,1303.699951171875,1303.699951171875,1303.699951171875,0.0
2018-05-25,1303.300048828125,1303.300048828125,1303.300048828125,1303.300048828125,1.0
2018-05-26,1303.300048828125,1303.300048828125,1303.300048828125,1303.300048828125,1.0
2018-05-27,1303.300048828125,1303.300048828125,1303.300048828125,1303.300048828125,1.0
2018-05-28,1303.300048828125,1303.300048828125,1303.300048828125,1303.300048828125,1.0
2018-05-29,1298.699951171875,1298.699951171875,1298.699951171875,1298.699951171875,386334.0
2018-05-30,1301.5,1303.699951171875,1295.199951171875,1298.0,50845.0
2018-05-31,1300.0999755859375,1306.800048828125,1296.5999755859375,1301.0,4082.0
2018-06-01,1294.800048828125,1299.5,1288.9000244140625,1298.5999755859375,663.0
2018-06-02,1294.800048828125,1299.5,1288.9000244140625,1298.5999755859375,663.0
2018-06-03,1294.800048828125,1299.5,1288.9000244140625,1298.5999755859375,663.0
2018-06-04,1293.0999755859375,1297.0999755859375,1290.0,1293.9000244140625,144.0
2018-06-05,1297.5,1299.800048828125,1289.9000244140625,1292.0999755859375,357.0
2018-06-06,1297.0999755859375,1300.4000244140625,1294.0999755859375,1296.0999755859375,373.0
2018-06-07,1298.699951171875,1302.800048828125,1296.199951171875,1298.4000244140625,79.0
2018-06-08,1298.0999755859375,1299.4000244140625,1294.800048828125,1295.300048828125,650.0
2018-06-09,1298.0999755859375,1299.4000244140625,1294.800048828125,1295.300048828125,650.0
2018-06-10,1298.0999755859375,1299.4000244140625,1294.800048828125,1295.300048828125,650.0
2018-06-11,1298.9000244140625,1302.0,1295.199951171875,1299.300048828125,71.0
2018-06-12,1295.0999755859375,1298.0999755859375,1292.699951171875,1297.800048828125,153.0
2018-06-13,1296.9000244140625,1299.4000244140625,1290.9000244140625,1294.0,135.0
2018-06-14,1304.0,1307.699951171875,1297.199951171875,1297.199951171875,42.0
2018-06-15,1274.5999755859375,1307.699951171875,1274.0,1297.199951171875,589.0
2018-06-16,1274.5999755859375,1307.699951171875,1274.0,1297.199951171875,589.0
2018-06-17,1274.5999755859375,1307.699951171875,1274.0,1297.199951171875,589.0
2018-06-18,1276.199951171875,1280.699951171875,1276.199951171875,1280.699951171875,35.0
2018-06-19,1275.5999755859375,1281.800048828125,1269.9000244140625,1278.699951171875,34.0
2018-06-20,1271.199951171875,1274.4000244140625,1271.199951171875,1274.4000244140625,7.0
2018-06-21,1267.199951171875,1268.9000244140625,1260.0,1262.699951171875,46.0
2018-06-22,1267.4000244140625,1270.199951171875,1267.0,1268.0999755859375,74.0
2018-06-23,1267.4000244140625,1270.199951171875,1267.0,1268.0999755859375,74.0
2018-06-24,1267.4000244140625,1270.199951171875,1267.0,1268.0999755859375,74.0
2018-06-25,1265.5999755859375,1271.199951171875,1265.5999755859375,1270.5999755859375,37.0
2018-06-26,1256.5999755859375,1267.199951171875,1256.5999755859375,1267.199951171875,89.0
2018-06-27,1252.800048828125,1255.5,1252.300048828125,1255.5,1162.0
2018-06-28,1247.800048828125,1251.699951171875,1244.800048828125,1251.699951171875,378.0
2018-06-29,1251.300048828125,1253.300048828125,1249.0999755859375,1250.300048828125,48.0
2018-06-30,1251.300048828125,1253.300048828125,1249.0999755859375,1250.300048828125,48.0
2018-07-01,1251.300048828125,1253.300048828125,1249.0999755859375,1250.300048828125,48.0
2018-07-02,1239.800048828125,1249.9000244140625,1239.800048828125,1249.9000244140625,29.0
2018-07-03,1251.5999755859375,1254.0999755859375,1237.0,1238.0999755859375,36.0
2018-07-04,1251.5999755859375,1254.0999755859375,1237.0,1238.0999755859375,36.0
2018-07-05,1257.300048828125,1257.300048828125,1253.5999755859375,1255.5,9.0
2018-07-06,1254.300048828125,1255.5,1254.300048828125,1255.5,7.0
2018-07-07,1254.300048828125,1255.5,1254.300048828125,1255.5,7.0
2018-07-08,1254.300048828125,1255.5,1254.300048828125,1255.5,7.0
2018-07-09,1258.0999755859375,1262.300048828125,1257.699951171875,1258.199951171875,37.0
2018-07-10,1253.800048828125,1256.9000244140625,1249.300048828125,1256.199951171875,65.0
2018-07-11,1242.800048828125,1253.199951171875,1242.800048828125,1253.199951171875,30.0
2018-07-12,1245.0,1246.699951171875,1240.9000244140625,1240.9000244140625,7.0
2018-07-13,1239.5999755859375,1247.0,1239.5999755859375,1244.699951171875,2.0
2018-07-14,1239.5999755859375,1247.0,1239.5999755859375,1244.699951171875,2.0
2018-07-15,1239.5999755859375,1247.0,1239.5999755859375,1244.699951171875,2.0
2018-07-16,1238.0999755859375,1243.800048828125,1238.0999755859375,1242.699951171875,2.0
2018-07-17,1225.699951171875,1225.699951171875,1225.699951171875,1225.699951171875,0.0
2018-07-18,1226.300048828125,1226.699951171875,1222.199951171875,1226.699951171875,67.0
2018-07-19,1222.4000244140625,1228.0,1211.699951171875,1227.199951171875,33.0
2018-07-20,1229.5,1229.5,1229.5,1229.5,0.0
2018-07-21,1229.5,1229.5,1229.5,1229.5,0.0
2018-07-22,1229.5,1229.5,1229.5,1229.5,0.0
2018-07-23,1224.0,1224.0,1222.0,1222.0,1.0
2018-07-24,1223.9000244140625,1223.9000244140625,1223.9000244140625,1223.9000244140625,0.0
2018-07-25,1231.4000244140625,1231.4000244140625,1231.4000244140625,1231.4000244140625,0.0
2018-07-26,1225.300048828125,1227.800048828125,1225.300048828125,1227.800048828125,1.0
2018-07-27,1222.5999755859375,1222.5999755859375,1222.5999755859375,1222.5999755859375,254428.0
2018-07-28,1222.5999755859375,1222.5999755859375,1222.5999755859375,1222.5999755859375,254428.0
2018-07-29,1222.5999755859375,1222.5999755859375,1222.5999755859375,1222.5999755859375,254428.0
2018-07-30,1221.300048828125,1223.9000244140625,1218.0999755859375,1222.5,62239.0
2018-07-31,1223.699951171875,1228.0999755859375,1213.0,1220.4000244140625,2722.0
2018-08-01,1217.9000244140625,1223.699951171875,1214.4000244140625,1222.9000244140625,1026.0
2018-08-02,1210.5999755859375,1219.300048828125,1205.800048828125,1214.699951171875,411.0
2018-08-03,1214.199951171875,1218.5999755859375,1205.0999755859375,1206.5,784.0
2018-08-04,1214.199951171875,1218.5999755859375,1205.0999755859375,1206.5,784.0
2018-08-05,1214.199951171875,1218.5999755859375,1205.0999755859375,1206.5,784.0
2018-08-06,1208.5999755859375,1214.4000244140625,1206.5999755859375,1214.4000244140625,297.0
2018-08-07,1209.5999755859375,1214.800048828125,1207.800048828125,1207.800048828125,715.0
2018-08-08,1212.5999755859375,1215.199951171875,1205.9000244140625,1212.0,209.0
2018-08-09,1211.9000244140625,1215.300048828125,1211.5999755859375,1214.5,44.0
2018-08-10,1211.0999755859375,1216.4000244140625,1205.5999755859375,1212.5,75.0
2018-08-11,1211.0999755859375,1216.4000244140625,1205.5999755859375,1212.5,75.0
2018-08-12,1211.0999755859375,1216.4000244140625,1205.5999755859375,1212.5,75.0
2018-08-13,1191.300048828125,1207.4000244140625,1191.300048828125,1207.0,78.0
2018-08-14,1193.0,1197.5,1192.800048828125,1193.0999755859375,92.0
2018-08-15,1177.5,1188.0999755859375,1174.5999755859375,1187.800048828125,71.0
2018-08-16,1176.199951171875,1180.199951171875,1161.4000244140625,1173.199951171875,123.0
2018-08-17,1176.5,1181.199951171875,1174.699951171875,1174.699951171875,66.0
2018-08-18,1176.5,1181.199951171875,1174.699951171875,1174.699951171875,66.0
2018-08-19,1176.5,1181.199951171875,1174.699951171875,1174.699951171875,66.0
2018-08-20,1186.800048828125,1190.0,1184.4000244140625,1184.800048828125,68.0
2018-08-21,1192.5999755859375,1192.5999755859375,1189.800048828125,1189.800048828125,22.0
2018-08-22,1196.300048828125,1196.300048828125,1194.699951171875,1194.699951171875,17.0
2018-08-23,1187.0,1190.300048828125,1184.9000244140625,1189.300048828125,95.0
2018-08-24,1206.300048828125,1208.0,1185.300048828125,1185.300048828125,12.0
2018-08-25,1206.300048828125,1208.0,1185.300048828125,1185.300048828125,12.0
2018-08-26,1206.300048828125,1208.0,1185.300048828125,1185.300048828125,12.0
2018-08-27,1209.0,1211.4000244140625,1205.199951171875,1210.300048828125,154.0
2018-08-28,1207.4000244140625,1217.0,1202.300048828125,1209.699951171875,136.0
2018-08-29,1204.5,1205.199951171875,1202.4000244140625,1205.199951171875,817.0
2018-08-30,1197.699951171875,1205.5999755859375,1196.0,1205.4000244140625,493.0
2018-08-31,1200.300048828125,1208.199951171875,1199.0999755859375,1207.0999755859375,191.0
2018-09-01,1200.300048828125,1208.199951171875,1199.0999755859375,1207.0999755859375,191.0
2018-09-02,1200.300048828125,1208.199951171875,1199.0999755859375,1207.0999755859375,191.0
2018-09-03,1200.300048828125,1208.199951171875,1199.0999755859375,1207.0999755859375,191.0
2018-09-04,1192.699951171875,1193.800048828125,1189.9000244140625,1193.800048828125,26.0
2018-09-05,1194.9000244140625,1196.0,1192.5,1192.5,21.0
2018-09-06,1197.9000244140625,1202.0,1197.9000244140625,1202.0,7.0
2018-09-07,1193.5999755859375,1198.300048828125,1193.0999755859375,1198.300048828125,29.0
2018-09-08,1193.5999755859375,1198.300048828125,1193.0999755859375,1198.300048828125,29.0
2018-09-09,1193.5999755859375,1198.300048828125,1193.0999755859375,1198.300048828125,29.0
2018-09-10,1193.0,1193.0,1193.0,1193.0,11.0
2018-09-11,1195.4000244140625,1196.300048828125,1190.4000244140625,1190.4000244140625,21.0
2018-09-12,1204.699951171875,1205.0,1204.699951171875,1205.0,37.0
2018-09-13,1202.0,1203.4000244140625,1200.0,1203.4000244140625,22.0
2018-09-14,1195.0,1195.0,1195.0,1195.0,1.0
2018-09-15,1195.0,1195.0,1195.0,1195.0,1.0
2018-09-16,1195.0,1195.0,1195.0,1195.0,1.0
2018-09-17,1199.699951171875,1199.699951171875,1199.699951171875,1199.699951171875,0.0
2018-09-18,1196.800048828125,1198.699951171875,1196.800048828125,1198.699951171875,2.0
2018-09-19,1202.199951171875,1202.199951171875,1202.199951171875,1202.199951171875,0.0
2018-09-20,1206.199951171875,1206.199951171875,1206.199951171875,1206.199951171875,0.0
2018-09-21,1196.199951171875,1196.199951171875,1196.199951171875,1196.199951171875,0.0
2018-09-22,1196.199951171875,1196.199951171875,1196.199951171875,1196.199951171875,0.0
2018-09-23,1196.199951171875,1196.199951171875,1196.199951171875,1196.199951171875,0.0
2018-09-24,1199.300048828125,1199.300048828125,1199.300048828125,1199.300048828125,0.0
2018-09-25,1200.0,1202.800048828125,1200.0,1202.0999755859375,21.0
2018-09-26,1194.0,1194.0,1194.0,1194.0,17857.0
2018-09-27,1182.300048828125,1197.300048828125,1180.5,1194.5999755859375,4947.0
2018-09-28,1191.5,1191.9000244140625,1180.0,1181.699951171875,404.0
2018-09-29,1191.5,1191.9000244140625,1180.0,1181.699951171875,404.0
2018-09-30,1191.5,1191.9000244140625,1180.0,1181.699951171875,404.0
2018-10-01,1187.0999755859375,1191.5999755859375,1185.800048828125,1191.5999755859375,180.0
2018-10-02,1202.4000244140625,1206.0,1190.300048828125,1193.0,451.0
2018-10-03,1198.300048828125,1202.5999755859375,1196.5999755859375,1202.5999755859375,76.0
2018-10-04,1197.199951171875,1204.5999755859375,1197.199951171875,1199.300048828125,496.0
2018-10-05,1201.199951171875,1205.300048828125,1196.9000244140625,1197.0999755859375,34.0
2018-10-06,1201.199951171875,1205.300048828125,1196.9000244140625,1197.0999755859375,34.0
2018-10-07,1201.199951171875,1205.300048828125,1196.9000244140625,1197.0999755859375,34.0
2018-10-08,1184.4000244140625,1201.0,1183.699951171875,1201.0,250.0
2018-10-09,1187.199951171875,1189.0999755859375,1185.5999755859375,1185.5999755859375,9.0
2018-10-10,1189.300048828125,1192.0,1189.300048828125,1189.300048828125,1078.0
2018-10-11,1223.5,1224.5999755859375,1196.300048828125,1198.0999755859375,126.0
2018-10-12,1218.0999755859375,1221.5999755859375,1216.0,1221.5999755859375,122.0
2018-10-13,1218.0999755859375,1221.5999755859375,1216.0,1221.5999755859375,122.0
2018-10-14,1218.0999755859375,1221.5999755859375,1216.0,1221.5999755859375,122.0
2018-10-15,1226.4000244140625,1232.300048828125,1222.4000244140625,1222.4000244140625,136.0
2018-10-16,1227.300048828125,1230.5,1227.0999755859375,1227.0999755859375,426.0
2018-10-17,1223.699951171875,1225.9000244140625,1223.699951171875,1225.9000244140625,1.0
2018-10-18,1226.5,1226.5,1226.5,1226.5,165.0
2018-10-19,1225.300048828125,1225.300048828125,1225.300048828125,1225.300048828125,55.0
2018-10-20,1225.300048828125,1225.300048828125,1225.300048828125,1225.300048828125,55.0
2018-10-21,1225.300048828125,1225.300048828125,1225.300048828125,1225.300048828125,55.0
2018-10-22,1221.199951171875,1224.5,1219.5999755859375,1224.5,18.0
2018-10-23,1233.4000244140625,1237.800048828125,1224.800048828125,1224.800048828125,33.0
2018-10-24,1227.800048828125,1231.5999755859375,1227.800048828125,1231.5999755859375,36.0
2018-10-25,1229.0999755859375,1238.5999755859375,1229.0999755859375,1238.5999755859375,7.0
2018-10-26,1232.5,1234.800048828125,1232.5,1234.300048828125,20.0
2018-10-27,1232.5,1234.800048828125,1232.5,1234.300048828125,20.0
2018-10-28,1232.5,1234.800048828125,1232.5,1234.300048828125,20.0
2018-10-29,1224.5,1224.5,1224.5,1224.5,214.0
2018-10-30,1222.5999755859375,1227.699951171875,1219.800048828125,1227.699951171875,72.0
2018-10-31,1212.300048828125,1216.5999755859375,1212.0,1216.0,121.0
2018-11-01,1236.0,1236.0,1215.4000244140625,1215.4000244140625,14.0
2018-11-02,1230.9000244140625,1233.300048828125,1230.9000244140625,1233.300048828125,18.0
2018-11-03,1230.9000244140625,1233.300048828125,1230.9000244140625,1233.300048828125,18.0
2018-11-04,1230.9000244140625,1233.300048828125,1230.9000244140625,1233.300048828125,18.0
2018-11-05,1229.800048828125,1231.5,1226.699951171875,1230.5999755859375,15.0
2018-11-06,1223.800048828125,1233.800048828125,1223.800048828125,1230.699951171875,4.0
2018-11-07,1226.199951171875,1228.5999755859375,1226.199951171875,1228.5999755859375,1.0
2018-11-08,1222.9000244140625,1222.9000244140625,1222.9000244140625,1222.9000244140625,2.0
2018-11-09,1206.4000244140625,1207.9000244140625,1206.4000244140625,1207.9000244140625,14.0
2018-11-10,1206.4000244140625,1207.9000244140625,1206.4000244140625,1207.9000244140625,14.0
2018-11-11,1206.4000244140625,1207.9000244140625,1206.4000244140625,1207.9000244140625,14.0
2018-11-12,1201.300048828125,1201.5999755859375,1201.300048828125,1201.5999755859375,1.0
2018-11-13,1199.199951171875,1201.300048828125,1196.300048828125,1196.300048828125,5.0
2018-11-14,1207.9000244140625,1207.9000244140625,1207.9000244140625,1207.9000244140625,0.0
2018-11-15,1212.800048828125,1212.800048828125,1212.800048828125,1212.800048828125,0.0
2018-11-16,1220.800048828125,1223.800048828125,1216.699951171875,1216.699951171875,5.0
2018-11-17,1220.800048828125,1223.800048828125,1216.699951171875,1216.699951171875,5.0
2018-11-18,1220.800048828125,1223.800048828125,1216.699951171875,1216.699951171875,5.0
2018-11-19,1223.0999755859375,1223.0999755859375,1223.0999755859375,1223.0999755859375,0.0
2018-11-20,1219.0,1228.800048828125,1219.0,1225.300048828125,12.0
2018-11-21,1225.800048828125,1225.800048828125,1225.800048828125,1225.800048828125,0.0
2018-11-22,1225.800048828125,1225.800048828125,1225.800048828125,1225.800048828125,0.0
2018-11-23,1221.0,1224.800048828125,1221.0,1224.800048828125,1.0
2018-11-24,1221.0,1224.800048828125,1221.0,1224.800048828125,1.0
2018-11-25,1221.0,1224.800048828125,1221.0,1224.800048828125,1.0
2018-11-26,1220.199951171875,1222.0,1220.199951171875,1220.199951171875,2.0
2018-11-27,1211.199951171875,1222.0,1211.199951171875,1221.9000244140625,5.0
2018-11-28,1221.4000244140625,1221.4000244140625,1211.5,1211.5,247168.0
2018-11-29,1224.0999755859375,1228.699951171875,1220.5,1221.0,55478.0
2018-11-30,1220.199951171875,1225.0,1216.0999755859375,1224.0999755859375,2060.0
2018-12-01,1220.199951171875,1225.0,1216.0999755859375,1224.0999755859375,2060.0
2018-12-02,1220.199951171875,1225.0,1216.0999755859375,1224.0999755859375,2060.0
2018-12-03,1233.9000244140625,1234.0999755859375,1221.300048828125,1222.5,751.0
2018-12-04,1241.0999755859375,1241.4000244140625,1230.4000244140625,1231.0,474.0
2018-12-05,1241.0999755859375,1241.4000244140625,1230.4000244140625,1231.0,474.0
2018-12-06,1238.0999755859375,1244.4000244140625,1234.800048828125,1237.5,434.0
2018-12-07,1246.800048828125,1249.800048828125,1237.5999755859375,1238.300048828125,211.0
2018-12-08,1246.800048828125,1249.800048828125,1237.5999755859375,1238.300048828125,211.0
2018-12-09,1246.800048828125,1249.800048828125,1237.5999755859375,1238.300048828125,211.0
2018-12-10,1243.699951171875,1249.5999755859375,1241.699951171875,1249.5999755859375,131.0
2018-12-11,1241.9000244140625,1248.699951171875,1241.5,1245.800048828125,117.0
2018-12-12,1244.4000244140625,1245.5999755859375,1244.0999755859375,1245.300048828125,84.0
2018-12-13,1242.699951171875,1243.5,1241.0,1243.5,194.0
2018-12-14,1237.0,1241.699951171875,1234.0999755859375,1241.699951171875,33.0
2018-12-15,1237.0,1241.699951171875,1234.0999755859375,1241.699951171875,33.0
2018-12-16,1237.0,1241.699951171875,1234.0999755859375,1241.699951171875,33.0
2018-12-17,1247.4000244140625,1247.4000244140625,1239.300048828125,1239.300048828125,10.0
2018-12-18,1249.199951171875,1249.199951171875,1245.5999755859375,1248.199951171875,31.0
2018-12-19,1252.0999755859375,1255.800048828125,1252.0999755859375,1255.800048828125,268.0
2018-12-20,1263.5999755859375,1263.5999755859375,1243.199951171875,1243.199951171875,49.0
2018-12-21,1253.800048828125,1261.300048828125,1253.800048828125,1260.300048828125,96.0
2018-12-22,1253.800048828125,1261.300048828125,1253.800048828125,1260.300048828125,96.0
2018-12-23,1253.800048828125,1261.300048828125,1253.800048828125,1260.300048828125,96.0
2018-12-24,1267.5,1268.5,1260.300048828125,1260.300048828125,27.0
2018-12-25,1267.5,1268.5,1260.300048828125,1260.300048828125,27.0
2018-12-26,1269.199951171875,1277.4000244140625,1269.199951171875,1269.300048828125,63.0
2018-12-27,1277.300048828125,1277.300048828125,1276.699951171875,1276.699951171875,480.0
2018-12-28,1279.9000244140625,1280.0999755859375,1273.5,1273.5,805.0
2018-12-29,1279.9000244140625,1280.0999755859375,1273.5,1273.5,805.0
2018-12-30,1279.9000244140625,1280.0999755859375,1273.5,1273.5,805.0
2018-12-31,1278.300048828125,1281.300048828125,1277.5999755859375,1278.0,19.0
2019-01-01,1278.300048828125,1281.300048828125,1277.5999755859375,1278.0,19.0
2019-01-02,1281.0,1286.0,1277.5999755859375,1286.0,149.0
2019-01-03,1291.800048828125,1292.0,1286.699951171875,1286.800048828125,10.0
2019-01-04,1282.699951171875,1294.199951171875,1275.300048828125,1294.199951171875,34.0
2019-01-05,1282.699951171875,1294.199951171875,1275.300048828125,1294.199951171875,34.0
2019-01-06,1282.699951171875,1294.199951171875,1275.300048828125,1294.199951171875,34.0
2019-01-07,1286.800048828125,1286.800048828125,1286.5999755859375,1286.800048828125,2.0
2019-01-08,1283.199951171875,1283.199951171875,1278.199951171875,1280.5,54.0
2019-01-09,1289.300048828125,1289.300048828125,1279.199951171875,1279.4000244140625,102.0
2019-01-10,1284.699951171875,1284.699951171875,1284.699951171875,1284.699951171875,0.0
2019-01-11,1287.0999755859375,1291.199951171875,1286.300048828125,1291.199951171875,11.0
2019-01-12,1287.0999755859375,1291.199951171875,1286.300048828125,1291.199951171875,11.0
2019-01-13,1287.0999755859375,1291.199951171875,1286.300048828125,1291.199951171875,11.0
2019-01-14,1289.0999755859375,1293.9000244140625,1289.0999755859375,1292.4000244140625,7.0
2019-01-15,1286.199951171875,1292.699951171875,1286.199951171875,1290.0999755859375,3.0
2019-01-16,1291.5999755859375,1291.5999755859375,1291.5999755859375,1291.5999755859375,2.0
2019-01-17,1291.0,1292.699951171875,1288.5,1291.5999755859375,10.0
2019-01-18,1281.300048828125,1281.300048828125,1281.300048828125,1281.300048828125,3.0
2019-01-19,1281.300048828125,1281.300048828125,1281.300048828125,1281.300048828125,3.0
2019-01-20,1281.300048828125,1281.300048828125,1281.300048828125,1281.300048828125,3.0
2019-01-21,1281.300048828125,1281.300048828125,1281.300048828125,1281.300048828125,3.0
2019-01-22,1282.5,1283.300048828125,1282.5,1282.5,7.0
2019-01-23,1283.0999755859375,1283.9000244140625,1278.699951171875,1281.699951171875,14.0
2019-01-24,1279.0999755859375,1279.0999755859375,1278.5,1279.0999755859375,1.0
2019-01-25,1297.4000244140625,1297.4000244140625,1297.4000244140625,1297.4000244140625,0.0
2019-01-26,1297.4000244140625,1297.4000244140625,1297.4000244140625,1297.4000244140625,0.0
2019-01-27,1297.4000244140625,1297.4000244140625,1297.4000244140625,1297.4000244140625,0.0
2019-01-28,1302.4000244140625,1307.0999755859375,1298.4000244140625,1300.800048828125,54.0
2019-01-29,1308.199951171875,1308.199951171875,1308.199951171875,1308.199951171875,213607.0
2019-01-30,1309.9000244140625,1323.4000244140625,1308.0999755859375,1310.4000244140625,54958.0
2019-01-31,1319.699951171875,1325.4000244140625,1316.699951171875,1320.0,1970.0
2019-02-01,1316.9000244140625,1320.699951171875,1315.4000244140625,1320.300048828125,878.0
2019-02-02,1316.9000244140625,1320.699951171875,1315.4000244140625,1320.300048828125,878.0
2019-02-03,1316.9000244140625,1320.699951171875,1315.4000244140625,1320.300048828125,878.0
2019-02-04,1314.300048828125,1318.0999755859375,1308.300048828125,1318.0999755859375,675.0
2019-02-05,1314.199951171875,1315.0999755859375,1311.0,1311.0999755859375,362.0
2019-02-06,1309.5,1313.5,1305.0,1312.5,358.0
2019-02-07,1309.4000244140625,1310.4000244140625,1302.199951171875,1302.9000244140625,203.0
2019-02-08,1313.699951171875,1314.0,1307.800048828125,1309.5,122.0
2019-02-09,1313.699951171875,1314.0,1307.800048828125,1309.5,122.0
2019-02-10,1313.699951171875,1314.0,1307.800048828125,1309.5,122.0
2019-02-11,1307.0,1313.4000244140625,1304.699951171875,1313.4000244140625,119.0
2019-02-12,1309.199951171875,1312.0,1307.5999755859375,1310.0,109.0
2019-02-13,1310.800048828125,1316.0,1308.0999755859375,1311.5999755859375,143.0
2019-02-14,1309.800048828125,1311.800048828125,1301.5999755859375,1305.0,858.0
2019-02-15,1318.0999755859375,1318.800048828125,1313.5999755859375,1313.5999755859375,190.0
2019-02-16,1318.0999755859375,1318.800048828125,1313.5999755859375,1313.5999755859375,190.0
2019-02-17,1318.0999755859375,1318.800048828125,1313.5999755859375,1313.5999755859375,190.0
2019-02-18,1318.0999755859375,1318.800048828125,1313.5999755859375,1313.5999755859375,190.0
2019-02-19,1340.0999755859375,1340.0999755859375,1320.5,1320.9000244140625,390.0
2019-02-20,1343.300048828125,1344.0,1338.0,1342.199951171875,581.0
2019-02-21,1323.5,1334.9000244140625,1320.9000244140625,1331.300048828125,414.0
2019-02-22,1329.199951171875,1331.300048828125,1321.0,1324.199951171875,718.0
2019-02-23,1329.199951171875,1331.300048828125,1321.0,1324.199951171875,718.0
2019-02-24,1329.199951171875,1331.300048828125,1321.0,1324.199951171875,718.0
2019-02-25,1325.9000244140625,1331.5999755859375,1325.5999755859375,1329.199951171875,185.0
2019-02-26,1325.0999755859375,1325.5,1323.300048828125,1323.300048828125,939.0
2019-02-27,1317.699951171875,1327.9000244140625,1316.5,1327.699951171875,604.0
2019-02-28,1312.800048828125,1323.699951171875,1311.5,1321.0999755859375,141.0
2019-03-01,1296.4000244140625,1312.199951171875,1288.9000244140625,1312.199951171875,110.0
2019-03-02,1296.4000244140625,1312.199951171875,1288.9000244140625,1312.199951171875,110.0
2019-03-03,1296.4000244140625,1312.199951171875,1288.9000244140625,1312.199951171875,110.0
2019-03-04,1284.800048828125,1287.0,1281.9000244140625,1285.5,28.0
2019-03-05,1282.0,1287.0,1282.0,1287.0,114.0
2019-03-06,1284.9000244140625,1287.0999755859375,1282.5999755859375,1287.0999755859375,14.0
2019-03-07,1283.800048828125,1284.5999755859375,1281.0,1281.0,11.0
2019-03-08,1297.0,1297.4000244140625,1291.5999755859375,1292.0999755859375,10.0
2019-03-09,1297.0,1297.4000244140625,1291.5999755859375,1292.0999755859375,10.0
2019-03-10,1297.0,1297.4000244140625,1291.5999755859375,1292.0999755859375,10.0
2019-03-11,1288.800048828125,1291.0,1288.800048828125,1291.0,9.0
2019-03-12,1296.300048828125,1296.300048828125,1294.699951171875,1294.699951171875,1.0
2019-03-13,1307.5,1307.5,1307.5,1307.5,0.0
2019-03-14,1293.4000244140625,1293.4000244140625,1293.4000244140625,1293.4000244140625,1.0
2019-03-15,1301.800048828125,1304.699951171875,1300.5,1300.9000244140625,26.0
2019-03-16,1301.800048828125,1304.699951171875,1300.5,1300.9000244140625,26.0
2019-03-17,1301.800048828125,1304.699951171875,1300.5,1300.9000244140625,26.0
2019-03-18,1300.300048828125,1302.199951171875,1297.300048828125,1297.300048828125,8.0
2019-03-19,1305.0,1306.9000244140625,1304.800048828125,1306.9000244140625,20.0
2019-03-20,1300.5,1300.699951171875,1300.5,1300.699951171875,2.0
2019-03-21,1306.0999755859375,1306.0999755859375,1306.0999755859375,1306.0999755859375,0.0
2019-03-22,1311.5999755859375,1311.5999755859375,1311.5999755859375,1311.5999755859375,0.0
2019-03-23,1311.5999755859375,1311.5999755859375,1311.5999755859375,1311.5999755859375,0.0
2019-03-24,1311.5999755859375,1311.5999755859375,1311.5999755859375,1311.5999755859375,0.0
2019-03-25,1321.9000244140625,1322.9000244140625,1320.699951171875,1320.699951171875,19.0
2019-03-26,1314.300048828125,1315.5999755859375,1314.300048828125,1315.5999755859375,1.0
2019-03-27,1309.9000244140625,1309.9000244140625,1309.9000244140625,1309.9000244140625,206263.0
2019-03-28,1289.800048828125,1311.0999755859375,1287.699951171875,1308.4000244140625,87798.0
2019-03-29,1293.0,1298.5,1286.0999755859375,1289.5999755859375,1265.0
2019-03-30,1293.0,1298.5,1286.0999755859375,1289.5999755859375,1265.0
2019-03-31,1293.0,1298.5,1286.0999755859375,1289.5999755859375,1265.0
2019-04-01,1288.4000244140625,1295.9000244140625,1285.699951171875,1291.800048828125,675.0
2019-04-02,1290.0,1290.9000244140625,1284.5,1286.300048828125,525.0
2019-04-03,1289.9000244140625,1293.0999755859375,1287.5,1291.4000244140625,172.0
2019-04-04,1289.0,1292.5999755859375,1279.5,1290.5999755859375,269.0
2019-04-05,1290.4000244140625,1292.0,1283.5999755859375,1292.0,181.0
2019-04-06,1290.4000244140625,1292.0,1283.5999755859375,1292.0,181.0
2019-04-07,1290.4000244140625,1292.0,1283.5999755859375,1292.0,181.0
2019-04-08,1297.0999755859375,1302.0999755859375,1291.800048828125,1292.199951171875,63.0
2019-04-09,1303.5,1304.9000244140625,1298.5,1298.5,30.0
2019-04-10,1309.0999755859375,1309.0999755859375,1301.5,1304.0,66.0
2019-04-11,1288.5999755859375,1307.0999755859375,1288.5999755859375,1307.0,420.0
2019-04-12,1290.5999755859375,1293.4000244140625,1289.199951171875,1293.4000244140625,607.0
2019-04-13,1290.5999755859375,1293.4000244140625,1289.199951171875,1293.4000244140625,607.0
2019-04-14,1290.5999755859375,1293.4000244140625,1289.199951171875,1293.4000244140625,607.0
2019-04-15,1286.800048828125,1287.300048828125,1282.300048828125,1284.800048828125,523.0
2019-04-16,1272.5999755859375,1285.199951171875,1272.199951171875,1285.199951171875,643.0
2019-04-17,1272.199951171875,1273.5,1271.5999755859375,1273.5,308.0
2019-04-18,1271.9000244140625,1273.5999755859375,1270.0999755859375,1270.800048828125,27.0
2019-04-19,1271.9000244140625,1273.5999755859375,1270.0999755859375,1270.800048828125,27.0
2019-04-20,1271.9000244140625,1273.5999755859375,1270.0999755859375,1270.800048828125,27.0
2019-04-21,1271.9000244140625,1273.5999755859375,1270.0999755859375,1270.800048828125,27.0
2019-04-22,1273.5,1273.5,1273.5,1273.5,147.0
2019-04-23,1269.300048828125,1269.800048828125,1266.0,1266.4000244140625,206.0
2019-04-24,1275.5,1275.5,1267.800048828125,1268.4000244140625,518.0
2019-04-25,1275.800048828125,1280.800048828125,1275.800048828125,1280.5999755859375,95.0
2019-04-26,1284.9000244140625,1284.9000244140625,1284.9000244140625,1284.9000244140625,804.0
2019-04-27,1284.9000244140625,1284.9000244140625,1284.9000244140625,1284.9000244140625,804.0
2019-04-28,1284.9000244140625,1284.9000244140625,1284.9000244140625,1284.9000244140625,804.0
2019-04-29,1278.5999755859375,1284.9000244140625,1277.0999755859375,1284.800048828125,568.0
2019-04-30,1282.800048828125,1283.300048828125,1280.800048828125,1281.699951171875,114.0
2019-05-01,1281.4000244140625,1283.300048828125,1278.699951171875,1278.699951171875,70.0
2019-05-02,1269.699951171875,1270.800048828125,1266.5999755859375,1269.199951171875,63.0
2019-05-03,1279.199951171875,1279.199951171875,1270.0999755859375,1270.0999755859375,15.0
2019-05-04,1279.199951171875,1279.199951171875,1270.0999755859375,1270.0999755859375,15.0
2019-05-05,1279.199951171875,1279.199951171875,1270.0999755859375,1270.0999755859375,15.0
2019-05-06,1281.699951171875,1282.199951171875,1280.300048828125,1282.199951171875,12.0
2019-05-07,1283.5,1283.5,1280.5,1280.5,8.0
2019-05-08,1279.4000244140625,1279.4000244140625,1279.4000244140625,1279.4000244140625,5.0
2019-05-09,1283.5,1285.0,1278.800048828125,1278.9000244140625,38.0
2019-05-10,1285.699951171875,1286.5,1283.300048828125,1285.4000244140625,6.0
2019-05-11,1285.699951171875,1286.5,1283.300048828125,1285.4000244140625,6.0
2019-05-12,1285.699951171875,1286.5,1283.300048828125,1285.4000244140625,6.0
2019-05-13,1300.0999755859375,1300.0999755859375,1281.800048828125,1286.699951171875,56.0
2019-05-14,1294.699951171875,1297.800048828125,1294.699951171875,1297.800048828125,6.0
2019-05-15,1296.300048828125,1296.9000244140625,1296.0,1296.9000244140625,55.0
2019-05-16,1285.0,1285.4000244140625,1285.0,1285.199951171875,3.0
2019-05-17,1274.5,1280.0,1274.5,1280.0,1.0
2019-05-18,1274.5,1280.0,1274.5,1280.0,1.0
2019-05-19,1274.5,1280.0,1274.5,1280.0,1.0
2019-05-20,1276.0999755859375,1276.0999755859375,1276.0999755859375,1276.0999755859375,20.0
2019-05-21,1272.0,1272.0,1272.0,1272.0,0.0
2019-05-22,1273.5999755859375,1273.5999755859375,1273.5999755859375,1273.5999755859375,0.0
2019-05-23,1284.800048828125,1284.800048828125,1284.800048828125,1284.800048828125,0.0
2019-05-24,1283.0,1283.0,1283.0,1283.0,9.0
2019-05-25,1283.0,1283.0,1283.0,1283.0,9.0
2019-05-26,1283.0,1283.0,1283.0,1283.0,9.0
2019-05-27,1283.0,1283.0,1283.0,1283.0,9.0
2019-05-28,1276.5,1276.5,1276.5,1276.5,0.0
2019-05-29,1280.5999755859375,1280.5999755859375,1280.5999755859375,1280.5999755859375,189694.0
2019-05-30,1287.0999755859375,1288.300048828125,1273.9000244140625,1279.4000244140625,55573.0
2019-05-31,1305.800048828125,1306.4000244140625,1287.5,1287.699951171875,2814.0
2019-06-01,1305.800048828125,1306.4000244140625,1287.5,1287.699951171875,2814.0
2019-06-02,1305.800048828125,1306.4000244140625,1287.5,1287.699951171875,2814.0
2019-06-03,1322.699951171875,1327.800048828125,1307.0,1307.0,812.0
2019-06-04,1323.4000244140625,1328.5999755859375,1320.800048828125,1324.300048828125,302.0
2019-06-05,1328.300048828125,1343.300048828125,1326.300048828125,1328.9000244140625,622.0
2019-06-06,1337.5999755859375,1338.699951171875,1326.199951171875,1330.800048828125,161.0
2019-06-07,1341.199951171875,1347.699951171875,1329.800048828125,1333.0999755859375,240.0
2019-06-08,1341.199951171875,1347.699951171875,1329.800048828125,1333.0999755859375,240.0
2019-06-09,1341.199951171875,1347.699951171875,1329.800048828125,1333.0999755859375,240.0
2019-06-10,1324.699951171875,1336.5,1324.0999755859375,1335.800048828125,268.0
2019-06-11,1326.4000244140625,1328.4000244140625,1319.0999755859375,1328.4000244140625,201.0
2019-06-12,1331.9000244140625,1334.5,1326.9000244140625,1326.9000244140625,139.0
2019-06-13,1339.199951171875,1341.0999755859375,1331.5999755859375,1331.5999755859375,157.0
2019-06-14,1340.0999755859375,1355.4000244140625,1339.300048828125,1345.4000244140625,914.0
2019-06-15,1340.0999755859375,1355.4000244140625,1339.300048828125,1345.4000244140625,914.0
2019-06-16,1340.0999755859375,1355.4000244140625,1339.300048828125,1345.4000244140625,914.0
2019-06-17,1338.699951171875,1340.300048828125,1335.0,1339.0,76.0
2019-06-18,1346.5999755859375,1349.300048828125,1341.5999755859375,1349.300048828125,29.0
2019-06-19,1344.5999755859375,1344.5999755859375,1344.0,1344.0,129.0
2019-06-20,1392.9000244140625,1392.9000244140625,1379.5,1381.5,76.0
2019-06-21,1396.199951171875,1406.0,1390.300048828125,1406.0,35.0
2019-06-22,1396.199951171875,1406.0,1390.300048828125,1406.0,35.0
2019-06-23,1396.199951171875,1406.0,1390.300048828125,1406.0,35.0
2019-06-24,1414.300048828125,1420.5999755859375,1402.0999755859375,1406.0,125.0
2019-06-25,1414.9000244140625,1433.300048828125,1414.9000244140625,1418.0999755859375,105.0
2019-06-26,1411.5999755859375,1413.300048828125,1405.800048828125,1407.199951171875,1333.0
2019-06-27,1408.4000244140625,1410.800048828125,1399.800048828125,1407.0,437.0
2019-06-28,1409.699951171875,1422.0,1408.300048828125,1408.300048828125,356.0
2019-06-29,1409.699951171875,1422.0,1408.300048828125,1408.300048828125,356.0
2019-06-30,1409.699951171875,1422.0,1408.300048828125,1408.300048828125,356.0
2019-07-01,1385.5999755859375,1395.800048828125,1382.800048828125,1386.5999755859375,214.0
2019-07-02,1404.5999755859375,1418.4000244140625,1390.800048828125,1391.0999755859375,38.0
2019-07-03,1417.699951171875,1434.0,1413.0999755859375,1431.0,46.0
2019-07-04,1417.699951171875,1434.0,1413.0999755859375,1431.0,46.0
2019-07-05,1396.699951171875,1418.300048828125,1390.199951171875,1418.300048828125,20.0
2019-07-06,1396.699951171875,1418.300048828125,1390.199951171875,1418.300048828125,20.0
2019-07-07,1396.699951171875,1418.300048828125,1390.199951171875,1418.300048828125,20.0
2019-07-08,1397.0,1397.0,1393.5999755859375,1395.9000244140625,14.0
2019-07-09,1397.5,1397.5,1386.199951171875,1394.5,53.0
2019-07-10,1410.0999755859375,1410.0999755859375,1409.9000244140625,1409.9000244140625,50.0
2019-07-11,1404.300048828125,1424.0,1404.300048828125,1424.0,6.0
2019-07-12,1409.9000244140625,1410.0999755859375,1405.5999755859375,1405.5999755859375,8.0
2019-07-13,1409.9000244140625,1410.0999755859375,1405.5999755859375,1405.5999755859375,8.0
2019-07-14,1409.9000244140625,1410.0999755859375,1405.5999755859375,1405.5999755859375,8.0
2019-07-15,1411.4000244140625,1415.0,1411.4000244140625,1414.4000244140625,25.0
2019-07-16,1409.199951171875,1413.699951171875,1405.0,1413.5999755859375,13.0
2019-07-17,1421.300048828125,1421.300048828125,1404.5999755859375,1404.5999755859375,6.0
2019-07-18,1426.0999755859375,1444.199951171875,1419.5,1422.300048828125,66.0
2019-07-19,1425.0999755859375,1442.0,1425.0999755859375,1440.5,22.0
2019-07-20,1425.0999755859375,1442.0,1425.0999755859375,1440.5,22.0
2019-07-21,1425.0999755859375,1442.0,1425.0999755859375,1440.5,22.0
2019-07-22,1425.300048828125,1425.300048828125,1424.0,1425.300048828125,1.0
2019-07-23,1420.0999755859375,1421.300048828125,1416.300048828125,1418.5999755859375,5.0
2019-07-24,1422.800048828125,1422.800048828125,1422.800048828125,1422.800048828125,20.0
2019-07-25,1413.9000244140625,1413.9000244140625,1413.9000244140625,1413.9000244140625,4.0
2019-07-26,1418.5,1423.0,1418.5,1422.800048828125,5.0
2019-07-27,1418.5,1423.0,1418.5,1422.800048828125,5.0
2019-07-28,1418.5,1423.0,1418.5,1422.800048828125,5.0
2019-07-29,1419.5999755859375,1419.5999755859375,1419.5999755859375,1419.5999755859375,224267.0
2019-07-30,1429.699951171875,1433.9000244140625,1422.0999755859375,1426.300048828125,73874.0
2019-07-31,1426.0999755859375,1435.800048828125,1411.199951171875,1431.300048828125,3294.0
2019-08-01,1420.9000244140625,1445.199951171875,1400.9000244140625,1411.300048828125,2431.0
2019-08-02,1445.5999755859375,1448.0,1432.300048828125,1448.0,1873.0
2019-08-03,1445.5999755859375,1448.0,1432.300048828125,1448.0,1873.0
2019-08-04,1445.5999755859375,1448.0,1432.300048828125,1448.0,1873.0
2019-08-05,1464.5999755859375,1469.699951171875,1440.4000244140625,1440.4000244140625,1008.0
2019-08-06,1472.4000244140625,1475.0,1457.699951171875,1469.699951171875,460.0
2019-08-07,1507.300048828125,1509.9000244140625,1473.199951171875,1473.5,824.0
2019-08-08,1497.699951171875,1508.5,1492.0,1498.4000244140625,367.0
2019-08-09,1496.5999755859375,1507.5,1495.5999755859375,1506.199951171875,74.0
2019-08-10,1496.5999755859375,1507.5,1495.5999755859375,1506.199951171875,74.0
2019-08-11,1496.5999755859375,1507.5,1495.5999755859375,1506.199951171875,74.0
2019-08-12,1505.300048828125,1514.9000244140625,1488.0999755859375,1496.0,257.0
2019-08-13,1502.199951171875,1531.4000244140625,1483.699951171875,1510.4000244140625,672.0
2019-08-14,1515.9000244140625,1520.5,1497.0,1500.0,328.0
2019-08-15,1519.5999755859375,1522.699951171875,1510.5999755859375,1519.800048828125,87.0
2019-08-16,1512.5,1524.5999755859375,1504.699951171875,1524.5999755859375,1815.0
2019-08-17,1512.5,1524.5999755859375,1504.699951171875,1524.5999755859375,1815.0
2019-08-18,1512.5,1524.5999755859375,1504.699951171875,1524.5999755859375,1815.0
2019-08-19,1500.4000244140625,1507.5999755859375,1492.9000244140625,1507.199951171875,205.0
2019-08-20,1504.5999755859375,1506.0999755859375,1497.5,1497.5,486.0
2019-08-21,1504.5999755859375,1505.0,1498.800048828125,1504.9000244140625,350.0
2019-08-22,1497.300048828125,1497.300048828125,1493.800048828125,1495.0999755859375,686.0
2019-08-23,1526.5999755859375,1527.5999755859375,1493.5,1493.5,983.0
2019-08-24,1526.5999755859375,1527.5999755859375,1493.5,1493.5,983.0
2019-08-25,1526.5999755859375,1527.5999755859375,1493.5,1493.5,983.0
2019-08-26,1526.300048828125,1543.300048828125,1524.300048828125,1543.199951171875,334.0
2019-08-27,1541.0,1542.0999755859375,1528.5,1530.5,166.0
2019-08-28,1537.800048828125,1538.0999755859375,1537.800048828125,1538.0999755859375,2756.0
2019-08-29,1526.5,1549.300048828125,1519.5999755859375,1537.5,704.0
2019-08-30,1519.0999755859375,1530.4000244140625,1516.699951171875,1524.5999755859375,276.0
2019-08-31,1519.0999755859375,1530.4000244140625,1516.699951171875,1524.5999755859375,276.0
2019-09-01,1519.0999755859375,1530.4000244140625,1516.699951171875,1524.5999755859375,276.0
2019-09-02,1519.0999755859375,1530.4000244140625,1516.699951171875,1524.5999755859375,276.0
2019-09-03,1545.9000244140625,1547.300048828125,1521.0,1522.9000244140625,139.0
2019-09-04,1550.300048828125,1553.199951171875,1534.800048828125,1549.0,46.0
2019-09-05,1515.4000244140625,1551.0999755859375,1511.0999755859375,1551.0,125.0
2019-09-06,1506.199951171875,1526.0,1504.5,1517.300048828125,54.0
2019-09-07,1506.199951171875,1526.0,1504.5,1517.300048828125,54.0
2019-09-08,1506.199951171875,1526.0,1504.5,1517.300048828125,54.0
2019-09-09,1502.199951171875,1513.0,1498.0,1509.0,69.0
2019-09-10,1490.300048828125,1498.5,1486.9000244140625,1498.5,23.0
2019-09-11,1494.4000244140625,1496.5999755859375,1490.199951171875,1491.699951171875,8.0
2019-09-12,1498.699951171875,1515.4000244140625,1498.699951171875,1499.5,27.0
2019-09-13,1490.9000244140625,1490.9000244140625,1486.9000244140625,1490.9000244140625,1.0
2019-09-14,1490.9000244140625,1490.9000244140625,1486.9000244140625,1490.9000244140625,1.0
2019-09-15,1490.9000244140625,1490.9000244140625,1486.9000244140625,1490.9000244140625,1.0
2019-09-16,1503.0999755859375,1506.800048828125,1496.9000244140625,1506.5999755859375,21.0
2019-09-17,1505.0999755859375,1505.0999755859375,1497.9000244140625,1497.9000244140625,3.0
2019-09-18,1507.5,1509.4000244140625,1489.300048828125,1508.9000244140625,8.0
2019-09-19,1498.4000244140625,1502.4000244140625,1496.0999755859375,1496.0999755859375,10.0
2019-09-20,1507.300048828125,1507.300048828125,1503.0,1503.0,2.0
2019-09-21,1507.300048828125,1507.300048828125,1503.0,1503.0,2.0
2019-09-22,1507.300048828125,1507.300048828125,1503.0,1503.0,2.0
2019-09-23,1523.699951171875,1523.699951171875,1515.5,1515.5,5.0
2019-09-24,1532.0999755859375,1533.0,1515.0999755859375,1515.0999755859375,25.0
2019-09-25,1504.5999755859375,1527.9000244140625,1504.5999755859375,1527.5999755859375,25.0
2019-09-26,1507.5,1507.5,1507.5,1507.5,8178.0
2019-09-27,1499.0999755859375,1506.0999755859375,1485.5999755859375,1504.199951171875,7827.0
2019-09-28,1499.0999755859375,1506.0999755859375,1485.5999755859375,1504.199951171875,7827.0
2019-09-29,1499.0999755859375,1506.0999755859375,1485.5999755859375,1504.199951171875,7827.0
2019-09-30,1465.699951171875,1495.9000244140625,1463.5,1495.9000244140625,1078.0
2019-10-01,1482.0,1485.5,1458.300048828125,1468.699951171875,219.0
2019-10-02,1501.0,1503.699951171875,1474.0999755859375,1476.5999755859375,205.0
2019-10-03,1507.0999755859375,1518.199951171875,1496.5999755859375,1497.4000244140625,1213.0
2019-10-04,1506.199951171875,1508.699951171875,1497.0999755859375,1505.5999755859375,233.0
2019-10-05,1506.199951171875,1508.699951171875,1497.0999755859375,1505.5999755859375,233.0
2019-10-06,1506.199951171875,1508.699951171875,1497.0999755859375,1505.5999755859375,233.0
2019-10-07,1497.699951171875,1505.800048828125,1489.0999755859375,1504.800048828125,121.0
2019-10-08,1497.199951171875,1506.300048828125,1489.300048828125,1489.4000244140625,46.0
2019-10-09,1506.0999755859375,1507.699951171875,1498.4000244140625,1507.699951171875,120.0
2019-10-10,1494.800048828125,1511.199951171875,1490.5999755859375,1511.199951171875,78.0
2019-10-11,1482.699951171875,1494.9000244140625,1476.9000244140625,1491.9000244140625,57.0
2019-10-12,1482.699951171875,1494.9000244140625,1476.9000244140625,1491.9000244140625,57.0
2019-10-13,1482.699951171875,1494.9000244140625,1476.9000244140625,1491.9000244140625,57.0
2019-10-14,1491.699951171875,1493.5,1481.300048828125,1484.4000244140625,400.0
2019-10-15,1477.5999755859375,1495.4000244140625,1476.5999755859375,1488.9000244140625,367.0
2019-10-16,1488.0,1488.0,1480.0,1482.0,383.0
2019-10-17,1492.300048828125,1493.199951171875,1485.800048828125,1486.199951171875,271.0
2019-10-18,1488.199951171875,1489.0999755859375,1486.5999755859375,1487.300048828125,82.0
2019-10-19,1488.199951171875,1489.0999755859375,1486.5999755859375,1487.300048828125,82.0
2019-10-20,1488.199951171875,1489.0999755859375,1486.5999755859375,1487.300048828125,82.0
2019-10-21,1482.4000244140625,1489.9000244140625,1481.5,1489.9000244140625,72.0
2019-10-22,1481.699951171875,1483.5,1481.699951171875,1483.4000244140625,99.0
2019-10-23,1489.9000244140625,1490.300048828125,1486.4000244140625,1486.4000244140625,67.0
2019-10-24,1498.9000244140625,1501.199951171875,1485.9000244140625,1490.5,115.0
2019-10-25,1499.5,1514.300048828125,1499.0,1501.4000244140625,93.0
2019-10-26,1499.5,1514.300048828125,1499.0,1501.4000244140625,93.0
2019-10-27,1499.5,1514.300048828125,1499.0,1501.4000244140625,93.0
2019-10-28,1490.0,1504.0999755859375,1490.0,1504.0999755859375,37.0
2019-10-29,1487.0,1487.0,1485.9000244140625,1485.9000244140625,425.0
2019-10-30,1493.199951171875,1495.4000244140625,1481.0,1487.199951171875,320.0
2019-10-31,1511.4000244140625,1513.0999755859375,1496.0999755859375,1496.0999755859375,210.0
2019-11-01,1508.0,1511.5999755859375,1503.0,1511.0,235.0
2019-11-02,1508.0,1511.5999755859375,1503.0,1511.0,235.0
2019-11-03,1508.0,1511.5999755859375,1503.0,1511.0,235.0
2019-11-04,1508.0,1511.5999755859375,1508.0,1511.5999755859375,101.0
2019-11-05,1480.800048828125,1507.0999755859375,1480.800048828125,1507.0999755859375,31.0
2019-11-06,1490.199951171875,1491.0,1483.199951171875,1483.199951171875,567.0
2019-11-07,1464.199951171875,1489.0999755859375,1464.199951171875,1489.0999755859375,581.0
2019-11-08,1461.300048828125,1469.0999755859375,1461.300048828125,1469.0999755859375,21.0
2019-11-09,1461.300048828125,1469.0999755859375,1461.300048828125,1469.0999755859375,21.0
2019-11-10,1461.300048828125,1469.0999755859375,1461.300048828125,1469.0999755859375,21.0
2019-11-11,1455.5,1461.0,1449.300048828125,1461.0,22.0
2019-11-12,1452.0999755859375,1454.9000244140625,1447.0999755859375,1454.9000244140625,6.0
2019-11-13,1461.699951171875,1463.300048828125,1456.800048828125,1456.800048828125,56.0
2019-11-14,1471.800048828125,1471.800048828125,1463.699951171875,1463.800048828125,83.0
2019-11-15,1467.300048828125,1469.0999755859375,1467.300048828125,1469.0999755859375,13.0
2019-11-16,1467.300048828125,1469.0999755859375,1467.300048828125,1469.0999755859375,13.0
2019-11-17,1467.300048828125,1469.0999755859375,1467.300048828125,1469.0999755859375,13.0
2019-11-18,1470.9000244140625,1472.0,1469.699951171875,1472.0,141.0
2019-11-19,1473.300048828125,1474.300048828125,1467.699951171875,1467.699951171875,18.0
2019-11-20,1473.300048828125,1474.5,1467.300048828125,1472.5999755859375,31.0
2019-11-21,1463.0999755859375,1463.0999755859375,1463.0999755859375,1463.0999755859375,16.0
2019-11-22,1463.0999755859375,1468.5999755859375,1463.0999755859375,1468.5999755859375,19.0
2019-11-23,1463.0999755859375,1468.5999755859375,1463.0999755859375,1468.5999755859375,19.0
2019-11-24,1463.0999755859375,1468.5999755859375,1463.0999755859375,1468.5999755859375,19.0
2019-11-25,1456.5999755859375,1457.0999755859375,1455.5,1457.0999755859375,14.0
2019-11-26,1459.800048828125,1459.800048828125,1459.800048828125,1459.800048828125,346362.0
2019-11-27,1453.4000244140625,1461.9000244140625,1452.0,1461.0999755859375,88364.0
2019-11-28,1453.4000244140625,1461.9000244140625,1452.0,1461.0999755859375,88364.0
2019-11-29,1465.5999755859375,1465.5999755859375,1452.0999755859375,1453.5999755859375,7020.0
2019-11-30,1465.5999755859375,1465.5999755859375,1452.0999755859375,1453.5999755859375,7020.0
2019-12-01,1465.5999755859375,1465.5999755859375,1452.0999755859375,1453.5999755859375,7020.0
2019-12-02,1462.300048828125,1464.4000244140625,1453.300048828125,1462.800048828125,2172.0
2019-12-03,1478.199951171875,1480.4000244140625,1459.5,1461.5999755859375,1460.0
2019-12-04,1474.0,1483.4000244140625,1471.199951171875,1477.5,613.0
2019-12-05,1476.9000244140625,1478.0,1472.300048828125,1474.699951171875,907.0
2019-12-06,1459.0999755859375,1476.0,1458.199951171875,1475.0,899.0
2019-12-07,1459.0999755859375,1476.0,1458.199951171875,1475.0,899.0
2019-12-08,1459.0999755859375,1476.0,1458.199951171875,1475.0,899.0
2019-12-09,1459.300048828125,1464.199951171875,1458.5999755859375,1458.800048828125,1461.0
2019-12-10,1462.5999755859375,1467.199951171875,1460.699951171875,1460.699951171875,367.0
2019-12-11,1469.4000244140625,1475.4000244140625,1463.0999755859375,1463.0999755859375,393.0
2019-12-12,1466.699951171875,1483.9000244140625,1463.699951171875,1475.0999755859375,955.0
2019-12-13,1475.5999755859375,1475.9000244140625,1463.0999755859375,1463.0999755859375,468.0
2019-12-14,1475.5999755859375,1475.9000244140625,1463.0999755859375,1463.0999755859375,468.0
2019-12-15,1475.5999755859375,1475.9000244140625,1463.0999755859375,1463.0999755859375,468.0
2019-12-16,1475.0,1475.300048828125,1473.800048828125,1473.800048828125,99.0
2019-12-17,1474.5999755859375,1476.9000244140625,1474.0,1474.0999755859375,410.0
2019-12-18,1472.5999755859375,1472.5999755859375,1472.5999755859375,1472.5999755859375,250.0
2019-12-19,1478.199951171875,1478.9000244140625,1473.300048828125,1475.9000244140625,319.0
2019-12-20,1474.699951171875,1478.0999755859375,1474.699951171875,1476.699951171875,118.0
2019-12-21,1474.699951171875,1478.0999755859375,1474.699951171875,1476.699951171875,118.0
2019-12-22,1474.699951171875,1478.0999755859375,1474.699951171875,1476.699951171875,118.0
2019-12-23,1482.5,1482.5,1479.9000244140625,1482.300048828125,391.0
2019-12-24,1499.0999755859375,1499.0999755859375,1488.699951171875,1488.699951171875,52.0
2019-12-25,1499.0999755859375,1499.0999755859375,1488.699951171875,1488.699951171875,52.0
2019-12-26,1509.300048828125,1512.300048828125,1505.0,1505.199951171875,126.0
2019-12-27,1513.800048828125,1513.800048828125,1513.800048828125,1513.800048828125,839.0
2019-12-28,1513.800048828125,1513.800048828125,1513.800048828125,1513.800048828125,839.0
2019-12-29,1513.800048828125,1513.800048828125,1513.800048828125,1513.800048828125,839.0
2019-12-30,1514.5,1515.0999755859375,1510.0,1512.5999755859375,446.0
2019-12-31,1519.5,1523.4000244140625,1513.800048828125,1513.800048828125,301.0
2020-01-01,1519.5,1523.4000244140625,1513.800048828125,1513.800048828125,301.0
2020-01-02,1524.5,1528.699951171875,1518.0,1518.0999755859375,214.0
2020-01-03,1549.199951171875,1552.699951171875,1530.0999755859375,1530.0999755859375,107.0
2020-01-04,1549.199951171875,1552.699951171875,1530.0999755859375,1530.0999755859375,107.0
2020-01-05,1549.199951171875,1552.699951171875,1530.0999755859375,1530.0999755859375,107.0
2020-01-06,1566.199951171875,1580.0,1560.4000244140625,1580.0,416.0
2020-01-07,1571.800048828125,1576.300048828125,1558.300048828125,1558.300048828125,47.0
2020-01-08,1557.4000244140625,1604.199951171875,1552.300048828125,1579.699951171875,236.0
2020-01-09,1551.699951171875,1555.699951171875,1543.300048828125,1555.699951171875,54.0
2020-01-10,1557.5,1558.800048828125,1545.4000244140625,1551.199951171875,16.0
2020-01-11,1557.5,1558.800048828125,1545.4000244140625,1551.199951171875,16.0
2020-01-12,1557.5,1558.800048828125,1545.4000244140625,1551.199951171875,16.0
2020-01-13,1548.4000244140625,1558.0,1548.4000244140625,1557.4000244140625,48.0
2020-01-14,1542.4000244140625,1546.699951171875,1534.9000244140625,1546.699951171875,32.0
2020-01-15,1552.0999755859375,1553.9000244140625,1545.5999755859375,1548.0,11.0
2020-01-16,1549.0,1556.0999755859375,1548.5,1555.699951171875,98.0
2020-01-17,1558.800048828125,1558.800048828125,1553.5999755859375,1554.0999755859375,108.0
2020-01-18,1558.800048828125,1558.800048828125,1553.5999755859375,1554.0999755859375,108.0
2020-01-19,1558.800048828125,1558.800048828125,1553.5999755859375,1554.0999755859375,108.0
2020-01-20,1558.800048828125,1558.800048828125,1553.5999755859375,1554.0999755859375,108.0
2020-01-21,1556.4000244140625,1566.199951171875,1551.0,1559.300048828125,45.0
2020-01-22,1555.300048828125,1557.0999755859375,1549.800048828125,1549.800048828125,42.0
2020-01-23,1564.5999755859375,1564.5999755859375,1552.199951171875,1553.0999755859375,15.0
2020-01-24,1571.0999755859375,1571.0999755859375,1556.300048828125,1556.300048828125,43.0
2020-01-25,1571.0999755859375,1571.0999755859375,1556.300048828125,1556.300048828125,43.0
2020-01-26,1571.0999755859375,1571.0999755859375,1556.300048828125,1556.300048828125,43.0
2020-01-27,1576.800048828125,1584.5,1576.800048828125,1584.300048828125,22.0
2020-01-28,1569.199951171875,1576.4000244140625,1569.199951171875,1576.4000244140625,3.0
2020-01-29,1569.800048828125,1569.800048828125,1569.800048828125,1569.800048828125,251274.0
2020-01-30,1583.5,1585.0,1571.4000244140625,1576.800048828125,62336.0
2020-01-31,1582.9000244140625,1589.0,1570.0,1573.4000244140625,1095.0
2020-02-01,1582.9000244140625,1589.0,1570.0,1573.4000244140625,1095.0
2020-02-02,1582.9000244140625,1589.0,1570.0,1573.4000244140625,1095.0
2020-02-03,1577.199951171875,1593.300048828125,1568.199951171875,1592.9000244140625,1062.0
2020-02-04,1550.4000244140625,1577.699951171875,1547.800048828125,1577.699951171875,978.0
2020-02-05,1557.800048828125,1560.699951171875,1547.699951171875,1553.199951171875,1305.0
2020-02-06,1565.0999755859375,1565.5999755859375,1551.5999755859375,1553.5999755859375,110.0
2020-02-07,1568.5999755859375,1571.9000244140625,1560.5,1564.9000244140625,431.0
2020-02-08,1568.5999755859375,1571.9000244140625,1560.5,1564.9000244140625,431.0
2020-02-09,1568.5999755859375,1571.9000244140625,1560.5,1564.9000244140625,431.0
2020-02-10,1574.699951171875,1574.699951171875,1568.5999755859375,1569.300048828125,128.0
2020-02-11,1565.5999755859375,1571.0999755859375,1561.9000244140625,1570.9000244140625,440.0
2020-02-12,1567.4000244140625,1568.699951171875,1561.0,1565.199951171875,36.0
2020-02-13,1575.0999755859375,1575.0999755859375,1570.199951171875,1570.199951171875,74.0
2020-02-14,1582.699951171875,1582.699951171875,1574.800048828125,1575.800048828125,68.0
2020-02-15,1582.699951171875,1582.699951171875,1574.800048828125,1575.800048828125,68.0
2020-02-16,1582.699951171875,1582.699951171875,1574.800048828125,1575.800048828125,68.0
2020-02-17,1582.699951171875,1582.699951171875,1574.800048828125,1575.800048828125,68.0
2020-02-18,1600.0,1604.300048828125,1579.800048828125,1579.800048828125,310.0
2020-02-19,1607.5,1610.5,1599.699951171875,1600.5999755859375,542.0
2020-02-20,1616.5999755859375,1621.0,1603.0,1606.5,117.0
2020-02-21,1644.5999755859375,1645.0,1619.300048828125,1619.300048828125,186.0
2020-02-22,1644.5999755859375,1645.0,1619.300048828125,1619.300048828125,186.0
2020-02-23,1644.5999755859375,1645.0,1619.300048828125,1619.300048828125,186.0
2020-02-24,1672.4000244140625,1686.5999755859375,1650.0,1657.0,435.0
2020-02-25,1646.9000244140625,1653.699951171875,1632.300048828125,1645.0999755859375,409.0
2020-02-26,1640.0,1648.0999755859375,1636.4000244140625,1644.0,1990.0
2020-02-27,1640.0,1658.0,1638.5,1641.0999755859375,707.0
2020-02-28,1564.0999755859375,1642.5,1564.0999755859375,1640.300048828125,289.0
2020-02-29,1564.0999755859375,1642.5,1564.0999755859375,1640.300048828125,289.0
2020-03-01,1564.0999755859375,1642.5,1564.0999755859375,1640.300048828125,289.0
2020-03-02,1592.300048828125,1608.300048828125,1574.300048828125,1583.9000244140625,537.0
2020-03-03,1642.0999755859375,1645.300048828125,1594.0,1594.5,610.0
2020-03-04,1641.0999755859375,1645.9000244140625,1631.300048828125,1645.4000244140625,83.0
2020-03-05,1666.4000244140625,1672.9000244140625,1637.199951171875,1637.300048828125,154.0
2020-03-06,1670.800048828125,1686.199951171875,1647.199951171875,1670.800048828125,175.0
2020-03-07,1670.800048828125,1686.199951171875,1647.199951171875,1670.800048828125,175.0
2020-03-08,1670.800048828125,1686.199951171875,1647.199951171875,1670.800048828125,175.0
2020-03-09,1674.5,1701.5999755859375,1657.699951171875,1696.0999755859375,161.0
2020-03-10,1659.0999755859375,1674.5999755859375,1643.0,1671.5999755859375,48.0
2020-03-11,1641.4000244140625,1666.5,1635.0,1656.5999755859375,47.0
2020-03-12,1589.300048828125,1647.5,1566.4000244140625,1637.0,256.0
2020-03-13,1515.699951171875,1589.800048828125,1513.800048828125,1574.9000244140625,89.0
2020-03-14,1515.699951171875,1589.800048828125,1513.800048828125,1574.9000244140625,89.0
2020-03-15,1515.699951171875,1589.800048828125,1513.800048828125,1574.9000244140625,89.0
2020-03-16,1485.9000244140625,1569.0999755859375,1452.0999755859375,1569.0999755859375,193.0
2020-03-17,1524.9000244140625,1537.699951171875,1469.300048828125,1469.300048828125,122.0
2020-03-18,1477.300048828125,1542.0,1477.300048828125,1537.5,333.0
2020-03-19,1478.5999755859375,1491.5999755859375,1471.0,1481.5,262.0
2020-03-20,1484.0,1484.0,1483.5,1483.5,14.0
2020-03-21,1484.0,1484.0,1483.5,1483.5,14.0
2020-03-22,1484.0,1484.0,1483.5,1483.5,14.0
2020-03-23,1567.0,1567.0,1490.199951171875,1505.300048828125,51.0
2020-03-24,1660.199951171875,1685.5,1592.699951171875,1592.699951171875,442.0
2020-03-25,1632.300048828125,1676.5,1631.0999755859375,1676.5,476.0
2020-03-26,1650.0999755859375,1660.5,1650.0999755859375,1660.5,3.0
2020-03-27,1623.9000244140625,1623.9000244140625,1623.9000244140625,1623.9000244140625,100638.0
2020-03-28,1623.9000244140625,1623.9000244140625,1623.9000244140625,1623.9000244140625,100638.0
2020-03-29,1623.9000244140625,1623.9000244140625,1623.9000244140625,1623.9000244140625,100638.0
2020-03-30,1622.0,1652.800048828125,1607.199951171875,1641.199951171875,16389.0
2020-03-31,1583.4000244140625,1621.0,1576.0,1618.699951171875,2874.0
2020-04-01,1578.199951171875,1600.0,1570.0,1570.0,2158.0
2020-04-02,1625.699951171875,1631.199951171875,1586.0,1590.9000244140625,1294.0
2020-04-03,1633.699951171875,1636.0,1619.800048828125,1624.5,643.0
2020-04-04,1633.699951171875,1636.0,1619.800048828125,1624.5,643.0
2020-04-05,1633.699951171875,1636.0,1619.800048828125,1624.5,643.0
2020-04-06,1677.0,1696.699951171875,1625.9000244140625,1629.0999755859375,1063.0
2020-04-07,1664.800048828125,1724.4000244140625,1658.0,1695.699951171875,1144.0
2020-04-08,1665.4000244140625,1677.0,1662.5,1669.699951171875,747.0
2020-04-09,1736.199951171875,1736.199951171875,1662.699951171875,1662.699951171875,825.0
2020-04-10,1736.199951171875,1736.199951171875,1662.699951171875,1662.699951171875,825.0
2020-04-11,1736.199951171875,1736.199951171875,1662.699951171875,1662.699951171875,825.0
2020-04-12,1736.199951171875,1736.199951171875,1662.699951171875,1662.699951171875,825.0
2020-04-13,1744.800048828125,1756.800048828125,1710.699951171875,1722.0,696.0
2020-04-14,1756.699951171875,1775.0,1739.5,1756.800048828125,675.0
2020-04-15,1727.199951171875,1744.9000244140625,1722.699951171875,1739.4000244140625,642.0
2020-04-16,1720.4000244140625,1750.5999755859375,1715.0,1731.0,162.0
2020-04-17,1689.199951171875,1725.0,1684.9000244140625,1715.699951171875,223.0
2020-04-18,1689.199951171875,1725.0,1684.9000244140625,1715.699951171875,223.0
2020-04-19,1689.199951171875,1725.0,1684.9000244140625,1715.699951171875,223.0
2020-04-20,1701.5999755859375,1701.5999755859375,1680.0,1686.0,106.0
2020-04-21,1678.199951171875,1707.0999755859375,1659.9000244140625,1697.0,666.0
2020-04-22,1728.699951171875,1728.699951171875,1684.800048828125,1696.0,453.0
2020-04-23,1733.300048828125,1745.0999755859375,1733.300048828125,1734.0,482.0
2020-04-24,1723.5,1744.0,1714.5,1744.0,221.0
2020-04-25,1723.5,1744.0,1714.5,1744.0,221.0
2020-04-26,1723.5,1744.0,1714.5,1744.0,221.0
2020-04-27,1711.9000244140625,1731.9000244140625,1711.9000244140625,1731.9000244140625,169.0
2020-04-28,1710.5,1716.5999755859375,1707.0999755859375,1716.5999755859375,1255.0
2020-04-29,1703.4000244140625,1713.5,1702.0,1710.0,373.0
2020-04-30,1684.199951171875,1719.300048828125,1680.800048828125,1719.300048828125,327.0
2020-05-01,1694.5,1701.5,1670.5,1686.5999755859375,337.0
2020-05-02,1694.5,1701.5,1670.5,1686.5999755859375,337.0
2020-05-03,1694.5,1701.5,1670.5,1686.5999755859375,337.0
2020-05-04,1706.9000244140625,1709.0,1699.5999755859375,1702.5999755859375,320.0
2020-05-05,1704.4000244140625,1704.4000244140625,1697.199951171875,1701.5,82.0
2020-05-06,1684.199951171875,1704.0,1684.199951171875,1704.0,469.0
2020-05-07,1721.800048828125,1721.800048828125,1685.5999755859375,1686.199951171875,853.0
2020-05-08,1709.9000244140625,1728.9000244140625,1703.800048828125,1726.199951171875,330.0
2020-05-09,1709.9000244140625,1728.9000244140625,1703.800048828125,1726.199951171875,330.0
2020-05-10,1709.9000244140625,1728.9000244140625,1703.800048828125,1726.199951171875,330.0
2020-05-11,1695.300048828125,1704.5,1690.199951171875,1702.300048828125,749.0
2020-05-12,1704.4000244140625,1713.0999755859375,1699.300048828125,1699.300048828125,324.0
2020-05-13,1713.9000244140625,1721.300048828125,1701.9000244140625,1702.0,431.0
2020-05-14,1738.0999755859375,1743.0999755859375,1720.5,1724.300048828125,672.0
2020-05-15,1753.4000244140625,1753.4000244140625,1739.699951171875,1739.699951171875,719.0
2020-05-16,1753.4000244140625,1753.4000244140625,1739.699951171875,1739.699951171875,719.0
2020-05-17,1753.4000244140625,1753.4000244140625,1739.699951171875,1739.699951171875,719.0
2020-05-18,1731.800048828125,1770.5,1731.800048828125,1755.699951171875,229.0
2020-05-19,1744.199951171875,1749.5,1744.199951171875,1744.199951171875,167.0
2020-05-20,1750.5999755859375,1752.0999755859375,1745.5999755859375,1751.5999755859375,16.0
2020-05-21,1720.5,1746.800048828125,1720.5,1746.800048828125,528.0
2020-05-22,1734.5999755859375,1734.5999755859375,1726.5999755859375,1726.5999755859375,6.0
2020-05-23,1734.5999755859375,1734.5999755859375,1726.5999755859375,1726.5999755859375,6.0
2020-05-24,1734.5999755859375,1734.5999755859375,1726.5999755859375,1726.5999755859375,6.0
2020-05-25,1734.5999755859375,1734.5999755859375,1726.5999755859375,1726.5999755859375,6.0
2020-05-26,1704.800048828125,1726.4000244140625,1704.800048828125,1726.4000244140625,39.0
2020-05-27,1710.300048828125,1710.300048828125,1685.5999755859375,1685.5999755859375,137416.0
2020-05-28,1713.300048828125,1727.800048828125,1705.0,1709.300048828125,23355.0
2020-05-29,1736.9000244140625,1738.300048828125,1715.0999755859375,1718.800048828125,1526.0
2020-05-30,1736.9000244140625,1738.300048828125,1715.0999755859375,1718.800048828125,1526.0
2020-05-31,1736.9000244140625,1738.300048828125,1715.0999755859375,1718.800048828125,1526.0
2020-06-01,1737.800048828125,1747.0,1727.0999755859375,1740.4000244140625,871.0
2020-06-02,1725.199951171875,1745.5,1721.800048828125,1743.0,741.0
2020-06-03,1697.800048828125,1726.300048828125,1684.5,1726.300048828125,2755.0
2020-06-04,1718.9000244140625,1718.9000244140625,1694.5,1694.5,807.0
2020-06-05,1676.199951171875,1711.800048828125,1668.5999755859375,1711.800048828125,1502.0
2020-06-06,1676.199951171875,1711.800048828125,1668.5999755859375,1711.800048828125,1502.0
2020-06-07,1676.199951171875,1711.800048828125,1668.5999755859375,1711.800048828125,1502.0
2020-06-08,1698.300048828125,1699.4000244140625,1675.9000244140625,1679.0999755859375,587.0
2020-06-09,1714.699951171875,1720.9000244140625,1692.0,1694.5999755859375,690.0
2020-06-10,1713.300048828125,1740.800048828125,1711.9000244140625,1716.0999755859375,718.0
2020-06-11,1732.0,1744.0999755859375,1720.0,1737.199951171875,347.0
2020-06-12,1729.300048828125,1743.0,1724.9000244140625,1724.9000244140625,318.0
2020-06-13,1729.300048828125,1743.0,1724.9000244140625,1724.9000244140625,318.0
2020-06-14,1729.300048828125,1743.0,1724.9000244140625,1724.9000244140625,318.0
2020-06-15,1720.300048828125,1730.0,1703.300048828125,1730.0,188.0
2020-06-16,1729.5999755859375,1729.5999755859375,1722.4000244140625,1726.300048828125,22.0
2020-06-17,1729.199951171875,1729.199951171875,1714.699951171875,1714.699951171875,51.0
2020-06-18,1724.800048828125,1734.0999755859375,1717.300048828125,1730.5,110.0
2020-06-19,1745.9000244140625,1750.699951171875,1723.5,1723.699951171875,1329.0
2020-06-20,1745.9000244140625,1750.699951171875,1723.5,1723.699951171875,1329.0
2020-06-21,1745.9000244140625,1750.699951171875,1723.5,1723.699951171875,1329.0
2020-06-22,1756.699951171875,1767.5999755859375,1750.5,1755.199951171875,1356.0
2020-06-23,1772.0999755859375,1776.300048828125,1754.199951171875,1755.4000244140625,666.0
2020-06-24,1765.800048828125,1783.0999755859375,1764.5,1778.300048828125,961.0
2020-06-25,1762.0999755859375,1764.800048828125,1759.800048828125,1761.699951171875,207.0
2020-06-26,1772.5,1772.5,1764.699951171875,1766.0,640.0
2020-06-27,1772.5,1772.5,1764.699951171875,1766.0,640.0
2020-06-28,1772.5,1772.5,1764.699951171875,1766.0,640.0
2020-06-29,1774.800048828125,1780.199951171875,1774.300048828125,1779.800048828125,584.0
2020-06-30,1793.0,1793.199951171875,1774.4000244140625,1777.300048828125,986.0
2020-07-01,1773.199951171875,1798.0,1765.800048828125,1793.5999755859375,331.0
2020-07-02,1784.0,1784.0,1768.699951171875,1773.4000244140625,215.0
2020-07-03,1784.0,1784.0,1768.699951171875,1773.4000244140625,215.0
2020-07-04,1784.0,1784.0,1768.699951171875,1773.4000244140625,215.0
2020-07-05,1784.0,1784.0,1768.699951171875,1773.4000244140625,215.0
2020-07-06,1788.5,1790.0999755859375,1788.199951171875,1788.199951171875,172.0
2020-07-07,1804.199951171875,1804.199951171875,1783.300048828125,1789.300048828125,751.0
2020-07-08,1815.5,1817.9000244140625,1801.5,1801.5,209.0
2020-07-09,1799.199951171875,1819.800048828125,1799.199951171875,1816.0999755859373,396.0
2020-07-10,1798.199951171875,1805.5,1797.699951171875,1805.5,236.0
2020-07-11,1798.199951171875,1805.5,1797.699951171875,1805.5,236.0
2020-07-12,1798.199951171875,1805.5,1797.699951171875,1805.5,236.0
2020-07-13,1811.0,1811.0,1805.0,1805.0,164.0
2020-07-14,1810.5999755859373,1811.5,1791.0,1791.0,339.0
2020-07-15,1811.4000244140625,1813.5,1806.0999755859373,1806.0999755859373,167.0
2020-07-16,1798.699951171875,1810.9000244140625,1794.300048828125,1810.9000244140625,146.0
2020-07-17,1808.300048828125,1810.0999755859373,1798.5,1798.5,24.0
2020-07-18,1808.300048828125,1810.0999755859373,1798.5,1798.5,24.0
2020-07-19,1808.300048828125,1810.0999755859373,1798.5,1798.5,24.0
2020-07-20,1815.9000244140625,1817.300048828125,1807.0,1807.0,89.0
2020-07-21,1842.4000244140625,1842.4000244140625,1822.0,1822.0,117.0
2020-07-22,1864.0999755859373,1867.0,1854.699951171875,1858.0999755859373,213.0
2020-07-23,1889.0999755859373,1890.300048828125,1868.5,1868.699951171875,133.0
2020-07-24,1897.300048828125,1897.300048828125,1884.300048828125,1884.300048828125,474.0
2020-07-25,1897.300048828125,1897.300048828125,1884.300048828125,1884.300048828125,474.0
2020-07-26,1897.300048828125,1897.300048828125,1884.300048828125,1884.300048828125,474.0
2020-07-27,1931.0,1938.0,1901.5,1901.699951171875,364.0
2020-07-28,1944.699951171875,1944.699951171875,1928.5999755859373,1931.5,825.0
2020-07-29,1953.5,1953.5,1952.5999755859373,1953.199951171875,209835.0
2020-07-30,1942.300048828125,1965.0999755859373,1930.0,1963.4000244140625,28853.0
2020-07-31,1962.800048828125,1981.0999755859373,1948.0,1948.5999755859373,2914.0
2020-08-01,1962.800048828125,1981.0999755859373,1948.0,1948.5999755859373,2914.0
2020-08-02,1962.800048828125,1981.0999755859373,1948.0,1948.5999755859373,2914.0
2020-08-03,1966.0,1984.300048828125,1955.5,1984.300048828125,683.0
2020-08-04,2001.199951171875,2016.199951171875,1968.800048828125,1971.0,2010.0
2020-08-05,2031.0999755859373,2050.199951171875,2011.0,2024.0,1422.0
2020-08-06,2051.5,2063.0,2040.0,2045.5,294.0
2020-08-07,2010.0999755859373,2055.0,2009.5999755859373,2040.0999755859373,808.0
2020-08-08,2010.0999755859373,2055.0,2009.5999755859373,2040.0999755859373,808.0
2020-08-09,2010.0999755859373,2055.0,2009.5999755859373,2040.0999755859373,808.0
2020-08-10,2024.4000244140625,2043.800048828125,2017.5,2026.4000244140625,233.0
2020-08-11,1932.5999755859373,2016.0,1904.0,2012.4000244140625,971.0
2020-08-12,1934.9000244140625,1946.5999755859373,1871.5999755859373,1923.0,404.0
2020-08-13,1956.699951171875,1957.4000244140625,1916.9000244140625,1921.5,71.0
2020-08-14,1937.0,1947.4000244140625,1937.0,1938.699951171875,201.0
2020-08-15,1937.0,1947.4000244140625,1937.0,1938.699951171875,201.0
2020-08-16,1937.0,1947.4000244140625,1937.0,1938.699951171875,201.0
2020-08-17,1985.0,1985.0,1949.5999755859373,1949.5999755859373,97.0
2020-08-18,1999.4000244140625,2002.800048828125,1972.0999755859373,2001.0999755859373,92.0
2020-08-19,1958.699951171875,1980.0,1938.699951171875,1980.0,347.0
2020-08-20,1933.800048828125,1948.300048828125,1922.300048828125,1941.199951171875,106.0
2020-08-21,1934.5999755859373,1945.0,1908.9000244140625,1941.0,184.0
2020-08-22,1934.5999755859373,1945.0,1908.9000244140625,1941.0,184.0
2020-08-23,1934.5999755859373,1945.0,1908.9000244140625,1941.0,184.0
2020-08-24,1927.699951171875,1940.0,1922.199951171875,1930.199951171875,85.0
2020-08-25,1911.800048828125,1928.5,1911.800048828125,1927.5,176.0
2020-08-26,1940.699951171875,1950.800048828125,1909.699951171875,1909.699951171875,287.0
2020-08-27,1921.5999755859373,1972.5,1921.5999755859373,1948.9000244140625,2303.0
2020-08-28,1964.5999755859373,1971.300048828125,1922.5,1927.0999755859373,778.0
2020-08-29,1964.5999755859373,1971.300048828125,1922.5,1927.0999755859373,778.0
2020-08-30,1964.5999755859373,1971.300048828125,1922.5,1927.0999755859373,778.0
2020-08-31,1967.5999755859373,1971.300048828125,1953.300048828125,1970.0,158.0
2020-09-01,1968.199951171875,1986.300048828125,1961.699951171875,1961.699951171875,186.0
2020-09-02,1934.4000244140625,1967.300048828125,1934.4000244140625,1967.300048828125,71.0
2020-09-03,1927.5999755859373,1938.800048828125,1923.0,1937.0999755859373,179.0
2020-09-04,1923.9000244140625,1939.699951171875,1917.699951171875,1927.9000244140625,607.0
2020-09-05,1923.9000244140625,1939.699951171875,1917.699951171875,1927.9000244140625,607.0
2020-09-06,1923.9000244140625,1939.699951171875,1917.699951171875,1927.9000244140625,607.0
2020-09-07,1923.9000244140625,1939.699951171875,1917.699951171875,1927.9000244140625,607.0
2020-09-08,1933.0,1937.9000244140625,1903.0999755859373,1930.9000244140625,271.0
2020-09-09,1944.699951171875,1946.199951171875,1924.5999755859373,1926.9000244140625,219.0
2020-09-10,1954.199951171875,1962.699951171875,1944.0999755859373,1944.0999755859373,722.0
2020-09-11,1937.800048828125,1949.5,1937.800048828125,1944.0,73.0
2020-09-12,1937.800048828125,1949.5,1937.800048828125,1944.0,73.0
2020-09-13,1937.800048828125,1949.5,1937.800048828125,1944.0,73.0
2020-09-14,1953.0999755859373,1953.0999755859373,1943.0,1946.300048828125,55.0
2020-09-15,1956.300048828125,1968.5,1955.800048828125,1955.800048828125,74.0
2020-09-16,1960.199951171875,1961.4000244140625,1956.699951171875,1961.300048828125,124.0
2020-09-17,1940.0,1946.0,1933.699951171875,1939.0,67.0
2020-09-18,1952.0999755859373,1952.0999755859373,1949.0,1950.5,38.0
2020-09-19,1952.0999755859373,1952.0999755859373,1949.0,1950.5,38.0
2020-09-20,1952.0999755859373,1952.0999755859373,1949.0,1950.5,38.0
2020-09-21,1901.199951171875,1946.199951171875,1883.4000244140625,1946.199951171875,52.0
2020-09-22,1898.5999755859373,1913.0999755859373,1898.5999755859373,1913.0999755859373,331.0
2020-09-23,1859.9000244140625,1875.5,1859.9000244140625,1875.5,5.0
2020-09-24,1868.300048828125,1868.300048828125,1851.5,1851.5,365.0
2020-09-25,1857.699951171875,1857.699951171875,1856.300048828125,1856.300048828125,4.0
2020-09-26,1857.699951171875,1857.699951171875,1856.300048828125,1856.300048828125,4.0
2020-09-27,1857.699951171875,1857.699951171875,1856.300048828125,1856.300048828125,4.0
2020-09-28,1872.800048828125,1872.800048828125,1872.800048828125,1872.800048828125,10455.0
2020-09-29,1894.300048828125,1895.4000244140625,1872.4000244140625,1876.5,3283.0
2020-09-30,1887.5,1899.699951171875,1879.800048828125,1893.0,600.0
2020-10-01,1908.4000244140625,1909.5999755859373,1882.5,1884.0999755859373,730.0
2020-10-02,1900.199951171875,1913.0,1893.9000244140625,1893.9000244140625,530.0
2020-10-03,1900.199951171875,1913.0,1893.9000244140625,1893.9000244140625,530.0
2020-10-04,1900.199951171875,1913.0,1893.9000244140625,1893.9000244140625,530.0
2020-10-05,1912.5,1915.5999755859373,1884.699951171875,1898.9000244140625,1360.0
2020-10-06,1901.0999755859373,1918.0,1874.4000244140625,1906.5999755859373,968.0
2020-10-07,1883.5999755859373,1889.800048828125,1873.0999755859373,1874.0999755859373,50.0
2020-10-08,1888.5999755859373,1893.0,1882.699951171875,1893.0,348.0
2020-10-09,1919.5,1929.0999755859373,1905.0999755859373,1909.300048828125,580.0
2020-10-10,1919.5,1929.0999755859373,1905.0999755859373,1909.300048828125,580.0
2020-10-11,1919.5,1929.0999755859373,1905.0999755859373,1909.300048828125,580.0
2020-10-12,1922.5,1926.5,1921.5999755859373,1924.0,96.0
2020-10-13,1888.5,1922.199951171875,1887.0,1921.9000244140625,191.0
2020-10-14,1901.300048828125,1910.800048828125,1882.5,1889.699951171875,33.0
2020-10-15,1903.199951171875,1906.300048828125,1889.5999755859373,1897.300048828125,254.0
2020-10-16,1900.800048828125,1900.800048828125,1898.5,1898.5,53.0
2020-10-17,1900.800048828125,1900.800048828125,1898.5,1898.5,53.0
2020-10-18,1900.800048828125,1900.800048828125,1898.5,1898.5,53.0
2020-10-19,1906.4000244140625,1907.800048828125,1899.5,1907.300048828125,43.0
2020-10-20,1910.4000244140625,1910.4000244140625,1896.0999755859373,1901.300048828125,329.0
2020-10-21,1924.5999755859373,1927.300048828125,1913.5999755859373,1913.5999755859373,1202.0
2020-10-22,1901.0999755859373,1924.300048828125,1898.199951171875,1924.300048828125,899.0
2020-10-23,1902.0,1913.300048828125,1896.199951171875,1899.9000244140625,287.0
2020-10-24,1902.0,1913.300048828125,1896.199951171875,1899.9000244140625,287.0
2020-10-25,1902.0,1913.300048828125,1896.199951171875,1899.9000244140625,287.0
2020-10-26,1902.699951171875,1907.0,1893.5,1895.5,242.0
2020-10-27,1908.800048828125,1908.800048828125,1904.4000244140625,1904.5999755859373,176.0
2020-10-28,1876.199951171875,1876.199951171875,1870.9000244140625,1870.9000244140625,277.0
2020-10-29,1865.5999755859373,1879.800048828125,1858.800048828125,1876.0999755859373,240.0
2020-10-30,1877.4000244140625,1886.5999755859373,1862.800048828125,1862.800048828125,725.0
2020-10-31,1877.4000244140625,1886.5999755859373,1862.800048828125,1862.800048828125,725.0
2020-11-01,1877.4000244140625,1886.5999755859373,1862.800048828125,1862.800048828125,725.0
2020-11-02,1890.4000244140625,1894.699951171875,1872.9000244140625,1872.9000244140625,190.0
2020-11-03,1908.5,1908.5,1891.5,1891.5,712.0
2020-11-04,1894.5999755859373,1907.0,1885.300048828125,1893.800048828125,782.0
2020-11-05,1945.300048828125,1948.0,1901.699951171875,1901.699951171875,135.0
2020-11-06,1950.300048828125,1958.800048828125,1940.800048828125,1940.800048828125,304.0
2020-11-07,1950.300048828125,1958.800048828125,1940.800048828125,1940.800048828125,304.0
2020-11-08,1950.300048828125,1958.800048828125,1940.800048828125,1940.800048828125,304.0
2020-11-09,1853.199951171875,1963.199951171875,1847.0999755859373,1955.5999755859373,745.0
2020-11-10,1875.4000244140625,1885.300048828125,1871.199951171875,1879.300048828125,276.0
2020-11-11,1860.699951171875,1878.800048828125,1855.5,1878.800048828125,222.0
2020-11-12,1872.5999755859373,1878.5,1866.5999755859373,1869.0,220.0
2020-11-13,1885.699951171875,1890.0999755859373,1876.800048828125,1877.0,240.0
2020-11-14,1885.699951171875,1890.0999755859373,1876.800048828125,1877.0,240.0
2020-11-15,1885.699951171875,1890.0999755859373,1876.800048828125,1877.0,240.0
2020-11-16,1887.300048828125,1887.300048828125,1871.0,1874.5999755859373,6.0
2020-11-17,1884.5,1888.4000244140625,1884.5,1888.4000244140625,59.0
2020-11-18,1873.5,1873.5,1873.5,1873.5,152.0
2020-11-19,1861.0999755859373,1865.800048828125,1856.0,1865.800048828125,59.0
2020-11-20,1872.5999755859373,1872.5999755859373,1871.199951171875,1871.199951171875,1900.0
2020-11-21,1872.5999755859373,1872.5999755859373,1871.199951171875,1871.199951171875,1900.0
2020-11-22,1872.5999755859373,1872.5999755859373,1871.199951171875,1871.199951171875,1900.0
2020-11-23,1837.800048828125,1837.800048828125,1829.199951171875,1834.800048828125,843.0
2020-11-24,1804.800048828125,1829.300048828125,1799.300048828125,1829.300048828125,1041.0
2020-11-25,1805.699951171875,1805.699951171875,1801.4000244140625,1801.4000244140625,205754.0
2020-11-26,1805.699951171875,1805.699951171875,1801.4000244140625,1801.4000244140625,205754.0
2020-11-27,1781.9000244140625,1817.0,1770.699951171875,1806.0999755859373,71804.0
2020-11-28,1781.9000244140625,1817.0,1770.699951171875,1806.0999755859373,71804.0
2020-11-29,1781.9000244140625,1817.0,1770.699951171875,1806.0999755859373,71804.0
2020-11-30,1775.699951171875,1787.199951171875,1762.300048828125,1785.0,3145.0
2020-12-01,1814.0999755859373,1815.9000244140625,1774.9000244140625,1775.0,1859.0
2020-12-02,1825.699951171875,1830.0,1807.800048828125,1811.300048828125,771.0
2020-12-03,1836.800048828125,1842.0,1825.300048828125,1829.199951171875,1765.0
2020-12-04,1835.9000244140625,1847.5999755859373,1828.199951171875,1840.699951171875,1213.0
2020-12-05,1835.9000244140625,1847.5999755859373,1828.199951171875,1840.699951171875,1213.0
2020-12-06,1835.9000244140625,1847.5999755859373,1828.199951171875,1840.699951171875,1213.0
2020-12-07,1861.800048828125,1866.9000244140625,1820.800048828125,1836.5,1427.0
2020-12-08,1870.800048828125,1875.800048828125,1861.800048828125,1863.0,121.0
2020-12-09,1834.5999755859373,1867.0999755859373,1827.0,1867.0999755859373,215.0
2020-12-10,1833.5999755859373,1849.0999755859373,1828.0,1833.199951171875,177.0
2020-12-11,1839.800048828125,1846.0,1829.0999755859373,1838.5,109.0
2020-12-12,1839.800048828125,1846.0,1829.0999755859373,1838.5,109.0
2020-12-13,1839.800048828125,1846.0,1829.0999755859373,1838.5,109.0
2020-12-14,1828.699951171875,1835.699951171875,1822.699951171875,1835.5,258.0
2020-12-15,1852.300048828125,1853.5999755859373,1833.199951171875,1833.5,961.0
2020-12-16,1856.0999755859373,1864.699951171875,1850.5,1856.5,1090.0
2020-12-17,1887.199951171875,1896.199951171875,1874.199951171875,1874.199951171875,414.0
2020-12-18,1885.699951171875,1889.5,1882.300048828125,1882.4000244140625,276.0
2020-12-19,1885.699951171875,1889.5,1882.300048828125,1882.4000244140625,276.0
2020-12-20,1885.699951171875,1889.5,1882.300048828125,1882.4000244140625,276.0
2020-12-21,1879.199951171875,1908.0,1869.0999755859373,1884.800048828125,136.0
2020-12-22,1866.5999755859373,1882.199951171875,1861.0,1882.199951171875,233.0
2020-12-23,1874.699951171875,1878.800048828125,1864.5,1867.0,82.0
2020-12-24,1879.9000244140625,1879.9000244140625,1875.699951171875,1877.300048828125,46.0
2020-12-25,1879.9000244140625,1879.9000244140625,1875.699951171875,1877.300048828125,46.0
2020-12-26,1879.9000244140625,1879.9000244140625,1875.699951171875,1877.300048828125,46.0
2020-12-27,1879.9000244140625,1879.9000244140625,1875.699951171875,1877.300048828125,46.0
2020-12-28,1877.199951171875,1895.800048828125,1873.699951171875,1895.5,75.0
2020-12-29,1879.699951171875,1881.300048828125,1879.699951171875,1881.300048828125,343.0
2020-12-30,1891.0,1895.800048828125,1877.300048828125,1879.9000244140625,444.0
2020-12-31,1893.0999755859373,1901.300048828125,1892.699951171875,1897.0,127.0
2021-01-01,1893.0999755859373,1901.300048828125,1892.699951171875,1897.0,127.0
2021-01-02,1893.0999755859373,1901.300048828125,1892.699951171875,1897.0,127.0
2021-01-03,1893.0999755859373,1901.300048828125,1892.699951171875,1897.0,127.0
2021-01-04,1944.699951171875,1945.0999755859373,1912.199951171875,1912.199951171875,154.0
2021-01-05,1952.699951171875,1952.699951171875,1941.300048828125,1941.699951171875,113.0
2021-01-06,1906.9000244140625,1959.9000244140625,1901.5,1952.0,331.0
2021-01-07,1912.300048828125,1926.699951171875,1912.0,1922.5999755859373,122.0
2021-01-08,1834.0999755859373,1908.0,1834.0999755859373,1908.0,60.0
2021-01-09,1834.0999755859373,1908.0,1834.0999755859373,1908.0,60.0
2021-01-10,1834.0999755859373,1908.0,1834.0999755859373,1908.0,60.0
2021-01-11,1849.5999755859373,1849.5999755859373,1826.5,1826.5,20.0
2021-01-12,1842.9000244140625,1859.699951171875,1839.4000244140625,1849.0,176.0
2021-01-13,1853.5999755859373,1858.5999755859373,1853.5999755859373,1858.0,189.0
2021-01-14,1850.300048828125,1850.699951171875,1836.699951171875,1836.699951171875,149.0
2021-01-15,1829.300048828125,1829.4000244140625,1825.0,1829.4000244140625,31.0
2021-01-16,1829.300048828125,1829.4000244140625,1825.0,1829.4000244140625,31.0
2021-01-17,1829.300048828125,1829.4000244140625,1825.0,1829.4000244140625,31.0
2021-01-18,1829.300048828125,1829.4000244140625,1825.0,1829.4000244140625,31.0
2021-01-19,1839.5,1842.9000244140625,1802.0,1802.0,13.0
2021-01-20,1865.9000244140625,1866.5999755859373,1844.4000244140625,1847.800048828125,16.0
2021-01-21,1865.300048828125,1868.0,1865.300048828125,1865.300048828125,6.0
2021-01-22,1855.699951171875,1855.699951171875,1852.699951171875,1854.9000244140625,8.0
2021-01-23,1855.699951171875,1855.699951171875,1852.699951171875,1854.9000244140625,8.0
2021-01-24,1855.699951171875,1855.699951171875,1852.699951171875,1854.9000244140625,8.0
2021-01-25,1854.9000244140625,1864.699951171875,1851.800048828125,1864.699951171875,26.0
2021-01-26,1850.699951171875,1855.800048828125,1850.699951171875,1855.800048828125,59.0
2021-01-27,1844.9000244140625,1844.9000244140625,1844.9000244140625,1844.9000244140625,195540.0
2021-01-28,1837.9000244140625,1862.9000244140625,1831.5,1843.4000244140625,27283.0
2021-01-29,1847.300048828125,1876.0,1838.699951171875,1842.0,1634.0
2021-01-30,1847.300048828125,1876.0,1838.699951171875,1842.0,1634.0
2021-01-31,1847.300048828125,1876.0,1838.699951171875,1842.0,1634.0
2021-02-01,1860.800048828125,1871.9000244140625,1850.0,1866.5999755859373,1494.0
2021-02-02,1830.5,1861.300048828125,1827.5999755859373,1859.5999755859373,1293.0
2021-02-03,1832.199951171875,1842.4000244140625,1829.800048828125,1834.800048828125,1195.0
2021-02-04,1788.9000244140625,1832.199951171875,1782.800048828125,1832.199951171875,2375.0
2021-02-05,1810.9000244140625,1813.5,1790.9000244140625,1794.300048828125,1278.0
2021-02-06,1810.9000244140625,1813.5,1790.9000244140625,1794.300048828125,1278.0
2021-02-07,1810.9000244140625,1813.5,1790.9000244140625,1794.300048828125,1278.0
2021-02-08,1831.9000244140625,1836.699951171875,1809.0,1816.300048828125,254.0
2021-02-09,1835.300048828125,1843.300048828125,1830.699951171875,1841.9000244140625,184.0
2021-02-10,1840.5999755859373,1851.0999755859373,1837.0,1842.5999755859373,543.0
2021-02-11,1824.9000244140625,1845.0,1820.9000244140625,1840.5,602.0
2021-02-12,1821.5999755859373,1827.5,1809.199951171875,1825.0,259.0
2021-02-13,1821.5999755859373,1827.5,1809.199951171875,1825.0,259.0
2021-02-14,1821.5999755859373,1827.5,1809.199951171875,1825.0,259.0
2021-02-15,1821.5999755859373,1827.5,1809.199951171875,1825.0,259.0
2021-02-16,1797.199951171875,1823.4000244140625,1787.300048828125,1820.9000244140625,1141.0
2021-02-17,1771.0999755859375,1789.699951171875,1768.800048828125,1785.800048828125,614.0
2021-02-18,1773.4000244140625,1784.5999755859375,1766.0,1776.0999755859375,587.0
2021-02-19,1775.800048828125,1787.5999755859375,1764.300048828125,1764.300048828125,118.0
2021-02-20,1775.800048828125,1787.5999755859375,1764.300048828125,1764.300048828125,118.0
2021-02-21,1775.800048828125,1787.5999755859375,1764.300048828125,1764.300048828125,118.0
2021-02-22,1806.699951171875,1807.800048828125,1784.0,1784.0,165.0
2021-02-23,1804.4000244140625,1811.300048828125,1796.4000244140625,1809.5999755859373,569.0
2021-02-24,1796.4000244140625,1805.800048828125,1796.4000244140625,1805.800048828125,1500.0
2021-02-25,1774.4000244140625,1802.0,1766.699951171875,1801.5,1049.0
2021-02-26,1728.0999755859375,1768.199951171875,1718.800048828125,1768.0999755859375,1593.0
2021-02-27,1728.0999755859375,1768.199951171875,1718.800048828125,1768.0999755859375,1593.0
2021-02-28,1728.0999755859375,1768.199951171875,1718.800048828125,1768.0999755859375,1593.0
2021-03-01,1722.5,1747.0,1720.300048828125,1737.0999755859375,407.0
2021-03-02,1733.0999755859375,1733.0999755859375,1708.699951171875,1709.4000244140625,867.0
2021-03-03,1715.300048828125,1732.4000244140625,1703.5,1730.0,501.0
2021-03-04,1700.199951171875,1717.4000244140625,1700.199951171875,1706.5,521.0
2021-03-05,1698.0,1701.0,1685.0,1690.5999755859375,302.0
2021-03-06,1698.0,1701.0,1685.0,1690.5999755859375,302.0
2021-03-07,1698.0,1701.0,1685.0,1690.5999755859375,302.0
2021-03-08,1677.699951171875,1705.4000244140625,1673.699951171875,1704.699951171875,1290.0
2021-03-09,1716.5999755859375,1717.5,1685.199951171875,1686.199951171875,335.0
2021-03-10,1721.5,1722.9000244140625,1711.0,1713.5999755859375,412.0
2021-03-11,1722.300048828125,1737.5,1720.199951171875,1725.5999755859375,18.0
2021-03-12,1719.5,1722.5,1699.0,1715.9000244140625,80.0
2021-03-13,1719.5,1722.5,1699.0,1715.9000244140625,80.0
2021-03-14,1719.5,1722.5,1699.0,1715.9000244140625,80.0
2021-03-15,1728.9000244140625,1731.9000244140625,1722.800048828125,1729.5,147.0
2021-03-16,1730.5999755859375,1733.9000244140625,1726.0,1732.300048828125,729.0
2021-03-17,1726.800048828125,1750.0999755859375,1725.5999755859375,1735.300048828125,488.0
2021-03-18,1732.199951171875,1750.300048828125,1721.800048828125,1745.800048828125,138.0
2021-03-19,1741.4000244140625,1742.199951171875,1733.5999755859375,1742.199951171875,13.0
2021-03-20,1741.4000244140625,1742.199951171875,1733.5999755859375,1742.199951171875,13.0
2021-03-21,1741.4000244140625,1742.199951171875,1733.5999755859375,1742.199951171875,13.0
2021-03-22,1737.800048828125,1737.800048828125,1737.800048828125,1737.800048828125,51.0
2021-03-23,1724.699951171875,1724.699951171875,1724.699951171875,1724.699951171875,6.0
2021-03-24,1732.9000244140625,1732.9000244140625,1727.5,1727.5,26.0
2021-03-25,1724.9000244140625,1733.199951171875,1724.5,1732.699951171875,15.0
2021-03-26,1732.199951171875,1732.199951171875,1721.300048828125,1721.300048828125,33.0
2021-03-27,1732.199951171875,1732.199951171875,1721.300048828125,1721.300048828125,33.0
2021-03-28,1732.199951171875,1732.199951171875,1721.300048828125,1721.300048828125,33.0
2021-03-29,1712.0999755859375,1712.0999755859375,1712.0999755859375,1712.0999755859375,135457.0
2021-03-30,1683.9000244140625,1712.5999755859375,1676.5,1711.0,25316.0
2021-03-31,1713.800048828125,1713.800048828125,1676.5,1683.699951171875,762.0
2021-04-01,1726.5,1728.800048828125,1706.4000244140625,1706.800048828125,720.0
2021-04-02,1726.5,1728.800048828125,1706.4000244140625,1706.800048828125,720.0
2021-04-03,1726.5,1728.800048828125,1706.4000244140625,1706.800048828125,720.0
2021-04-04,1726.5,1728.800048828125,1706.4000244140625,1706.800048828125,720.0
2021-04-05,1727.0,1729.699951171875,1721.9000244140625,1727.9000244140625,275.0
2021-04-06,1741.5,1744.800048828125,1726.9000244140625,1726.9000244140625,890.0
2021-04-07,1740.0999755859375,1742.699951171875,1733.699951171875,1742.699951171875,557.0
2021-04-08,1756.800048828125,1758.0,1734.5999755859375,1736.0,1298.0
2021-04-09,1743.300048828125,1750.800048828125,1733.300048828125,1750.800048828125,484.0
2021-04-10,1743.300048828125,1750.800048828125,1733.300048828125,1750.800048828125,484.0
2021-04-11,1743.300048828125,1750.800048828125,1733.300048828125,1750.800048828125,484.0
2021-04-12,1731.199951171875,1740.800048828125,1726.699951171875,1740.800048828125,40.0
2021-04-13,1746.199951171875,1746.9000244140625,1722.0999755859375,1733.800048828125,367.0
2021-04-14,1734.9000244140625,1745.9000244140625,1732.699951171875,1741.300048828125,1037.0
2021-04-15,1765.4000244140625,1767.9000244140625,1740.0999755859375,1740.0999755859375,368.0
2021-04-16,1779.0,1779.5,1770.0999755859375,1770.4000244140625,625.0
2021-04-17,1779.0,1779.5,1770.0999755859375,1770.4000244140625,625.0
2021-04-18,1779.0,1779.5,1770.0999755859375,1770.4000244140625,625.0
2021-04-19,1769.4000244140625,1788.5,1769.4000244140625,1782.0999755859375,144.0
2021-04-20,1777.300048828125,1777.300048828125,1765.5,1769.300048828125,1464.0
2021-04-21,1792.300048828125,1794.0999755859375,1777.699951171875,1783.0,250.0
2021-04-22,1781.199951171875,1794.199951171875,1779.5,1794.199951171875,159.0
2021-04-23,1777.0,1794.5,1772.0,1786.0999755859375,332.0
2021-04-24,1777.0,1794.5,1772.0,1786.0999755859375,332.0
2021-04-25,1777.0,1794.5,1772.0,1786.0999755859375,332.0
2021-04-26,1779.199951171875,1779.699951171875,1770.800048828125,1778.0,549.0
2021-04-27,1778.0,1782.0,1777.699951171875,1780.0,117.0
2021-04-28,1773.199951171875,1774.0,1764.5999755859375,1768.199951171875,756.0
2021-04-29,1768.0999755859375,1789.0,1758.5999755859375,1781.0,196.0
2021-04-30,1767.300048828125,1771.800048828125,1763.9000244140625,1771.800048828125,18.0
2021-05-01,1767.300048828125,1771.800048828125,1763.9000244140625,1771.800048828125,18.0
2021-05-02,1767.300048828125,1771.800048828125,1763.9000244140625,1771.800048828125,18.0
2021-05-03,1791.4000244140625,1793.0,1788.5,1788.5,18.0
2021-05-04,1775.800048828125,1788.5,1774.800048828125,1788.199951171875,182.0
2021-05-05,1784.0999755859375,1784.0999755859375,1779.199951171875,1781.5,57.0
2021-05-06,1815.5,1815.5,1787.5999755859375,1788.9000244140625,13.0
2021-05-07,1831.0999755859373,1842.9000244140625,1831.0999755859373,1842.9000244140625,2.0
2021-05-08,1831.0999755859373,1842.9000244140625,1831.0999755859373,1842.9000244140625,2.0
2021-05-09,1831.0999755859373,1842.9000244140625,1831.0999755859373,1842.9000244140625,2.0
2021-05-10,1837.5,1845.5999755859373,1835.4000244140625,1835.5999755859373,13.0
2021-05-11,1835.9000244140625,1838.0999755859373,1831.5999755859373,1837.199951171875,420.0
2021-05-12,1822.5999755859373,1825.199951171875,1821.699951171875,1825.199951171875,3.0
2021-05-13,1823.800048828125,1826.800048828125,1814.0999755859373,1814.699951171875,100.0
2021-05-14,1837.9000244140625,1842.9000244140625,1824.5,1824.5,41.0
2021-05-15,1837.9000244140625,1842.9000244140625,1824.5,1824.5,41.0
2021-05-16,1837.9000244140625,1842.9000244140625,1824.5,1824.5,41.0
2021-05-17,1867.5,1867.5,1847.199951171875,1849.9000244140625,13.0
2021-05-18,1867.800048828125,1870.5,1867.800048828125,1870.5,3.0
2021-05-19,1881.300048828125,1884.9000244140625,1863.5999755859373,1866.4000244140625,348.0
2021-05-20,1881.800048828125,1885.0,1864.800048828125,1865.5,85.0
2021-05-21,1876.699951171875,1876.699951171875,1872.0999755859373,1872.0999755859373,5.0
2021-05-22,1876.699951171875,1876.699951171875,1872.0999755859373,1872.0999755859373,5.0
2021-05-23,1876.699951171875,1876.699951171875,1872.0999755859373,1872.0999755859373,5.0
2021-05-24,1884.5999755859373,1884.5999755859373,1882.0999755859373,1882.0999755859373,39.0
2021-05-25,1898.0999755859373,1898.0999755859373,1882.5,1882.5,56.0
2021-05-26,1901.300048828125,1901.300048828125,1901.300048828125,1901.300048828125,170526.0
2021-05-27,1895.699951171875,1903.9000244140625,1888.199951171875,1896.800048828125,35794.0
2021-05-28,1902.5,1905.4000244140625,1881.9000244140625,1897.5,2415.0
2021-05-29,1902.5,1905.4000244140625,1881.9000244140625,1897.5,2415.0
2021-05-30,1902.5,1905.4000244140625,1881.9000244140625,1897.5,2415.0
2021-05-31,1902.5,1905.4000244140625,1881.9000244140625,1897.5,2415.0
2021-06-01,1902.9000244140625,1916.199951171875,1892.800048828125,1905.0999755859373,640.0
2021-06-02,1907.5,1908.800048828125,1896.0,1899.199951171875,1267.0
2021-06-03,1871.199951171875,1908.800048828125,1865.0,1908.800048828125,1021.0
2021-06-04,1889.800048828125,1895.5,1854.0,1869.300048828125,367.0
2021-06-05,1889.800048828125,1895.5,1854.0,1869.300048828125,367.0
2021-06-06,1889.800048828125,1895.5,1854.0,1869.300048828125,367.0
2021-06-07,1896.800048828125,1899.699951171875,1883.199951171875,1890.5,87.0
2021-06-08,1892.199951171875,1902.9000244140625,1890.0,1896.5,930.0
2021-06-09,1893.199951171875,1897.699951171875,1889.199951171875,1894.9000244140625,148.0
2021-06-10,1894.199951171875,1899.800048828125,1871.5,1887.699951171875,186.0
2021-06-11,1877.4000244140625,1902.300048828125,1875.199951171875,1900.9000244140625,349.0
2021-06-12,1877.4000244140625,1902.300048828125,1875.199951171875,1900.9000244140625,349.0
2021-06-13,1877.4000244140625,1902.300048828125,1875.199951171875,1900.9000244140625,349.0
2021-06-14,1864.0,1866.5999755859373,1846.5,1866.199951171875,41.0
2021-06-15,1854.5,1867.199951171875,1854.4000244140625,1866.4000244140625,78.0
2021-06-16,1859.5,1860.0999755859373,1809.199951171875,1859.4000244140625,117.0
2021-06-17,1773.800048828125,1823.300048828125,1769.5999755859375,1811.800048828125,1135.0
2021-06-18,1767.9000244140625,1792.4000244140625,1767.9000244140625,1775.699951171875,354.0
2021-06-19,1767.9000244140625,1792.4000244140625,1767.9000244140625,1775.699951171875,354.0
2021-06-20,1767.9000244140625,1792.4000244140625,1767.9000244140625,1775.699951171875,354.0
2021-06-21,1781.800048828125,1785.199951171875,1766.800048828125,1768.800048828125,38.0
2021-06-22,1776.300048828125,1786.9000244140625,1775.9000244140625,1783.4000244140625,101.0
2021-06-23,1782.300048828125,1793.199951171875,1780.5999755859375,1780.699951171875,136.0
2021-06-24,1775.5999755859375,1786.4000244140625,1775.5999755859375,1778.9000244140625,78.0
2021-06-25,1776.5999755859375,1788.0,1775.199951171875,1777.699951171875,35.0
2021-06-26,1776.5999755859375,1788.0,1775.199951171875,1777.699951171875,35.0
2021-06-27,1776.5999755859375,1788.0,1775.199951171875,1777.699951171875,35.0
2021-06-28,1779.5999755859375,1779.5999755859375,1779.5999755859375,1779.5999755859375,888.0
2021-06-29,1762.800048828125,1777.0999755859375,1752.0999755859375,1776.800048828125,419.0
2021-06-30,1770.800048828125,1770.800048828125,1759.199951171875,1761.0999755859375,51.0
2021-07-01,1775.9000244140625,1781.199951171875,1768.800048828125,1775.699951171875,44.0
2021-07-02,1782.5999755859375,1787.9000244140625,1778.300048828125,1778.699951171875,23.0
2021-07-03,1782.5999755859375,1787.9000244140625,1778.300048828125,1778.699951171875,23.0
2021-07-04,1782.5999755859375,1787.9000244140625,1778.300048828125,1778.699951171875,23.0
2021-07-05,1782.5999755859375,1787.9000244140625,1778.300048828125,1778.699951171875,23.0
2021-07-06,1793.5,1809.800048828125,1786.699951171875,1786.699951171875,332.0
2021-07-07,1801.5,1808.4000244140625,1797.199951171875,1798.699951171875,244.0
2021-07-08,1799.5999755859375,1818.5,1797.0,1797.0,148.0
2021-07-09,1810.0,1810.0999755859373,1798.800048828125,1803.5999755859373,218.0
2021-07-10,1810.0,1810.0999755859373,1798.800048828125,1803.5999755859373,218.0
2021-07-11,1810.0,1810.0999755859373,1798.800048828125,1803.5999755859373,218.0
2021-07-12,1805.5,1805.5,1799.5,1802.5999755859373,147.0
2021-07-13,1809.4000244140625,1812.0,1800.5999755859375,1808.0999755859373,78.0
2021-07-14,1824.300048828125,1829.0,1813.0999755859373,1813.0999755859373,707.0
2021-07-15,1828.4000244140625,1833.0,1823.4000244140625,1831.5999755859373,99.0
2021-07-16,1814.5,1831.4000244140625,1814.5,1830.0999755859373,78.0
2021-07-17,1814.5,1831.4000244140625,1814.5,1830.0999755859373,78.0
2021-07-18,1814.5,1831.4000244140625,1814.5,1830.0999755859373,78.0
2021-07-19,1808.699951171875,1813.4000244140625,1803.300048828125,1803.300048828125,33.0
2021-07-20,1810.9000244140625,1824.0,1810.9000244140625,1812.9000244140625,128.0
2021-07-21,1802.9000244140625,1807.0,1800.0,1807.0,135.0
2021-07-22,1805.0,1805.0,1793.5999755859375,1793.5999755859375,2.0
2021-07-23,1801.4000244140625,1801.4000244140625,1800.0,1800.0,1.0
2021-07-24,1801.4000244140625,1801.4000244140625,1800.0,1800.0,1.0
2021-07-25,1801.4000244140625,1801.4000244140625,1800.0,1800.0,1.0
2021-07-26,1798.699951171875,1802.5,1797.199951171875,1802.5,17.0
2021-07-27,1799.5,1803.699951171875,1799.5,1803.699951171875,1.0
2021-07-28,1799.5,1799.5,1799.5,1799.5,209783.0
2021-07-29,1831.199951171875,1832.5999755859373,1806.0999755859373,1806.5999755859373,30496.0
2021-07-30,1812.5999755859373,1830.5,1808.9000244140625,1828.0,3100.0
2021-07-31,1812.5999755859373,1830.5,1808.9000244140625,1828.0,3100.0
2021-08-01,1812.5999755859373,1830.5,1808.9000244140625,1828.0,3100.0
2021-08-02,1818.0999755859373,1818.699951171875,1804.800048828125,1812.4000244140625,1334.0
2021-08-03,1810.0999755859373,1813.5,1806.0,1812.300048828125,3341.0
2021-08-04,1810.5,1831.300048828125,1806.300048828125,1809.300048828125,2860.0
2021-08-05,1805.0999755859373,1813.699951171875,1796.0,1810.800048828125,588.0
2021-08-06,1760.0,1800.0999755859375,1758.4000244140625,1799.800048828125,859.0
2021-08-07,1760.0,1800.0999755859375,1758.4000244140625,1799.800048828125,859.0
2021-08-08,1760.0,1800.0999755859375,1758.4000244140625,1799.800048828125,859.0
2021-08-09,1723.4000244140625,1753.800048828125,1692.5999755859375,1753.5,1621.0
2021-08-10,1728.800048828125,1735.199951171875,1720.0999755859375,1728.5999755859375,1363.0
2021-08-11,1750.4000244140625,1752.199951171875,1727.300048828125,1727.300048828125,542.0
2021-08-12,1749.0,1752.4000244140625,1745.5,1749.699951171875,739.0
2021-08-13,1775.199951171875,1777.300048828125,1757.4000244140625,1758.300048828125,436.0
2021-08-14,1775.199951171875,1777.300048828125,1757.4000244140625,1758.300048828125,436.0
2021-08-15,1775.199951171875,1777.300048828125,1757.4000244140625,1758.300048828125,436.0
2021-08-16,1786.9000244140625,1787.800048828125,1771.9000244140625,1776.9000244140625,219.0
2021-08-17,1785.0,1794.199951171875,1780.0,1787.699951171875,200.0
2021-08-18,1781.5999755859375,1791.5,1779.0,1787.800048828125,263.0
2021-08-19,1780.199951171875,1789.300048828125,1775.5,1780.0,245.0
2021-08-20,1781.0,1787.5,1778.199951171875,1784.0999755859375,235.0
2021-08-21,1781.0,1787.5,1778.199951171875,1784.0999755859375,235.0
2021-08-22,1781.0,1787.5,1778.199951171875,1784.0999755859375,235.0
2021-08-23,1803.199951171875,1804.800048828125,1776.800048828125,1776.800048828125,32.0
2021-08-24,1805.5999755859373,1805.5999755859373,1801.0,1801.0,22.0
2021-08-25,1788.199951171875,1792.9000244140625,1784.0,1792.0,812.0
2021-08-26,1792.199951171875,1792.199951171875,1781.0,1787.4000244140625,61.0
2021-08-27,1816.5999755859373,1816.5999755859373,1803.0999755859373,1803.4000244140625,1219.0
2021-08-28,1816.5999755859373,1816.5999755859373,1803.0999755859373,1803.4000244140625,1219.0
2021-08-29,1816.5999755859373,1816.5999755859373,1803.0999755859373,1803.4000244140625,1219.0
2021-08-30,1809.0,1820.300048828125,1807.800048828125,1818.199951171875,684.0
2021-08-31,1815.0,1815.9000244140625,1801.0999755859375,1815.9000244140625,82.0
2021-09-01,1813.0999755859373,1815.9000244140625,1809.5,1813.5,114.0
2021-09-02,1808.699951171875,1813.9000244140625,1806.800048828125,1813.199951171875,26.0
2021-09-03,1830.9000244140625,1833.9000244140625,1818.9000244140625,1820.9000244140625,53.0
2021-09-04,1830.9000244140625,1833.9000244140625,1818.9000244140625,1820.9000244140625,53.0
2021-09-05,1830.9000244140625,1833.9000244140625,1818.9000244140625,1820.9000244140625,53.0
2021-09-06,1830.9000244140625,1833.9000244140625,1818.9000244140625,1820.9000244140625,53.0
2021-09-07,1795.9000244140625,1825.699951171875,1792.699951171875,1825.699951171875,48.0
2021-09-08,1790.699951171875,1790.699951171875,1781.699951171875,1781.699951171875,69.0
2021-09-09,1797.4000244140625,1798.699951171875,1787.9000244140625,1798.699951171875,49.0
2021-09-10,1789.5999755859375,1789.5999755859375,1789.5999755859375,1789.5999755859375,0.0
2021-09-11,1789.5999755859375,1789.5999755859375,1789.5999755859375,1789.5999755859375,0.0
2021-09-12,1789.5999755859375,1789.5999755859375,1789.5999755859375,1789.5999755859375,0.0
2021-09-13,1792.0,1796.0,1784.0,1789.800048828125,533.0
2021-09-14,1804.699951171875,1806.199951171875,1783.0,1791.4000244140625,764.0
2021-09-15,1792.4000244140625,1803.699951171875,1792.4000244140625,1803.699951171875,59.0
2021-09-16,1754.5999755859375,1792.9000244140625,1743.9000244140625,1792.9000244140625,1645.0
2021-09-17,1749.4000244140625,1763.0,1749.4000244140625,1758.800048828125,581.0
2021-09-18,1749.4000244140625,1763.0,1749.4000244140625,1758.800048828125,581.0
2021-09-19,1749.4000244140625,1763.0,1749.4000244140625,1758.800048828125,581.0
2021-09-20,1761.800048828125,1761.800048828125,1750.9000244140625,1751.800048828125,185.0
2021-09-21,1776.0,1776.0,1759.0,1762.199951171875,106.0
2021-09-22,1776.699951171875,1784.300048828125,1767.0,1776.699951171875,17.0
2021-09-23,1747.699951171875,1766.800048828125,1738.199951171875,1766.800048828125,31.0
2021-09-24,1749.699951171875,1749.699951171875,1745.0,1749.699951171875,76.0
2021-09-25,1749.699951171875,1749.699951171875,1745.0,1749.699951171875,76.0
2021-09-26,1749.699951171875,1749.699951171875,1745.0,1749.699951171875,76.0
2021-09-27,1750.0,1754.4000244140625,1747.5,1751.699951171875,808.0
2021-09-28,1735.800048828125,1741.699951171875,1726.800048828125,1739.5999755859375,15748.0
2021-09-29,1721.5,1744.0999755859375,1721.4000244140625,1732.4000244140625,6634.0
2021-09-30,1755.300048828125,1760.300048828125,1724.5,1725.5,997.0
2021-10-01,1757.0,1762.5999755859375,1748.5,1754.300048828125,2220.0
2021-10-02,1757.0,1762.5999755859375,1748.5,1754.300048828125,2220.0
2021-10-03,1757.0,1762.5999755859375,1748.5,1754.300048828125,2220.0
2021-10-04,1766.199951171875,1768.9000244140625,1749.5,1764.5,417.0
2021-10-05,1759.5999755859375,1764.300048828125,1749.0,1764.300048828125,98.0
2021-10-06,1760.5,1762.9000244140625,1744.699951171875,1759.300048828125,56.0
2021-10-07,1757.9000244140625,1762.4000244140625,1752.800048828125,1762.4000244140625,336.0
2021-10-08,1756.300048828125,1780.0,1754.199951171875,1757.0,254.0
2021-10-09,1756.300048828125,1780.0,1754.199951171875,1757.0,254.0
2021-10-10,1756.300048828125,1780.0,1754.199951171875,1757.0,254.0
2021-10-11,1754.5999755859375,1757.800048828125,1752.199951171875,1756.5999755859375,128.0
2021-10-12,1758.300048828125,1768.0,1749.800048828125,1751.9000244140625,139.0
2021-10-13,1793.699951171875,1794.5,1760.800048828125,1760.800048828125,150.0
2021-10-14,1796.699951171875,1799.9000244140625,1792.0,1792.199951171875,337.0
2021-10-15,1767.199951171875,1795.4000244140625,1766.5999755859375,1794.5,874.0
2021-10-16,1767.199951171875,1795.4000244140625,1766.5999755859375,1794.5,874.0
2021-10-17,1767.199951171875,1795.4000244140625,1766.5999755859375,1794.5,874.0
2021-10-18,1764.800048828125,1770.0999755859375,1759.5,1761.5999755859375,266.0
2021-10-19,1769.699951171875,1785.0,1767.5,1777.5999755859375,51.0
2021-10-20,1784.0999755859375,1785.5999755859375,1774.0,1774.5999755859375,127.0
2021-10-21,1781.199951171875,1785.699951171875,1781.0,1782.0,146.0
2021-10-22,1795.5,1806.9000244140625,1784.0,1787.0999755859375,532.0
2021-10-23,1795.5,1806.9000244140625,1784.0,1787.0999755859375,532.0
2021-10-24,1795.5,1806.9000244140625,1784.0,1787.0999755859375,532.0
2021-10-25,1806.0,1809.0,1794.0,1794.300048828125,140.0
2021-10-26,1792.699951171875,1808.800048828125,1788.5999755859375,1808.800048828125,359.0
2021-10-27,1797.9000244140625,1798.0999755859375,1791.5,1791.5,543.0
2021-10-28,1801.5999755859373,1807.300048828125,1795.5,1795.5,452.0
2021-10-29,1783.0,1797.0,1774.5999755859375,1793.0999755859375,583.0
2021-10-30,1783.0,1797.0,1774.5999755859375,1793.0999755859375,583.0
2021-10-31,1783.0,1797.0,1774.5999755859375,1793.0999755859375,583.0
2021-11-01,1795.0999755859375,1795.0999755859375,1786.699951171875,1787.5,142.0
2021-11-02,1788.699951171875,1795.5,1787.699951171875,1790.5,213.0
2021-11-03,1763.5999755859375,1768.0,1761.800048828125,1768.0,108.0
2021-11-04,1793.0,1798.199951171875,1776.199951171875,1776.5999755859375,103.0
2021-11-05,1816.4000244140625,1817.0999755859373,1794.9000244140625,1794.9000244140625,239.0
2021-11-06,1816.4000244140625,1817.0999755859373,1794.9000244140625,1794.9000244140625,239.0
2021-11-07,1816.4000244140625,1817.0999755859373,1794.9000244140625,1794.9000244140625,239.0
2021-11-08,1827.4000244140625,1827.4000244140625,1816.9000244140625,1817.0,261.0
2021-11-09,1830.199951171875,1832.699951171875,1820.699951171875,1826.0999755859373,170.0
2021-11-10,1847.5999755859373,1865.0,1824.9000244140625,1825.800048828125,795.0
2021-11-11,1863.199951171875,1866.5,1853.9000244140625,1853.9000244140625,292.0
2021-11-12,1867.9000244140625,1867.9000244140625,1847.5999755859373,1860.800048828125,210.0
2021-11-13,1867.9000244140625,1867.9000244140625,1847.5999755859373,1860.800048828125,210.0
2021-11-14,1867.9000244140625,1867.9000244140625,1847.5999755859373,1860.800048828125,210.0
2021-11-15,1866.0999755859373,1866.9000244140625,1864.5,1864.5,87.0
2021-11-16,1853.5999755859373,1853.5999755859373,1853.5999755859373,1853.5999755859373,1.0
2021-11-17,1869.699951171875,1869.699951171875,1862.5999755859373,1862.5999755859373,2.0
2021-11-18,1861.0,1861.0,1861.0,1861.0,9.0
2021-11-19,1851.199951171875,1851.199951171875,1851.199951171875,1851.199951171875,21.0
2021-11-20,1851.199951171875,1851.199951171875,1851.199951171875,1851.199951171875,21.0
2021-11-21,1851.199951171875,1851.199951171875,1851.199951171875,1851.199951171875,21.0
2021-11-22,1806.0,1841.5999755859373,1805.699951171875,1841.5999755859373,14.0
2021-11-23,1783.5,1795.5,1783.5,1795.5,264.0
2021-11-24,1784.0999755859375,1793.0,1781.4000244140625,1793.0,188.0
2021-11-25,1784.0999755859375,1793.0,1781.4000244140625,1793.0,188.0
2021-11-26,1785.300048828125,1791.4000244140625,1785.300048828125,1791.0999755859375,186800.0
2021-11-27,1785.300048828125,1791.4000244140625,1785.300048828125,1791.0999755859375,186800.0
2021-11-28,1785.300048828125,1791.4000244140625,1785.300048828125,1791.0999755859375,186800.0
2021-11-29,1782.300048828125,1798.9000244140625,1779.0999755859375,1791.699951171875,26926.0
2021-11-30,1773.5999755859375,1808.0999755859373,1768.699951171875,1783.9000244140625,4903.0
2021-12-01,1781.5999755859375,1790.5,1772.300048828125,1774.800048828125,1128.0
2021-12-02,1760.699951171875,1780.9000244140625,1760.5999755859375,1780.9000244140625,1557.0
2021-12-03,1782.0,1785.0999755859375,1766.5,1767.5,694.0
2021-12-04,1782.0,1785.0999755859375,1766.5,1767.5,694.0
2021-12-05,1782.0,1785.0999755859375,1766.5,1767.5,694.0
2021-12-06,1777.5,1783.0,1777.199951171875,1780.199951171875,381.0
2021-12-07,1782.5999755859375,1786.0999755859375,1772.300048828125,1779.5,308.0
2021-12-08,1783.4000244140625,1789.9000244140625,1779.0,1789.9000244140625,1383.0
2021-12-09,1774.5999755859375,1783.5,1771.800048828125,1783.5,455.0
2021-12-10,1782.9000244140625,1785.4000244140625,1769.0999755859375,1773.800048828125,545.0
2021-12-11,1782.9000244140625,1785.4000244140625,1769.0999755859375,1773.800048828125,545.0
2021-12-12,1782.9000244140625,1785.4000244140625,1769.0999755859375,1773.800048828125,545.0
2021-12-13,1786.300048828125,1787.0999755859375,1783.800048828125,1784.4000244140625,206.0
2021-12-14,1770.4000244140625,1787.0,1769.0,1787.0,322.0
2021-12-15,1762.5999755859375,1778.699951171875,1753.9000244140625,1767.4000244140625,283.0
2021-12-16,1796.5999755859375,1798.0999755859375,1781.0,1781.0,21.0
2021-12-17,1803.800048828125,1812.9000244140625,1803.800048828125,1804.0,654.0
2021-12-18,1803.800048828125,1812.9000244140625,1803.800048828125,1804.0,654.0
2021-12-19,1803.800048828125,1812.9000244140625,1803.800048828125,1804.0,654.0
2021-12-20,1793.699951171875,1799.800048828125,1792.0,1796.800048828125,226.0
2021-12-21,1787.9000244140625,1796.5,1787.9000244140625,1791.4000244140625,575.0
2021-12-22,1801.5999755859373,1805.199951171875,1785.5,1786.0,567.0
2021-12-23,1811.199951171875,1811.199951171875,1800.800048828125,1806.0,193.0
2021-12-24,1811.199951171875,1811.199951171875,1800.800048828125,1806.0,193.0
2021-12-25,1811.199951171875,1811.199951171875,1800.800048828125,1806.0,193.0
2021-12-26,1811.199951171875,1811.199951171875,1800.800048828125,1806.0,193.0
2021-12-27,1808.0999755859373,1812.0999755859373,1807.0,1810.0,150.0
2021-12-28,1810.199951171875,1818.0,1805.5,1812.0,146.0
2021-12-29,1805.0999755859373,1805.0999755859373,1791.4000244140625,1803.199951171875,623.0
2021-12-30,1812.699951171875,1816.0,1796.0,1801.699951171875,306.0
2021-12-31,1827.5,1827.800048828125,1821.4000244140625,1825.0999755859373,80.0
2022-01-01,1827.5,1827.800048828125,1821.4000244140625,1825.0999755859373,80.0
2022-01-02,1827.5,1827.800048828125,1821.4000244140625,1825.0999755859373,80.0
2022-01-03,1799.4000244140625,1830.0999755859373,1798.800048828125,1830.0999755859373,116.0
2022-01-04,1814.0,1815.300048828125,1800.0,1800.5,38.0
2022-01-05,1824.5999755859373,1824.5999755859373,1813.0999755859373,1813.0999755859373,8.0
2022-01-06,1788.699951171875,1791.300048828125,1787.0999755859375,1787.0999755859375,30.0
2022-01-07,1797.0,1797.0,1784.4000244140625,1791.800048828125,17.0
2022-01-08,1797.0,1797.0,1784.4000244140625,1791.800048828125,17.0
2022-01-09,1797.0,1797.0,1784.4000244140625,1791.800048828125,17.0
2022-01-10,1798.4000244140625,1798.699951171875,1790.4000244140625,1794.9000244140625,534.0
2022-01-11,1818.5999755859373,1822.5,1803.0,1803.9000244140625,743.0
2022-01-12,1827.199951171875,1827.199951171875,1816.9000244140625,1819.0,1547.0
2022-01-13,1821.199951171875,1823.0,1815.4000244140625,1819.800048828125,40.0
2022-01-14,1816.5,1822.0,1816.5,1821.5,816.0
2022-01-15,1816.5,1822.0,1816.5,1821.5,816.0
2022-01-16,1816.5,1822.0,1816.5,1821.5,816.0
2022-01-17,1816.5,1822.0,1816.5,1821.5,816.0
2022-01-18,1812.300048828125,1820.0999755859373,1812.300048828125,1816.800048828125,900.0
2022-01-19,1843.0999755859373,1843.0999755859373,1817.4000244140625,1817.4000244140625,4.0
2022-01-20,1842.5,1843.0,1838.199951171875,1840.5999755859373,20.0
2022-01-21,1831.800048828125,1842.4000244140625,1828.9000244140625,1838.0,19.0
2022-01-22,1831.800048828125,1842.4000244140625,1828.9000244140625,1838.0,19.0
2022-01-23,1831.800048828125,1842.4000244140625,1828.9000244140625,1838.0,19.0
2022-01-24,1841.699951171875,1842.0999755859373,1837.9000244140625,1837.9000244140625,8.0
2022-01-25,1852.699951171875,1852.699951171875,1842.0,1843.0,11.0
2022-01-26,1829.9000244140625,1829.9000244140625,1829.9000244140625,1829.9000244140625,55.0
2022-01-27,1793.300048828125,1793.300048828125,1793.300048828125,1793.300048828125,196036.0
2022-01-28,1784.9000244140625,1798.4000244140625,1778.800048828125,1797.5,28521.0
2022-01-29,1784.9000244140625,1798.4000244140625,1778.800048828125,1797.5,28521.0
2022-01-30,1784.9000244140625,1798.4000244140625,1778.800048828125,1797.5,28521.0
2022-01-31,1795.0,1798.5,1785.0999755859375,1788.5,1735.0
2022-02-01,1800.300048828125,1806.0999755859373,1797.0999755859375,1797.199951171875,223.0
2022-02-02,1809.199951171875,1810.0999755859373,1795.0999755859375,1797.800048828125,1690.0
2022-02-03,1803.0,1808.0999755859373,1787.9000244140625,1805.800048828125,466.0
2022-02-04,1806.5999755859373,1813.699951171875,1792.5,1806.0,571.0
2022-02-05,1806.5999755859373,1813.699951171875,1792.5,1806.0,571.0
2022-02-06,1806.5999755859373,1813.699951171875,1792.5,1806.0,571.0
2022-02-07,1820.5999755859373,1821.300048828125,1809.0999755859373,1812.199951171875,601.0
2022-02-08,1826.5999755859373,1827.5999755859373,1815.0,1818.9000244140625,108.0
2022-02-09,1835.199951171875,1835.199951171875,1825.300048828125,1825.4000244140625,683.0
2022-02-10,1836.199951171875,1842.0999755859373,1820.800048828125,1833.300048828125,365.0
2022-02-11,1840.800048828125,1864.800048828125,1822.0,1822.0,181.0
2022-02-12,1840.800048828125,1864.800048828125,1822.0,1822.0,181.0
2022-02-13,1840.800048828125,1864.800048828125,1822.0,1822.0,181.0
2022-02-14,1868.0,1870.5999755859373,1854.5999755859373,1861.800048828125,79.0
2022-02-15,1854.800048828125,1879.699951171875,1847.4000244140625,1872.5999755859373,86.0
2022-02-16,1870.199951171875,1870.199951171875,1856.300048828125,1858.699951171875,34.0
2022-02-17,1900.699951171875,1900.699951171875,1876.199951171875,1876.300048828125,393.0
2022-02-18,1898.5999755859373,1899.4000244140625,1890.699951171875,1899.4000244140625,51.0
2022-02-19,1898.5999755859373,1899.4000244140625,1890.699951171875,1899.4000244140625,51.0
2022-02-20,1898.5999755859373,1899.4000244140625,1890.699951171875,1899.4000244140625,51.0
2022-02-21,1898.5999755859373,1899.4000244140625,1890.699951171875,1899.4000244140625,51.0
2022-02-22,1906.0999755859373,1912.0,1890.800048828125,1908.0999755859373,173.0
2022-02-23,1909.199951171875,1910.5999755859373,1895.699951171875,1896.5999755859373,73.0
2022-02-24,1925.0999755859373,1972.5,1911.699951171875,1911.9000244140625,2706.0
2022-02-25,1886.5,1920.0,1883.5999755859373,1906.9000244140625,586.0
2022-02-26,1886.5,1920.0,1883.5999755859373,1906.9000244140625,586.0
2022-02-27,1886.5,1920.0,1883.5999755859373,1906.9000244140625,586.0
2022-02-28,1899.4000244140625,1928.4000244140625,1894.199951171875,1928.300048828125,390.0
2022-03-01,1942.4000244140625,1942.4000244140625,1903.800048828125,1908.300048828125,547.0
2022-03-02,1920.9000244140625,1948.199951171875,1919.800048828125,1945.5999755859373,109.0
2022-03-03,1934.4000244140625,1940.300048828125,1924.800048828125,1930.5,122.0
2022-03-04,1965.0999755859373,1970.9000244140625,1935.5999755859373,1937.0,47.0
2022-03-05,1965.0999755859373,1970.9000244140625,1935.5999755859373,1937.0,47.0
2022-03-06,1965.0999755859373,1970.9000244140625,1935.5999755859373,1937.0,47.0
2022-03-07,1993.9000244140625,2001.0999755859373,1963.0,1989.0,2516.0
2022-03-08,2040.0999755859373,2072.0,1998.0,1999.4000244140625,1813.0
2022-03-09,1985.9000244140625,2063.0,1980.800048828125,2053.60009765625,1022.0
2022-03-10,1998.0999755859373,2010.5,1978.0999755859373,1978.0999755859373,670.0
2022-03-11,1982.699951171875,1996.0,1959.9000244140625,1985.0,865.0
2022-03-12,1982.699951171875,1996.0,1959.9000244140625,1985.0,865.0
2022-03-13,1982.699951171875,1996.0,1959.9000244140625,1985.0,865.0
2022-03-14,1959.5999755859373,1977.699951171875,1959.5999755859373,1976.5,145.0
2022-03-15,1928.5,1939.9000244140625,1910.699951171875,1939.800048828125,71.0
2022-03-16,1908.0,1922.4000244140625,1907.199951171875,1922.4000244140625,104.0
2022-03-17,1942.0999755859373,1947.199951171875,1933.9000244140625,1933.9000244140625,39.0
2022-03-18,1928.199951171875,1939.300048828125,1928.199951171875,1934.5,28.0
2022-03-19,1928.199951171875,1939.300048828125,1928.199951171875,1934.5,28.0
2022-03-20,1928.199951171875,1939.300048828125,1928.199951171875,1934.5,28.0
2022-03-21,1928.5999755859373,1928.5999755859373,1925.0,1925.4000244140625,5.0
2022-03-22,1920.699951171875,1920.699951171875,1920.699951171875,1920.699951171875,26.0
2022-03-23,1936.5999755859373,1936.5999755859373,1936.5999755859373,1936.5999755859373,204.0
2022-03-24,1961.5999755859373,1964.0,1961.5999755859373,1963.5999755859373,8.0
2022-03-25,1953.800048828125,1953.800048828125,1953.800048828125,1953.800048828125,83.0
2022-03-26,1953.800048828125,1953.800048828125,1953.800048828125,1953.800048828125,83.0
2022-03-27,1953.800048828125,1953.800048828125,1953.800048828125,1953.800048828125,83.0
2022-03-28,1939.5999755859373,1939.5999755859373,1932.5999755859373,1932.5999755859373,7.0
2022-03-29,1912.0,1912.0,1893.5,1893.5,128051.0
2022-03-30,1933.5,1937.0,1914.5,1918.4000244140625,17765.0
2022-03-31,1949.199951171875,1949.9000244140625,1919.0999755859373,1933.5,3617.0
2022-04-01,1919.0999755859373,1938.0,1917.0,1935.0,1016.0
2022-04-02,1919.0999755859373,1938.0,1917.0,1935.0,1016.0
2022-04-03,1919.0999755859373,1938.0,1917.0,1935.0,1016.0
2022-04-04,1929.199951171875,1936.0999755859373,1915.5999755859373,1921.199951171875,371.0
2022-04-05,1922.9000244140625,1943.5,1918.4000244140625,1927.0999755859373,412.0
2022-04-06,1918.4000244140625,1931.800048828125,1916.699951171875,1916.699951171875,138.0
2022-04-07,1933.800048828125,1934.800048828125,1919.5,1919.5,311.0
2022-04-08,1941.5999755859373,1947.699951171875,1928.800048828125,1928.800048828125,153.0
2022-04-09,1941.5999755859373,1947.699951171875,1928.800048828125,1928.800048828125,153.0
2022-04-10,1941.5999755859373,1947.699951171875,1928.800048828125,1928.800048828125,153.0
2022-04-11,1944.300048828125,1968.4000244140625,1941.800048828125,1946.5999755859373,163.0
2022-04-12,1972.0999755859373,1977.0999755859373,1950.5999755859373,1952.5,246.0
2022-04-13,1981.0,1981.0,1969.5,1969.5,204.0
2022-04-14,1970.9000244140625,1978.699951171875,1963.0,1977.199951171875,101.0
2022-04-15,1970.9000244140625,1978.699951171875,1963.0,1977.199951171875,101.0
2022-04-16,1970.9000244140625,1978.699951171875,1963.0,1977.199951171875,101.0
2022-04-17,1970.9000244140625,1978.699951171875,1963.0,1977.199951171875,101.0
2022-04-18,1982.9000244140625,1997.0999755859373,1972.800048828125,1973.4000244140625,196.0
2022-04-19,1955.699951171875,1978.300048828125,1945.699951171875,1973.800048828125,130.0
2022-04-20,1952.300048828125,1953.5999755859373,1945.5,1945.5,621.0
2022-04-21,1944.9000244140625,1944.9000244140625,1942.5,1942.5,4.0
2022-04-22,1931.0,1950.4000244140625,1930.199951171875,1949.5999755859373,178.0
2022-04-23,1931.0,1950.4000244140625,1930.199951171875,1949.5999755859373,178.0
2022-04-24,1931.0,1950.4000244140625,1930.199951171875,1949.5999755859373,178.0
2022-04-25,1893.199951171875,1925.0,1889.300048828125,1925.0,748.0
2022-04-26,1901.4000244140625,1909.0999755859373,1894.0,1900.5,302.0
2022-04-27,1885.9000244140625,1900.5999755859373,1882.199951171875,1897.800048828125,1786.0
2022-04-28,1888.699951171875,1893.0,1872.9000244140625,1883.800048828125,513.0
2022-04-29,1909.300048828125,1918.199951171875,1902.4000244140625,1902.699951171875,132.0
2022-04-30,1909.300048828125,1918.199951171875,1902.4000244140625,1902.699951171875,132.0
2022-05-01,1909.300048828125,1918.199951171875,1902.4000244140625,1902.699951171875,132.0
2022-05-02,1861.800048828125,1896.800048828125,1853.0,1896.699951171875,385.0
2022-05-03,1868.800048828125,1868.800048828125,1868.800048828125,1868.800048828125,466.0
2022-05-04,1867.0,1867.0,1867.0,1867.0,1.0
2022-05-05,1874.0,1904.300048828125,1874.0,1897.0,80.0
2022-05-06,1881.199951171875,1890.300048828125,1871.5,1874.699951171875,214.0
2022-05-07,1881.199951171875,1890.300048828125,1871.5,1874.699951171875,214.0
2022-05-08,1881.199951171875,1890.300048828125,1871.5,1874.699951171875,214.0
2022-05-09,1857.0999755859373,1867.5,1854.0,1866.5999755859373,304.0
2022-05-10,1839.9000244140625,1839.9000244140625,1839.9000244140625,1839.9000244140625,1540.0
2022-05-11,1852.5999755859373,1852.5999755859373,1841.0,1841.5,892.0
2022-05-12,1823.800048828125,1851.9000244140625,1822.199951171875,1849.800048828125,153.0
2022-05-13,1807.4000244140625,1825.0,1807.4000244140625,1825.0,335.0
2022-05-14,1807.4000244140625,1825.0,1807.4000244140625,1825.0,335.0
2022-05-15,1807.4000244140625,1825.0,1807.4000244140625,1825.0,335.0
2022-05-16,1813.5,1813.5,1787.0,1790.5,34.0
2022-05-17,1818.199951171875,1828.5999755859373,1816.699951171875,1824.9000244140625,121.0
2022-05-18,1815.9000244140625,1819.699951171875,1805.0,1815.0,311.0
2022-05-19,1841.199951171875,1841.199951171875,1810.699951171875,1810.9000244140625,138.0
2022-05-20,1841.800048828125,1841.800048828125,1836.300048828125,1839.0999755859373,110.0
2022-05-21,1841.800048828125,1841.800048828125,1836.300048828125,1839.0999755859373,110.0
2022-05-22,1841.800048828125,1841.800048828125,1836.300048828125,1839.0999755859373,110.0
2022-05-23,1847.800048828125,1863.0,1845.800048828125,1846.300048828125,216.0
2022-05-24,1865.0999755859373,1867.0,1852.5,1852.5,33.0
2022-05-25,1846.199951171875,1846.199951171875,1846.199951171875,1846.199951171875,0.0
2022-05-26,1847.4000244140625,1847.4000244140625,1840.4000244140625,1840.4000244140625,123355.0
2022-05-27,1851.300048828125,1860.699951171875,1845.9000244140625,1848.300048828125,30091.0
2022-05-28,1851.300048828125,1860.699951171875,1845.9000244140625,1848.300048828125,30091.0
2022-05-29,1851.300048828125,1860.699951171875,1845.9000244140625,1848.300048828125,30091.0
2022-05-30,1851.300048828125,1860.699951171875,1845.9000244140625,1848.300048828125,30091.0
2022-05-31,1842.699951171875,1862.0999755859373,1832.800048828125,1850.300048828125,4073.0
2022-06-01,1843.300048828125,1847.9000244140625,1825.300048828125,1831.0,1623.0
2022-06-02,1866.5,1868.699951171875,1842.0999755859373,1845.4000244140625,551.0
2022-06-03,1845.4000244140625,1871.800048828125,1845.4000244140625,1867.5999755859373,53.0
2022-06-04,1845.4000244140625,1871.800048828125,1845.4000244140625,1867.5999755859373,53.0
2022-06-05,1845.4000244140625,1871.800048828125,1845.4000244140625,1867.5999755859373,53.0
2022-06-06,1839.199951171875,1854.0999755859373,1839.199951171875,1849.0,142.0
2022-06-07,1847.5,1851.5999755859373,1835.0,1836.9000244140625,1168.0
2022-06-08,1851.9000244140625,1855.0,1844.4000244140625,1844.800048828125,218.0
2022-06-09,1848.800048828125,1850.0999755859373,1837.9000244140625,1846.0999755859373,159.0
2022-06-10,1871.5,1875.5999755859373,1823.9000244140625,1842.699951171875,1490.0
2022-06-11,1871.5,1875.5999755859373,1823.9000244140625,1842.699951171875,1490.0
2022-06-12,1871.5,1875.5999755859373,1823.9000244140625,1842.699951171875,1490.0
2022-06-13,1828.0,1873.800048828125,1818.699951171875,1873.800048828125,127.0
2022-06-14,1809.5,1825.5,1805.300048828125,1825.0,536.0
2022-06-15,1815.300048828125,1839.0,1810.800048828125,1814.0999755859373,108.0
2022-06-16,1845.699951171875,1850.5999755859373,1814.9000244140625,1819.199951171875,136.0
2022-06-17,1835.5999755859373,1853.699951171875,1833.5999755859373,1853.699951171875,170.0
2022-06-18,1835.5999755859373,1853.699951171875,1833.5999755859373,1853.699951171875,170.0
2022-06-19,1835.5999755859373,1853.699951171875,1833.5999755859373,1853.699951171875,170.0
2022-06-20,1835.5999755859373,1853.699951171875,1833.5999755859373,1853.699951171875,170.0
2022-06-21,1834.5999755859373,1838.5999755859373,1830.0999755859373,1835.300048828125,216.0
2022-06-22,1834.300048828125,1842.699951171875,1821.5999755859373,1829.5,115.0
2022-06-23,1825.699951171875,1841.199951171875,1825.699951171875,1835.5,9.0
2022-06-24,1826.5,1826.5,1815.800048828125,1820.5,61.0
2022-06-25,1826.5,1826.5,1815.800048828125,1820.5,61.0
2022-06-26,1826.5,1826.5,1815.800048828125,1820.5,61.0
2022-06-27,1820.9000244140625,1830.699951171875,1819.9000244140625,1830.5,77.0
2022-06-28,1817.5,1826.0,1817.5,1824.199951171875,391.0
2022-06-29,1813.699951171875,1830.300048828125,1812.800048828125,1818.300048828125,173.0
2022-06-30,1804.0999755859373,1817.300048828125,1801.0,1809.5999755859373,328.0
2022-07-01,1798.9000244140625,1806.0999755859373,1791.5999755859375,1795.5,77.0
2022-07-02,1798.9000244140625,1806.0999755859373,1791.5999755859375,1795.5,77.0
2022-07-03,1798.9000244140625,1806.0999755859373,1791.5999755859375,1795.5,77.0
2022-07-04,1798.9000244140625,1806.0999755859373,1791.5999755859375,1795.5,77.0
2022-07-05,1761.800048828125,1805.4000244140625,1761.800048828125,1805.4000244140625,64.0
2022-07-06,1734.9000244140625,1768.0,1734.0,1762.5,1729.0
2022-07-07,1737.9000244140625,1745.199951171875,1737.0,1745.199951171875,1869.0
2022-07-08,1740.5999755859375,1749.300048828125,1732.0999755859375,1738.0999755859375,370.0
2022-07-09,1740.5999755859375,1749.300048828125,1732.0999755859375,1738.0999755859375,370.0
2022-07-10,1740.5999755859375,1749.300048828125,1732.0999755859375,1738.0999755859375,370.0
2022-07-11,1730.0,1736.699951171875,1730.0,1732.5,75.0
2022-07-12,1723.300048828125,1735.5,1723.300048828125,1734.199951171875,451.0
2022-07-13,1734.199951171875,1734.199951171875,1710.0,1710.0,368.0
2022-07-14,1704.5,1710.5,1704.5,1710.300048828125,1289.0
2022-07-15,1702.4000244140625,1709.699951171875,1701.0999755859375,1705.4000244140625,721.0
2022-07-16,1702.4000244140625,1709.699951171875,1701.0999755859375,1705.4000244140625,721.0
2022-07-17,1702.4000244140625,1709.699951171875,1701.0999755859375,1705.4000244140625,721.0
2022-07-18,1709.199951171875,1712.4000244140625,1709.199951171875,1712.199951171875,264.0
2022-07-19,1710.0,1714.4000244140625,1706.0999755859375,1712.300048828125,1684.0
2022-07-20,1699.5,1708.5,1699.5,1707.0999755859375,130.0
2022-07-21,1712.699951171875,1715.5,1679.800048828125,1687.0,183.0
2022-07-22,1727.0999755859375,1735.0,1713.0,1713.300048828125,61.0
2022-07-23,1727.0999755859375,1735.0,1713.0,1713.300048828125,61.0
2022-07-24,1727.0999755859375,1735.0,1713.0,1713.300048828125,61.0
2022-07-25,1719.0,1732.0,1719.0,1727.0,67.0
2022-07-26,1717.699951171875,1718.0,1717.699951171875,1718.0,1.0
2022-07-27,1719.0999755859375,1719.0999755859375,1719.0999755859375,1719.0999755859375,144865.0
2022-07-28,1750.300048828125,1755.0,1732.0,1732.300048828125,37236.0
2022-07-29,1762.9000244140625,1765.699951171875,1750.0,1754.0,3485.0
2022-07-30,1762.9000244140625,1765.699951171875,1750.0,1754.0,3485.0
2022-07-31,1762.9000244140625,1765.699951171875,1750.0,1754.0,3485.0
2022-08-01,1769.0,1772.5,1756.0999755859375,1763.9000244140625,705.0
2022-08-02,1771.0999755859375,1786.5999755859375,1759.4000244140625,1772.0999755859375,1078.0
2022-08-03,1758.0,1770.5,1753.0,1756.699951171875,399.0
2022-08-04,1788.5,1792.0999755859375,1767.699951171875,1769.4000244140625,285.0
2022-08-05,1772.9000244140625,1791.4000244140625,1764.199951171875,1791.199951171875,645.0
2022-08-06,1772.9000244140625,1791.4000244140625,1764.199951171875,1791.199951171875,645.0
2022-08-07,1772.9000244140625,1791.4000244140625,1764.199951171875,1791.199951171875,645.0
2022-08-08,1786.800048828125,1786.800048828125,1771.800048828125,1771.800048828125,127.0
2022-08-09,1794.0,1796.0999755859375,1789.0,1790.0,249.0
2022-08-10,1795.5999755859375,1804.9000244140625,1787.800048828125,1804.4000244140625,601.0
2022-08-11,1789.699951171875,1794.300048828125,1785.699951171875,1794.300048828125,1235.0
2022-08-12,1798.5999755859375,1800.4000244140625,1784.300048828125,1786.300048828125,187.0
2022-08-13,1798.5999755859375,1800.4000244140625,1784.300048828125,1786.300048828125,187.0
2022-08-14,1798.5999755859375,1800.4000244140625,1784.300048828125,1786.300048828125,187.0
2022-08-15,1781.4000244140625,1799.0,1774.699951171875,1799.0,64.0
2022-08-16,1773.199951171875,1777.4000244140625,1771.4000244140625,1777.4000244140625,308.0
2022-08-17,1760.300048828125,1769.699951171875,1760.0,1769.699951171875,23.0
2022-08-18,1755.300048828125,1762.9000244140625,1753.4000244140625,1762.9000244140625,321.0
2022-08-19,1747.5999755859375,1754.300048828125,1747.5,1753.699951171875,49.0
2022-08-20,1747.5999755859375,1754.300048828125,1747.5,1753.699951171875,49.0
2022-08-21,1747.5999755859375,1754.300048828125,1747.5,1753.699951171875,49.0
2022-08-22,1734.0,1740.5,1726.5,1740.5,347.0
2022-08-23,1746.800048828125,1748.9000244140625,1731.9000244140625,1738.0,509.0
2022-08-24,1747.800048828125,1751.800048828125,1743.5999755859375,1745.0,187.0
2022-08-25,1757.699951171875,1761.800048828125,1755.0,1761.5999755859375,172.0
2022-08-26,1736.0999755859375,1755.0,1736.0999755859375,1754.0,202.0
2022-08-27,1736.0999755859375,1755.0,1736.0999755859375,1754.0,202.0
2022-08-28,1736.0999755859375,1755.0,1736.0999755859375,1754.0,202.0
2022-08-29,1736.5999755859375,1741.199951171875,1732.0999755859375,1732.4000244140625,950.0
2022-08-30,1723.199951171875,1739.0,1720.699951171875,1736.4000244140625,385.0
2022-08-31,1712.800048828125,1720.9000244140625,1708.5,1718.300048828125,2133.0
2022-09-01,1696.5999755859375,1707.9000244140625,1693.9000244140625,1707.9000244140625,683.0
2022-09-02,1709.800048828125,1715.699951171875,1703.0999755859375,1703.4000244140625,182.0
2022-09-03,1709.800048828125,1715.699951171875,1703.0999755859375,1703.4000244140625,182.0
2022-09-04,1709.800048828125,1715.699951171875,1703.0999755859375,1703.4000244140625,182.0
2022-09-05,1709.800048828125,1715.699951171875,1703.0999755859375,1703.4000244140625,182.0
2022-09-06,1700.4000244140625,1717.4000244140625,1699.699951171875,1709.699951171875,697.0
2022-09-07,1715.300048828125,1715.300048828125,1694.699951171875,1694.800048828125,651.0
2022-09-08,1708.0,1718.199951171875,1705.300048828125,1718.199951171875,1193.0
2022-09-09,1716.199951171875,1720.0,1712.800048828125,1719.199951171875,635.0
2022-09-10,1716.199951171875,1720.0,1712.800048828125,1719.199951171875,635.0
2022-09-11,1716.199951171875,1720.0,1712.800048828125,1719.199951171875,635.0
2022-09-12,1728.0999755859375,1728.0999755859375,1727.4000244140625,1727.4000244140625,68.0
2022-09-13,1705.0,1720.5,1697.300048828125,1720.5,432.0
2022-09-14,1696.5,1701.800048828125,1696.5,1698.699951171875,532.0
2022-09-15,1665.4000244140625,1686.0,1662.300048828125,1685.5,1125.0
2022-09-16,1671.699951171875,1674.9000244140625,1651.699951171875,1660.4000244140625,464.0
2022-09-17,1671.699951171875,1674.9000244140625,1651.699951171875,1660.4000244140625,464.0
2022-09-18,1671.699951171875,1674.9000244140625,1651.699951171875,1660.4000244140625,464.0
2022-09-19,1666.199951171875,1669.4000244140625,1658.5,1661.800048828125,580.0
2022-09-20,1659.699951171875,1659.699951171875,1659.699951171875,1659.699951171875,2830.0
2022-09-21,1664.5999755859375,1680.0999755859375,1664.5999755859375,1665.5,2337.0
2022-09-22,1670.800048828125,1670.800048828125,1668.300048828125,1668.300048828125,973.0
2022-09-23,1645.300048828125,1667.0,1645.300048828125,1667.0,1224.0
2022-09-24,1645.300048828125,1667.0,1645.300048828125,1667.0,1224.0
2022-09-25,1645.300048828125,1667.0,1645.300048828125,1667.0,1224.0
2022-09-26,1623.300048828125,1623.300048828125,1623.300048828125,1623.300048828125,1205.0
2022-09-27,1626.699951171875,1636.5999755859375,1626.699951171875,1632.199951171875,888.0
2022-09-28,1660.4000244140625,1660.4000244140625,1620.4000244140625,1620.4000244140625,18311.0
2022-09-29,1658.5,1662.5999755859375,1640.0,1657.0,6028.0
2022-09-30,1662.4000244140625,1672.699951171875,1658.0,1661.699951171875,548.0
2022-10-01,1662.4000244140625,1672.699951171875,1658.0,1661.699951171875,548.0
2022-10-02,1662.4000244140625,1672.699951171875,1658.0,1661.699951171875,548.0
2022-10-03,1692.9000244140625,1700.0,1661.9000244140625,1667.199951171875,410.0
2022-10-04,1721.0999755859375,1728.0,1696.0,1701.199951171875,291.0
2022-10-05,1711.4000244140625,1726.5999755859375,1703.0,1724.0999755859375,418.0
2022-10-06,1711.699951171875,1723.300048828125,1709.0999755859375,1721.0,133.0
2022-10-07,1700.5,1710.0999755859375,1693.699951171875,1710.0999755859375,179.0
2022-10-08,1700.5,1710.0999755859375,1693.699951171875,1710.0999755859375,179.0
2022-10-09,1700.5,1710.0999755859375,1693.699951171875,1710.0999755859375,179.0
2022-10-10,1667.300048828125,1693.4000244140625,1667.0,1693.4000244140625,195.0
2022-10-11,1678.699951171875,1678.699951171875,1661.0,1661.800048828125,167.0
2022-10-12,1670.300048828125,1672.699951171875,1668.0,1668.0,149.0
2022-10-13,1670.0,1675.300048828125,1641.5,1675.199951171875,729.0
2022-10-14,1641.699951171875,1667.0,1640.0,1665.300048828125,82.0
2022-10-15,1641.699951171875,1667.0,1640.0,1665.300048828125,82.0
2022-10-16,1641.699951171875,1667.0,1640.0,1665.300048828125,82.0
2022-10-17,1657.0,1657.0,1646.800048828125,1650.199951171875,238.0
2022-10-18,1649.0,1655.199951171875,1649.0,1651.4000244140625,597.0
2022-10-19,1627.5,1637.5,1627.5,1637.5,84.0
2022-10-20,1630.800048828125,1641.4000244140625,1622.800048828125,1622.800048828125,477.0
2022-10-21,1651.0,1653.9000244140625,1634.0999755859375,1634.0999755859375,224.0
2022-10-22,1651.0,1653.9000244140625,1634.0999755859375,1634.0999755859375,224.0
2022-10-23,1651.0,1653.9000244140625,1634.0999755859375,1634.0999755859375,224.0
2022-10-24,1648.699951171875,1662.699951171875,1648.699951171875,1662.699951171875,29.0
2022-10-25,1652.800048828125,1652.800048828125,1637.300048828125,1648.199951171875,880.0
2022-10-26,1664.0,1667.0,1649.800048828125,1649.800048828125,89.0
2022-10-27,1660.699951171875,1660.699951171875,1660.699951171875,1660.699951171875,2298.0
2022-10-28,1639.5999755859375,1661.0,1638.699951171875,1661.0,626.0
2022-10-29,1639.5999755859375,1661.0,1638.699951171875,1661.0,626.0
2022-10-30,1639.5999755859375,1661.0,1638.699951171875,1661.0,626.0
2022-10-31,1635.9000244140625,1641.800048828125,1633.4000244140625,1641.800048828125,522.0
2022-11-01,1645.0,1653.699951171875,1630.800048828125,1630.800048828125,985.0
2022-11-02,1645.699951171875,1664.699951171875,1634.0,1650.800048828125,612.0
2022-11-03,1627.300048828125,1629.199951171875,1615.0999755859375,1629.199951171875,1427.0
2022-11-04,1672.5,1674.5,1629.0,1630.199951171875,159.0
2022-11-05,1672.5,1674.5,1629.0,1630.199951171875,159.0
2022-11-06,1672.5,1674.5,1629.0,1630.199951171875,159.0
2022-11-07,1676.5,1677.9000244140625,1672.9000244140625,1676.9000244140625,42.0
2022-11-08,1712.0999755859375,1712.0999755859375,1703.199951171875,1703.199951171875,23.0
2022-11-09,1710.0999755859375,1720.199951171875,1706.0,1707.4000244140625,497.0
2022-11-10,1750.300048828125,1750.300048828125,1708.199951171875,1708.199951171875,325.0
2022-11-11,1766.0,1766.0,1757.5999755859375,1763.800048828125,257.0
2022-11-12,1766.0,1766.0,1757.5999755859375,1763.800048828125,257.0
2022-11-13,1766.0,1766.0,1757.5999755859375,1763.800048828125,257.0
2022-11-14,1773.5999755859375,1773.5999755859375,1761.5999755859375,1762.0,358.0
2022-11-15,1773.800048828125,1773.800048828125,1769.9000244140625,1770.800048828125,57.0
2022-11-16,1773.0,1778.9000244140625,1773.0,1776.5999755859375,303.0
2022-11-17,1760.800048828125,1763.0,1756.0,1763.0,18.0
2022-11-18,1751.9000244140625,1763.300048828125,1747.5999755859375,1763.300048828125,414.0
2022-11-19,1751.9000244140625,1763.300048828125,1747.5999755859375,1763.300048828125,414.0
2022-11-20,1751.9000244140625,1763.300048828125,1747.5999755859375,1763.300048828125,414.0
2022-11-21,1737.4000244140625,1744.9000244140625,1736.0999755859375,1739.0,544.0
2022-11-22,1738.300048828125,1741.699951171875,1738.300048828125,1741.699951171875,15.0
2022-11-23,1744.9000244140625,1750.9000244140625,1736.5,1736.5,39.0
2022-11-24,1744.9000244140625,1750.9000244140625,1736.5,1736.5,39.0
2022-11-25,1753.300048828125,1757.9000244140625,1749.199951171875,1753.0,216.0
2022-11-26,1753.300048828125,1757.9000244140625,1749.199951171875,1753.0,216.0
2022-11-27,1753.300048828125,1757.9000244140625,1749.199951171875,1753.0,216.0
2022-11-28,1740.0999755859375,1741.300048828125,1740.0999755859375,1741.300048828125,132767.0
2022-11-29,1748.4000244140625,1758.199951171875,1737.9000244140625,1739.5,19416.0
2022-11-30,1746.0,1769.4000244140625,1745.0999755859375,1748.0999755859375,3339.0
2022-12-01,1801.0999755859375,1803.699951171875,1768.699951171875,1768.699951171875,1053.0
2022-12-02,1795.9000244140625,1802.300048828125,1779.4000244140625,1802.0,1725.0
2022-12-03,1795.9000244140625,1802.300048828125,1779.4000244140625,1802.0,1725.0
2022-12-04,1795.9000244140625,1802.300048828125,1779.4000244140625,1802.0,1725.0
2022-12-05,1767.4000244140625,1808.0,1764.300048828125,1795.699951171875,1713.0
2022-12-06,1769.300048828125,1779.4000244140625,1767.9000244140625,1768.5999755859375,105.0
2022-12-07,1785.5,1790.300048828125,1769.300048828125,1769.300048828125,422.0
2022-12-08,1788.699951171875,1790.9000244140625,1782.0,1782.0,713.0
2022-12-09,1798.0999755859375,1804.300048828125,1791.0999755859375,1794.9000244140625,125.0
2022-12-10,1798.0999755859375,1804.300048828125,1791.0999755859375,1794.9000244140625,125.0
2022-12-11,1798.0999755859375,1804.300048828125,1791.0999755859375,1794.9000244140625,125.0
2022-12-12,1780.5,1793.9000244140625,1777.699951171875,1787.300048828125,85.0
2022-12-13,1813.9000244140625,1819.800048828125,1780.5,1780.699951171875,205.0
2022-12-14,1807.5,1812.800048828125,1797.9000244140625,1810.800048828125,1074.0
2022-12-15,1777.199951171875,1801.0,1774.800048828125,1801.0,421.0
2022-12-16,1790.0,1791.4000244140625,1777.9000244140625,1777.9000244140625,206.0
2022-12-17,1790.0,1791.4000244140625,1777.9000244140625,1777.9000244140625,206.0
2022-12-18,1790.0,1791.4000244140625,1777.9000244140625,1777.9000244140625,206.0
2022-12-19,1787.699951171875,1796.300048828125,1785.5999755859375,1791.5999755859375,79.0
2022-12-20,1815.9000244140625,1821.4000244140625,1786.5,1786.5,51.0
2022-12-21,1815.9000244140625,1821.4000244140625,1814.4000244140625,1817.4000244140625,35.0
2022-12-22,1787.0,1818.0999755859373,1785.0,1818.0999755859373,411.0
2022-12-23,1795.9000244140625,1802.800048828125,1794.0999755859375,1794.300048828125,49.0
2022-12-24,1795.9000244140625,1802.800048828125,1794.0999755859375,1794.300048828125,49.0
2022-12-25,1795.9000244140625,1802.800048828125,1794.0999755859375,1794.300048828125,49.0
2022-12-26,1795.9000244140625,1802.800048828125,1794.0999755859375,1794.300048828125,49.0
2022-12-27,1814.800048828125,1826.300048828125,1803.4000244140625,1803.4000244140625,69.0
2022-12-28,1807.9000244140625,1807.9000244140625,1803.0999755859373,1803.199951171875,434.0
2022-12-29,1819.5,1819.5,1805.800048828125,1805.800048828125,277.0
2022-12-30,1819.699951171875,1822.300048828125,1816.800048828125,1817.0,95.0
2022-12-31,1819.699951171875,1822.300048828125,1816.800048828125,1817.0,95.0
2023-01-01,1819.699951171875,1822.300048828125,1816.800048828125,1817.0,95.0
2023-01-02,1819.699951171875,1822.300048828125,1816.800048828125,1817.0,95.0
2023-01-03,1839.699951171875,1839.699951171875,1836.199951171875,1836.199951171875,29.0
2023-01-04,1852.800048828125,1859.0999755859373,1845.5999755859373,1845.5999755859373,25.0
2023-01-05,1834.800048828125,1855.199951171875,1834.800048828125,1855.199951171875,24.0
2023-01-06,1864.199951171875,1868.199951171875,1835.300048828125,1838.4000244140625,26.0
2023-01-07,1864.199951171875,1868.199951171875,1835.300048828125,1838.4000244140625,26.0
2023-01-08,1864.199951171875,1868.199951171875,1835.300048828125,1838.4000244140625,26.0
2023-01-09,1872.699951171875,1880.0,1867.0,1867.0,62.0
2023-01-10,1871.5999755859373,1878.0999755859373,1871.5999755859373,1877.800048828125,101.0
2023-01-11,1874.5999755859373,1877.800048828125,1873.0999755859373,1873.0999755859373,1236.0
2023-01-12,1895.5,1897.4000244140625,1877.199951171875,1877.199951171875,59.0
2023-01-13,1918.4000244140625,1920.9000244140625,1898.300048828125,1899.0,512.0
2023-01-14,1918.4000244140625,1920.9000244140625,1898.300048828125,1899.0,512.0
2023-01-15,1918.4000244140625,1920.9000244140625,1898.300048828125,1899.0,512.0
2023-01-16,1918.4000244140625,1920.9000244140625,1898.300048828125,1899.0,512.0
2023-01-17,1907.199951171875,1920.0999755859373,1905.199951171875,1920.0999755859373,706.0
2023-01-18,1904.4000244140625,1911.0999755859373,1903.0999755859373,1911.0999755859373,1027.0
2023-01-19,1922.0999755859373,1931.800048828125,1922.0999755859373,1922.0999755859373,371.0
2023-01-20,1926.4000244140625,1928.5,1921.4000244140625,1922.0999755859373,1346.0
2023-01-21,1926.4000244140625,1928.5,1921.4000244140625,1922.0999755859373,1346.0
2023-01-22,1926.4000244140625,1928.5,1921.4000244140625,1922.0999755859373,1346.0
2023-01-23,1927.0999755859373,1927.0999755859373,1915.0,1926.5,218.0
2023-01-24,1933.9000244140625,1936.800048828125,1931.800048828125,1931.800048828125,201.0
2023-01-25,1941.199951171875,1941.199951171875,1939.800048828125,1941.199951171875,7.0
2023-01-26,1929.0999755859373,1937.0999755859373,1927.0999755859373,1936.5999755859373,131.0
2023-01-27,1928.5999755859373,1928.5999755859373,1928.5999755859373,1928.5999755859373,150902.0
2023-01-28,1928.5999755859373,1928.5999755859373,1928.5999755859373,1928.5999755859373,150902.0
2023-01-29,1928.5999755859373,1928.5999755859373,1928.5999755859373,1928.5999755859373,150902.0
2023-01-30,1922.9000244140625,1933.5999755859373,1920.300048828125,1928.300048828125,27220.0
2023-01-31,1929.5,1930.4000244140625,1900.5999755859373,1923.0,1910.0
2023-02-01,1927.800048828125,1955.0,1922.0,1927.199951171875,2290.0
2023-02-02,1916.300048828125,1959.0999755859373,1911.300048828125,1952.300048828125,748.0
2023-02-03,1862.9000244140625,1917.0,1861.5,1912.4000244140625,992.0
2023-02-04,1862.9000244140625,1917.0,1861.5,1912.4000244140625,992.0
2023-02-05,1862.9000244140625,1917.0,1861.5,1912.4000244140625,992.0
2023-02-06,1866.199951171875,1880.0,1863.4000244140625,1865.5999755859373,424.0
2023-02-07,1871.699951171875,1875.699951171875,1868.0,1870.0,297.0
2023-02-08,1877.4000244140625,1880.4000244140625,1872.0999755859373,1872.0999755859373,230.0
2023-02-09,1866.199951171875,1884.5999755859373,1859.800048828125,1875.300048828125,223.0
2023-02-10,1862.800048828125,1863.5,1852.4000244140625,1861.5999755859373,27.0
2023-02-11,1862.800048828125,1863.5,1852.4000244140625,1861.5999755859373,27.0
2023-02-12,1862.800048828125,1863.5,1852.4000244140625,1861.5999755859373,27.0
2023-02-13,1851.9000244140625,1861.0,1850.0,1859.0,569.0
2023-02-14,1854.0,1862.0,1846.199951171875,1854.0999755859373,656.0
2023-02-15,1834.199951171875,1842.0,1828.199951171875,1842.0,368.0
2023-02-16,1842.0,1843.699951171875,1827.199951171875,1838.5999755859373,222.0
2023-02-17,1840.4000244140625,1842.199951171875,1818.4000244140625,1827.4000244140625,35.0
2023-02-18,1840.4000244140625,1842.199951171875,1818.4000244140625,1827.4000244140625,35.0
2023-02-19,1840.4000244140625,1842.199951171875,1818.4000244140625,1827.4000244140625,35.0
2023-02-20,1840.4000244140625,1842.199951171875,1818.4000244140625,1827.4000244140625,35.0
2023-02-21,1833.0,1843.0,1833.0,1842.5999755859373,862.0
2023-02-22,1832.0,1836.199951171875,1825.0999755859373,1835.699951171875,278.0
2023-02-23,1818.0,1827.5,1818.0,1826.4000244140625,291.0
2023-02-24,1808.800048828125,1808.800048828125,1808.800048828125,1808.800048828125,404.0
2023-02-25,1808.800048828125,1808.800048828125,1808.800048828125,1808.800048828125,404.0
2023-02-26,1808.800048828125,1808.800048828125,1808.800048828125,1808.800048828125,404.0
2023-02-27,1817.0,1817.5,1808.9000244140625,1811.5999755859373,829.0
2023-02-28,1828.9000244140625,1830.0,1808.0999755859373,1808.0999755859373,618.0
2023-03-01,1837.699951171875,1841.699951171875,1827.0999755859373,1827.0999755859373,211.0
2023-03-02,1833.5,1836.300048828125,1830.0,1830.0,154.0
2023-03-03,1847.699951171875,1855.4000244140625,1837.300048828125,1837.300048828125,61.0
2023-03-04,1847.699951171875,1855.4000244140625,1837.300048828125,1837.300048828125,61.0
2023-03-05,1847.699951171875,1855.4000244140625,1837.300048828125,1837.300048828125,61.0
2023-03-06,1847.9000244140625,1853.800048828125,1844.199951171875,1853.300048828125,5.0
2023-03-07,1813.9000244140625,1840.9000244140625,1813.9000244140625,1840.9000244140625,450.0
2023-03-08,1812.699951171875,1812.9000244140625,1811.5,1811.5999755859373,75.0
2023-03-09,1829.300048828125,1829.300048828125,1815.5999755859373,1816.4000244140625,332.0
2023-03-10,1862.0,1868.5,1852.0,1852.300048828125,248.0
2023-03-11,1862.0,1868.5,1852.0,1852.300048828125,248.0
2023-03-12,1862.0,1868.5,1852.0,1852.300048828125,248.0
2023-03-13,1911.699951171875,1913.0999755859373,1875.0999755859373,1890.800048828125,503.0
2023-03-14,1906.199951171875,1912.199951171875,1901.0999755859373,1912.199951171875,107.0
2023-03-15,1926.5999755859373,1926.5999755859373,1898.5,1903.9000244140625,564.0
2023-03-16,1919.0,1931.699951171875,1909.9000244140625,1909.9000244140625,394.0
2023-03-17,1969.800048828125,1985.0999755859373,1946.0,1946.0,82.0
2023-03-18,1969.800048828125,1985.0999755859373,1946.0,1946.0,82.0
2023-03-19,1969.800048828125,1985.0999755859373,1946.0,1946.0,82.0
2023-03-20,1979.199951171875,2003.9000244140625,1968.9000244140625,1988.300048828125,389.0
2023-03-21,1938.0,1973.800048828125,1938.0,1973.800048828125,47.0
2023-03-22,1946.800048828125,1974.0,1946.800048828125,1946.800048828125,50.0
2023-03-23,1993.800048828125,1994.5999755859373,1990.5,1990.5,33.0
2023-03-24,1982.0999755859373,1995.4000244140625,1982.0999755859373,1991.699951171875,19.0
2023-03-25,1982.0999755859373,1995.4000244140625,1982.0999755859373,1991.699951171875,19.0
2023-03-26,1982.0999755859373,1995.4000244140625,1982.0999755859373,1991.699951171875,19.0
2023-03-27,1952.4000244140625,1957.199951171875,1952.4000244140625,1957.199951171875,877.0
2023-03-28,1972.4000244140625,1972.4000244140625,1972.4000244140625,1972.4000244140625,21.0
2023-03-29,1966.0999755859373,1966.0999755859373,1966.0999755859373,1966.0999755859373,88563.0
2023-03-30,1980.300048828125,1984.4000244140625,1954.9000244140625,1965.9000244140625,10119.0
2023-03-31,1969.0,1986.800048828125,1968.0,1981.300048828125,957.0
2023-04-01,1969.0,1986.800048828125,1968.0,1981.300048828125,957.0
2023-04-02,1969.0,1986.800048828125,1968.0,1981.300048828125,957.0
2023-04-03,1983.9000244140625,1991.699951171875,1950.0,1968.0999755859373,737.0
2023-04-04,2022.199951171875,2027.0999755859373,1979.0,1984.5999755859373,811.0
2023-04-05,2020.9000244140625,2033.800048828125,2013.5999755859373,2022.0999755859373,525.0
2023-04-06,2011.9000244140625,2023.300048828125,2005.0,2022.199951171875,0.0
2023-04-07,2011.9000244140625,2023.300048828125,2005.0,2022.199951171875,0.0
2023-04-08,2011.9000244140625,2023.300048828125,2005.0,2022.199951171875,0.0
2023-04-09,2011.9000244140625,2023.300048828125,2005.0,2022.199951171875,0.0
2023-04-10,1989.0999755859373,2006.5999755859373,1984.0,2000.0,652.0
2023-04-11,2004.800048828125,2006.5,1991.4000244140625,1991.4000244140625,68.0
2023-04-12,2010.9000244140625,2025.699951171875,2005.199951171875,2005.199951171875,172.0
2023-04-13,2041.300048828125,2048.60009765625,2015.5999755859373,2015.5999755859373,1043.0
2023-04-14,2002.199951171875,2047.800048828125,1995.0,2041.0,718.0
2023-04-15,2002.199951171875,2047.800048828125,1995.0,2041.0,718.0
2023-04-16,2002.199951171875,2047.800048828125,1995.0,2041.0,718.0
2023-04-17,1994.199951171875,2007.5999755859373,1983.199951171875,2002.699951171875,554.0
2023-04-18,2007.4000244140625,2007.4000244140625,1996.9000244140625,1996.9000244140625,72.0
2023-04-19,1995.199951171875,2006.4000244140625,1969.800048828125,2005.699951171875,61.0
2023-04-20,2007.5999755859373,2007.5999755859373,1998.0,1998.0,164.0
2023-04-21,1979.5,1996.199951171875,1974.0999755859373,1996.199951171875,132.0
2023-04-22,1979.5,1996.199951171875,1974.0999755859373,1996.199951171875,132.0
2023-04-23,1979.5,1996.199951171875,1974.0999755859373,1996.199951171875,132.0
2023-04-24,1989.0999755859373,1989.800048828125,1977.4000244140625,1981.300048828125,145.0
2023-04-25,1994.0,1999.0999755859373,1982.300048828125,1995.699951171875,306.0
2023-04-26,1985.699951171875,1998.800048828125,1985.5999755859373,1997.800048828125,615.0
2023-04-27,1989.9000244140625,2002.300048828125,1979.9000244140625,1990.5999755859373,355.0
2023-04-28,1990.0999755859373,1990.0999755859373,1977.699951171875,1986.9000244140625,152.0
2023-04-29,1990.0999755859373,1990.0999755859373,1977.699951171875,1986.9000244140625,152.0
2023-04-30,1990.0999755859373,1990.0999755859373,1977.699951171875,1986.9000244140625,152.0
2023-05-01,1983.4000244140625,2005.0,1976.9000244140625,1980.0999755859373,210.0
2023-05-02,2014.300048828125,2018.0,1994.699951171875,1994.699951171875,1896.0
2023-05-03,2028.5999755859373,2035.0999755859373,2015.199951171875,2017.0999755859373,1349.0
2023-05-04,2048.0,2072.0,2040.0,2045.0,930.0
2023-05-05,2017.4000244140625,2046.4000244140625,2004.300048828125,2046.4000244140625,59.0
2023-05-06,2017.4000244140625,2046.4000244140625,2004.300048828125,2046.4000244140625,59.0
2023-05-07,2017.4000244140625,2046.4000244140625,2004.300048828125,2046.4000244140625,59.0
2023-05-08,2026.300048828125,2026.300048828125,2022.5,2022.5,3.0
2023-05-09,2036.199951171875,2037.300048828125,2025.9000244140625,2026.5999755859373,241.0
2023-05-10,2030.5,2044.300048828125,2029.5,2032.300048828125,248.0
2023-05-11,2014.699951171875,2038.300048828125,2014.0,2034.0999755859373,90.0
2023-05-12,2014.5,2014.5,2014.5,2014.5,115.0
2023-05-13,2014.5,2014.5,2014.5,2014.5,115.0
2023-05-14,2014.5,2014.5,2014.5,2014.5,115.0
2023-05-15,2018.0,2018.0,2013.800048828125,2013.800048828125,3.0
2023-05-16,1988.4000244140625,1988.4000244140625,1988.4000244140625,1988.4000244140625,49.0
2023-05-17,1980.699951171875,1983.5999755859373,1980.699951171875,1983.5999755859373,13.0
2023-05-18,1956.5,1956.800048828125,1956.5,1956.5,23.0
2023-05-19,1978.699951171875,1978.699951171875,1960.0,1960.0,106.0
2023-05-20,1978.699951171875,1978.699951171875,1960.0,1960.0,106.0
2023-05-21,1978.699951171875,1978.699951171875,1960.0,1960.0,106.0
2023-05-22,1974.800048828125,1980.5,1974.800048828125,1980.5,8.0
2023-05-23,1972.4000244140625,1972.4000244140625,1972.4000244140625,1972.4000244140625,1.0
2023-05-24,1962.800048828125,1975.4000244140625,1962.800048828125,1975.4000244140625,189.0
2023-05-25,1943.0999755859373,1943.0999755859373,1943.0999755859373,1943.0999755859373,1.0
2023-05-26,1944.0999755859373,1948.4000244140625,1944.0999755859373,1948.199951171875,166036.0
2023-05-27,1944.0999755859373,1948.4000244140625,1944.0999755859373,1948.199951171875,166036.0
2023-05-28,1944.0999755859373,1948.4000244140625,1944.0999755859373,1948.199951171875,166036.0
2023-05-29,1944.0999755859373,1948.4000244140625,1944.0999755859373,1948.199951171875,166036.0
2023-05-30,1958.0,1962.5999755859373,1931.0,1942.699951171875,37838.0
2023-05-31,1963.9000244140625,1973.0,1953.0,1958.199951171875,5959.0
2023-06-01,1978.0,1983.0,1954.300048828125,1963.199951171875,750.0
2023-06-02,1952.4000244140625,1982.5,1947.4000244140625,1977.0999755859373,356.0
2023-06-03,1952.4000244140625,1982.5,1947.4000244140625,1977.0999755859373,356.0
2023-06-04,1952.4000244140625,1982.5,1947.4000244140625,1977.0999755859373,356.0
2023-06-05,1958.0,1961.9000244140625,1937.800048828125,1947.5,713.0
2023-06-06,1965.5,1965.5,1958.800048828125,1960.800048828125,164.0
2023-06-07,1942.699951171875,1968.4000244140625,1940.699951171875,1959.0,139.0
2023-06-08,1963.5999755859373,1969.0,1943.0999755859373,1943.199951171875,433.0
2023-06-09,1962.199951171875,1969.800048828125,1960.300048828125,1965.0999755859373,49.0
2023-06-10,1962.199951171875,1969.800048828125,1960.300048828125,1965.0999755859373,49.0
2023-06-11,1962.199951171875,1969.800048828125,1960.300048828125,1965.0999755859373,49.0
2023-06-12,1955.300048828125,1963.5,1951.4000244140625,1959.699951171875,212.0
2023-06-13,1944.5999755859373,1967.5,1940.300048828125,1960.5999755859373,343.0
2023-06-14,1955.300048828125,1958.199951171875,1940.300048828125,1946.199951171875,202.0
2023-06-15,1957.800048828125,1958.800048828125,1926.0,1941.699951171875,329.0
2023-06-16,1958.4000244140625,1962.9000244140625,1953.5,1961.4000244140625,119.0
2023-06-17,1958.4000244140625,1962.9000244140625,1953.5,1961.4000244140625,119.0
2023-06-18,1958.4000244140625,1962.9000244140625,1953.5,1961.4000244140625,119.0
2023-06-19,1958.4000244140625,1962.9000244140625,1953.5,1961.4000244140625,119.0
2023-06-20,1935.5,1958.5999755859373,1931.300048828125,1958.5999755859373,193.0
2023-06-21,1933.300048828125,1936.800048828125,1920.0,1935.5999755859373,557.0
2023-06-22,1912.699951171875,1921.0,1912.0999755859373,1920.0,237.0
2023-06-23,1919.0999755859373,1932.5,1918.699951171875,1918.699951171875,105.0
2023-06-24,1919.0999755859373,1932.5,1918.699951171875,1918.699951171875,105.0
2023-06-25,1919.0999755859373,1932.5,1918.699951171875,1918.699951171875,105.0
2023-06-26,1923.699951171875,1928.5,1922.5,1922.9000244140625,71.0
2023-06-27,1914.0,1929.4000244140625,1914.0,1927.0,49.0
2023-06-28,1912.300048828125,1912.300048828125,1912.300048828125,1912.300048828125,628.0
2023-06-29,1909.199951171875,1909.9000244140625,1892.5,1909.9000244140625,289.0
2023-06-30,1921.0999755859373,1921.0999755859373,1900.5999755859373,1908.5999755859373,445.0
2023-07-01,1921.0999755859373,1921.0999755859373,1900.5999755859373,1908.5999755859373,445.0
2023-07-02,1921.0999755859373,1921.0999755859373,1900.5999755859373,1908.5999755859373,445.0
2023-07-03,1921.699951171875,1929.5,1917.9000244140625,1917.9000244140625,41.0
2023-07-04,1921.699951171875,1929.5,1917.9000244140625,1917.9000244140625,41.0
2023-07-05,1919.5999755859373,1933.9000244140625,1914.699951171875,1923.5,193.0
2023-07-06,1908.699951171875,1910.199951171875,1903.199951171875,1909.300048828125,81.0
2023-07-07,1926.199951171875,1934.0999755859373,1913.4000244140625,1913.4000244140625,61.0
2023-07-08,1926.199951171875,1934.0999755859373,1913.4000244140625,1913.4000244140625,61.0
2023-07-09,1926.199951171875,1934.0999755859373,1913.4000244140625,1913.4000244140625,61.0
2023-07-10,1925.0,1926.0999755859373,1912.300048828125,1923.5999755859373,269.0
2023-07-11,1931.300048828125,1937.0,1924.199951171875,1925.0,142.0
2023-07-12,1956.199951171875,1958.0,1932.199951171875,1932.300048828125,132.0
2023-07-13,1959.199951171875,1961.0999755859373,1953.0,1961.0999755859373,121.0
2023-07-14,1960.0999755859373,1960.5999755859373,1952.699951171875,1958.4000244140625,94.0
2023-07-15,1960.0999755859373,1960.5999755859373,1952.699951171875,1958.4000244140625,94.0
2023-07-16,1960.0999755859373,1960.5999755859373,1952.699951171875,1958.4000244140625,94.0
2023-07-17,1952.4000244140625,1956.5,1946.5999755859373,1954.0,29.0
2023-07-18,1977.199951171875,1978.4000244140625,1963.4000244140625,1968.800048828125,83.0
2023-07-19,1977.5,1977.5,1973.0,1977.0,35.0
2023-07-20,1968.300048828125,1973.699951171875,1965.5999755859373,1973.699951171875,638.0
2023-07-21,1964.300048828125,1964.300048828125,1961.800048828125,1961.800048828125,50.0
2023-07-22,1964.300048828125,1964.300048828125,1961.800048828125,1961.800048828125,50.0
2023-07-23,1964.300048828125,1964.300048828125,1961.800048828125,1961.800048828125,50.0
2023-07-24,1960.300048828125,1965.5,1960.300048828125,1965.300048828125,2.0
2023-07-25,1962.0999755859373,1962.5,1953.0,1953.0,19.0
2023-07-26,1968.9000244140625,1972.0,1966.199951171875,1966.199951171875,51.0
2023-07-27,1945.4000244140625,1945.4000244140625,1945.4000244140625,1945.4000244140625,194253.0
2023-07-28,1960.4000244140625,1962.199951171875,1944.199951171875,1945.5,23155.0
2023-07-29,1960.4000244140625,1962.199951171875,1944.199951171875,1945.5,23155.0
2023-07-30,1960.4000244140625,1962.199951171875,1944.199951171875,1945.5,23155.0
2023-07-31,1970.5,1971.5999755859373,1950.0,1959.199951171875,1025.0
2023-08-01,1940.699951171875,1965.4000244140625,1940.699951171875,1964.9000244140625,688.0
2023-08-02,1937.4000244140625,1953.5999755859373,1933.199951171875,1948.4000244140625,652.0
2023-08-03,1932.0,1936.5,1928.0,1934.199951171875,773.0
2023-08-04,1939.5999755859373,1945.0,1920.0,1934.9000244140625,290.0
2023-08-05,1939.5999755859373,1945.0,1920.0,1934.9000244140625,290.0
2023-08-06,1939.5999755859373,1945.0,1920.0,1934.9000244140625,290.0
2023-08-07,1933.5,1941.0,1929.800048828125,1941.0,376.0
2023-08-08,1924.0999755859373,1933.199951171875,1923.0,1931.699951171875,555.0
2023-08-09,1915.4000244140625,1928.800048828125,1913.699951171875,1925.4000244140625,451.0
2023-08-10,1914.4000244140625,1927.800048828125,1911.4000244140625,1921.0999755859373,178.0
2023-08-11,1912.9000244140625,1916.5999755859373,1911.800048828125,1913.0,57.0
2023-08-12,1912.9000244140625,1916.5999755859373,1911.800048828125,1913.0,57.0
2023-08-13,1912.9000244140625,1916.5999755859373,1911.800048828125,1913.0,57.0
2023-08-14,1910.5999755859373,1912.5999755859373,1903.300048828125,1909.300048828125,46.0
2023-08-15,1902.5,1907.699951171875,1895.0,1906.0,73.0
2023-08-16,1896.0999755859373,1904.5,1890.300048828125,1904.5,22.0
2023-08-17,1884.0999755859373,1902.4000244140625,1884.0,1893.699951171875,245.0
2023-08-18,1886.0999755859373,1891.800048828125,1886.0999755859373,1891.800048828125,19.0
2023-08-19,1886.0999755859373,1891.800048828125,1886.0999755859373,1891.800048828125,19.0
2023-08-20,1886.0999755859373,1891.800048828125,1886.0999755859373,1891.800048828125,19.0
2023-08-21,1893.300048828125,1893.5999755859373,1893.300048828125,1893.5999755859373,876.0
2023-08-22,1896.4000244140625,1896.800048828125,1892.800048828125,1894.5999755859373,46.0
2023-08-23,1918.5,1918.5,1909.5999755859373,1909.5999755859373,547.0
2023-08-24,1918.199951171875,1920.800048828125,1918.199951171875,1920.0,337.0
2023-08-25,1911.0999755859373,1919.800048828125,1911.0999755859373,1919.800048828125,195.0
2023-08-26,1911.0999755859373,1919.800048828125,1911.0999755859373,1919.800048828125,195.0
2023-08-27,1911.0999755859373,1919.800048828125,1911.0999755859373,1919.800048828125,195.0
2023-08-28,1917.9000244140625,1921.5,1915.5,1915.5,99.0
2023-08-29,1936.5,1936.5,1916.9000244140625,1917.9000244140625,1674.0
2023-08-30,1944.300048828125,1946.4000244140625,1934.5999755859373,1936.0,396.0
2023-08-31,1938.199951171875,1944.4000244140625,1938.199951171875,1944.4000244140625,491.0
2023-09-01,1939.800048828125,1950.0,1936.5999755859373,1950.0,167.0
2023-09-02,1939.800048828125,1950.0,1936.5999755859373,1950.0,167.0
2023-09-03,1939.800048828125,1950.0,1936.5999755859373,1950.0,167.0
2023-09-04,1939.800048828125,1950.0,1936.5999755859373,1950.0,167.0
2023-09-05,1926.199951171875,1934.4000244140625,1924.699951171875,1934.4000244140625,113.0
2023-09-06,1918.0999755859373,1925.300048828125,1916.300048828125,1924.0999755859373,24.0
2023-09-07,1917.5,1921.5,1917.5,1917.5999755859373,41.0
2023-09-08,1918.4000244140625,1924.699951171875,1918.4000244140625,1924.0,105.0
2023-09-09,1918.4000244140625,1924.699951171875,1918.4000244140625,1924.0,105.0
2023-09-10,1918.4000244140625,1924.699951171875,1918.4000244140625,1924.0,105.0
2023-09-11,1923.300048828125,1928.300048828125,1921.800048828125,1923.0,50.0
2023-09-12,1911.300048828125,1920.800048828125,1911.300048828125,1920.800048828125,365.0
2023-09-13,1909.0999755859373,1914.5999755859373,1908.9000244140625,1910.300048828125,15.0
2023-09-14,1910.0,1910.0,1903.0,1903.0,169.0
2023-09-15,1923.699951171875,1927.300048828125,1923.5,1923.5,8.0
2023-09-16,1923.699951171875,1927.300048828125,1923.5,1923.5,8.0
2023-09-17,1923.699951171875,1927.300048828125,1923.5,1923.5,8.0
2023-09-18,1931.5,1931.5,1926.4000244140625,1928.199951171875,19.0
2023-09-19,1932.0,1934.0,1932.0,1934.0,6.0
2023-09-20,1945.5999755859373,1945.5999755859373,1929.199951171875,1945.5999755859373,119.0
2023-09-21,1919.199951171875,1924.0,1919.199951171875,1924.0,9.0
2023-09-22,1925.4000244140625,1925.4000244140625,1925.4000244140625,1925.4000244140625,1.0
2023-09-23,1925.4000244140625,1925.4000244140625,1925.4000244140625,1925.4000244140625,1.0
2023-09-24,1925.4000244140625,1925.4000244140625,1925.4000244140625,1925.4000244140625,1.0
2023-09-25,1916.5999755859373,1916.5999755859373,1916.5999755859373,1916.5999755859373,114.0
2023-09-26,1900.4000244140625,1905.0999755859373,1900.4000244140625,1905.0,161.0
2023-09-27,1871.5999755859373,1871.5999755859373,1871.5999755859373,1871.5999755859373,12251.0
2023-09-28,1860.4000244140625,1878.199951171875,1856.699951171875,1875.5,4654.0
2023-09-29,1848.0999755859373,1872.300048828125,1846.0,1864.300048828125,1605.0
2023-09-30,1848.0999755859373,1872.300048828125,1846.0,1864.300048828125,1605.0
2023-10-01,1848.0999755859373,1872.300048828125,1846.0,1864.300048828125,1605.0
2023-10-02,1830.0,1845.9000244140625,1826.699951171875,1844.0999755859373,2309.0
2023-10-03,1824.5999755859373,1830.9000244140625,1816.800048828125,1825.0,310.0
2023-10-04,1818.5,1828.199951171875,1816.4000244140625,1821.800048828125,357.0
2023-10-05,1816.5999755859373,1826.300048828125,1815.5999755859373,1826.300048828125,393.0
2023-10-06,1830.199951171875,1831.800048828125,1809.4000244140625,1819.0,390.0
2023-10-07,1830.199951171875,1831.800048828125,1809.4000244140625,1819.0,390.0
2023-10-08,1830.199951171875,1831.800048828125,1809.4000244140625,1819.0,390.0
2023-10-09,1849.5,1861.5,1842.5,1842.5,232.0
2023-10-10,1861.0,1861.4000244140625,1852.800048828125,1857.0,236.0
2023-10-11,1872.800048828125,1874.5999755859373,1869.0999755859373,1869.5,65.0
2023-10-12,1869.300048828125,1881.199951171875,1867.0,1874.699951171875,46.0
2023-10-13,1927.4000244140625,1930.0999755859373,1877.5,1877.5,43.0
2023-10-14,1927.4000244140625,1930.0999755859373,1877.5,1877.5,43.0
2023-10-15,1927.4000244140625,1930.0999755859373,1877.5,1877.5,43.0
2023-10-16,1921.0999755859373,1921.0999755859373,1910.300048828125,1910.4000244140625,53.0
2023-10-17,1922.699951171875,1925.800048828125,1914.300048828125,1914.300048828125,103.0
2023-10-18,1955.300048828125,1957.9000244140625,1935.0,1935.0,67.0
2023-10-19,1968.4000244140625,1977.699951171875,1945.699951171875,1950.0999755859373,1945.0
2023-10-20,1982.5,1988.5999755859373,1980.4000244140625,1981.0999755859373,557.0
2023-10-21,1982.5,1988.5999755859373,1980.4000244140625,1981.0999755859373,557.0
2023-10-22,1982.5,1988.5999755859373,1980.4000244140625,1981.0999755859373,557.0
2023-10-23,1976.300048828125,1978.9000244140625,1972.9000244140625,1976.199951171875,127.0
2023-10-24,1975.0,1975.0,1970.300048828125,1970.300048828125,10.0
2023-10-25,1984.0999755859373,1985.300048828125,1971.199951171875,1971.199951171875,97.0
2023-10-26,1987.199951171875,1988.199951171875,1980.4000244140625,1988.199951171875,521.0
2023-10-27,1988.5999755859373,1988.5999755859373,1988.5999755859373,1988.5999755859373,372.0
2023-10-28,1988.5999755859373,1988.5999755859373,1988.5999755859373,1988.5999755859373,372.0
2023-10-29,1988.5999755859373,1988.5999755859373,1988.5999755859373,1988.5999755859373,372.0
2023-10-30,1996.199951171875,2004.0999755859373,1992.5,2004.0999755859373,157.0
2023-10-31,1985.199951171875,2001.0,1983.699951171875,1996.5,84.0
2023-11-01,1978.800048828125,1990.5,1977.800048828125,1990.5,41.0
2023-11-02,1985.5999755859373,1990.300048828125,1979.5,1989.0999755859373,39.0
2023-11-03,1991.5,1991.5,1989.0,1989.0,12.0
2023-11-04,1991.5,1991.5,1989.0,1989.0,12.0
2023-11-05,1991.5,1991.5,1989.0,1989.0,12.0
2023-11-06,1981.5999755859373,1981.5999755859373,1977.4000244140625,1981.5999755859373,130.0
2023-11-07,1966.800048828125,1966.800048828125,1960.699951171875,1966.5,20.0
2023-11-08,1951.5,1967.800048828125,1947.699951171875,1967.800048828125,43.0
2023-11-09,1964.199951171875,1964.199951171875,1945.300048828125,1951.699951171875,10.0
2023-11-10,1932.5999755859373,1959.5999755859373,1932.5999755859373,1959.5999755859373,375.0
2023-11-11,1932.5999755859373,1959.5999755859373,1932.5999755859373,1959.5999755859373,375.0
2023-11-12,1932.5999755859373,1959.5999755859373,1932.5999755859373,1959.5999755859373,375.0
2023-11-13,1945.5,1947.199951171875,1934.0,1939.9000244140625,191.0
2023-11-14,1961.800048828125,1965.800048828125,1961.800048828125,1965.800048828125,2.0
2023-11-15,1960.0999755859373,1962.800048828125,1960.0,1962.800048828125,6.0
2023-11-16,1983.9000244140625,1983.9000244140625,1964.5999755859373,1965.300048828125,39.0
2023-11-17,1981.5999755859373,1984.0,1979.800048828125,1982.5,32.0
2023-11-18,1981.5999755859373,1984.0,1979.800048828125,1982.5,32.0
2023-11-19,1981.5999755859373,1984.0,1979.800048828125,1982.5,32.0
2023-11-20,1977.699951171875,1979.4000244140625,1969.699951171875,1978.699951171875,182.0
2023-11-21,1999.300048828125,2005.5,1988.5,1990.699951171875,16.0
2023-11-22,1991.4000244140625,1999.4000244140625,1991.0,1999.0999755859373,6075.0
2023-11-23,1991.4000244140625,1999.4000244140625,1991.0,1999.0999755859373,6075.0
2023-11-24,2002.199951171875,2002.199951171875,1991.5,1991.9000244140625,63.0
2023-11-25,2002.199951171875,2002.199951171875,1991.5,1991.9000244140625,63.0
2023-11-26,2002.199951171875,2002.199951171875,1991.5,1991.9000244140625,63.0
2023-11-27,2011.800048828125,2011.800048828125,2011.699951171875,2011.699951171875,228.0
2023-11-28,2039.699951171875,2042.699951171875,2039.699951171875,2040.5999755859373,174665.0
2023-11-29,2047.0999755859373,2052.10009765625,2036.0,2041.699951171875,15290.0
2023-11-30,2038.0999755859373,2047.0999755859373,2033.0999755859373,2046.0999755859373,2506.0
2023-12-01,2071.0,2073.199951171875,2036.0,2038.300048828125,614.0
2023-12-02,2071.0,2073.199951171875,2036.0,2038.300048828125,614.0
2023-12-03,2071.0,2073.199951171875,2036.0,2038.300048828125,614.0
2023-12-04,2024.0999755859373,2130.199951171875,2021.0,2075.300048828125,1071.0
2023-12-05,2018.5,2037.0,2010.199951171875,2035.0999755859373,289.0
2023-12-06,2030.5,2035.800048828125,2019.0,2019.9000244140625,417.0
2023-12-07,2029.9000244140625,2034.9000244140625,2024.0,2029.199951171875,67.0
2023-12-08,1998.300048828125,2033.0999755859373,1995.0,2031.699951171875,449.0
2023-12-09,1998.300048828125,2033.0999755859373,1995.0,2031.699951171875,449.0
2023-12-10,1998.300048828125,2033.0999755859373,1995.0,2031.699951171875,449.0
2023-12-11,1978.0,2004.199951171875,1977.199951171875,2004.0999755859373,651.0
2023-12-12,1977.800048828125,1994.199951171875,1977.800048828125,1984.199951171875,95.0
2023-12-13,1982.300048828125,2024.800048828125,1975.0,1978.5,2252.0
2023-12-14,2030.199951171875,2040.0999755859373,2024.300048828125,2024.699951171875,236.0
2023-12-15,2021.0999755859373,2043.4000244140625,2018.300048828125,2032.5999755859373,261.0
2023-12-16,2021.0999755859373,2043.4000244140625,2018.300048828125,2032.5999755859373,261.0
2023-12-17,2021.0999755859373,2043.4000244140625,2018.300048828125,2032.5999755859373,261.0
2023-12-18,2026.300048828125,2032.800048828125,2024.0,2024.300048828125,100.0
2023-12-19,2038.4000244140625,2042.699951171875,2025.199951171875,2025.199951171875,498.0
2023-12-20,2034.5,2037.0999755859373,2030.300048828125,2037.0999755859373,258.0
2023-12-21,2039.0999755859373,2044.5,2033.0,2035.800048828125,228.0
2023-12-22,2057.10009765625,2068.699951171875,2052.199951171875,2055.699951171875,202.0
2023-12-23,2057.10009765625,2068.699951171875,2052.199951171875,2055.699951171875,202.0
2023-12-24,2057.10009765625,2068.699951171875,2052.199951171875,2055.699951171875,202.0
2023-12-25,2057.10009765625,2068.699951171875,2052.199951171875,2055.699951171875,202.0
2023-12-26,2058.199951171875,2060.800048828125,2054.199951171875,2060.0,64.0
2023-12-27,2081.89990234375,2081.89990234375,2064.800048828125,2067.300048828125,586.0
2023-12-28,2073.89990234375,2087.300048828125,2066.5,2081.60009765625,338.0
2023-12-29,2062.39990234375,2068.89990234375,2062.10009765625,2068.0,47.0
2023-12-30,2062.39990234375,2068.89990234375,2062.10009765625,2068.0,47.0
2023-12-31,2062.39990234375,2068.89990234375,2062.10009765625,2068.0,47.0
2024-01-01,2062.39990234375,2068.89990234375,2062.10009765625,2068.0,47.0
2024-01-02,2064.39990234375,2073.699951171875,2057.10009765625,2063.5,61.0
2024-01-03,2034.199951171875,2044.0,2034.199951171875,2034.199951171875,54.0
2024-01-04,2042.300048828125,2044.5,2038.0,2041.5999755859373,88.0
2024-01-05,2042.4000244140625,2048.10009765625,2042.4000244140625,2044.5,12.0
2024-01-06,2042.4000244140625,2048.10009765625,2042.4000244140625,2044.5,12.0
2024-01-07,2042.4000244140625,2048.10009765625,2042.4000244140625,2044.5,12.0
2024-01-08,2026.5999755859373,2033.699951171875,2019.0999755859373,2019.0999755859373,10.0
2024-01-09,2026.4000244140625,2035.800048828125,2026.4000244140625,2035.800048828125,27.0
2024-01-10,2021.699951171875,2035.5999755859373,2021.699951171875,2029.0,538.0
2024-01-11,2014.300048828125,2025.0999755859373,2014.300048828125,2025.0999755859373,97.0
2024-01-12,2046.699951171875,2057.0,2031.0999755859373,2031.0999755859373,390.0
2024-01-13,2046.699951171875,2057.0,2031.0999755859373,2031.0999755859373,390.0
2024-01-14,2046.699951171875,2057.0,2031.0999755859373,2031.0999755859373,390.0
2024-01-15,2046.699951171875,2057.0,2031.0999755859373,2031.0999755859373,390.0
2024-01-16,2026.0,2054.800048828125,2026.0,2051.699951171875,46.0
2024-01-17,2002.5999755859373,2026.5,2002.5999755859373,2026.5,764.0
2024-01-18,2018.5999755859373,2018.5999755859373,2009.5,2012.800048828125,1474.0
2024-01-19,2026.5,2036.0,2019.5,2023.199951171875,50.0
2024-01-20,2026.5,2036.0,2019.5,2023.199951171875,50.0
2024-01-21,2026.5,2036.0,2019.5,2023.199951171875,50.0
2024-01-22,2019.800048828125,2021.300048828125,2019.800048828125,2021.300048828125,12.0
2024-01-23,2023.699951171875,2030.300048828125,2022.5,2030.300048828125,15.0
2024-01-24,2013.9000244140625,2033.199951171875,2013.9000244140625,2023.199951171875,253.0
2024-01-25,2016.9000244140625,2022.4000244140625,2012.0999755859373,2012.0999755859373,548.0
2024-01-26,2016.800048828125,2022.4000244140625,2016.800048828125,2021.699951171875,49.0
2024-01-27,2016.800048828125,2022.4000244140625,2016.800048828125,2021.699951171875,49.0
2024-01-28,2016.800048828125,2022.4000244140625,2016.800048828125,2021.699951171875,49.0
2024-01-29,2025.199951171875,2025.199951171875,2025.199951171875,2025.199951171875,150708.0
2024-01-30,2031.5,2048.5,2028.0999755859373,2032.5,26907.0
2024-01-31,2048.39990234375,2055.0,2030.0,2035.4000244140625,2007.0
2024-02-01,2053.0,2064.5,2029.0,2040.199951171875,947.0
2024-02-02,2036.0999755859373,2055.89990234375,2027.699951171875,2054.800048828125,888.0
2024-02-03,2036.0999755859373,2055.89990234375,2027.699951171875,2054.800048828125,888.0
2024-02-04,2036.0999755859373,2055.89990234375,2027.699951171875,2054.800048828125,888.0
2024-02-05,2025.699951171875,2040.800048828125,2013.800048828125,2038.9000244140625,412.0
2024-02-06,2034.5,2037.300048828125,2025.9000244140625,2025.9000244140625,249.0
2024-02-07,2035.199951171875,2039.5,2032.699951171875,2032.800048828125,71.0
2024-02-08,2032.199951171875,2036.699951171875,2020.300048828125,2028.0,341.0
2024-02-09,2023.300048828125,2032.0,2020.0,2032.0,62.0
2024-02-10,2023.300048828125,2032.0,2020.0,2032.0,62.0
2024-02-11,2023.300048828125,2032.0,2020.0,2032.0,62.0
2024-02-12,2018.199951171875,2025.5,2011.5999755859373,2025.5,317.0
2024-02-13,1992.9000244140625,2025.800048828125,1990.0,2025.0999755859373,198.0
2024-02-14,1990.300048828125,1993.5,1984.800048828125,1990.300048828125,1916.0
2024-02-15,2002.0999755859373,2007.199951171875,1993.5999755859373,1993.5999755859373,286.0
2024-02-16,2011.5,2011.5,1996.5,2005.0,32.0
2024-02-17,2011.5,2011.5,1996.5,2005.0,32.0
2024-02-18,2011.5,2011.5,1996.5,2005.0,32.0
2024-02-19,2011.5,2011.5,1996.5,2005.0,32.0
2024-02-20,2027.5,2029.0,2015.5999755859373,2015.5999755859373,1326.0
2024-02-21,2022.300048828125,2028.199951171875,2022.300048828125,2028.199951171875,15.0
2024-02-22,2019.699951171875,2033.199951171875,2019.699951171875,2033.199951171875,964.0
2024-02-23,2038.5999755859373,2038.5999755859373,2014.9000244140625,2026.0,22.0
2024-02-24,2038.5999755859373,2038.5999755859373,2014.9000244140625,2026.0,22.0
2024-02-25,2038.5999755859373,2038.5999755859373,2014.9000244140625,2026.0,22.0
2024-02-26,2028.5,2035.4000244140625,2024.800048828125,2034.0999755859373,143.0
2024-02-27,2034.0,2035.9000244140625,2034.0,2035.9000244140625,964.0
2024-02-28,2033.0,2037.0,2024.800048828125,2029.5,581.0
2024-02-29,2045.699951171875,2049.800048828125,2034.300048828125,2034.300048828125,706.0
2024-03-01,2086.89990234375,2086.89990234375,2041.800048828125,2043.0999755859373,1210.0
2024-03-02,2086.89990234375,2086.89990234375,2041.800048828125,2043.0999755859373,1210.0
2024-03-03,2086.89990234375,2086.89990234375,2041.800048828125,2043.0999755859373,1210.0
2024-03-04,2117.699951171875,2119.800048828125,2080.699951171875,2083.60009765625,805.0
2024-03-05,2133.5,2133.5,2111.39990234375,2114.89990234375,1287.0
2024-03-06,2150.300048828125,2150.300048828125,2125.5,2125.5,443.0
2024-03-07,2158.0,2163.0,2147.0,2147.0,152.0
2024-03-08,2178.60009765625,2194.89990234375,2166.300048828125,2167.300048828125,259.0
2024-03-09,2178.60009765625,2194.89990234375,2166.300048828125,2167.300048828125,259.0
2024-03-10,2178.60009765625,2194.89990234375,2166.300048828125,2167.300048828125,259.0
2024-03-11,2182.5,2184.0,2177.199951171875,2181.0,738.0
2024-03-12,2160.39990234375,2182.699951171875,2160.39990234375,2182.5,550.0
2024-03-13,2175.39990234375,2175.39990234375,2162.5,2162.5,20.0
2024-03-14,2163.0,2163.0,2162.300048828125,2163.0,515.0
2024-03-15,2157.300048828125,2161.699951171875,2157.300048828125,2161.699951171875,100.0
2024-03-16,2157.300048828125,2161.699951171875,2157.300048828125,2161.699951171875,100.0
2024-03-17,2157.300048828125,2161.699951171875,2157.300048828125,2161.699951171875,100.0
2024-03-18,2160.699951171875,2160.699951171875,2146.199951171875,2146.199951171875,21.0
2024-03-19,2156.300048828125,2156.300048828125,2156.10009765625,2156.10009765625,12.0
2024-03-20,2157.89990234375,2185.89990234375,2150.89990234375,2157.300048828125,17.0
2024-03-21,2182.39990234375,2211.60009765625,2182.39990234375,2207.0,63.0
2024-03-22,2158.10009765625,2179.60009765625,2157.5,2179.199951171875,19.0
2024-03-23,2158.10009765625,2179.60009765625,2157.5,2179.199951171875,19.0
2024-03-24,2158.10009765625,2179.60009765625,2157.5,2179.199951171875,19.0
2024-03-25,2174.800048828125,2179.39990234375,2166.199951171875,2166.199951171875,79.0
2024-03-26,2175.60009765625,2182.699951171875,2175.60009765625,2182.699951171875,202373.0
2024-03-27,2190.60009765625,2196.199951171875,2172.10009765625,2179.39990234375,31200.0
2024-03-28,2217.39990234375,2234.10009765625,2187.10009765625,2193.60009765625,2040.0
2024-03-29,2217.39990234375,2234.10009765625,2187.10009765625,2193.60009765625,2040.0
2024-03-30,2217.39990234375,2234.10009765625,2187.10009765625,2193.60009765625,2040.0
2024-03-31,2217.39990234375,2234.10009765625,2187.10009765625,2193.60009765625,2040.0
2024-04-01,2236.5,2264.199951171875,2230.0,2235.699951171875,400.0
2024-04-02,2261.0,2279.199951171875,2247.60009765625,2252.0,435.0
2024-04-03,2294.39990234375,2298.800048828125,2267.89990234375,2281.699951171875,285.0
2024-04-04,2288.800048828125,2302.89990234375,2280.0,2301.699951171875,251.0
2024-04-05,2325.699951171875,2328.39990234375,2267.39990234375,2289.199951171875,344.0
2024-04-06,2325.699951171875,2328.39990234375,2267.39990234375,2289.199951171875,344.0
2024-04-07,2325.699951171875,2328.39990234375,2267.39990234375,2289.199951171875,344.0
2024-04-08,2331.699951171875,2341.800048828125,2319.0,2325.60009765625,202.0
2024-04-09,2343.5,2364.699951171875,2337.800048828125,2337.800048828125,211.0
2024-04-10,2329.60009765625,2358.10009765625,2327.699951171875,2346.60009765625,377.0
2024-04-11,2354.800048828125,2376.300048828125,2330.60009765625,2341.5,283.0
2024-04-12,2356.199951171875,2429.0,2334.300048828125,2377.300048828125,584.0
2024-04-13,2356.199951171875,2429.0,2334.300048828125,2377.300048828125,584.0
2024-04-14,2356.199951171875,2429.0,2334.300048828125,2377.300048828125,584.0
2024-04-15,2365.800048828125,2384.699951171875,2326.0,2362.10009765625,1801.0
2024-04-16,2390.800048828125,2390.800048828125,2371.39990234375,2384.0,41.0
2024-04-17,2371.699951171875,2391.39990234375,2369.300048828125,2384.199951171875,37.0
2024-04-18,2382.300048828125,2384.39990234375,2368.39990234375,2368.39990234375,128.0
2024-04-19,2398.39990234375,2399.800048828125,2377.300048828125,2379.300048828125,160.0
2024-04-20,2398.39990234375,2399.800048828125,2377.300048828125,2379.300048828125,160.0
2024-04-21,2398.39990234375,2399.800048828125,2377.300048828125,2379.300048828125,160.0
2024-04-22,2332.199951171875,2383.300048828125,2326.89990234375,2383.300048828125,53.0
2024-04-23,2327.699951171875,2330.800048828125,2294.199951171875,2327.699951171875,171.0
2024-04-24,2324.5,2328.699951171875,2314.60009765625,2321.300048828125,95.0
2024-04-25,2329.800048828125,2329.800048828125,2305.0,2315.0,1024.0
2024-04-26,2334.800048828125,2347.89990234375,2332.800048828125,2347.89990234375,717.0
2024-04-27,2334.800048828125,2347.89990234375,2332.800048828125,2347.89990234375,717.0
2024-04-28,2334.800048828125,2347.89990234375,2332.800048828125,2347.89990234375,717.0
2024-04-29,2345.39990234375,2345.5,2327.89990234375,2334.800048828125,405.0
2024-04-30,2291.39990234375,2322.5,2291.39990234375,2322.5,113.0
2024-05-01,2299.89990234375,2327.300048828125,2283.800048828125,2287.699951171875,42.0
2024-05-02,2299.199951171875,2324.699951171875,2292.300048828125,2321.699951171875,56.0
2024-05-03,2299.0,2301.0,2277.60009765625,2300.0,194.0
2024-05-04,2299.0,2301.0,2277.60009765625,2300.0,194.0
2024-05-05,2299.0,2301.0,2277.60009765625,2300.0,194.0
2024-05-06,2321.60009765625,2325.5,2314.199951171875,2322.800048828125,9.0
2024-05-07,2315.199951171875,2324.300048828125,2315.199951171875,2324.300048828125,25.0
2024-05-08,2313.60009765625,2313.60009765625,2313.60009765625,2313.60009765625,4.0
2024-05-09,2332.10009765625,2339.5,2310.699951171875,2310.699951171875,5.0
2024-05-10,2367.300048828125,2367.300048828125,2367.300048828125,2367.300048828125,126.0
2024-05-11,2367.300048828125,2367.300048828125,2367.300048828125,2367.300048828125,126.0
2024-05-12,2367.300048828125,2367.300048828125,2367.300048828125,2367.300048828125,126.0
2024-05-13,2336.10009765625,2358.300048828125,2336.10009765625,2358.300048828125,14.0
2024-05-14,2353.39990234375,2358.0,2336.0,2336.0,6.0
2024-05-15,2388.699951171875,2388.699951171875,2356.0,2361.60009765625,29.0
2024-05-16,2380.0,2392.199951171875,2380.0,2389.5,7.0
2024-05-17,2412.199951171875,2415.800048828125,2380.699951171875,2380.699951171875,213.0
2024-05-18,2412.199951171875,2415.800048828125,2380.699951171875,2380.699951171875,213.0
2024-05-19,2412.199951171875,2415.800048828125,2380.699951171875,2380.699951171875,213.0
2024-05-20,2433.89990234375,2435.800048828125,2409.699951171875,2415.800048828125,40.0
2024-05-21,2421.699951171875,2429.5,2421.0,2429.5,6.0
2024-05-22,2389.199951171875,2417.60009765625,2375.800048828125,2417.5,180.0
2024-05-23,2335.0,2371.199951171875,2335.0,2371.199951171875,365.0
2024-05-24,2332.5,2345.39990234375,2332.5,2342.60009765625,25.0
2024-05-25,2332.5,2345.39990234375,2332.5,2342.60009765625,25.0
2024-05-26,2332.5,2345.39990234375,2332.5,2342.60009765625,25.0
2024-05-27,2332.5,2345.39990234375,2332.5,2342.60009765625,25.0
2024-05-28,2355.199951171875,2359.699951171875,2336.89990234375,2336.89990234375,26.0
2024-05-29,2340.300048828125,2340.300048828125,2340.300048828125,2340.300048828125,119317.0
2024-05-30,2342.89990234375,2349.5,2320.800048828125,2336.89990234375,32587.0
2024-05-31,2322.89990234375,2354.0,2319.0,2344.10009765625,941.0
2024-06-01,2322.89990234375,2354.0,2319.0,2344.10009765625,941.0
2024-06-02,2322.89990234375,2354.0,2319.0,2344.10009765625,941.0
2024-06-03,2346.60009765625,2347.5,2312.0,2322.60009765625,781.0
2024-06-04,2325.5,2347.699951171875,2313.89990234375,2347.5,890.0
2024-06-05,2354.10009765625,2354.300048828125,2326.199951171875,2326.39990234375,295.0
2024-06-06,2370.300048828125,2375.800048828125,2355.0,2355.0,179.0
2024-06-07,2305.199951171875,2385.10009765625,2285.39990234375,2379.89990234375,269.0
2024-06-08,2305.199951171875,2385.10009765625,2285.39990234375,2379.89990234375,269.0
2024-06-09,2305.199951171875,2385.10009765625,2285.39990234375,2379.89990234375,269.0
2024-06-10,2307.699951171875,2309.300048828125,2290.5,2290.60009765625,69.0
2024-06-11,2307.5,2314.10009765625,2300.0,2300.0,871.0
2024-06-12,2336.0,2338.699951171875,2310.300048828125,2314.89990234375,132.0
2024-06-13,2300.199951171875,2317.699951171875,2296.199951171875,2309.39990234375,298.0
2024-06-14,2331.39990234375,2331.39990234375,2305.800048828125,2307.0,948.0
2024-06-15,2331.39990234375,2331.39990234375,2305.800048828125,2307.0,948.0
2024-06-16,2331.39990234375,2331.39990234375,2305.800048828125,2307.0,948.0
2024-06-17,2312.39990234375,2320.199951171875,2309.60009765625,2320.199951171875,110.0
2024-06-18,2330.39990234375,2330.39990234375,2311.800048828125,2311.800048828125,43.0
2024-06-19,2330.39990234375,2330.39990234375,2311.800048828125,2311.800048828125,43.0
2024-06-20,2353.800048828125,2354.0,2328.300048828125,2328.89990234375,183.0
2024-06-21,2316.39990234375,2331.199951171875,2316.39990234375,2331.199951171875,76.0
2024-06-22,2316.39990234375,2331.199951171875,2316.39990234375,2331.199951171875,76.0
2024-06-23,2316.39990234375,2331.199951171875,2316.39990234375,2331.199951171875,76.0
2024-06-24,2330.0,2332.89990234375,2322.699951171875,2323.300048828125,99.0
2024-06-25,2316.60009765625,2333.0,2316.60009765625,2324.39990234375,105.0
2024-06-26,2299.199951171875,2314.39990234375,2298.0,2307.89990234375,986.0
2024-06-27,2324.5,2329.0,2295.0,2296.800048828125,1532.0
2024-06-28,2327.699951171875,2338.300048828125,2319.0,2325.39990234375,92.0
2024-06-29,2327.699951171875,2338.300048828125,2319.0,2325.39990234375,92.0
2024-06-30,2327.699951171875,2338.300048828125,2319.0,2325.39990234375,92.0
2024-07-01,2327.60009765625,2329.699951171875,2321.699951171875,2323.800048828125,237.0
2024-07-02,2323.0,2334.60009765625,2323.0,2330.699951171875,30.0
2024-07-03,2359.800048828125,2361.60009765625,2330.89990234375,2330.89990234375,59.0
2024-07-04,2359.800048828125,2361.60009765625,2330.89990234375,2330.89990234375,59.0
2024-07-05,2388.5,2388.5,2354.89990234375,2354.89990234375,72.0
2024-07-06,2388.5,2388.5,2354.89990234375,2354.89990234375,72.0
2024-07-07,2388.5,2388.5,2354.89990234375,2354.89990234375,72.0
2024-07-08,2355.199951171875,2383.800048828125,2352.800048828125,2381.699951171875,64.0
2024-07-09,2360.10009765625,2363.699951171875,2360.10009765625,2363.10009765625,9.0
2024-07-10,2372.199951171875,2377.0,2365.800048828125,2366.300048828125,19.0
2024-07-11,2415.0,2416.699951171875,2378.699951171875,2378.699951171875,72.0
2024-07-12,2414.0,2414.0,2391.300048828125,2399.800048828125,355.0
2024-07-13,2414.0,2414.0,2391.300048828125,2399.800048828125,355.0
2024-07-14,2414.0,2414.0,2391.300048828125,2399.800048828125,355.0
2024-07-15,2422.89990234375,2436.0,2422.89990234375,2430.0,540.0
2024-07-16,2462.39990234375,2462.39990234375,2427.39990234375,2427.39990234375,93.0
2024-07-17,2454.800048828125,2473.10009765625,2454.800048828125,2472.89990234375,10.0
2024-07-18,2451.800048828125,2466.0,2451.800048828125,2466.0,2.0
2024-07-19,2395.5,2419.199951171875,2395.5,2418.800048828125,15.0
2024-07-20,2395.5,2419.199951171875,2395.5,2418.800048828125,15.0
2024-07-21,2395.5,2419.199951171875,2395.5,2418.800048828125,15.0
2024-07-22,2392.0,2402.10009765625,2392.0,2402.10009765625,18.0
2024-07-23,2404.60009765625,2404.60009765625,2388.699951171875,2395.800048828125,41.0
2024-07-24,2413.300048828125,2421.0,2411.60009765625,2421.0,6.0
2024-07-25,2351.89990234375,2365.5,2351.89990234375,2365.5,31.0
2024-07-26,2380.0,2386.89990234375,2368.699951171875,2368.699951171875,95.0
2024-07-27,2380.0,2386.89990234375,2368.699951171875,2368.699951171875,95.0
2024-07-28,2380.0,2386.89990234375,2368.699951171875,2368.699951171875,95.0
2024-07-29,2377.300048828125,2377.300048828125,2377.300048828125,2377.300048828125,126409.0
2024-07-30,2405.0,2409.300048828125,2373.800048828125,2380.89990234375,25944.0
2024-07-31,2426.5,2447.60009765625,2402.800048828125,2407.10009765625,1313.0
2024-08-01,2435.0,2455.10009765625,2430.39990234375,2446.699951171875,690.0
2024-08-02,2425.699951171875,2477.0,2416.0,2444.0,550.0
2024-08-03,2425.699951171875,2477.0,2416.0,2444.0,550.0
2024-08-04,2425.699951171875,2477.0,2416.0,2444.0,550.0
2024-08-05,2401.699951171875,2449.800048828125,2367.39990234375,2442.0,334.0
2024-08-06,2389.10009765625,2421.800048828125,2380.0,2414.5,163.0
2024-08-07,2390.5,2401.0,2384.5,2392.199951171875,130.0
2024-08-08,2422.199951171875,2422.800048828125,2384.300048828125,2384.300048828125,201.0
2024-08-09,2432.10009765625,2432.10009765625,2418.5,2422.300048828125,611.0
2024-08-10,2432.10009765625,2432.10009765625,2418.5,2422.300048828125,611.0
2024-08-11,2432.10009765625,2432.10009765625,2418.5,2422.300048828125,611.0
2024-08-12,2462.39990234375,2469.800048828125,2432.0,2432.699951171875,566.0
2024-08-13,2466.699951171875,2470.0,2456.5,2461.0,510.0
2024-08-14,2439.39990234375,2472.10009765625,2439.39990234375,2468.0,274.0
2024-08-15,2453.10009765625,2467.699951171875,2431.199951171875,2451.800048828125,285.0
2024-08-16,2498.60009765625,2508.0,2451.39990234375,2453.5,197.0
2024-08-17,2498.60009765625,2508.0,2451.39990234375,2453.5,197.0
2024-08-18,2498.60009765625,2508.0,2451.39990234375,2453.5,197.0
2024-08-19,2501.800048828125,2508.5,2487.199951171875,2508.5,88.0
2024-08-20,2511.300048828125,2527.300048828125,2500.699951171875,2503.5,187.0
2024-08-21,2508.39990234375,2515.39990234375,2503.89990234375,2511.0,96.0
2024-08-22,2478.89990234375,2504.10009765625,2471.10009765625,2504.10009765625,210.0
2024-08-23,2508.39990234375,2508.39990234375,2486.5,2486.5,94.0
2024-08-24,2508.39990234375,2508.39990234375,2486.5,2486.5,94.0
2024-08-25,2508.39990234375,2508.39990234375,2486.5,2486.5,94.0
2024-08-26,2517.699951171875,2523.10009765625,2509.10009765625,2509.89990234375,290.0
2024-08-27,2516.0,2523.10009765625,2506.89990234375,2515.199951171875,100.0
2024-08-28,2501.0,2501.0,2501.0,2501.0,2353.0
2024-08-29,2525.699951171875,2525.699951171875,2503.89990234375,2504.10009765625,3966.0
2024-08-30,2493.800048828125,2525.39990234375,2493.800048828125,2519.5,208.0
2024-08-31,2493.800048828125,2525.39990234375,2493.800048828125,2519.5,208.0
2024-09-01,2493.800048828125,2525.39990234375,2493.800048828125,2519.5,208.0
2024-09-02,2493.800048828125,2525.39990234375,2493.800048828125,2519.5,208.0
2024-09-03,2489.89990234375,2501.800048828125,2476.300048828125,2501.60009765625,206.0
2024-09-04,2493.39990234375,2493.39990234375,2483.5,2490.89990234375,470.0
2024-09-05,2511.39990234375,2513.300048828125,2493.39990234375,2493.699951171875,54.0
2024-09-06,2493.5,2517.89990234375,2483.699951171875,2510.300048828125,96.0
2024-09-07,2493.5,2517.89990234375,2483.699951171875,2510.300048828125,96.0
2024-09-08,2493.5,2517.89990234375,2483.699951171875,2510.300048828125,96.0
2024-09-09,2501.800048828125,2504.699951171875,2491.300048828125,2491.300048828125,96.0
2024-09-10,2512.300048828125,2512.300048828125,2512.300048828125,2512.300048828125,5.0
2024-09-11,2512.10009765625,2525.800048828125,2502.300048828125,2525.800048828125,90.0
2024-09-12,2551.199951171875,2557.0,2523.39990234375,2529.10009765625,132.0
2024-09-13,2581.300048828125,2581.800048828125,2565.0,2568.800048828125,31.0
2024-09-14,2581.300048828125,2581.800048828125,2565.0,2568.800048828125,31.0
2024-09-15,2581.300048828125,2581.800048828125,2565.0,2568.800048828125,31.0
2024-09-16,2580.39990234375,2580.39990234375,2580.39990234375,2580.39990234375,28.0
2024-09-17,2564.300048828125,2581.800048828125,2564.300048828125,2581.199951171875,22.0
2024-09-18,2570.699951171875,2570.699951171875,2549.199951171875,2570.699951171875,25.0
2024-09-19,2588.0,2588.0,2566.0,2566.0,99.0
2024-09-20,2619.89990234375,2621.800048828125,2590.39990234375,2590.39990234375,17.0
2024-09-21,2619.89990234375,2621.800048828125,2590.39990234375,2590.39990234375,17.0
2024-09-22,2619.89990234375,2621.800048828125,2590.39990234375,2590.39990234375,17.0
2024-09-23,2626.5,2626.5,2626.5,2626.5,9.0
2024-09-24,2651.199951171875,2662.300048828125,2625.5,2636.800048828125,35.0
2024-09-25,2659.199951171875,2664.199951171875,2649.300048828125,2656.300048828125,175.0
2024-09-26,2669.89990234375,2669.89990234375,2660.800048828125,2662.300048828125,17216.0
2024-09-27,2644.300048828125,2672.10009765625,2641.699951171875,2670.0,4228.0
2024-09-28,2644.300048828125,2672.10009765625,2641.699951171875,2670.0,4228.0
2024-09-29,2644.300048828125,2672.10009765625,2641.699951171875,2670.0,4228.0
2024-09-30,2636.10009765625,2662.10009765625,2623.199951171875,2660.89990234375,973.0
2024-10-01,2667.300048828125,2670.89990234375,2631.39990234375,2631.39990234375,153.0
2024-10-02,2647.10009765625,2657.199951171875,2640.0,2650.60009765625,72.0
2024-10-03,2657.10009765625,2657.10009765625,2640.0,2642.800048828125,354.0
2024-10-04,2645.800048828125,2667.0,2639.0,2656.0,114.0
2024-10-05,2645.800048828125,2667.0,2639.0,2656.0,114.0
2024-10-06,2645.800048828125,2667.0,2639.0,2656.0,114.0
2024-10-07,2644.800048828125,2657.39990234375,2639.0,2648.699951171875,284.0
2024-10-08,2615.0,2639.0,2609.300048828125,2639.0,687.0
2024-10-09,2606.0,2607.699951171875,2603.0,2603.0,152.0
2024-10-10,2620.60009765625,2628.300048828125,2602.5,2602.5,320.0
2024-10-11,2657.60009765625,2658.10009765625,2638.199951171875,2638.300048828125,12.0
2024-10-12,2657.60009765625,2658.10009765625,2638.199951171875,2638.300048828125,12.0
2024-10-13,2657.60009765625,2658.10009765625,2638.199951171875,2638.300048828125,12.0
2024-10-14,2647.800048828125,2655.300048828125,2647.800048828125,2655.0,40.0
2024-10-15,2661.39990234375,2661.39990234375,2661.39990234375,2661.39990234375,39.0
2024-10-16,2674.0,2674.0,2674.0,2674.0,6.0
2024-10-17,2691.0,2691.699951171875,2677.199951171875,2677.39990234375,30.0
2024-10-18,2713.699951171875,2719.60009765625,2713.699951171875,2713.699951171875,29.0
2024-10-19,2713.699951171875,2719.60009765625,2713.699951171875,2713.699951171875,29.0
2024-10-20,2713.699951171875,2719.60009765625,2713.699951171875,2713.699951171875,29.0
2024-10-21,2723.10009765625,2738.39990234375,2719.5,2721.89990234375,52.0
2024-10-22,2744.199951171875,2746.0,2728.60009765625,2731.699951171875,93.0
2024-10-23,2714.39990234375,2742.5,2714.199951171875,2742.5,18.0
2024-10-24,2734.89990234375,2736.10009765625,2729.0,2729.0,27.0
2024-10-25,2740.89990234375,2742.39990234375,2725.5,2725.5,29.0
2024-10-26,2740.89990234375,2742.39990234375,2725.5,2725.5,29.0
2024-10-27,2740.89990234375,2742.39990234375,2725.5,2725.5,29.0
2024-10-28,2742.89990234375,2742.89990234375,2729.5,2736.10009765625,56.0
2024-10-29,2768.39990234375,2768.39990234375,2768.39990234375,2768.39990234375,848.0
2024-10-30,2788.5,2789.0,2774.60009765625,2774.60009765625,231.0
2024-10-31,2738.300048828125,2787.5,2733.5,2787.39990234375,849.0
2024-11-01,2738.60009765625,2756.0,2734.199951171875,2745.5,109.0
2024-11-02,2738.60009765625,2756.0,2734.199951171875,2745.5,109.0
2024-11-03,2738.60009765625,2756.0,2734.199951171875,2745.5,109.0
2024-11-04,2736.10009765625,2737.10009765625,2736.10009765625,2736.5,16.0
2024-11-05,2740.300048828125,2743.89990234375,2740.300048828125,2743.0,23.0
2024-11-06,2667.60009765625,2734.5,2659.39990234375,2734.5,427.0
2024-11-07,2698.39990234375,2699.10009765625,2662.5,2662.5,676.0
2024-11-08,2687.5,2694.60009765625,2682.89990234375,2688.5,1038.0
2024-11-09,2687.5,2694.60009765625,2682.89990234375,2688.5,1038.0
2024-11-10,2687.5,2694.60009765625,2682.89990234375,2688.5,1038.0
2024-11-11,2611.199951171875,2671.699951171875,2611.199951171875,2671.699951171875,20.0
2024-11-12,2600.0,2605.5,2592.800048828125,2605.5,118.0
2024-11-13,2580.800048828125,2611.800048828125,2580.800048828125,2611.10009765625,53.0
2024-11-14,2568.199951171875,2576.199951171875,2554.199951171875,2555.10009765625,27.0
2024-11-15,2565.699951171875,2565.699951171875,2565.699951171875,2565.699951171875,20.0
2024-11-16,2565.699951171875,2565.699951171875,2565.699951171875,2565.699951171875,20.0
2024-11-17,2565.699951171875,2565.699951171875,2565.699951171875,2565.699951171875,20.0
2024-11-18,2610.60009765625,2610.699951171875,2589.39990234375,2591.699951171875,136.0
2024-11-19,2627.10009765625,2627.699951171875,2619.300048828125,2621.89990234375,87.0
2024-11-20,2648.199951171875,2648.199951171875,2638.5,2638.5,27.0
2024-11-21,2672.10009765625,2672.10009765625,2655.699951171875,2659.300048828125,33.0
2024-11-22,2709.89990234375,2710.5,2685.60009765625,2687.5,41.0
2024-11-23,2709.89990234375,2710.5,2685.60009765625,2687.5,41.0
2024-11-24,2709.89990234375,2710.5,2685.60009765625,2687.5,41.0
2024-11-25,2616.800048828125,2689.39990234375,2616.800048828125,2689.39990234375,94.0
2024-11-26,2620.300048828125,2625.60009765625,2620.300048828125,2625.60009765625,177858.0
2024-11-27,2639.89990234375,2657.89990234375,2627.199951171875,2633.5,61653.0
2024-11-28,2639.89990234375,2657.89990234375,2627.199951171875,2633.5,61653.0
2024-11-29,2657.0,2664.300048828125,2620.699951171875,2636.39990234375,3861.0
2024-11-30,2657.0,2664.300048828125,2620.699951171875,2636.39990234375,3861.0
2024-12-01,2657.0,2664.300048828125,2620.699951171875,2636.39990234375,3861.0
2024-12-02,2634.89990234375,2649.800048828125,2621.699951171875,2649.0,695.0
2024-12-03,2644.699951171875,2654.699951171875,2636.0,2639.0,1062.0
2024-12-04,2653.800048828125,2658.300048828125,2637.0,2639.199951171875,249.0
2024-12-05,2626.60009765625,2655.0,2625.699951171875,2652.39990234375,573.0
2024-12-06,2638.60009765625,2643.10009765625,2617.5,2620.199951171875,571.0
2024-12-07,2638.60009765625,2643.10009765625,2617.5,2620.199951171875,571.0
2024-12-08,2638.60009765625,2643.10009765625,2617.5,2620.199951171875,571.0
2024-12-09,2664.89990234375,2677.10009765625,2630.800048828125,2632.10009765625,935.0
2024-12-10,2697.60009765625,2698.199951171875,2661.0,2662.300048828125,437.0
2024-12-11,2733.800048828125,2733.800048828125,2693.10009765625,2701.800048828125,3387.0
2024-12-12,2687.5,2725.10009765625,2677.39990234375,2725.10009765625,2365.0
2024-12-13,2656.0,2689.300048828125,2647.89990234375,2688.199951171875,1125.0
2024-12-14,2656.0,2689.300048828125,2647.89990234375,2688.199951171875,1125.0
2024-12-15,2656.0,2689.300048828125,2647.89990234375,2688.199951171875,1125.0
2024-12-16,2651.39990234375,2663.300048828125,2651.0,2658.300048828125,877.0
2024-12-17,2644.39990234375,2652.300048828125,2632.5,2651.800048828125,705.0
2024-12-18,2636.5,2647.10009765625,2590.199951171875,2644.300048828125,566.0
2024-12-19,2592.199951171875,2610.300048828125,2582.10009765625,2582.10009765625,238.0
2024-12-20,2628.699951171875,2631.60009765625,2604.89990234375,2605.300048828125,592.0
2024-12-21,2628.699951171875,2631.60009765625,2604.89990234375,2605.300048828125,592.0
2024-12-22,2628.699951171875,2631.60009765625,2604.89990234375,2605.300048828125,592.0
2024-12-23,2612.300048828125,2627.699951171875,2611.10009765625,2620.0,451.0
2024-12-24,2620.0,2620.0,2609.5,2613.0,35.0
2024-12-25,2620.0,2620.0,2609.5,2613.0,35.0
2024-12-26,2638.800048828125,2638.800048828125,2627.89990234375,2628.5,84.0
2024-12-27,2617.199951171875,2617.699951171875,2616.39990234375,2617.699951171875,642.0
2024-12-28,2617.199951171875,2617.699951171875,2616.39990234375,2617.699951171875,642.0
2024-12-29,2617.199951171875,2617.699951171875,2616.39990234375,2617.699951171875,642.0
2024-12-30,2606.10009765625,2626.89990234375,2597.0,2620.699951171875,794.0
2024-12-31,2629.199951171875,2629.199951171875,2604.89990234375,2608.39990234375,401.0
2025-01-01,2629.199951171875,2629.199951171875,2604.89990234375,2608.39990234375,401.0
