time,xauusd-open,xauusd-high,xauusd-low,xauusd-close,vix-close,DFII10,dxy-close,eurusd-close,DFF,futures-close,etfs,usd-jpy close,cpi,GPR,nfp,pce,un-rate,direction
01-08-13,1646.9935,1662.719,1646.849,1659.2565,13.62,-0.6,80.345,1.30811,0.15,1662.2,14.08,87.051,231.679,90.66,135257,95.275,8,1
01-09-13,1659.2565,1666.0625,1651.538,1657.81,13.81,-0.64,80.557,1.306425,0.14,1655.5,14.16,87.878,231.679,90.66,135257,95.275,8,0
01-10-13,1657.81,1678.9675,1653.9715,1675.454,13.49,-0.62,79.738,1.32719,0.14,1678.5,13.27,88.7795,231.679,90.66,135257,95.275,8,1
01-11-13,1675.454,1676.974,1653.4955,1662.8785,13.36,-0.63,79.563,1.33427,0.14,1660.6,13.79,89.183,231.679,90.66,135257,95.275,8,0
01-14-13,1662.8785,1675.016,1660.213,1667.793,13.52,-0.66,79.488,1.3382,0.14,1669.4,13.78,89.477,231.679,90.66,135257,95.275,8,1
01-15-13,1667.793,1685.221,1666.642,1679.455,13.55,-0.66,79.779,1.33052,0.15,1683.9,13.76,88.794,231.679,90.66,135257,95.275,8,1
01-16-13,1679.455,1684.9055,1673.7115,1680.455,13.42,-0.65,79.804,1.328925,0.14,1683.2,14.49,88.3815,231.679,90.66,135257,95.275,8,1
01-17-13,1680,1697.37,1666.861,1687.709,13.57,-0.64,79.649,1.337595,0.14,1690.8,14.9,89.879,231.679,90.66,135257,95.275,8,1
01-18-13,1687.709,1695.397,1683.818,1684.394,12.46,-0.66,80.036,1.332015,0.14,1687.8,13.8,90.082,231.679,90.66,135257,95.275,8,0
01-21-13,1684.394,1691.402,1684.394,1689.915,12.46,-0.66,80.036,1.33133,0.14,1687.8,13.8,89.605,231.679,90.66,135257,95.275,8,1
01-22-13,1689.915,1696.1745,1686.8295,1692.7385,12.43,-0.68,79.874,1.332235,0.14,1693.2,12.71,88.7075,231.679,90.66,135257,95.275,8,1
01-23-13,1692.7385,1695.151,1683.8415,1685.852,12.46,-0.66,79.92,1.33182,0.13,1686.7,12.46,88.614,231.679,90.66,135257,95.275,8,0
01-24-13,1685.852,1686.3125,1665.125,1668.04,12.69,-0.62,79.949,1.33772,0.15,1669.9,13.03,90.3265,231.679,90.66,135257,95.275,8,0
01-25-13,1668.04,1672.3705,1656.046,1658.7695,12.89,-0.56,79.748,1.346345,0.14,1656.6,14.08,90.878,231.679,90.66,135257,95.275,8,0
01-28-13,1658.7695,1662.527,1652.116,1655.6745,13.57,-0.55,79.767,1.34554,0.14,1652.9,14.39,90.855,231.679,90.66,135257,95.275,8,0
01-29-13,1655.6745,1666.1685,1654.7495,1663.847,13.31,-0.53,79.564,1.349205,0.12,1660.8,13.59,90.7225,231.679,90.66,135257,95.275,8,1
01-30-13,1663.847,1684.0985,1662.9615,1677.0625,14.32,-0.54,79.281,1.356675,0.12,1681.6,13.21,91.0865,231.679,90.66,135257,95.275,8,1
01-31-13,1677.0625,1680.882,1658.0125,1663.6705,14.28,-0.57,79.207,1.357745,0.15,1662.6,13.76,91.712,231.679,90.66,135257,95.275,8,0
02-01-13,1663.6705,1682.444,1660.124,1667.4585,12.9,-0.55,79.125,1.36404,0.14,1670.6,13.32,92.828,232.937,81.59,135545,95.614,7.7,1
02-04-13,1667.4585,1677.708,1661.5595,1674.412,14.67,-0.59,79.554,1.351395,0.13,1676.4,13.78,92.38,232.937,81.59,135545,95.614,7.7,1
02-05-13,1674.412,1685.483,1666.761,1672.877,13.72,-0.55,79.488,1.35833,0.13,1673.5,13.03,93.6345,232.937,81.59,135545,95.614,7.7,0
02-06-13,1672.877,1679.879,1668.325,1677.611,13.41,-0.58,79.721,1.352255,0.13,1678.8,13.57,93.618,232.937,81.59,135545,95.614,7.7,1
02-07-13,1677.611,1683.237,1663.19,1671.452,13.5,-0.58,80.192,1.339765,0.13,1671.3,13.59,93.6285,232.937,81.59,135545,95.614,7.7,0
02-08-13,1671.452,1673.6485,1665.24,1667.3135,13.02,-0.57,80.246,1.336565,0.14,1666.9,13.14,92.6515,232.937,81.59,135545,95.614,7.7,0
02-11-13,1667.3135,1669.7465,1643.822,1648.021,12.94,-0.58,80.31,1.340585,0.14,1649.1,14.38,94.316,232.937,81.59,135545,95.614,7.7,0
02-12-13,1648.021,1653.449,1639.3525,1651.3275,12.64,-0.57,80.106,1.34552,0.13,1649.6,14.06,93.479,232.937,81.59,135545,95.614,7.7,1
02-13-13,1651.3275,1653.9565,1640.5415,1642.5765,12.98,-0.54,80.091,1.34521,0.14,1645.1,14.7,93.389,232.937,81.59,135545,95.614,7.7,0
02-14-13,1642.5765,1650.141,1632.9665,1634.8815,12.66,-0.56,80.458,1.336315,0.14,1635.5,14.72,92.8765,232.937,81.59,135545,95.614,7.7,0
02-15-13,1634.8815,1636.12,1598.0195,1610.084,12.46,-0.53,80.58,1.336065,0.16,1609.5,15.9,93.501,232.937,81.59,135545,95.614,7.7,0
02-18-13,1610.084,1618.912,1607.285,1609.891,12.46,-0.53,80.58,1.3351,0.16,1609.5,15.9,93.9545,232.937,81.59,135545,95.614,7.7,0
02-19-13,1609.891,1615.289,1600.8695,1605.1085,12.31,-0.52,80.468,1.338775,0.15,1604.2,15.75,93.5725,232.937,81.59,135545,95.614,7.7,0
02-20-13,1605.1085,1609.582,1558.7555,1564.5105,14.68,-0.52,81.069,1.32825,0.15,1578.2,18.59,93.565,232.937,81.59,135545,95.614,7.7,0
02-21-13,1564.5105,1585.116,1555.0955,1576.2965,15.22,-0.54,81.461,1.318985,0.16,1578.6,16.9,93.1155,232.937,81.59,135545,95.614,7.7,1
02-22-13,1576.2965,1587.296,1570.06,1581.3815,14.17,-0.57,81.482,1.319095,0.16,1572.8,16.26,93.414,232.937,81.59,135545,95.614,7.7,1
02-25-13,1581.3815,1597.074,1575.305,1593.437,18.99001,-0.62,81.67,1.306285,0.15,1586.6,17.48,91.82,232.937,81.59,135545,95.614,7.7,1
02-26-13,1593.437,1620.1655,1584.2665,1613.7045,16.87,-0.62,81.87,1.30612,0.14,1615.5,15.61,91.979,232.937,81.59,135545,95.614,7.7,1
02-27-13,1613.7045,1614.9595,1592.432,1597.153,14.73,-0.61,81.602,1.31385,0.14,1595.7,15.57,92.2345,232.937,81.59,135545,95.614,7.7,0
02-28-13,1597.153,1603.098,1575.054,1579.6075,15.51,-0.64,81.949,1.30565,0.14,1578.1,15.79,92.5605,232.937,81.59,135545,95.614,7.7,0
03-01-13,1579.6075,1587.3835,1564.937,1576.35,15.36,-0.67,82.313,1.302005,0.14,1572.3,15.75,93.5885,232.282,75.9,135689,95.488,7.5,0
03-04-13,1576.35,1585.034,1569.529,1573.9025,14.01,-0.65,82.195,1.302625,0.16,1572.4,16.03,93.4835,232.282,75.9,135689,95.488,7.5,0
03-05-13,1573.9025,1586.6635,1572.169,1575.379,13.48,-0.65,82.087,1.30514,0.15,1574.9,15.47,93.2915,232.282,75.9,135689,95.488,7.5,1
03-06-13,1575.379,1585.1475,1567.3995,1583.879,13.53,-0.61,82.459,1.29668,0.15,1574.9,15.05,94.0685,232.282,75.9,135689,95.488,7.5,1
03-07-13,1583.879,1585.626,1575.0565,1578.963,13.06,-0.56,82.081,1.310695,0.16,1575.1,14.84,94.822,232.282,75.9,135689,95.488,7.5,0
03-08-13,1578.963,1583.9815,1561.5515,1578.793,12.59,-0.5,82.696,1.300475,0.15,1576.9,13.54,96.003,232.282,75.9,135689,95.488,7.5,0
03-11-13,1578.793,1583.325,1575.666,1581.5345,11.56,-0.5,82.573,1.30461,0.16,1578.9,12.96,96.2815,232.282,75.9,135689,95.488,7.5,1
03-12-13,1581.5345,1598.4785,1580.0815,1592.8575,12.27,-0.52,82.584,1.3034,0.15,1591.7,12.07,96.083,232.282,75.9,135689,95.488,7.5,1
03-13-13,1592.8575,1599.498,1585.632,1587.782,11.83,-0.52,82.889,1.296095,0.14,1588.4,12.24,96.123,232.282,75.9,135689,95.488,7.5,0
03-14-13,1587.782,1593.4015,1576.854,1590.041,11.3,-0.53,82.606,1.300455,0.15,1590.7,12.59,96.114,232.282,75.9,135689,95.488,7.5,1
03-15-13,1590.041,1598.991,1588.667,1592.0765,11.3,-0.55,82.261,1.30755,0.16,1592.6,12.43,95.272,232.282,75.9,135689,95.488,7.5,1
03-18-13,1592.0765,1611.252,1591.2255,1605.5645,13.36,-0.6,82.694,1.29562,0.16,1604.6,13.3,95.2135,232.282,75.9,135689,95.488,7.5,1
03-19-13,1605.5645,1615.7095,1600.1705,1612.897,14.39,-0.61,82.989,1.288225,0.15,1611.3,14.52,95.1635,232.282,75.9,135689,95.488,7.5,1
03-20-13,1612.897,1614.8665,1600.827,1606.973,12.67,-0.57,82.779,1.29327,0.15,1607.5,13.33,96.0145,232.282,75.9,135689,95.488,7.5,0
03-21-13,1606.973,1616.9575,1604.632,1614.8375,13.99,-0.57,82.74,1.289855,0.16,1613.8,13.37,94.907,232.282,75.9,135689,95.488,7.5,1
03-22-13,1614.8375,1616.114,1603.662,1608.8025,13.57,-0.6,82.376,1.29878,0.15,1606.1,12.89,94.468,232.282,75.9,135689,95.488,7.5,0
03-25-13,1608.8025,1613.7775,1589.827,1605.1465,13.74,-0.6,82.828,1.28527,0.15,1604.5,12.99,94.1685,232.282,75.9,135689,95.488,7.5,0
03-26-13,1605.1465,1606.201,1594.6505,1599.9245,12.77,-0.61,82.881,1.286095,0.14,1595.7,12.48,94.4445,232.282,75.9,135689,95.488,7.5,0
03-27-13,1599.9245,1608.4345,1591.5645,1605.31,13.15,-0.64,83.221,1.277985,0.12,1607.2,12.33,94.454,232.282,75.9,135689,95.488,7.5,1
03-28-13,1605.31,1607.7665,1594.0565,1597.0015,12.7,-0.64,82.998,1.281615,0.13,1595.7,12.41,94.147,232.282,75.9,135689,95.488,7.5,0
03-29-13,1597.0015,1597.1375,1596.686,1596.9465,12.7,-0.64,82.998,1.28185,0.09,1595.7,12.41,94.208,232.282,75.9,135689,95.488,7.5,0
04-01-13,1596.9465,1601.2115,1594.864,1599.5435,13.58,-0.65,82.733,1.28486,0.16,1600.9,13.13,93.233,231.797,95.11,135873,95.391,7.6,1
04-02-13,1599.5435,1604.019,1573.8615,1575.9755,12.78,-0.63,82.924,1.28205,0.15,1575.9,13.73,93.4405,231.797,95.11,135873,95.391,7.6,0
04-03-13,1575.9755,1577.2205,1549.8865,1557.9685,14.21,-0.65,82.718,1.28496,0.14,1553.5,15.21,93.043,231.797,95.11,135873,95.391,7.6,0
04-04-13,1557.9685,1559.6405,1540.208,1554.7385,13.89,-0.7,82.677,1.2936,0.14,1552.4,16.03,96.336,231.797,95.11,135873,95.391,7.6,0
04-05-13,1554.7385,1581.352,1549.462,1581.136,13.92,-0.74,82.496,1.299115,0.15,1575.9,14.46,97.56,231.797,95.11,135873,95.391,7.6,1
04-08-13,1581.136,1583.2695,1567.3965,1573.5065,13.19,-0.69,82.752,1.300915,0.15,1572.5,14.22,99.3565,231.797,95.11,135873,95.391,7.6,0
04-09-13,1573.5065,1590.39,1570.609,1585.361,12.84,-0.67,82.309,1.308235,0.15,1586.7,13.54,99.024,231.797,95.11,135873,95.391,7.6,1
04-10-13,1585.361,1588.791,1555.8755,1558.48,12.36,-0.6,82.532,1.306975,0.15,1558.8,15.15,99.772,231.797,95.11,135873,95.391,7.6,0
04-11-13,1558.48,1568.492,1553.515,1561.452,12.24,-0.65,82.247,1.30991,0.15,1564.9,15.29,99.6755,231.797,95.11,135873,95.391,7.6,1
04-12-13,1561.452,1564.761,1480.8975,1483.187,12.06,-0.68,82.311,1.3112,0.15,1501.4,21.32,98.404,231.797,95.11,135873,95.391,7.6,0
04-15-13,1483.187,1495.676,1335.7025,1347.795,17.27,-0.69,82.417,1.303615,0.15,1361.1,34.48,96.7645,231.797,95.11,135873,95.391,7.6,0
04-16-13,1347.795,1403.7745,1321.9365,1367.399,13.96,-0.65,81.749,1.31771,0.15,1387.4,30.02,97.5345,231.797,95.11,135873,95.391,7.6,1
04-17-13,1367.399,1395.248,1365.152,1376.4095,16.50999,-0.64,82.684,1.30318,0.15,1382.7,26.93,98.115,231.797,95.11,135873,95.391,7.6,1
04-18-13,1376.4095,1402.2725,1337.049,1390.569,17.56,-0.55,82.559,1.305095,0.15,1392.5,24.57,98.171,231.797,95.11,135873,95.391,7.6,1
04-19-13,1390.569,1425.0905,1386.0375,1403.867,14.97,-0.59,82.714,1.305195,0.15,1395.6,24.37,99.5205,231.797,95.11,135873,95.391,7.6,1
04-22-13,1403.867,1439.226,1403.867,1426.3985,14.39,-0.63,82.676,1.30666,0.15,1421.2,23.28,99.2335,231.797,95.11,135873,95.391,7.6,1
04-23-13,1426.3985,1432.9365,1404.898,1413.093,13.48,-0.64,83.048,1.29959,0.14,1408.8,23.68,99.476,231.797,95.11,135873,95.391,7.6,0
04-24-13,1413.093,1434.067,1412.477,1431.964,13.61,-0.65,83.048,1.30156,0.13,1423.7,21.49,99.5165,231.797,95.11,135873,95.391,7.6,1
04-25-13,1431.964,1469.198,1427.233,1468.964,13.62,-0.66,82.744,1.30115,0.13,1462.7,22.35,99.254,231.797,95.11,135873,95.391,7.6,1
04-26-13,1468,1485.4495,1448.289,1462.3225,13.61,-0.68,82.502,1.303035,0.13,1453.6,24.21,98.0465,231.797,95.11,135873,95.391,7.6,0
04-29-13,1462.3225,1479.014,1462.3225,1475.79,13.71,-0.67,82.147,1.309865,0.13,1467.4,23.16,97.7555,231.797,95.11,135873,95.391,7.6,1
04-30-13,1475.79,1480.4135,1461.252,1476.744,13.52,-0.64,81.746,1.31673,0.14,1472.1,22.09,97.454,231.797,95.11,135873,95.391,7.6,1
05-01-13,1476.744,1478.064,1440.612,1457.594,14.49,-0.64,81.484,1.317965,0.14,1446.2,22.93,97.3915,231.893,83.72,136095,95.461,7.5,0
05-02-13,1457.594,1473.9555,1448.927,1467.1335,13.59,-0.62,82.224,1.30651,0.15,1467.6,22.06,97.932,231.893,83.72,136095,95.461,7.5,1
05-03-13,1467.1335,1488.081,1456.3315,1470.85,12.85,-0.53,82.125,1.311465,0.14,1464.2,20.37,98.9985,231.893,83.72,136095,95.461,7.5,1
05-06-13,1470.85,1479.0805,1464.762,1469.491,12.66,-0.51,82.315,1.307635,0.14,1468.2,20.37,99.326,231.893,83.72,136095,95.461,7.5,0
05-07-13,1469.491,1470.773,1441.396,1452.7055,12.83,-0.5,82.253,1.307935,0.12,1448.8,22.07,98.9965,231.893,83.72,136095,95.461,7.5,0
05-08-13,1452.7055,1476.9505,1447.79,1474.0865,12.66,-0.48,81.896,1.31528,0.12,1473.7,20.64,99.005,231.893,83.72,136095,95.461,7.5,1
05-09-13,1474.0865,1476.498,1453.607,1458.189,13.13,-0.5,82.793,1.3043,0.12,1468.6,21.62,100.5945,231.893,83.72,136095,95.461,7.5,0
05-10-13,1458.189,1462.3245,1419.7785,1448.3,12.59,-0.45,83.143,1.29901,0.12,1436.6,23.95,101.618,231.893,83.72,136095,95.461,7.5,0
05-13-13,1448.3,1449.817,1426.0485,1430.5685,12.55,-0.41,83.277,1.2975,0.12,1434.3,25.04,101.8275,231.893,83.72,136095,95.461,7.5,0
05-14-13,1430.5685,1445.6705,1421.3235,1425.4915,12.77,-0.37,83.595,1.292025,0.11,1424.5,25.06,102.4135,231.893,83.72,136095,95.461,7.5,0
05-15-13,1425.4915,1430.931,1388.8695,1393.099,12.81,-0.36,83.83,1.288635,0.12,1396.2,28.01,102.2505,231.893,83.72,136095,95.461,7.5,0
05-16-13,1393.099,1398.2715,1369.802,1385.992,13.07,-0.4,83.588,1.288225,0.11,1386.9,27.18,102.2595,231.893,83.72,136095,95.461,7.5,0
05-17-13,1385.992,1393.13,1355.414,1359.5035,12.45,-0.31,84.252,1.283875,0.1,1364.7,28.34,103.2215,231.893,83.72,136095,95.461,7.5,0
05-20-13,1359.5035,1399.7155,1338.2725,1393.8645,13.02,-0.31,83.736,1.288265,0.1,1384.1,26.66,102.271,231.893,83.72,136095,95.461,7.5,1
05-21-13,1393.8645,1401.7295,1359.8665,1376.23,13.37,-0.34,83.864,1.29066,0.09,1377.6,27.18,102.494,231.893,83.72,136095,95.461,7.5,0
05-22-13,1376.23,1414.598,1354.68,1370.2205,13.82,-0.24,84.352,1.28584,0.08,1367.4,27.61,103.1585,231.893,83.72,136095,95.461,7.5,0
05-23-13,1370.2205,1398.28,1356.851,1390.9625,14.07,-0.24,83.8,1.293365,0.08,1391.8,26.08,102.013,231.893,83.72,136095,95.461,7.5,1
05-24-13,1390.9625,1398.4295,1382.5945,1386.6045,13.99,-0.26,83.7,1.293195,0.09,1386.6,24.9,101.2815,231.893,83.72,136095,95.461,7.5,0
05-27-13,1386.6045,1396.8125,1384.5255,1395.15,13.99,-0.26,83.7,1.293045,0.09,1386.6,24.9,100.957,231.893,83.72,136095,95.461,7.5,1
05-28-13,1395.15,1402.052,1373.7615,1381.183,14.48,-0.14,84.1,1.28556,0.09,1378.9,24.86,102.3725,231.893,83.72,136095,95.461,7.5,0
05-29-13,1381.183,1395.518,1380.4055,1392.9235,14.83,-0.1,83.66,1.29409,0.08,1391.3,22.76,101.1605,231.893,83.72,136095,95.461,7.5,1
05-30-13,1392.9235,1418.21,1388.949,1413.948,14.53,-0.05,83.042,1.30496,0.08,1412.3,21.43,100.732,231.893,83.72,136095,95.461,7.5,1
05-31-13,1413.948,1422.086,1385.0055,1387.9595,16.3,-0.05,83.375,1.299735,0.09,1393.3,22.63,100.455,231.893,83.72,136095,95.461,7.5,0
06-03-13,1387.9595,1417.067,1387.9595,1411.43,16.28,-0.07,82.656,1.307645,0.1,1411.9,21.68,99.528,232.445,82.97,136279,95.673,7.5,1
06-04-13,1411.43,1415.175,1389.1235,1399.53,16.27,-0.05,82.769,1.30807,0.11,1397.2,22.32,100.0215,232.445,82.97,136279,95.673,7.5,0
06-05-13,1399.53,1410.6585,1395.891,1403.356,17.5,-0.06,82.594,1.309305,0.09,1398.5,22.65,99.0555,232.445,82.97,136279,95.673,7.5,1
06-06-13,1403.356,1423.7265,1391.857,1413.921,16.63,-0.05,81.537,1.324575,0.1,1415.8,22.33,96.971,232.445,82.97,136279,95.673,7.5,1
06-07-13,1413.921,1417.99,1377.909,1382.9415,15.14,0.03,81.669,1.321835,0.09,1383.8,23.58,97.5585,232.445,82.97,136279,95.673,7.5,0
06-10-13,1382.9415,1389.0615,1375.9415,1386.367,15.44,0.11,81.646,1.32572,0.09,1386.8,22.68,98.766,232.445,82.97,136279,95.673,7.5,1
06-11-13,1386.367,1387.8565,1366.087,1378.36,17.07001,0.13,81.113,1.33134,0.09,1377.8,23.27,96.0275,232.445,82.97,136279,95.673,7.5,0
06-12-13,1378.36,1394.7495,1373.936,1388.7625,18.59,0.21,80.947,1.33374,0.08,1392.8,22.04,96.0215,232.445,82.97,136279,95.673,7.5,1
06-13-13,1388.7625,1395.083,1374.5845,1386.0085,16.41,0.15,80.752,1.337515,0.09,1377.8,22.69,95.3685,232.445,82.97,136279,95.673,7.5,0
06-14-13,1386.0085,1392.657,1378.533,1390.538,17.14999,0.09,80.67,1.334605,0.1,1387.6,20.91,94.091,232.445,82.97,136279,95.673,7.5,1
06-17-13,1390.538,1392.0975,1380.609,1385.317,16.8,0.15,80.787,1.336635,0.11,1383.1,21.27,94.507,232.445,82.97,136279,95.673,7.5,0
06-18-13,1385.317,1386.131,1361.18,1367.688,16.61,0.14,80.612,1.3393,0.12,1366.9,22.7,95.328,232.445,82.97,136279,95.673,7.5,0
06-19-13,1367.688,1376.7075,1349.304,1351.35,16.64,0.29,81.428,1.329465,0.1,1374.9,22.53,96.449,232.445,82.97,136279,95.673,7.5,0
06-20-13,1351.35,1352.3625,1276.3995,1285.0025,20.49001,0.46,81.915,1.322005,0.1,1286.2,29.94,97.287,232.445,82.97,136279,95.673,7.5,0
06-21-13,1285.0025,1302.5545,1269.631,1296.352,18.89999,0.59,82.318,1.312155,0.1,1292.2,27.19,97.8985,232.445,82.97,136279,95.673,7.5,1
06-24-13,1296.352,1301.544,1276.2155,1282.333,20.11,0.64,82.425,1.311985,0.1,1277.1,27.69,97.733,232.445,82.97,136279,95.673,7.5,0
06-25-13,1282.333,1289.637,1271.764,1277.711,18.47,0.64,82.581,1.307825,0.09,1275.1,25.86,97.8145,232.445,82.97,136279,95.673,7.5,0
06-26-13,1277.711,1278.247,1221.946,1226.6485,17.21001,0.6,82.977,1.30118,0.09,1229.8,31.43,97.728,232.445,82.97,136279,95.673,7.5,0
06-27-13,1226.6485,1244.879,1197.0505,1200.6,16.86,0.5,82.902,1.303825,0.09,1211.6,33.51,98.3485,232.445,82.97,136279,95.673,7.5,0
06-28-13,1200.6,1235.4635,1180.5125,1234.686,16.86,0.53,83.136,1.30101,0.07,1223.7,31.84,99.1375,232.445,82.97,136279,95.673,7.5,1
07-01-13,1234.686,1261.794,1225.426,1252.588,16.37,0.48,83.054,1.306385,0.1,1255.7,28.84,99.658,232.9,73.98,136391,95.792,7.3,1
07-02-13,1252.588,1267.6525,1239.7795,1243.42,16.44,0.44,83.544,1.29788,0.1,1243.4,28.19,100.627,232.9,73.98,136391,95.792,7.3,0
07-03-13,1243.42,1260.1655,1236.954,1252.7945,16.2,0.48,83.231,1.300935,0.1,1251.9,27.25,99.9125,232.9,73.98,136391,95.792,7.3,1
07-04-13,1252.7945,1258.1595,1245.049,1248.857,16.2,0.48,83.231,1.291355,0.1,1251.9,27.25,100.034,232.9,73.98,136391,95.792,7.3,0
07-05-13,1248.857,1250.774,1208.306,1223.095,14.89,0.66,84.449,1.283,0.1,1212.7,27.15,101.189,232.9,73.98,136391,95.792,7.3,0
07-08-13,1223.095,1238.8005,1215.8145,1237.0985,14.78,0.58,84.193,1.287095,0.1,1234.9,26.79,100.9685,232.9,73.98,136391,95.792,7.3,1
07-09-13,1237.0985,1260.509,1233.6585,1251.3535,14.35,0.59,84.58,1.278125,0.1,1245.9,25.68,101.149,232.9,73.98,136391,95.792,7.3,1
07-10-13,1251.3535,1266.0925,1243.998,1259.7745,14.21,0.64,84.041,1.297715,0.09,1247.4,26.24,99.6855,232.9,73.98,136391,95.792,7.3,1
07-11-13,1259.7745,1299.023,1259.4585,1286.1575,14.01,0.56,82.746,1.30969,0.09,1279.9,23.85,98.9625,232.9,73.98,136391,95.792,7.3,1
07-12-13,1286.1575,1288.807,1267.9905,1285.589,13.84,0.55,82.988,1.30676,0.09,1277.6,24.07,99.214,232.9,73.98,136391,95.792,7.3,0
07-15-13,1285.589,1295.0705,1274.2615,1284.6725,13.79,0.47,83.043,1.30623,0.09,1283.5,23.53,99.861,232.9,73.98,136391,95.792,7.3,0
07-16-13,1284.6725,1295.758,1277.294,1292.109,14.42,0.41,82.498,1.31623,0.09,1290.4,23.2,99.0985,232.9,73.98,136391,95.792,7.3,1
07-17-13,1292.109,1300.764,1270.3695,1275.9785,13.78,0.38,82.708,1.312485,0.09,1277.5,23.61,99.5845,232.9,73.98,136391,95.792,7.3,0
07-18-13,1275.9785,1288.8755,1274.537,1284.2635,13.77,0.38,82.823,1.310905,0.09,1284.2,22.52,100.4215,232.9,73.98,136391,95.792,7.3,1
07-19-13,1284.2635,1298.054,1282.596,1296.111,12.54,0.29,82.607,1.314265,0.09,1292.9,21.19,100.607,232.9,73.98,136391,95.792,7.3,1
07-22-13,1296.111,1339.5115,1296.111,1335.885,12.29,0.28,82.219,1.318535,0.09,1336.9,21.76,99.663,232.9,73.98,136391,95.792,7.3,1
07-23-13,1335.885,1346.8825,1326.7395,1345.169,12.66,0.33,81.945,1.322275,0.09,1334.7,21.66,99.4285,232.9,73.98,136391,95.792,7.3,1
07-24-13,1345.169,1348.1765,1313.319,1322.2455,13.18,0.44,82.291,1.320055,0.09,1319.5,22.61,100.265,232.9,73.98,136391,95.792,7.3,0
07-25-13,1322.2455,1337.9555,1309.047,1333.8605,12.97,0.44,81.97,1.32772,0.09,1328.8,21.77,99.2815,232.9,73.98,136391,95.792,7.3,1
07-26-13,1333.8605,1340.995,1312.5485,1333.2735,12.72,0.43,81.657,1.327915,0.09,1321.5,22.22,98.272,232.9,73.98,136391,95.792,7.3,0
07-29-13,1333.2735,1338.464,1322.991,1328.2515,13.39,0.45,81.663,1.326215,0.08,1328.4,22.77,97.9525,232.9,73.98,136391,95.792,7.3,0
07-30-13,1328.2515,1330.2005,1317.435,1326.426,13.39,0.46,81.829,1.32623,0.09,1324.8,23.72,98.0315,232.9,73.98,136391,95.792,7.3,0
07-31-13,1326.426,1339.335,1305.964,1325.082,13.45,0.38,81.452,1.33025,0.09,1313.8,24.99,97.8745,232.9,73.98,136391,95.792,7.3,0
08-01-13,1325.082,1331.2395,1307.8795,1310.172,12.94,0.48,82.336,1.32067,0.08,1311.2,24.61,99.5425,233.456,90.96,136646,95.934,7.2,0
08-02-13,1310.172,1318.687,1283.313,1311.832,11.98,0.42,81.908,1.328105,0.09,1310.5,24.24,98.9515,233.456,90.96,136646,95.934,7.2,1
08-05-13,1311.832,1320.8575,1297.6715,1303.0905,11.84,0.42,81.875,1.32583,0.08,1302.4,23.49,98.2985,233.456,90.96,136646,95.934,7.2,0
08-06-13,1303.0905,1307.1745,1279.384,1283.1725,12.72,0.39,81.603,1.33046,0.09,1282.5,23.82,97.742,233.456,90.96,136646,95.934,7.2,0
08-07-13,1283.1725,1289.577,1272.9645,1287.59,12.98,0.35,81.287,1.333655,0.09,1285.3,23.49,96.3355,233.456,90.96,136646,95.934,7.2,1
08-08-13,1287.59,1314.4235,1283.1075,1313.297,12.73,0.34,80.977,1.33811,0.09,1309.9,21.71,96.669,233.456,90.96,136646,95.934,7.2,1
08-09-13,1313.297,1317.345,1305.035,1314.5005,13.41,0.33,81.126,1.33416,0.08,1312.2,21.5,96.2145,233.456,90.96,136646,95.934,7.2,1
08-12-13,1314.5005,1344.0715,1314.5005,1338.378,12.81,0.37,81.333,1.330045,0.08,1334.2,21.58,96.903,233.456,90.96,136646,95.934,7.2,1
08-13-13,1338.378,1341.493,1318.8795,1321.6145,12.31,0.48,81.768,1.326305,0.08,1320.5,21.37,98.2045,233.456,90.96,136646,95.934,7.2,0
08-14-13,1321.6145,1336.5225,1316.006,1336.2045,13.04,0.5,81.711,1.325515,0.09,1333.4,21.21,98.1385,233.456,90.96,136646,95.934,7.2,1
08-15-13,1336.2045,1370.2505,1318.917,1366.1825,14.73,0.6,81.181,1.334715,0.08,1360.9,22.45,97.3675,233.456,90.96,136646,95.934,7.2,1
08-16-13,1366.1825,1379.817,1357.804,1376.7015,14.37,0.68,81.257,1.332775,0.09,1371.9,22.97,97.5265,233.456,90.96,136646,95.934,7.2,1
08-19-13,1376.7015,1384.652,1362.575,1365.948,15.1,0.75,81.226,1.33348,0.09,1365.7,24.25,97.5545,233.456,90.96,136646,95.934,7.2,0
08-20-13,1365.948,1377.7635,1352.424,1371.256,14.91,0.67,80.906,1.341725,0.09,1372.6,23.82,97.271,233.456,90.96,136646,95.934,7.2,1
08-21-13,1371.256,1379.24,1359.9745,1366.7195,15.94,0.73,81.213,1.335515,0.08,1370.1,23.28,97.6795,233.456,90.96,136646,95.934,7.2,0
08-22-13,1366.7195,1382.005,1355.365,1376.082,14.76,0.79,81.488,1.33561,0.09,1370.8,22.69,98.719,233.456,90.96,136646,95.934,7.2,1
08-23-13,1376.082,1400.187,1368.795,1397.7785,13.98,0.69,81.361,1.33822,0.08,1395.8,22.63,98.7365,233.456,90.96,136646,95.934,7.2,1
08-26-13,1397.7785,1406.9655,1389.552,1404.6315,14.99,0.64,81.407,1.336805,0.08,1393.1,23.67,98.514,233.456,90.96,136646,95.934,7.2,1
08-27-13,1404.6315,1423.8375,1395.683,1415.2105,16.77,0.57,81.166,1.33929,0.07,1420.2,23.9,97.031,233.456,90.96,136646,95.934,7.2,1
08-28-13,1415.2105,1433.773,1413.5965,1417.4775,16.49001,0.63,81.431,1.33394,0.07,1418.8,25.89,97.6375,233.456,90.96,136646,95.934,7.2,1
08-29-13,1417.4775,1418.6835,1402.586,1407.794,16.81,0.65,81.948,1.3241,0.08,1412.9,24.36,98.346,233.456,90.96,136646,95.934,7.2,0
08-30-13,1407.794,1411.343,1392.318,1395.2885,17.00999,0.68,82.087,1.322115,0.07,1396.1,24.44,98.17,233.456,90.96,136646,95.934,7.2,0
09-02-13,1395.2885,1398.3525,1374.0295,1390.5765,17.00999,0.68,82.087,1.319195,0.07,1396.1,24.44,99.3345,233.544,100.46,136821,95.976,7.2,0
09-03-13,1390.5765,1416.4415,1384.629,1412.3595,16.61,0.76,82.361,1.31701,0.09,1412.1,25.2,99.57,233.544,100.46,136821,95.976,7.2,1
09-04-13,1412.3595,1415.0505,1384.854,1391.5855,15.88,0.83,82.169,1.3207,0.08,1390.1,24.61,99.737,233.544,100.46,136821,95.976,7.2,0
09-05-13,1391.5855,1400.072,1365.126,1367.5515,15.77,0.92,82.633,1.312015,0.08,1373.1,25.64,100.107,233.544,100.46,136821,95.976,7.2,0
09-06-13,1367.5515,1393.5555,1359.0425,1391.8705,15.85,0.87,82.146,1.318045,0.08,1386.5,23.59,99.109,233.544,100.46,136821,95.976,7.2,1
09-09-13,1391.8705,1394.6085,1382.1525,1386.8545,15.63,0.84,81.793,1.325485,0.08,1386.7,22.04,99.5765,233.544,100.46,136821,95.976,7.2,0
09-10-13,1386.8545,1391.4335,1357.9635,1364.0285,14.53,0.86,81.821,1.32678,0.08,1364.7,22.58,100.3865,233.544,100.46,136821,95.976,7.2,0
09-11-13,1364.0285,1368.7705,1356.852,1365.2425,13.82,0.8,81.518,1.331105,0.08,1363.8,22.63,99.8905,233.544,100.46,136821,95.976,7.2,1
09-12-13,1365.2425,1366.782,1320.7545,1321.654,14.29,0.81,81.489,1.329925,0.08,1330.6,25.09,99.537,233.544,100.46,136821,95.976,7.2,0
09-13-13,1321.654,1331.045,1305.013,1326.311,14.16,0.8,81.452,1.32958,0.08,1308.6,24.88,99.3745,233.544,100.46,136821,95.976,7.2,1
09-16-13,1326.311,1334.94,1303.102,1313.015,14.38,0.76,81.295,1.333405,0.08,1317.8,25.12,99.0725,233.544,100.46,136821,95.976,7.2,0
09-17-13,1313.015,1324.0435,1306.2165,1310.639,14.53,0.7,81.143,1.33587,0.08,1309.4,25.35,99.127,233.544,100.46,136821,95.976,7.2,0
09-18-13,1310.639,1367.6485,1291.981,1364.076,13.59,0.49,80.237,1.35214,0.08,1307.6,23.2,97.9355,233.544,100.46,136821,95.976,7.2,1
09-19-13,1364.076,1375.453,1358.782,1366.3835,13.16,0.55,80.372,1.352935,0.09,1369.3,21.75,99.4515,233.544,100.46,136821,95.976,7.2,1
09-20-13,1366.3835,1368.2245,1324.995,1325.996,13.12,0.52,80.431,1.35251,0.08,1332.5,22.27,99.353,233.544,100.46,136821,95.976,7.2,0
09-23-13,1325.996,1332.006,1313.6045,1322.728,14.31,0.46,80.449,1.3493,0.09,1327.5,22.7,98.845,233.544,100.46,136821,95.976,7.2,0
09-24-13,1322.728,1329.4115,1305.8315,1323.4465,14.08,0.48,80.563,1.34734,0.09,1316.3,22.84,98.745,233.544,100.46,136821,95.976,7.2,1
09-25-13,1323.4465,1338.206,1316.707,1334.4725,14.01,0.45,80.334,1.352575,0.08,1336.2,21.97,98.4345,233.544,100.46,136821,95.976,7.2,1
09-26-13,1334.4725,1339.4955,1318.9755,1324.0445,14.06,0.47,80.523,1.348835,0.08,1324.1,21.79,98.987,233.544,100.46,136821,95.976,7.2,0
09-27-13,1324.0445,1344.3075,1319.8905,1336.751,15.46,0.46,80.523,1.352225,0.08,1339.2,22.57,98.2545,233.544,100.46,136821,95.976,7.2,1
09-30-13,1336.751,1352.165,1322.8035,1328.9245,16.6,0.45,80.221,1.352615,0.06,1327.2,23.72,98.269,233.544,100.46,136821,95.976,7.2,0
10-01-13,1328.9245,1337.535,1282.5385,1287.642,15.54,0.46,80.141,1.352615,0.08,1286.1,25.48,97.9945,233.669,72.95,137041,96.103,7.2,0
10-02-13,1287.642,1324.043,1277.9905,1315.9525,16.6,0.43,79.9,1.35785,0.07,1320.7,24.04,97.357,233.669,72.95,137041,96.103,7.2,1
10-03-13,1315.9525,1322.4835,1302.1495,1316.871,17.67,0.43,79.749,1.361845,0.08,1317.6,24.54,97.267,233.669,72.95,137041,96.103,7.2,1
10-04-13,1316.871,1325.163,1305.693,1310.911,16.74,0.46,80.122,1.355735,0.08,1309.9,24.77,97.4715,233.669,72.95,137041,96.103,7.2,0
10-07-13,1310.911,1329.1705,1308.6045,1323.1335,19.41,0.45,79.941,1.358085,0.08,1325.1,24.81,96.706,233.669,72.95,137041,96.103,7.2,1
10-08-13,1323.1335,1330.1075,1315.707,1319.3475,20.34,0.48,80.06,1.357305,0.08,1324.6,25.44,96.88,233.669,72.95,137041,96.103,7.2,0
10-09-13,1319.3475,1321.952,1294.758,1305.869,19.6,0.47,80.376,1.352395,0.09,1307.2,25.81,97.3455,233.669,72.95,137041,96.103,7.2,0
10-10-13,1305.869,1311.929,1281.7855,1287.5335,16.48,0.5,80.417,1.351935,0.09,1296.9,25.36,98.161,233.669,72.95,137041,96.103,7.2,0
10-11-13,1287.5335,1294.7765,1261.149,1272.133,15.72,0.5,80.362,1.35424,0.1,1268.2,25.83,98.5775,233.669,72.95,137041,96.103,7.2,0
10-14-13,1272.133,1290.2655,1268.687,1272.2735,16.07,0.5,80.263,1.356095,0.1,1276.6,26.45,98.5715,233.669,72.95,137041,96.103,7.2,1
10-15-13,1272.2735,1288.1715,1251.691,1282.224,18.66,0.54,80.482,1.352365,0.1,1273.2,26.07,98.162,233.669,72.95,137041,96.103,7.2,1
10-16-13,1282.224,1288.887,1269.345,1282.563,14.71,0.5,80.47,1.353485,0.11,1282.3,24.72,98.7685,233.669,72.95,137041,96.103,7.2,1
10-17-13,1282.563,1324.51,1274.5465,1320.56,13.48,0.45,79.649,1.367555,0.1,1323.3,22.31,97.9135,233.669,72.95,137041,96.103,7.2,1
10-18-13,1320.56,1329.139,1311.874,1315.76,13.04,0.42,79.654,1.368605,0.1,1314.6,21.43,97.713,233.669,72.95,137041,96.103,7.2,0
10-21-13,1315.76,1324.271,1313.2385,1316.067,13.16,0.44,79.695,1.36803,0.09,1315.8,21.52,98.189,233.669,72.95,137041,96.103,7.2,1
10-22-13,1316.067,1344.866,1310.244,1340.3115,13.33,0.37,79.23,1.37811,0.08,1342.6,20.75,98.139,233.669,72.95,137041,96.103,7.2,1
10-23-13,1340.3115,1342.351,1329.133,1333.3885,13.42,0.36,79.264,1.37756,0.08,1334.6,20.52,97.3745,233.669,72.95,137041,96.103,7.2,0
10-24-13,1333.3885,1352.0745,1330.3975,1346.755,13.2,0.36,79.185,1.380105,0.08,1350.3,20.67,97.2815,233.669,72.95,137041,96.103,7.2,1
10-25-13,1346.755,1355.749,1336.4575,1350.775,13.09,0.34,79.194,1.38032,0.08,1352.5,19.9,97.408,233.669,72.95,137041,96.103,7.2,1
10-28-13,1350.775,1361.9365,1346.4765,1352.634,13.31,0.35,79.246,1.378475,0.08,1352.2,20.32,97.675,233.669,72.95,137041,96.103,7.2,1
10-29-13,1352.634,1360.6015,1340.252,1345.101,13.41,0.35,79.607,1.37456,0.08,1345.5,20.65,98.184,233.669,72.95,137041,96.103,7.2,0
10-30-13,1345.101,1359.6625,1334.746,1344.555,13.65,0.37,79.777,1.373555,0.08,1349.3,20.81,98.5115,233.669,72.95,137041,96.103,7.2,0
10-31-13,1344.555,1344.822,1319.202,1323.1375,13.75,0.4,80.195,1.358365,0.07,1323.7,20.57,98.3545,233.669,72.95,137041,96.103,7.2,0
11-01-13,1323.1375,1327.584,1306.1775,1316.207,13.28,0.5,80.716,1.34868,0.08,1313.2,20.68,98.6675,234.1,77.78,137316,96.246,6.9,0
11-04-13,1316.207,1322.6635,1311.243,1314.831,12.93,0.5,80.553,1.351405,0.08,1314.7,20.3,98.6025,234.1,77.78,137316,96.246,6.9,0
11-05-13,1314.831,1320.0135,1305.9135,1311.8715,13.27,0.55,80.706,1.34746,0.08,1308.1,20.19,98.501,234.1,77.78,137316,96.246,6.9,0
11-06-13,1311.8715,1322.238,1309.282,1317.8725,12.67,0.48,80.483,1.351305,0.08,1317.8,19.43,98.6585,234.1,77.78,137316,96.246,6.9,1
11-07-13,1317.8725,1326.5165,1296.652,1307.534,13.91,0.46,80.845,1.34195,0.08,1308.5,20.01,98.086,234.1,77.78,137316,96.246,6.9,0
11-08-13,1307.534,1313.903,1281.1685,1288.729,12.9,0.59,81.303,1.33693,0.08,1284.6,19.37,99.049,234.1,77.78,137316,96.246,6.9,0
11-11-13,1288.729,1288.9505,1279.2375,1282.7355,12.53,0.59,81.091,1.34067,0.08,1281.1,19.15,99.159,234.1,77.78,137316,96.246,6.9,0
11-12-13,1282.7355,1285.8035,1261.505,1268.08,12.82,0.62,81.192,1.343525,0.08,1271.2,21.2,99.635,234.1,77.78,137316,96.246,6.9,0
11-13-13,1268.08,1284.476,1265.9725,1281.9085,12.52,0.58,80.926,1.3487,0.08,1268.4,20.46,99.245,234.1,77.78,137316,96.246,6.9,1
11-14-13,1281.9085,1294.4435,1278.1995,1287.18,12.37,0.51,81.023,1.346065,0.09,1286.3,19.44,100.0125,234.1,77.78,137316,96.246,6.9,1
11-15-13,1287.18,1291.3275,1280.502,1290.449,12.19,0.53,80.849,1.34961,0.09,1287.4,18.03,100.1805,234.1,77.78,137316,96.246,6.9,1
11-18-13,1290.449,1290.449,1270.1785,1275.516,13.1,0.48,80.825,1.350535,0.09,1272.3,19.52,99.993,234.1,77.78,137316,96.246,6.9,0
11-19-13,1275.516,1278.993,1269.2675,1275.7475,13.39,0.53,80.704,1.353855,0.09,1273.5,19.45,100.134,234.1,77.78,137316,96.246,6.9,1
11-20-13,1275.7475,1276.4835,1241.1835,1244.2945,13.4,0.64,81.112,1.34382,0.09,1258.5,23.04,100.0335,234.1,77.78,137316,96.246,6.9,0
11-21-13,1244.2945,1250.567,1236.8675,1242.941,12.66,0.6,81.073,1.348175,0.09,1243.6,21.3,101.1545,234.1,77.78,137316,96.246,6.9,0
11-22-13,1242.941,1249.0055,1241.231,1243.738,12.26,0.56,80.708,1.355795,0.09,1244.1,20.33,101.2785,234.1,77.78,137316,96.246,6.9,1
11-25-13,1243.738,1254.0035,1225.535,1251.4015,12.79,0.56,80.92,1.35164,0.09,1241.2,20.02,101.6765,234.1,77.78,137316,96.246,6.9,1
11-26-13,1251.4015,1258.3715,1239.806,1242.8125,12.81,0.54,80.611,1.357255,0.09,1241.4,19.68,101.2875,234.1,77.78,137316,96.246,6.9,0
11-27-13,1242.8125,1254.8885,1236.423,1237.8375,12.98,0.58,80.722,1.357955,0.09,1237.9,19.75,102.1605,234.1,77.78,137316,96.246,6.9,0
11-28-13,1237.8375,1245.9335,1234.789,1244.1,12.98,0.58,80.722,1.36054,0.09,1237.9,19.75,102.328,234.1,77.78,137316,96.246,6.9,1
11-29-13,1244.1,1254.9415,1240.9145,1251.215,13.7,0.6,80.68,1.359115,0.07,1250.4,19.33,102.4465,234.1,77.78,137316,96.246,6.9,1
12-02-13,1251.215,1251.5755,1217.892,1219.643,14.23,0.66,80.925,1.354205,0.09,1221.9,21.43,102.937,234.719,70.37,137373,96.414,6.7,0
12-03-13,1219.643,1226.402,1215.4225,1223.508,14.55,0.64,80.605,1.35877,0.09,1220.8,21.09,102.5105,234.719,70.37,137373,96.414,6.7,1
12-04-13,1223.508,1251.8355,1211.7845,1243.6575,14.7,0.73,80.619,1.3593,0.09,1247.2,20.82,102.356,234.719,70.37,137373,96.414,6.7,1
12-05-13,1243.6575,1243.955,1217.1515,1225.2475,15.08,0.76,80.235,1.36672,0.09,1231.9,21.78,101.786,234.719,70.37,137373,96.414,6.7,0
12-06-13,1225.2475,1245.0395,1212.4295,1228.9515,13.79,0.77,80.315,1.37062,0.09,1229.9,20.5,102.912,234.719,70.37,137373,96.414,6.7,1
12-09-13,1228.9515,1243.203,1225.3845,1240.2925,13.49,0.74,80.134,1.37386,0.09,1234.2,20.65,103.277,234.719,70.37,137373,96.414,6.7,1
12-10-13,1240.2925,1267.9635,1238.0275,1262.234,13.91,0.69,79.966,1.37607,0.09,1261.1,19.63,102.845,234.719,70.37,137373,96.414,6.7,1
12-11-13,1262.234,1263.467,1251.242,1252.359,15.42,0.71,79.894,1.3786,0.08,1257.2,20.02,102.4255,234.719,70.37,137373,96.414,6.7,0
12-12-13,1252.359,1257.0805,1224.05,1225.422,15.54,0.75,80.206,1.3753,0.09,1224.9,22.24,103.379,234.719,70.37,137373,96.414,6.7,0
12-13-13,1225.422,1238.9625,1220.6445,1238.8915,15.76,0.72,80.214,1.37432,0.08,1234.6,21.87,103.2555,234.719,70.37,137373,96.414,6.7,1
12-16-13,1238.8915,1252.1285,1227.9165,1241.4225,16.03,0.71,80.074,1.376075,0.09,1244.4,21.91,103.013,234.719,70.37,137373,96.414,6.7,1
12-17-13,1241.4225,1248.202,1227.4075,1230.913,16.21,0.67,80.061,1.376815,0.09,1230.1,21.79,102.6685,234.719,70.37,137373,96.414,6.7,0
12-18-13,1230.913,1244.7615,1216.2755,1218.4265,13.8,0.72,80.105,1.368505,0.09,1235.1,21.39,104.292,234.719,70.37,137373,96.414,6.7,0
12-19-13,1218.4265,1226.6995,1187.4135,1188.73,14.15,0.79,80.63,1.366125,0.09,1193.6,22.07,104.2395,234.719,70.37,137373,96.414,6.7,0
12-20-13,1188.73,1207.671,1187.24,1203.356,13.79,0.73,80.575,1.367375,0.09,1203.7,21.01,104.08,234.719,70.37,137373,96.414,6.7,1
12-23-13,1203.356,1206.342,1192.8315,1198.881,13.04,0.76,80.447,1.36962,0.09,1197.7,20.76,104.1035,234.719,70.37,137373,96.414,6.7,0
12-24-13,1198.881,1205.6565,1196.2745,1204.0425,12.48,0.8,80.539,1.36818,0.08,1203.3,20.08,104.243,234.719,70.37,137373,96.414,6.7,1
12-26-13,1204.0425,1216.021,1201.2955,1210.66,12.33,0.8,80.484,1.36911,0.08,1212.3,19.84,104.8035,234.719,70.37,137373,96.414,6.7,1
12-27-13,1210.66,1219.074,1209.099,1213.404,12.46,0.8,80.392,1.37497,0.08,1214.3,19.1,105.1605,234.719,70.37,137373,96.414,6.7,1
12-30-13,1213.404,1216.3045,1194.9,1196.65,13.56,0.76,80.392,1.380205,0.08,1203.8,20.75,105.141,234.719,70.37,137373,96.414,6.7,0
12-31-13,1196.65,1214.888,1182.4445,1205.0935,13.72,0.8,80.035,1.37879,0.07,1202.3,21.65,105.257,234.719,70.37,137373,96.414,6.7,1
01-02-14,1205.0935,1230.961,1203.6665,1224.3785,14.23,0.74,80.63,1.367215,0.08,1225.2,20.42,104.8095,235.288,77.92,137561,96.614,6.6,1
01-03-14,1224.3785,1240.4775,1221.9735,1236.895,13.76,0.75,80.791,1.358885,0.08,1238.6,19.19,104.851,235.288,77.92,137561,96.614,6.6,1
01-06-14,1236.895,1248.486,1214.4,1238.1035,13.55,0.72,80.652,1.36293,0.08,1238.6,19.5,104.217,235.288,77.92,137561,96.614,6.6,1
01-07-14,1238.1035,1245.4075,1225.1165,1232.1205,12.92,0.7,80.833,1.36157,0.07,1229.6,19.12,104.601,235.288,77.92,137561,96.614,6.6,0
01-08-14,1232.1205,1232.588,1218.5615,1225.97,12.87,0.72,81.022,1.35757,0.07,1225.5,19.43,104.8575,235.288,77.92,137561,96.614,6.6,0
01-09-14,1225.97,1231.6625,1223.6655,1228.063,12.89,0.66,81.005,1.360815,0.07,1229.4,18.46,104.8125,235.288,77.92,137561,96.614,6.6,1
01-10-14,1228.063,1249.1065,1227.269,1248.3095,12.14,0.59,80.658,1.36702,0.07,1246.9,17.27,104.178,235.288,77.92,137561,96.614,6.6,1
01-13-14,1248.3095,1255.251,1243.7905,1253.1915,13.28,0.57,80.513,1.367125,0.07,1251.1,16.67,102.9995,235.288,77.92,137561,96.614,6.6,1
01-14-14,1253.1915,1255.4435,1241.865,1245.0625,12.28,0.62,80.662,1.36788,0.07,1245.4,16.5,104.2125,235.288,77.92,137561,96.614,6.6,0
01-15-14,1245.0625,1245.378,1234.29,1241.879,12.28,0.62,81.027,1.36053,0.07,1238.3,16.43,104.5565,235.288,77.92,137561,96.614,6.6,0
01-16-14,1241.879,1245.443,1236.48,1242.456,12.53,0.61,80.91,1.36198,0.07,1240.2,15.39,104.3495,235.288,77.92,137561,96.614,6.6,1
01-17-14,1242.456,1255.0465,1237.9075,1253.8705,12.44,0.58,81.225,1.354135,0.07,1251.9,14.34,104.332,235.288,77.92,137561,96.614,6.6,1
01-20-14,1253.8705,1262.408,1252.677,1254.9355,12.44,0.58,81.225,1.35519,0.07,1251.9,14.34,104.1775,235.288,77.92,137561,96.614,6.6,1
01-21-14,1254.9355,1255.9095,1235.72,1241.444,12.87,0.59,81.098,1.356115,0.07,1241.8,15.97,104.3025,235.288,77.92,137561,96.614,6.6,0
01-22-14,1241.444,1243.7845,1236.02,1237.2085,12.84,0.62,81.167,1.354745,0.07,1238.6,15.62,104.5145,235.288,77.92,137561,96.614,6.6,0
01-23-14,1237.2085,1265.647,1231.696,1264.111,13.77,0.66,80.438,1.36959,0.07,1262.3,16.01,103.255,235.288,77.92,137561,96.614,6.6,1
01-24-14,1264.111,1272.733,1256.997,1269.8835,18.14,0.61,80.458,1.367835,0.07,1264.3,17.54,102.395,235.288,77.92,137561,96.614,6.6,1
01-27-14,1269.8835,1279.2905,1252.1545,1257.152,17.42,0.64,80.524,1.36733,0.07,1263.4,18.38,102.549,235.288,77.92,137561,96.614,6.6,0
01-28-14,1257.152,1261.8615,1248.939,1256.855,15.8,0.62,80.568,1.367075,0.07,1250.8,18.71,102.944,235.288,77.92,137561,96.614,6.6,0
01-29-14,1256.855,1270.28,1249.0785,1267.473,17.35,0.55,80.505,1.366265,0.07,1262.2,17.45,102.2855,235.288,77.92,137561,96.614,6.6,1
01-30-14,1267.473,1268.719,1238.123,1243.8085,17.29,0.57,81.085,1.355475,0.07,1242.5,17.97,102.7185,235.288,77.92,137561,96.614,6.6,0
01-31-14,1243.8085,1255.0545,1238.594,1244.4765,18.41,0.53,81.311,1.34854,0.07,1239.8,18.62,102.017,235.288,77.92,137561,96.614,6.6,1
02-03-14,1244.4765,1266.4395,1240.886,1257.557,21.44,0.47,81.009,1.352525,0.07,1259.9,19.15,100.986,235.547,69.92,137712,96.66,6.7,1
02-04-14,1257.557,1261.0805,1247.2295,1254.567,19.11,0.51,81.121,1.351815,0.07,1251.2,18.51,101.646,235.547,69.92,137712,96.66,6.7,0
02-05-14,1254.567,1274.5585,1252.5095,1257.8775,19.95,0.56,81.036,1.35335,0.07,1256.9,18.52,101.4495,235.547,69.92,137712,96.66,6.7,1
02-06-14,1257.8775,1267.0615,1252.909,1258.215,17.23,0.57,80.906,1.35902,0.07,1257.2,17.93,102.1035,235.547,69.92,137712,96.66,6.7,1
02-07-14,1258.215,1272.222,1256.302,1267.4175,15.29,0.53,80.691,1.363505,0.06,1262.9,16.59,102.374,235.547,69.92,137712,96.66,6.7,1
02-10-14,1267.4175,1278.0725,1265.1745,1274.8455,15.26,0.51,80.642,1.364525,0.07,1274.7,17.08,102.265,235.547,69.92,137712,96.66,6.7,1
02-11-14,1274.8455,1293.9735,1273.855,1291.313,14.51,0.56,80.638,1.363745,0.06,1289.8,16.81,102.6285,235.547,69.92,137712,96.66,6.7,1
02-12-14,1291.313,1296.4315,1284.0895,1291.18,14.3,0.59,80.679,1.35931,0.07,1295.8,16.23,102.536,235.547,69.92,137712,96.66,6.7,0
02-13-14,1291.18,1303.092,1286.381,1302.865,14.14,0.56,80.323,1.368045,0.06,1300.1,16.13,102.1675,235.547,69.92,137712,96.66,6.7,1
02-14-14,1302.865,1321.4295,1299.948,1318.8335,13.57,0.59,80.136,1.36922,0.06,1318.6,16.26,101.806,235.547,69.92,137712,96.66,6.7,1
02-17-14,1318.8335,1329.964,1318.617,1328.799,13.57,0.59,80.136,1.370655,0.06,1318.6,16.26,101.9165,235.547,69.92,137712,96.66,6.7,1
02-18-14,1328.799,1332.3075,1312.708,1322.0475,13.87,0.57,80.008,1.37587,0.07,1324.4,16.28,102.359,235.547,69.92,137712,96.66,6.7,0
02-19-14,1322.0475,1322.978,1308.929,1311.6585,15.5,0.6,80.144,1.3733,0.07,1320.4,16.48,102.3025,235.547,69.92,137712,96.66,6.7,0
02-20-14,1311.6585,1325.179,1307.482,1322.8655,14.79,0.63,80.286,1.371775,0.07,1316.9,16.07,102.2725,235.547,69.92,137712,96.66,6.7,1
02-21-14,1322.8655,1328.7325,1316.122,1324.296,14.68,0.61,80.237,1.37393,0.07,1323.6,15.73,102.4775,235.547,69.92,137712,96.66,6.7,1
02-24-14,1324.296,1339.063,1318.8065,1337.11,14.23,0.59,80.199,1.37348,0.07,1338.6,15.94,102.4935,235.547,69.92,137712,96.66,6.7,1
02-25-14,1337.11,1343.7135,1331.3625,1340.64,13.67,0.55,80.137,1.37446,0.07,1342.7,15.86,102.235,235.547,69.92,137712,96.66,6.7,1
02-26-14,1340.64,1345.4895,1322.617,1330.626,14.35,0.51,80.429,1.36865,0.07,1328.7,16.46,102.3745,235.547,69.92,137712,96.66,6.7,0
02-27-14,1330.626,1336.2925,1323.879,1331.082,14.04,0.49,80.285,1.370985,0.07,1331.8,15.75,102.1215,235.547,69.92,137712,96.66,6.7,1
02-28-14,1331.082,1333.401,1319.643,1326.561,14.04,0.49,79.691,1.380275,0.06,1321.6,16.07,101.783,235.547,69.92,137712,96.66,6.7,0
03-03-14,1326.561,1354.85,1326.561,1350.59,16.04,0.44,80.077,1.3735,0.07,1350.3,17.05,101.451,236.028,119.84,137985,96.815,6.7,1
03-04-14,1350.59,1352.6635,1331.35,1334.4865,14.1,0.52,80.168,1.374115,0.07,1337.9,16.75,102.202,236.028,119.84,137985,96.815,6.7,0
03-05-14,1334.4865,1341.9465,1332.7315,1336.921,13.89,0.52,80.109,1.37333,0.08,1340.3,16.58,102.3045,236.028,119.84,137985,96.815,6.7,1
03-06-14,1336.921,1353.853,1331.27,1350.807,14.21,0.53,79.663,1.385895,0.08,1351.8,16.31,103.077,236.028,119.84,137985,96.815,6.7,1
03-07-14,1350.807,1353.085,1327.812,1340.0815,14.11,0.57,79.719,1.387845,0.08,1338.2,15.82,103.245,236.028,119.84,137985,96.815,6.7,0
03-10-14,1340.0815,1344.72,1328.1515,1339.782,14.2,0.57,79.768,1.387675,0.08,1341.5,15.83,103.269,236.028,119.84,137985,96.815,6.7,0
03-11-14,1339.782,1352.6565,1337.814,1348.8485,14.8,0.57,79.736,1.385925,0.08,1346.7,16.14,103.02,236.028,119.84,137985,96.815,6.7,1
03-12-14,1348.8485,1371.0275,1345.5195,1366.8265,14.47,0.54,79.608,1.3904,0.08,1370.5,16.67,102.756,236.028,119.84,137985,96.815,6.7,1
03-13-14,1366.8265,1375.0875,1364.655,1370.341,16.22,0.49,79.62,1.386975,0.08,1372.4,17.3,101.838,236.028,119.84,137985,96.815,6.7,1
03-14-14,1370.341,1388.125,1368.002,1383.2485,17.82,0.48,79.446,1.39111,0.08,1379.4,18.32,101.3595,236.028,119.84,137985,96.815,6.7,1
03-17-14,1383.2485,1392.3235,1361.9985,1367.349,15.64,0.52,79.385,1.392205,0.08,1372.9,17.87,101.769,236.028,119.84,137985,96.815,6.7,0
03-18-14,1367.349,1367.958,1350.852,1355.6725,14.52,0.5,79.414,1.39337,0.08,1359.9,17.37,101.437,236.028,119.84,137985,96.815,6.7,0
03-19-14,1355.6725,1359.7975,1327.709,1329.654,15.12,0.62,79.995,1.38331,0.08,1341.3,17.59,102.3275,236.028,119.84,137985,96.815,6.7,0
03-20-14,1329.654,1334.718,1320.579,1327.94,14.52,0.66,80.192,1.377875,0.08,1330.5,16.91,102.392,236.028,119.84,137985,96.815,6.7,0
03-21-14,1327.94,1342.5685,1327.73,1334.569,15.52,0.61,80.105,1.379225,0.08,1336.5,16.43,102.254,236.028,119.84,137985,96.815,6.7,1
03-24-14,1334.569,1335.383,1307.9845,1308.893,15.09,0.59,79.934,1.38388,0.09,1311.2,17.53,102.247,236.028,119.84,137985,96.815,6.7,0
03-25-14,1308.893,1317.442,1305.664,1311.1895,14.02,0.61,79.944,1.38259,0.09,1311.4,17.16,102.26,236.028,119.84,137985,96.815,6.7,1
03-26-14,1311.1895,1316.494,1298.7935,1304.643,14.93,0.57,80.032,1.378265,0.08,1303.4,17.32,102.043,236.028,119.84,137985,96.815,6.7,0
03-27-14,1304.643,1306.9315,1289.18,1291.3325,14.62,0.56,80.111,1.37404,0.08,1294.7,17.6,102.1855,236.028,119.84,137985,96.815,6.7,0
03-28-14,1291.3325,1298.8595,1285.803,1294.9725,14.41,0.6,80.176,1.375275,0.08,1294.3,17.48,102.809,236.028,119.84,137985,96.815,6.7,1
03-31-14,1294.9725,1298.6305,1282.4655,1284.0055,13.88,0.6,80.1,1.37692,0.06,1283.8,17.37,103.2235,236.028,119.84,137985,96.815,6.7,0
04-01-14,1284.0055,1288.132,1277.827,1278.946,13.1,0.63,80.094,1.37921,0.08,1280.8,16.65,103.6605,236.468,93.22,138297,96.987,6.2,0
04-02-14,1278.946,1294.615,1278.694,1289.796,13.09,0.68,80.215,1.37678,0.09,1290.8,16.19,103.875,236.468,93.22,138297,96.987,6.2,1
04-03-14,1289.796,1293.989,1281.763,1286.672,13.37,0.66,80.475,1.371995,0.08,1284.6,16.01,103.9335,236.468,93.22,138297,96.987,6.2,0
04-04-14,1286.672,1307.0005,1284.299,1303.4225,13.96,0.61,80.423,1.37047,0.08,1303.5,15.81,103.294,236.468,93.22,138297,96.987,6.2,1
04-07-14,1303.4225,1304.235,1295.74,1297.1195,15.57,0.59,80.232,1.37418,0.09,1298.3,15.95,103.0995,236.468,93.22,138297,96.987,6.2,0
04-08-14,1297.1195,1314.476,1296.5005,1308.6285,14.89,0.58,79.752,1.37972,0.08,1309.1,15.99,101.8065,236.468,93.22,138297,96.987,6.2,1
04-09-14,1308.6285,1315.221,1300.985,1311.8675,13.82,0.57,79.484,1.38548,0.08,1305.9,14.83,101.997,236.468,93.22,138297,96.987,6.2,1
04-10-14,1311.8675,1324.6595,1310.8845,1319.022,15.89,0.51,79.383,1.3886,0.08,1320.5,15.06,101.5315,236.468,93.22,138297,96.987,6.2,1
04-11-14,1319.022,1323.979,1314.112,1318.6125,17.03,0.5,79.452,1.388465,0.09,1319.5,15.19,101.6115,236.468,93.22,138297,96.987,6.2,0
04-14-14,1318.6125,1331.2595,1318.6125,1328.2365,16.11,0.52,79.729,1.38206,0.09,1327.5,15.34,101.852,236.468,93.22,138297,96.987,6.2,1
04-15-14,1328.2365,1328.3355,1282.236,1302.847,15.61,0.5,79.803,1.3814,0.1,1300.3,16.1,101.9145,236.468,93.22,138297,96.987,6.2,0
04-16-14,1302.847,1307.1375,1293.616,1302.5845,14.18,0.48,79.803,1.38155,0.09,1303.5,15.44,102.234,236.468,93.22,138297,96.987,6.2,0
04-17-14,1302.5845,1304.3035,1293.195,1295.074,13.36,0.52,79.828,1.381395,0.09,1293.9,15.96,102.3855,236.468,93.22,138297,96.987,6.2,0
04-18-14,1295.074,1295.877,1295.074,1295.79,13.36,0.52,79.828,1.3811,0.1,1293.9,15.96,102.4175,236.468,93.22,138297,96.987,6.2,1
04-21-14,1295.79,1302.0355,1281.975,1289.966,13.25,0.53,79.945,1.37934,0.1,1288.5,16.22,102.6025,236.468,93.22,138297,96.987,6.2,0
04-22-14,1289.966,1292.9745,1276.4955,1283.9455,13.19,0.52,79.905,1.380575,0.1,1281.1,16.19,102.6165,236.468,93.22,138297,96.987,6.2,0
04-23-14,1283.9455,1289.127,1280.992,1283.6255,13.27,0.49,79.855,1.381665,0.1,1284.6,15.61,102.538,236.468,93.22,138297,96.987,6.2,0
04-24-14,1283.6255,1298.8745,1268.6015,1293.3485,13.32,0.49,79.799,1.3831,0.1,1290.6,15.86,102.306,236.468,93.22,138297,96.987,6.2,1
04-25-14,1293.3485,1305.168,1290.4715,1302.879,14.06,0.48,79.749,1.383245,0.09,1300.8,16.07,102.1925,236.468,93.22,138297,96.987,6.2,1
04-28-14,1302.879,1306.628,1292.0915,1296.665,13.97,0.52,79.683,1.385105,0.09,1299.8,15.56,102.4895,236.468,93.22,138297,96.987,6.2,0
04-29-14,1296.665,1301.5045,1286.376,1296.034,13.71,0.53,79.808,1.381245,0.1,1296.3,15.31,102.639,236.468,93.22,138297,96.987,6.2,0
04-30-14,1296.034,1298.2975,1284.962,1291.4505,13.41,0.49,79.474,1.38676,0.09,1295.9,15.52,102.239,236.468,93.22,138297,96.987,6.2,0
05-01-14,1291.4505,1293.033,1277.3675,1284.262,13.25,0.43,79.527,1.386955,0.09,1283.4,15.15,102.3265,236.918,83.43,138512,97.147,6.3,0
05-02-14,1284.262,1304.8255,1273.726,1299.661,12.91,0.41,79.516,1.387335,0.09,1302.9,14.85,102.218,236.918,83.43,138512,97.147,6.3,1
05-05-14,1299.661,1315.704,1299.513,1310.02,13.29,0.45,79.486,1.387505,0.09,1309.3,15.51,102.142,236.918,83.43,138512,97.147,6.3,1
05-06-14,1310.02,1314.1785,1304.417,1308.1695,13.8,0.45,79.093,1.39276,0.09,1308.6,15.02,101.6865,236.918,83.43,138512,97.147,6.3,0
05-07-14,1308.1695,1314.706,1286.618,1289.8775,13.4,0.42,79.202,1.39104,0.08,1288.9,15.4,101.902,236.918,83.43,138512,97.147,6.3,0
05-08-14,1289.8775,1295.535,1284.933,1289.4115,13.43,0.42,79.361,1.384015,0.08,1287.7,14.87,101.6575,236.918,83.43,138512,97.147,6.3,0
05-09-14,1289.4115,1294.529,1285.5615,1288.777,12.92,0.44,79.903,1.37599,0.08,1287.6,14.76,101.8485,236.918,83.43,138512,97.147,6.3,0
05-12-14,1288.777,1304.0725,1277.631,1295.801,12.23,0.48,79.901,1.37579,0.08,1295.8,14.04,102.125,236.918,83.43,138512,97.147,6.3,1
05-13-14,1295.801,1298.878,1289.113,1293.641,12.13,0.45,80.143,1.370355,0.09,1294.8,13.61,102.2625,236.918,83.43,138512,97.147,6.3,0
05-14-14,1293.641,1309.1945,1291.622,1306.0435,12.17,0.37,80.073,1.371465,0.08,1305.9,13.76,101.898,236.918,83.43,138512,97.147,6.3,1
05-15-14,1306.0435,1307.2565,1290.922,1296.1985,13.17,0.31,80.003,1.37102,0.09,1293.6,14.57,101.5795,236.918,83.43,138512,97.147,6.3,0
05-16-14,1296.1985,1298.392,1287.798,1293.2175,12.44,0.34,80.043,1.369385,0.09,1293.4,14.04,101.5135,236.918,83.43,138512,97.147,6.3,0
05-19-14,1293.2175,1305.575,1289.433,1293.08,12.42,0.37,79.993,1.370905,0.09,1293.8,14.23,101.4985,236.918,83.43,138512,97.147,6.3,0
05-20-14,1293.08,1297.0345,1286.0075,1294.238,12.96,0.35,80.041,1.37016,0.09,1294.6,14.07,101.3255,236.918,83.43,138512,97.147,6.3,1
05-21-14,1294.238,1296.3325,1283.3815,1292.003,11.91,0.36,80.095,1.3687,0.09,1288.1,14.36,101.359,236.918,83.43,138512,97.147,6.3,0
05-22-14,1292.003,1303.8575,1290.1395,1294.1245,12.03,0.35,80.254,1.365585,0.09,1295.1,13.98,101.7345,236.918,83.43,138512,97.147,6.3,1
05-23-14,1294.1245,1295.639,1286.7175,1292.368,11.36,0.32,80.393,1.363005,0.09,1291.7,14.52,101.9725,236.918,83.43,138512,97.147,6.3,0
05-26-14,1292.368,1294.3225,1290.8665,1292.6015,11.36,0.32,80.393,1.364575,0.09,1291.7,14.52,101.937,236.918,83.43,138512,97.147,6.3,1
05-27-14,1292.6015,1293.481,1264.417,1264.6635,11.51,0.31,80.352,1.36347,0.09,1265.5,16.21,101.963,236.918,83.43,138512,97.147,6.3,0
05-28-14,1264.6635,1267.2585,1256.0145,1258.1125,11.68,0.22,80.571,1.359085,0.09,1259.3,15.8,101.8425,236.918,83.43,138512,97.147,6.3,0
05-29-14,1258.1125,1260.6875,1251.4625,1255.704,11.57,0.22,80.494,1.36017,0.09,1257.1,15.01,101.7905,236.918,83.43,138512,97.147,6.3,0
05-30-14,1255.704,1260.532,1242.2925,1249.669,11.4,0.26,80.369,1.363345,0.08,1246.1,15.34,101.744,236.918,83.43,138512,97.147,6.3,0
06-02-14,1249.669,1250.9955,1241.0575,1243.737,11.58,0.32,80.64,1.359665,0.09,1244.1,15.55,102.376,237.231,98.77,138849,97.253,6.1,0
06-03-14,1243.737,1247.871,1240.374,1244.977,11.87,0.41,80.55,1.36268,0.1,1244.5,15.05,102.5105,237.231,98.77,138849,97.253,6.1,1
06-04-14,1244.977,1249.0985,1242.995,1244.0255,12.08,0.44,80.66,1.359845,0.09,1244.3,14.79,102.7465,237.231,98.77,138849,97.253,6.1,0
06-05-14,1244.0255,1258.07,1241.0755,1253.673,11.68,0.41,80.37,1.366035,0.09,1253.3,14.15,102.4095,237.231,98.77,138849,97.253,6.1,1
06-06-14,1253.673,1257.9665,1245.852,1253.1245,10.73,0.4,80.41,1.36418,0.09,1252.5,13.22,102.4755,237.231,98.77,138849,97.253,6.1,0
06-09-14,1253.1245,1257.169,1251.6385,1252.163,11.15,0.41,80.65,1.3594,0.09,1253.9,12.77,102.5305,237.231,98.77,138849,97.253,6.1,0
06-10-14,1252.163,1263.908,1250.407,1260.057,10.99,0.43,80.82,1.354755,0.09,1260.1,12.37,102.3535,237.231,98.77,138849,97.253,6.1,1
06-11-14,1260.057,1265.358,1258.086,1261.189,11.6,0.43,80.79,1.3531,0.09,1261.2,12.36,102.069,237.231,98.77,138849,97.253,6.1,1
06-12-14,1261.189,1274.919,1260.03,1273.533,12.56,0.39,80.58,1.355145,0.09,1274.2,12.91,101.6985,237.231,98.77,138849,97.253,6.1,1
06-13-14,1273.533,1278.0835,1270.916,1277.201,12.18,0.41,80.58,1.3543,0.1,1274.1,12.52,102.0255,237.231,98.77,138849,97.253,6.1,1
06-16-14,1277.201,1285.0465,1270.597,1271.9635,12.65,0.41,80.47,1.35737,0.1,1275.3,12.41,101.8395,237.231,98.77,138849,97.253,6.1,0
06-17-14,1271.9635,1273.445,1258.5465,1270.7685,12.06,0.43,80.63,1.35464,0.1,1272.3,12.53,102.1425,237.231,98.77,138849,97.253,6.1,0
06-18-14,1270.7685,1278.595,1266.35,1277.527,10.61,0.38,80.58,1.35956,0.1,1272.7,12.11,101.9295,237.231,98.77,138849,97.253,6.1,1
06-19-14,1277.527,1321.589,1276.042,1320.2765,10.62,0.39,80.32,1.360895,0.1,1314.1,14.48,101.941,237.231,98.77,138849,97.253,6.1,1
06-20-14,1320.2765,1322.0865,1306.5015,1314.7425,10.85,0.35,80.37,1.359965,0.1,1316.6,12.79,102.0775,237.231,98.77,138849,97.253,6.1,0
06-23-14,1314.7425,1318.6095,1310.0535,1317.4705,10.98,0.35,80.27,1.36045,0.1,1318.4,12.93,101.932,237.231,98.77,138849,97.253,6.1,1
06-24-14,1317.4705,1326.0525,1313.8985,1318.2745,12.13,0.31,80.33,1.36054,0.1,1321.3,12.96,101.9845,237.231,98.77,138849,97.253,6.1,1
06-25-14,1318.2745,1325.0025,1306.8405,1319.037,11.59,0.29,80.22,1.36287,0.1,1322.6,12.92,101.8665,237.231,98.77,138849,97.253,6.1,1
06-26-14,1319.037,1319.981,1306.219,1316.447,11.63,0.26,80.22,1.361125,0.1,1317.6,12.76,101.729,237.231,98.77,138849,97.253,6.1,0
06-27-14,1316.447,1322.3865,1312.6355,1315.417,11.26,0.27,80.04,1.36481,0.1,1320.6,12.64,101.473,237.231,98.77,138849,97.253,6.1,0
06-30-14,1315.417,1329.6285,1310.491,1327.149,11.57,0.27,79.775,1.36923,0.09,1322.6,14.01,101.325,237.231,98.77,138849,97.253,6.1,1
07-01-14,1327.149,1333.303,1323.6025,1326.152,11.15,0.32,79.815,1.367835,0.1,1326.6,13.74,101.525,237.498,138.75,139073,97.391,6.2,0
07-02-14,1326.152,1332.1275,1321.3025,1326.726,10.82,0.38,79.956,1.365925,0.1,1330.9,13.89,101.777,237.498,138.75,139073,97.391,6.2,1
07-03-14,1326.726,1327.717,1308.906,1319.4865,10.32,0.37,80.212,1.361,0.09,1320.6,12.99,102.194,237.498,138.75,139073,97.391,6.2,0
07-04-14,1319.4865,1323.293,1318.819,1320.3085,10.32,0.37,80.212,1.35943,0.09,1320.6,12.99,102.076,237.498,138.75,139073,97.391,6.2,1
07-07-14,1320.3085,1321.086,1311.9415,1319.935,11.33,0.36,80.218,1.36049,0.1,1317.6,12.99,101.8605,237.498,138.75,139073,97.391,6.2,0
07-08-14,1319.935,1324.913,1313.523,1319.216,11.98,0.31,80.179,1.361215,0.09,1316.5,12.83,101.569,237.498,138.75,139073,97.391,6.2,0
07-09-14,1319.216,1332.7535,1317.8,1327.9485,11.65,0.28,79.993,1.36411,0.09,1324.3,13.05,101.6365,237.498,138.75,139073,97.391,6.2,1
07-10-14,1327.9485,1345.361,1324.345,1335.851,12.59,0.27,80.127,1.36092,0.09,1339.2,12.91,101.3395,237.498,138.75,139073,97.391,6.2,1
07-11-14,1335.851,1339.3905,1333.6975,1337.936,12.08,0.25,80.187,1.36074,0.09,1337.4,13.27,101.333,237.498,138.75,139073,97.391,6.2,1
07-14-14,1337.936,1339.861,1303.0495,1307.3245,11.82,0.28,80.188,1.3619,0.09,1306.7,14.23,101.5385,237.498,138.75,139073,97.391,6.2,0
07-15-14,1307.3245,1313.836,1292.284,1293.747,11.96,0.31,80.39,1.35685,0.09,1297.1,14.73,101.6815,237.498,138.75,139073,97.391,6.2,0
07-16-14,1293.747,1303.84,1292.734,1299.4305,11.96,0.32,80.559,1.352545,0.09,1299.8,14.67,101.681,237.498,138.75,139073,97.391,6.2,1
07-17-14,1299.4305,1324.691,1297.676,1319.1385,14.54,0.24,80.505,1.352605,0.09,1316.9,15.52,101.177,237.498,138.75,139073,97.391,6.2,1
07-18-14,1319.1385,1324.784,1304.578,1311.174,12.06,0.26,80.524,1.352415,0.09,1309.4,14.35,101.3285,237.498,138.75,139073,97.391,6.2,0
07-21-14,1311.174,1318.398,1307.39,1312.605,12.81,0.25,80.56,1.35236,0.1,1313.9,14.69,101.3955,237.498,138.75,139073,97.391,6.2,1
07-22-14,1312.605,1315.826,1301.632,1306.4575,12.24,0.25,80.781,1.346515,0.09,1306.3,14.62,101.4625,237.498,138.75,139073,97.391,6.2,0
07-23-14,1306.4575,1311.351,1303.1535,1304.622,11.52,0.25,80.823,1.346295,0.09,1304.7,14.07,101.479,237.498,138.75,139073,97.391,6.2,0
07-24-14,1304.622,1305.4115,1287.842,1293.569,11.84,0.25,80.872,1.346335,0.09,1290.8,14.33,101.814,237.498,138.75,139073,97.391,6.2,0
07-25-14,1293.569,1309.244,1291.001,1306.378,12.69,0.2,81.029,1.34297,0.09,1303.3,14.68,101.832,237.498,138.75,139073,97.391,6.2,1
07-28-14,1306.378,1309.3895,1301.38,1303.871,12.56,0.22,81.025,1.343885,0.09,1303.3,14.55,101.861,237.498,138.75,139073,97.391,6.2,0
07-29-14,1303.871,1312.315,1296.1755,1299.313,13.28,0.2,81.214,1.34085,0.09,1298.3,15.05,102.119,237.498,138.75,139073,97.391,6.2,0
07-30-14,1299.313,1303.865,1291.9975,1296.0795,13.33,0.29,81.432,1.33971,0.09,1296.9,14.85,102.792,237.498,138.75,139073,97.391,6.2,0
07-31-14,1296.0795,1297.4795,1281.016,1282.916,16.95,0.29,81.456,1.339035,0.08,1282.8,15.46,102.795,237.498,138.75,139073,97.391,6.2,0
08-01-14,1282.916,1297.615,1280.2055,1294.4865,17.03,0.25,81.302,1.34322,0.09,1294.8,14.37,102.611,237.46,136.45,139269,97.379,6.1,1
08-04-14,1294.4865,1295.5045,1286.2065,1288.23,15.12,0.26,81.328,1.34218,0.09,1288.9,14.17,102.578,237.46,136.45,139269,97.379,6.1,0
08-05-14,1288.23,1294.019,1282.499,1289.009,16.87,0.25,81.533,1.337645,0.09,1285.3,14.76,102.596,237.46,136.45,139269,97.379,6.1,1
08-06-14,1289.009,1309.609,1287.7335,1305.8185,16.37,0.24,81.444,1.3383,0.09,1308.2,14.51,102.097,237.46,136.45,139269,97.379,6.1,1
08-07-14,1305.8185,1314.564,1301.908,1312.7195,16.66,0.19,81.524,1.33633,0.09,1312.5,14.82,102.096,237.46,136.45,139269,97.379,6.1,1
08-08-14,1312.7195,1322.9125,1305.6815,1309.8775,15.77,0.19,81.389,1.34128,0.09,1311.5,14.85,102.0245,237.46,136.45,139269,97.379,6.1,0
08-11-14,1309.8775,1311.6915,1305.169,1308.5775,14.23,0.19,81.466,1.338495,0.09,1310.5,14.49,102.192,237.46,136.45,139269,97.379,6.1,0
08-12-14,1308.5775,1317.9645,1305.73,1309.6145,14.13,0.22,81.5,1.336915,0.09,1310.6,14.35,102.2565,237.46,136.45,139269,97.379,6.1,1
08-13-14,1309.6145,1315.1875,1304.799,1312.679,12.9,0.2,81.596,1.336475,0.09,1314.5,13.53,102.416,237.46,136.45,139269,97.379,6.1,1
08-14-14,1312.679,1319.826,1308.83,1313.412,12.42,0.19,81.588,1.336485,0.09,1315.7,12.55,102.451,237.46,136.45,139269,97.379,6.1,1
08-15-14,1313.412,1315.2565,1292.283,1305.024,13.15,0.16,81.424,1.340055,0.09,1306.2,13.33,102.355,237.46,136.45,139269,97.379,6.1,0
08-18-14,1305.024,1305.024,1295.7075,1298.441,12.32,0.21,81.576,1.336345,0.09,1299.3,13.46,102.57,237.46,136.45,139269,97.379,6.1,0
08-19-14,1298.441,1302.558,1293.968,1295.7585,12.21,0.23,81.883,1.332035,0.09,1296.7,13.43,102.9135,237.46,136.45,139269,97.379,6.1,0
08-20-14,1295.7585,1298.3685,1287.818,1291.7505,11.78,0.26,82.226,1.32593,0.09,1295.2,13.51,103.7595,237.46,136.45,139269,97.379,6.1,0
08-21-14,1291.7505,1292.131,1273.055,1276.921,11.76,0.24,82.154,1.32811,0.09,1275.4,13.84,103.8475,237.46,136.45,139269,97.379,6.1,0
08-22-14,1276.921,1283.1435,1274.364,1281.1425,11.47,0.26,82.336,1.32426,0.09,1280.2,13.46,103.9455,237.46,136.45,139269,97.379,6.1,1
08-25-14,1281.1425,1281.705,1269.184,1276.9175,11.7,0.24,82.549,1.319215,0.09,1278.9,13.55,104.0555,237.46,136.45,139269,97.379,6.1,0
08-26-14,1276.9175,1291.0955,1275.256,1281.418,11.63,0.25,82.65,1.31674,0.09,1285.2,13.24,104.0645,237.46,136.45,139269,97.379,6.1,1
08-27-14,1281.418,1287.409,1280.133,1282.8285,11.78,0.23,82.428,1.319285,0.09,1283.4,12.72,103.8795,237.46,136.45,139269,97.379,6.1,1
08-28-14,1282.8285,1296.7215,1282.158,1289.666,12.05,0.21,82.477,1.318185,0.09,1290.4,12.9,103.7255,237.46,136.45,139269,97.379,6.1,1
08-29-14,1289.666,1291.3985,1283.4365,1287.584,11.98,0.23,82.748,1.31326,0.07,1287.4,12.85,104.083,237.46,136.45,139269,97.379,6.1,0
09-01-14,1287.584,1289.9945,1285.0265,1287.2255,11.98,0.23,82.748,1.31284,0.07,1287.4,12.85,104.3505,237.477,131.56,139563,97.413,5.9,0
09-02-14,1287.2255,1287.9165,1262.527,1265.442,12.25,0.27,82.992,1.313335,0.09,1265.4,14.05,105.0925,237.477,131.56,139563,97.413,5.9,0
09-03-14,1265.442,1271.641,1261.2245,1269.3,12.36,0.24,82.865,1.31502,0.09,1270.3,13.44,104.796,237.477,131.56,139563,97.413,5.9,1
09-04-14,1269.3,1277.374,1260.666,1261.5625,12.64,0.28,83.82,1.294385,0.09,1266.5,14.01,105.261,237.477,131.56,139563,97.413,5.9,0
09-05-14,1261.5625,1273.9655,1257.259,1269.1095,12.09,0.31,83.739,1.29508,0.09,1267.3,13.27,105.0835,237.477,131.56,139563,97.413,5.9,1
09-08-14,1269.1095,1271.91,1251.531,1255.396,12.66,0.35,84.232,1.28949,0.09,1254.3,14.47,106.031,237.477,131.56,139563,97.413,5.9,0
09-09-14,1255.396,1258.321,1247.537,1255.346,13.5,0.39,84.278,1.29383,0.09,1248.5,15.36,106.2035,237.477,131.56,139563,97.413,5.9,0
09-10-14,1255.346,1257.839,1243.921,1249.8255,12.88,0.44,84.283,1.291675,0.09,1245.3,15.89,106.8595,237.477,131.56,139563,97.413,5.9,0
09-11-14,1249.8255,1250.628,1234.9525,1240.9155,12.8,0.42,84.298,1.29254,0.09,1239.3,16.42,107.1005,237.477,131.56,139563,97.413,5.9,0
09-12-14,1240.9155,1241.881,1227.6335,1229.414,13.31,0.49,84.24,1.296335,0.09,1231.5,17.86,107.3505,237.477,131.56,139563,97.413,5.9,0
09-15-14,1229.414,1238.6565,1225.6705,1233.3425,14.12,0.47,84.264,1.294015,0.09,1235.1,16.5,107.1855,237.477,131.56,139563,97.413,5.9,1
09-16-14,1233.3425,1242.0125,1231.7715,1235.5565,12.73,0.48,84.074,1.296015,0.09,1236.7,16.58,107.129,237.477,131.56,139563,97.413,5.9,1
09-17-14,1235.5565,1239.579,1221.4995,1223.417,12.65,0.56,84.345,1.286495,0.09,1235.9,17.14,108.373,237.477,131.56,139563,97.413,5.9,0
09-18-14,1223.417,1228.0995,1215.5865,1225.0615,12.03,0.61,84.323,1.29225,0.09,1226.9,15.5,108.685,237.477,131.56,139563,97.413,5.9,1
09-19-14,1225.0615,1228.6835,1213.8355,1215.7635,12.11,0.56,84.735,1.282945,0.09,1216.6,16.9,109.0375,237.477,131.56,139563,97.413,5.9,0
09-22-14,1215.7635,1220.6075,1208.177,1215.1455,13.69,0.58,84.752,1.284925,0.09,1217.9,16.44,108.8405,237.477,131.56,139563,97.413,5.9,0
09-23-14,1215.1455,1235.3115,1213.9505,1223.485,14.93,0.52,84.658,1.2847,0.09,1222.9,16.65,108.884,237.477,131.56,139563,97.413,5.9,1
09-24-14,1223.485,1226.3,1215.741,1216.963,13.27,0.54,85.037,1.27802,0.09,1219.5,17.21,109.044,237.477,131.56,139563,97.413,5.9,0
09-25-14,1216.963,1224.787,1206.9995,1221.655,15.64,0.5,85.195,1.275065,0.09,1221.9,17.99,108.7515,237.477,131.56,139563,97.413,5.9,1
09-26-14,1221.655,1231.502,1212.3595,1218.319,14.85,0.57,85.64,1.268545,0.09,1215.4,17.84,109.2885,237.477,131.56,139563,97.413,5.9,0
09-29-14,1218.319,1223.423,1214.963,1215.754,15.98,0.55,85.591,1.26851,0.08,1218.8,17.17,109.4865,237.477,131.56,139563,97.413,5.9,0
09-30-14,1215.754,1220.2135,1204.453,1208.127,16.31,0.55,85.936,1.26308,0.07,1211.6,18.83,109.6515,237.477,131.56,139563,97.413,5.9,0
10-01-14,1208.127,1219.4285,1204.8335,1213.7895,16.71,0.46,85.972,1.262375,0.09,1215.5,18.73,108.888,237.43,83.66,139797,97.384,5.7,1
10-02-14,1213.7895,1223.2125,1208.7895,1214.4665,16.16,0.49,85.601,1.26684,0.09,1215.1,18.2,108.4195,237.43,83.66,139797,97.384,5.7,1
10-03-14,1214.4665,1215.515,1190.077,1191.2895,14.55,0.52,86.694,1.25138,0.09,1192.9,19.13,109.762,237.43,83.66,139797,97.384,5.7,0
10-06-14,1191.2895,1209.153,1183.106,1207.296,15.46,0.5,85.928,1.265545,0.09,1207.3,17.6,108.7815,237.43,83.66,139797,97.384,5.7,1
10-07-14,1207.296,1213.4765,1202.914,1208.9265,17.2,0.44,85.672,1.26689,0.09,1212.4,17.56,108.026,237.43,83.66,139797,97.384,5.7,1
10-08-14,1208.9265,1224.3775,1204.989,1221.146,15.11,0.39,85.297,1.273475,0.09,1206.4,17.5,108.0745,237.43,83.66,139797,97.384,5.7,1
10-09-14,1221.146,1233.5615,1219.042,1224.4415,18.76,0.37,85.522,1.26912,0.08,1225.3,17.86,107.839,237.43,83.66,139797,97.384,5.7,1
10-10-14,1224.4415,1225.574,1217.478,1223.059,21.24,0.35,85.912,1.263025,0.09,1221.7,18.11,107.651,237.43,83.66,139797,97.384,5.7,0
10-13-14,1223.059,1237.77,1223.059,1235.85,24.64,0.35,85.532,1.27522,0.09,1230.7,17.69,106.8405,237.43,83.66,139797,97.384,5.7,1
10-14-14,1235.85,1238.537,1230.97,1232.7275,22.79,0.29,85.822,1.26582,0.09,1234.3,17.98,107.0545,237.43,83.66,139797,97.384,5.7,0
10-15-14,1232.7275,1249.823,1222.0265,1241.848,26.25,0.29,85.147,1.283805,0.09,1244.8,20.04,105.9295,237.43,83.66,139797,97.384,5.7,1
10-16-14,1241.848,1245.384,1235.2095,1239.0435,25.2,0.28,84.955,1.28089,0.09,1241.2,19.68,106.325,237.43,83.66,139797,97.384,5.7,0
10-17-14,1239.0435,1241.7955,1231.814,1238.582,21.99,0.3,85.11,1.27588,0.09,1239.2,18.08,106.892,237.43,83.66,139797,97.384,5.7,0
10-20-14,1238.582,1248.749,1234.638,1246.8115,18.57,0.29,84.953,1.279995,0.09,1244.7,17.27,106.946,237.43,83.66,139797,97.384,5.7,1
10-21-14,1246.8115,1255.3985,1245.367,1248.969,16.08,0.33,85.303,1.27159,0.09,1251.7,17.01,106.9975,237.43,83.66,139797,97.384,5.7,1
10-22-14,1248.969,1250.047,1240.573,1241.383,17.87,0.34,85.741,1.264995,0.09,1245.5,16.58,107.133,237.43,83.66,139797,97.384,5.7,0
10-23-14,1241.383,1244.71,1226.396,1231.8375,16.53,0.38,85.843,1.264625,0.09,1229.1,16.91,108.271,237.43,83.66,139797,97.384,5.7,0
10-24-14,1231.8375,1234.515,1228.6345,1231.2045,16.11,0.39,85.732,1.267055,0.09,1231.8,16.24,108.1565,237.43,83.66,139797,97.384,5.7,0
10-27-14,1231.2045,1232.0725,1225.609,1226.674,16.04,0.38,85.495,1.269815,0.09,1229.3,16.49,107.8185,237.43,83.66,139797,97.384,5.7,0
10-28-14,1226.674,1235.8235,1222.507,1228.55,14.39,0.39,85.408,1.273415,0.09,1229.4,16.3,108.163,237.43,83.66,139797,97.384,5.7,1
10-29-14,1228.55,1230.7345,1208.4835,1211.8205,15.15,0.42,85.952,1.26317,0.09,1224.9,16.75,108.897,237.43,83.66,139797,97.384,5.7,0
10-30-14,1211.8205,1216.94,1195.9675,1198.908,14.52,0.42,86.147,1.261335,0.09,1198.6,18.08,109.211,237.43,83.66,139797,97.384,5.7,0
10-31-14,1198.908,1202.883,1161.0985,1173.157,14.03,0.43,86.917,1.252445,0.07,1171.6,21.54,112.3345,237.43,83.66,139797,97.384,5.7,0
11-03-14,1173.157,1173.9735,1161.6085,1165.648,14.73,0.43,86.917,1.24817,0.09,1169.8,21.1,114.0505,236.983,84.38,140090,97.291,5.8,0
11-04-14,1165.648,1175.7995,1164.046,1168.3,14.89,0.43,86.984,1.254655,0.1,1167.7,20.1,113.5985,236.983,84.38,140090,97.291,5.8,1
11-05-14,1168.3,1169.8155,1137.7795,1140.5145,14.17,0.43,87.444,1.248505,0.09,1145.7,23.38,114.641,236.983,84.38,140090,97.291,5.8,0
11-06-14,1140.5145,1149.771,1138.1345,1142.0515,13.67,0.45,88.012,1.23754,0.09,1142.6,23.18,115.2005,236.983,84.38,140090,97.291,5.8,1
11-07-14,1142.0515,1178.964,1131.306,1177.585,13.12,0.38,87.642,1.2455,0.09,1169.8,21.38,114.5955,236.983,84.38,140090,97.291,5.8,1
11-10-14,1177.585,1178.7645,1147.394,1151.92,12.67,0.44,87.81,1.24215,0.09,1159.8,22.23,114.855,236.983,84.38,140090,97.291,5.8,0
11-11-14,1151.92,1173.4865,1146.17,1163.965,12.92,0.44,87.531,1.24744,0.09,1163.8,21.43,115.7745,236.983,84.38,140090,97.291,5.8,1
11-12-14,1163.965,1170.309,1157.3385,1162.8735,13.02,0.46,87.822,1.24383,0.09,1159.1,21.29,115.4625,236.983,84.38,140090,97.291,5.8,0
11-13-14,1162.8735,1168.7305,1153.857,1162.6415,13.79,0.47,87.674,1.247555,0.09,1161.5,20.98,115.7665,236.983,84.38,140090,97.291,5.8,0
11-14-14,1162.6415,1193.8285,1146.8615,1189.1075,13.31,0.43,87.525,1.25246,0.09,1185.6,23.36,116.276,236.983,84.38,140090,97.291,5.8,1
11-17-14,1189.1075,1194.4615,1181.5625,1186.4605,13.99,0.48,87.926,1.24495,0.1,1183.5,23.37,116.624,236.983,84.38,140090,97.291,5.8,0
11-18-14,1186.4605,1204.863,1183.5275,1196.8195,13.86,0.48,87.575,1.25341,0.11,1197.1,23.97,116.853,236.983,84.38,140090,97.291,5.8,1
11-19-14,1196.8195,1202.377,1175.3255,1182.572,13.96,0.53,87.647,1.25539,0.1,1193.9,24.26,117.967,236.983,84.38,140090,97.291,5.8,0
11-20-14,1182.572,1197.3415,1176.923,1193.722,13.58,0.49,87.591,1.25388,0.1,1190.9,21.5,118.229,236.983,84.38,140090,97.291,5.8,1
11-21-14,1193.722,1208.087,1186.909,1201.5245,12.9,0.45,88.31,1.23912,0.1,1197.7,21.23,117.866,236.983,84.38,140090,97.291,5.8,1
11-24-14,1201.5245,1204.4855,1192.8935,1197.1095,12.62,0.44,88.151,1.24421,0.1,1195.7,20.64,118.2755,236.983,84.38,140090,97.291,5.8,0
11-25-14,1197.1095,1203.098,1190.4175,1200.664,12.25,0.42,87.92,1.24743,0.1,1197.1,20.67,117.9725,236.983,84.38,140090,97.291,5.8,1
11-26-14,1200.664,1202.667,1194.8955,1197.8765,12.07,0.42,87.607,1.25064,0.1,1197.5,21.24,117.743,236.983,84.38,140090,97.291,5.8,0
11-27-14,1197.8765,1199.8115,1185.723,1190.9565,12.07,0.42,87.607,1.24673,0.1,1197.5,21.24,117.716,236.983,84.38,140090,97.291,5.8,0
11-28-14,1190.9565,1194.012,1165.249,1167.046,13.33,0.39,88.356,1.245095,0.08,1175.5,25.17,118.617,236.983,84.38,140090,97.291,5.8,0
12-01-14,1167.046,1221.444,1142.7845,1211.9945,14.29,0.43,87.946,1.246955,0.13,1218.1,22.33,118.4025,236.252,86.53,140364,97.12,5.6,1
12-02-14,1211.9945,1213.1835,1191.9345,1198.4315,12.85,0.51,88.647,1.238285,0.12,1199.4,21.29,119.216,236.252,86.53,140364,97.12,5.6,0
12-03-14,1198.4315,1215.356,1194.057,1209.515,12.47,0.5,88.956,1.231055,0.12,1208.7,20.62,119.793,236.252,86.53,140364,97.12,5.6,1
12-04-14,1209.515,1213.6055,1201.2435,1205.235,12.38,0.48,88.704,1.23794,0.12,1207.7,20.29,119.7845,236.252,86.53,140364,97.12,5.6,0
12-05-14,1205.235,1207.786,1186.0425,1192.0455,11.82,0.56,89.334,1.22869,0.12,1190.4,20.02,121.4745,236.252,86.53,140364,97.12,5.6,0
12-08-14,1192.0455,1208.9935,1187.1535,1203.3775,14.21,0.55,89.041,1.23173,0.12,1194.9,19.62,120.6895,236.252,86.53,140364,97.12,5.6,1
12-09-14,1203.3775,1238.385,1199.445,1231.1545,14.89,0.49,88.69,1.237425,0.12,1232.9,20.04,119.694,236.252,86.53,140364,97.12,5.6,1
12-10-14,1231.1545,1238.3525,1224.7855,1226.315,18.53,0.47,88.271,1.24487,0.12,1229.4,19.27,117.821,236.252,86.53,140364,97.12,5.6,0
12-11-14,1226.315,1232.9435,1216.0195,1227.866,20.08,0.49,88.663,1.241285,0.12,1225.6,19.11,118.646,236.252,86.53,140364,97.12,5.6,1
12-12-14,1227.866,1228.34,1214.353,1222.4625,21.08,0.46,88.363,1.2461,0.12,1222.5,19.66,118.807,236.252,86.53,140364,97.12,5.6,0
12-15-14,1222.4625,1224.377,1190.805,1193.278,20.42,0.5,88.46,1.243775,0.11,1207.7,20.95,117.8095,236.252,86.53,140364,97.12,5.6,0
12-16-14,1193.278,1223.669,1187.465,1196.988,23.57,0.42,88.125,1.251095,0.12,1194.3,22.08,116.412,236.252,86.53,140364,97.12,5.6,1
12-17-14,1196.988,1203.1015,1183.2675,1189.8415,19.44,0.49,89.133,1.23428,0.13,1194.5,20.9,118.6385,236.252,86.53,140364,97.12,5.6,0
12-18-14,1189.8415,1214.0585,1188.523,1198.6165,16.81,0.57,89.235,1.228665,0.13,1194.8,19.28,118.841,236.252,86.53,140364,97.12,5.6,1
12-19-14,1198.6165,1201.478,1193.7135,1195.666,16.49,0.49,89.598,1.222775,0.13,1196.8,18.68,119.513,236.252,86.53,140364,97.12,5.6,0
12-22-14,1195.666,1203.6735,1170.8025,1176.2965,15.25,0.47,89.77,1.223025,0.13,1179.8,20.26,120.037,236.252,86.53,140364,97.12,5.6,0
12-23-14,1176.2965,1185.0945,1172.6455,1176.6145,14.8,0.56,90.064,1.21716,0.13,1178.8,19.76,120.6895,236.252,86.53,140364,97.12,5.6,1
12-24-14,1176.6145,1181.23,1172.916,1174.576,14.37,0.59,89.967,1.21937,0.13,1173.5,19.37,120.46,236.252,86.53,140364,97.12,5.6,0
12-26-14,1174.576,1199.26,1174.576,1196.531,14.5,0.58,90.03,1.2181,0.13,1195.3,18.92,120.3795,236.252,86.53,140364,97.12,5.6,1
12-29-14,1196.531,1197.704,1178.9755,1183.253,15.06,0.57,90.19,1.21525,0.13,1181.9,20.15,120.673,236.252,86.53,140364,97.12,5.6,0
12-30-14,1183.253,1211.0075,1180.7665,1200.53,15.92,0.56,89.991,1.215565,0.13,1200.4,19.48,119.472,236.252,86.53,140364,97.12,5.6,1
12-31-14,1200.53,1203.925,1181.938,1182.789,19.2,0.49,90.269,1.210105,0.06,1184.1,20.08,119.8845,236.252,86.53,140364,97.12,5.6,0
01-02-15,1182.789,1195.137,1167.6235,1188.773,17.79,0.41,91.08,1.200195,0.12,1186.2,20.23,120.495,234.747,111.99,140568,96.654,5.7,1
01-05-15,1188.773,1207.6625,1178.311,1204.766,19.92,0.4,91.378,1.19329,0.12,1204.2,21.26,119.6355,234.747,111.99,140568,96.654,5.7,1
01-06-15,1204.766,1223.2755,1201.797,1218.675,21.12,0.41,91.499,1.18902,0.12,1219.4,20.78,118.384,234.747,111.99,140568,96.654,5.7,1
01-07-15,1218.675,1219.4475,1208.968,1211.577,19.31,0.39,91.89,1.183915,0.12,1210.7,20.35,119.259,234.747,111.99,140568,96.654,5.7,0
01-08-15,1211.577,1216.8615,1204.5025,1208.949,17.01,0.41,92.368,1.17927,0.12,1208.5,19.2,119.658,234.747,111.99,140568,96.654,5.7,0
01-09-15,1208.949,1224.3035,1206.939,1223.3345,17.55,0.36,91.935,1.184125,0.12,1216.1,18.44,118.543,234.747,111.99,140568,96.654,5.7,1
01-12-15,1223.3345,1235.9815,1217.618,1233.637,19.6,0.35,91.983,1.18336,0.12,1232.8,17.65,118.357,234.747,111.99,140568,96.654,5.7,1
01-13-15,1233.637,1244.3865,1227.2915,1230.6335,20.56,0.37,92.31,1.177235,0.12,1234.4,17.63,117.922,234.747,111.99,140568,96.654,5.7,0
01-14-15,1230.6335,1244.5545,1225.085,1228.537,21.48,0.29,92.161,1.178905,0.12,1234.5,18.52,117.338,234.747,111.99,140568,96.654,5.7,0
01-15-15,1228.537,1266.896,1226.138,1262.595,22.39,0.19,92.352,1.16332,0.12,1264.8,21.83,116.163,234.747,111.99,140568,96.654,5.7,1
01-16-15,1262.595,1282.174,1255.0835,1280.197,20.95,0.23,92.52,1.15679,0.13,1276.9,22.66,117.624,234.747,111.99,140568,96.654,5.7,1
01-19-15,1280.197,1281.7845,1272.101,1277.0365,20.95,0.23,92.52,1.16062,0.13,1276.9,22.66,117.5575,234.747,111.99,140568,96.654,5.7,0
01-20-15,1277.0365,1297.219,1274.1475,1295.2125,19.89,0.23,93.046,1.1551,0.12,1294.2,23.43,118.8145,234.747,111.99,140568,96.654,5.7,1
01-21-15,1295.2125,1305.737,1284.6575,1293.182,18.85,0.26,92.904,1.161085,0.12,1293.7,22.34,117.952,234.747,111.99,140568,96.654,5.7,0
01-22-15,1293.182,1307.7915,1279.3235,1302.5845,16.4,0.29,94.077,1.13662,0.12,1300.7,21.25,118.502,234.747,111.99,140568,96.654,5.7,1
01-23-15,1302.5845,1302.8805,1284.4145,1294.714,16.66,0.21,94.762,1.12064,0.12,1292.6,20.62,117.799,234.747,111.99,140568,96.654,5.7,0
01-26-15,1294.714,1299.3805,1275.934,1281.3325,15.52,0.22,94.802,1.12378,0.12,1279.4,20.04,118.4555,234.747,111.99,140568,96.654,5.7,0
01-27-15,1281.3325,1297.6965,1272.344,1292.1065,17.22,0.17,94.022,1.13813,0.11,1291.7,20.16,117.8645,234.747,111.99,140568,96.654,5.7,1
01-28-15,1292.1065,1293.805,1279.692,1284.4405,20.44,0.12,94.467,1.12874,0.12,1285.9,19.31,117.536,234.747,111.99,140568,96.654,5.7,0
01-29-15,1284.4405,1286.033,1251.9035,1257.5465,18.76,0.15,94.782,1.131985,0.11,1255.9,20.25,118.291,234.747,111.99,140568,96.654,5.7,0
01-30-15,1257.5465,1284.859,1257.168,1283.956,20.97,0.03,94.804,1.12853,0.06,1279.2,19.65,117.535,234.747,111.99,140568,96.654,5.7,1
02-02-15,1283.956,1283.956,1266.328,1274.271,19.43,0.03,94.504,1.13409,0.12,1276.9,20.33,117.5985,235.342,111.92,140827,96.825,5.5,0
02-03-15,1274.271,1286.1925,1255.6035,1260.355,17.33,0.09,93.6,1.14788,0.12,1260.3,20.3,117.569,235.342,111.92,140827,96.825,5.5,0
02-04-15,1260.355,1272.987,1256.6815,1269.155,18.33,0.1,93.986,1.1345,0.11,1264.5,20.36,117.262,235.342,111.92,140827,96.825,5.5,1
02-05-15,1269.155,1274.482,1256.197,1264.7785,16.85,0.13,93.569,1.147765,0.12,1262.7,20.06,117.5295,235.342,111.92,140827,96.825,5.5,0
02-06-15,1264.7785,1268.9005,1228.376,1234.459,17.29,0.24,94.698,1.131695,0.11,1234.6,20.59,119.134,235.342,111.92,140827,96.825,5.5,0
02-09-15,1234.459,1243.7905,1234.3515,1239.1065,18.55,0.25,94.449,1.1325,0.12,1241.5,20.3,118.633,235.342,111.92,140827,96.825,5.5,1
02-10-15,1239.1065,1245.959,1230.9885,1233.507,17.23,0.31,94.758,1.13222,0.12,1232.2,19.71,119.423,235.342,111.92,140827,96.825,5.5,0
02-11-15,1233.507,1238.89,1216.657,1218.7325,16.96,0.32,94.985,1.13364,0.12,1219.6,20.07,120.4615,235.342,111.92,140827,96.825,5.5,0
02-12-15,1218.7325,1233.256,1216.884,1222.064,15.34,0.33,94.094,1.140245,0.12,1220.7,19.31,119.109,235.342,111.92,140827,96.825,5.5,1
02-13-15,1222.064,1235.0755,1221.83,1229.776,14.69,0.34,94.201,1.13915,0.12,1227.1,18.49,118.799,235.342,111.92,140827,96.825,5.5,1
02-16-15,1229.776,1237.151,1227.6,1231.182,14.69,0.34,94.201,1.13544,0.12,1227.1,18.49,118.4805,235.342,111.92,140827,96.825,5.5,1
02-17-15,1231.182,1234.079,1203.865,1209.8575,15.8,0.43,94.061,1.14111,0.12,1208.6,19.61,119.2415,235.342,111.92,140827,96.825,5.5,0
02-18-15,1209.8575,1213.676,1197.654,1212.476,15.45,0.36,94.198,1.13967,0.12,1200.2,19.54,118.7855,235.342,111.92,140827,96.825,5.5,1
02-19-15,1212.476,1223.1525,1205.474,1206.7945,15.29,0.37,94.404,1.13677,0.12,1207.6,18.62,118.943,235.342,111.92,140827,96.825,5.5,0
02-20-15,1206.7945,1215.5615,1198.1755,1201.618,14.3,0.38,94.253,1.137865,0.12,1204.9,19.26,119.011,235.342,111.92,140827,96.825,5.5,0
02-23-15,1201.618,1210.5215,1190.568,1201.8985,14.56,0.34,94.569,1.13347,0.11,1200.8,19.4,118.813,235.342,111.92,140827,96.825,5.5,1
02-24-15,1201.8985,1204.64,1190.39,1200.599,13.69,0.27,94.493,1.133955,0.11,1197.3,18.77,118.9805,235.342,111.92,140827,96.825,5.5,0
02-25-15,1200.599,1211.9155,1200.129,1205.015,13.84,0.24,94.213,1.13611,0.11,1201.5,17.4,118.866,235.342,111.92,140827,96.825,5.5,1
02-26-15,1205.015,1220.115,1203.703,1209.3555,13.91,0.24,95.292,1.11987,0.11,1210.1,16.65,119.4185,235.342,111.92,140827,96.825,5.5,1
02-27-15,1209.3555,1219.485,1204.545,1213.1405,13.34,0.17,95.293,1.119675,0.06,1213.1,15.91,119.606,235.342,111.92,140827,96.825,5.5,1
03-02-15,1213.1405,1223.353,1204.7785,1207.0465,13.04,0.25,95.462,1.11836,0.12,1208.2,16.38,120.1315,235.976,104.24,140923,97.008,5.4,0
03-03-15,1207.0465,1214.9195,1195.4875,1203.8205,13.86,0.26,95.383,1.117665,0.12,1204.4,16.76,119.7255,235.976,104.24,140923,97.008,5.4,0
03-04-15,1203.8205,1209.089,1198.367,1200.3425,14.23,0.25,95.965,1.10791,0.11,1200.9,16.66,119.691,235.976,104.24,140923,97.008,5.4,0
03-05-15,1200.3425,1209.563,1196.6125,1198.389,14.04,0.27,96.378,1.10298,0.11,1196.2,16.9,120.134,235.976,104.24,140923,97.008,5.4,0
03-06-15,1198.389,1200.7815,1163.884,1167.337,15.2,0.41,97.615,1.084355,0.12,1164.3,18.43,120.827,235.976,104.24,140923,97.008,5.4,0
03-09-15,1167.337,1175.507,1165.946,1167.284,15.06,0.44,97.588,1.085205,0.12,1166.5,17.58,121.148,235.976,104.24,140923,97.008,5.4,0
03-10-15,1167.284,1170.6085,1155.186,1161.831,16.69,0.41,98.618,1.069835,0.12,1160.1,18.97,121.146,235.976,104.24,140923,97.008,5.4,0
03-11-15,1161.831,1165.3285,1147.6595,1155.2835,16.87,0.39,99.795,1.05472,0.11,1150.6,20.01,121.4515,235.976,104.24,140923,97.008,5.4,0
03-12-15,1155.2835,1166.751,1148.625,1153.7165,15.42,0.39,99.435,1.06356,0.11,1151.9,19.07,121.284,235.976,104.24,140923,97.008,5.4,0
03-13-15,1153.7165,1161.888,1151.5475,1158.6,16.42,0.44,100.33,1.0496,0.11,1152.4,18.9,121.3845,235.976,104.24,140923,97.008,5.4,1
03-16-15,1158.6,1164.1935,1150.4645,1154.7305,15.61,0.45,99.604,1.05694,0.12,1153.2,19.14,121.3405,235.976,104.24,140923,97.008,5.4,0
03-17-15,1154.7305,1160.1115,1142.7585,1149.531,15.66,0.42,99.585,1.05974,0.12,1148.2,20.83,121.3725,235.976,104.24,140923,97.008,5.4,0
03-18-15,1149.531,1175.9215,1146.044,1167.686,13.97,0.23,98.55,1.086505,0.11,1151.3,18.65,120.118,235.976,104.24,140923,97.008,5.4,1
03-19-15,1167.686,1178.013,1159.7395,1171.208,14.07,0.19,99.26,1.065945,0.12,1169.3,17.25,120.774,235.976,104.24,140923,97.008,5.4,1
03-20-15,1171.208,1188.067,1168.891,1182.6095,13.02,0.17,97.909,1.08216,0.12,1184.6,17.21,120.0695,235.976,104.24,140923,97.008,5.4,1
03-23-15,1182.6095,1191.722,1179.4125,1189.4935,13.41,0.17,97.033,1.094575,0.12,1187.7,17.26,119.7245,235.976,104.24,140923,97.008,5.4,1
03-24-15,1189.4935,1195.1715,1185.5085,1193.314,13.62,0.11,97.193,1.09247,0.11,1191.4,16.84,119.7525,235.976,104.24,140923,97.008,5.4,1
03-25-15,1193.314,1199.789,1186.804,1195.41,15.44,0.12,96.979,1.09697,0.12,1197.4,16.38,119.4935,235.976,104.24,140923,97.008,5.4,1
03-26-15,1195.41,1219.9995,1194.6255,1204.785,15.8,0.21,97.436,1.08845,0.11,1204.8,16.02,119.189,235.976,104.24,140923,97.008,5.4,1
03-27-15,1204.785,1206.3735,1192.6795,1198.8125,15.07,0.19,97.291,1.08907,0.12,1199.8,15.83,119.1265,235.976,104.24,140923,97.008,5.4,0
03-30-15,1198.8125,1199.912,1182.5215,1186.1575,14.51,0.23,97.975,1.083405,0.12,1185.3,16.64,120.0675,235.976,104.24,140923,97.008,5.4,0
03-31-15,1186.1575,1190.8885,1178.55,1183.6445,15.29,0.18,98.357,1.07313,0.06,1183.2,16.34,120.142,235.976,104.24,140923,97.008,5.4,0
04-01-15,1183.6445,1208.715,1180.99,1204.091,15.11,0.07,98.185,1.07627,0.12,1208.2,16.04,119.752,236.222,102.19,141196,97.094,5.4,1
04-02-15,1204.091,1207.4395,1195.0115,1202.704,14.67,0.11,97.436,1.08802,0.12,1200.9,16.01,119.7235,236.222,102.19,141196,97.094,5.4,0
04-03-15,1202.704,1203.206,1202.055,1203.206,14.67,0.02,97.436,1.09738,0.12,1200.9,16.01,118.992,236.222,102.19,141196,97.094,5.4,1
04-06-15,1203.206,1224.3095,1203.206,1214.84,14.74,0.07,96.777,1.092205,0.13,1218.6,15.74,119.536,236.222,102.19,141196,97.094,5.4,1
04-07-15,1214.84,1215.9195,1207.6165,1209.192,14.78,0.04,97.83,1.081455,0.12,1210.6,15.2,120.2665,236.222,102.19,141196,97.094,5.4,0
04-08-15,1209.192,1212.497,1197.5735,1202.6105,13.98,0.08,97.94,1.078065,0.12,1203.1,14.79,120.1315,236.222,102.19,141196,97.094,5.4,0
04-09-15,1202.6105,1203.572,1192.725,1194.8465,13.09,0.13,99.155,1.06595,0.12,1193.6,15.79,120.58,236.222,102.19,141196,97.094,5.4,0
04-10-15,1194.8465,1210.8795,1193.3335,1207.7495,12.58,0.14,99.338,1.060185,0.12,1204.6,14.23,120.198,236.222,102.19,141196,97.094,5.4,1
04-13-15,1207.7495,1209.648,1196.472,1198.805,13.94,0.14,99.49,1.0567,0.13,1199.3,14.79,120.1415,236.222,102.19,141196,97.094,5.4,0
04-14-15,1198.805,1201.617,1184.0995,1192.8055,13.67,0.1,98.733,1.0655,0.13,1192.6,15.18,119.397,236.222,102.19,141196,97.094,5.4,0
04-15-15,1192.8055,1204.7255,1188.982,1202.603,12.84,0.07,98.319,1.06838,0.13,1201.3,14.6,119.1395,236.222,102.19,141196,97.094,5.4,1
04-16-15,1202.603,1209.2315,1194.861,1198.5895,12.6,0.05,97.415,1.07613,0.13,1198.3,14.54,119.003,236.222,102.19,141196,97.094,5.4,0
04-17-15,1198.5895,1207.9885,1197.5315,1204.4205,13.89,-0.02,97.52,1.08067,0.13,1203.1,14.47,118.919,236.222,102.19,141196,97.094,5.4,1
04-20-15,1204.4205,1209.47,1191.5075,1195.8065,13.3,0.01,97.941,1.07375,0.13,1193.7,15.39,119.1875,236.222,102.19,141196,97.094,5.4,0
04-21-15,1195.8065,1204.3755,1193.2065,1202.497,13.25,0.06,98.004,1.073575,0.13,1203.1,15.04,119.6645,236.222,102.19,141196,97.094,5.4,1
04-22-15,1202.497,1205.069,1185.808,1187.0765,12.71,0.12,97.932,1.07251,0.13,1186.9,15.79,119.908,236.222,102.19,141196,97.094,5.4,0
04-23-15,1187.0765,1198.0965,1184.464,1194.043,12.48,0.07,97.278,1.082375,0.13,1194.3,15.87,119.5855,236.222,102.19,141196,97.094,5.4,1
04-24-15,1194.043,1196.104,1175.3835,1179.482,12.29,0.04,96.922,1.08749,0.13,1175.3,16.39,118.966,236.222,102.19,141196,97.094,5.4,0
04-27-15,1179.482,1207.371,1178.767,1202.052,13.12,0.03,96.765,1.088915,0.13,1203.2,16.42,119.0395,236.222,102.19,141196,97.094,5.4,1
04-28-15,1202.052,1215.187,1199.2925,1212.1115,12.41,0.11,96.092,1.09815,0.13,1213.9,16.19,118.8755,236.222,102.19,141196,97.094,5.4,1
04-29-15,1212.1115,1214.122,1201.484,1204.668,13.39,0.14,95.209,1.11283,0.13,1210.9,15.95,119.0165,236.222,102.19,141196,97.094,5.4,0
04-30-15,1204.668,1207.679,1177.148,1184.393,14.55,0.11,94.6,1.122255,0.08,1182.4,16.76,119.3725,236.222,102.19,141196,97.094,5.4,0
05-01-15,1184.393,1185.315,1170.193,1178.4675,12.7,0.18,95.297,1.119745,0.13,1174.5,17.29,120.21,237.001,76.26,141538,97.327,5.6,0
05-04-15,1178.4675,1192.9555,1177.8405,1188.413,12.85,0.24,95.48,1.114755,0.13,1186.8,17.62,120.1215,237.001,76.26,141538,97.327,5.6,1
05-05-15,1188.413,1199.9925,1185.807,1193.327,14.31,0.25,95.076,1.11852,0.13,1193.2,17.15,119.8615,237.001,76.26,141538,97.327,5.6,1
05-06-15,1193.327,1197.7785,1188.3765,1192.2205,15.15,0.34,94.087,1.134735,0.13,1190.3,17.53,119.4615,237.001,76.26,141538,97.327,5.6,0
05-07-15,1192.2205,1192.9745,1178.947,1184.5655,15.13,0.3,94.635,1.12669,0.13,1182.2,17.91,119.7445,237.001,76.26,141538,97.327,5.6,0
05-08-15,1184.5655,1194.022,1181.695,1188.4105,12.86,0.28,94.794,1.12035,0.13,1188.9,15.84,119.794,237.001,76.26,141538,97.327,5.6,1
05-11-15,1188.4105,1191.921,1178.97,1184.0005,13.85,0.4,95.011,1.115495,0.13,1183.9,15.94,120.082,237.001,76.26,141538,97.327,5.6,0
05-12-15,1184.0005,1197.372,1180.794,1193.92,13.86,0.4,94.534,1.12132,0.13,1192.4,15.63,119.863,237.001,76.26,141538,97.327,5.6,1
05-13-15,1193.92,1219.038,1191.341,1215.747,13.76,0.41,93.617,1.13544,0.13,1218.2,15.93,119.149,237.001,76.26,141538,97.327,5.6,1
05-14-15,1215.747,1227.6985,1212.4765,1221.1385,12.74,0.36,93.457,1.141,0.13,1225.2,16.21,119.17,237.001,76.26,141538,97.327,5.6,1
05-15-15,1221.1385,1226.3395,1211.179,1224.068,12.38,0.31,93.135,1.144805,0.13,1225.3,15.48,119.348,237.001,76.26,141538,97.327,5.6,1
05-18-15,1224.068,1232.473,1221.742,1225.4645,12.73,0.37,94.221,1.1315,0.13,1227.6,15.81,119.9845,237.001,76.26,141538,97.327,5.6,1
05-19-15,1225.4645,1226.053,1205.833,1207.822,12.85,0.42,95.267,1.114875,0.12,1206.7,15.88,120.685,237.001,76.26,141538,97.327,5.6,0
05-20-15,1207.822,1213.608,1203.367,1209.864,12.88,0.38,95.448,1.10941,0.12,1208.7,15.25,121.3635,237.001,76.26,141538,97.327,5.6,1
05-21-15,1209.864,1212.8815,1201.594,1206.256,12.11,0.35,95.255,1.11124,0.12,1204.1,14.62,121.0235,237.001,76.26,141538,97.327,5.6,0
05-22-15,1206.256,1215.0695,1201.617,1205.9725,12.13,0.34,96.014,1.101245,0.13,1204.1,14.19,121.5345,237.001,76.26,141538,97.327,5.6,0
05-25-15,1205.9725,1208.7405,1202.949,1207.2085,12.13,0.34,96.014,1.09775,0.13,1204.1,14.19,121.559,237.001,76.26,141538,97.327,5.6,1
05-26-15,1207.2085,1207.628,1185.6145,1187.358,14.06,0.32,97.299,1.087225,0.12,1186.9,15.22,123.121,237.001,76.26,141538,97.327,5.6,0
05-27-15,1187.358,1191.078,1183.7335,1188.061,13.27,0.34,97.371,1.090395,0.12,1185.6,14.08,123.664,237.001,76.26,141538,97.327,5.6,1
05-28-15,1188.061,1192.279,1180.2165,1188.2025,13.31,0.33,96.965,1.0948,0.12,1188.8,14.51,123.951,237.001,76.26,141538,97.327,5.6,1
05-29-15,1188.2025,1194.4495,1185.845,1190.4235,13.84,0.32,96.907,1.09909,0.08,1189.8,13.99,124.146,237.001,76.26,141538,97.327,5.6,1
06-01-15,1190.4235,1204.473,1184.4855,1189.2445,13.97,0.39,97.392,1.09265,0.12,1188.7,14.88,124.789,237.657,85.91,141709,97.516,5.3,0
06-02-15,1189.2445,1196.4105,1185.986,1193.074,14.24,0.44,95.835,1.115085,0.12,1194.4,14.86,124.114,237.657,85.91,141709,97.516,5.3,1
06-03-15,1193.074,1195.5745,1179.5155,1185.002,13.66,0.55,95.465,1.127485,0.13,1184.9,15.15,124.2285,237.657,85.91,141709,97.516,5.3,0
06-04-15,1185.002,1186.38,1173.0265,1176.814,14.71,0.5,95.461,1.123845,0.13,1175.2,16.01,124.3685,237.657,85.91,141709,97.516,5.3,0
06-05-15,1176.814,1178.6645,1162.786,1172.0125,14.21,0.55,96.306,1.11137,0.13,1168.1,15.12,125.599,237.657,85.91,141709,97.516,5.3,0
06-08-15,1172.0125,1177.7555,1169.2015,1174.101,15.29,0.54,95.299,1.129155,0.13,1173.6,15.14,124.4905,237.657,85.91,141709,97.516,5.3,1
06-09-15,1174.101,1183.063,1172.614,1176.865,14.47,0.56,95.166,1.12824,0.13,1177.6,14.83,124.352,237.657,85.91,141709,97.516,5.3,1
06-10-15,1176.865,1192.4155,1175.2835,1186.06,13.22,0.63,94.646,1.13241,0.13,1186.6,14.37,122.6735,237.657,85.91,141709,97.516,5.3,1
06-11-15,1186.06,1188.1365,1175.601,1181.992,12.85,0.56,94.976,1.12579,0.13,1180.4,14.3,123.429,237.657,85.91,141709,97.516,5.3,0
06-12-15,1181.992,1184.5265,1176.513,1181.6945,13.78,0.55,94.972,1.126895,0.13,1179.2,13.99,123.407,237.657,85.91,141709,97.516,5.3,0
06-15-15,1181.6945,1190.666,1172.9045,1186.314,15.39,0.51,94.81,1.12834,0.13,1185.8,14.34,123.3945,237.657,85.91,141709,97.516,5.3,1
06-16-15,1186.314,1187.9765,1176.1945,1182.153,14.81,0.44,94.999,1.124835,0.14,1180.9,14.36,123.355,237.657,85.91,141709,97.516,5.3,0
06-17-15,1182.153,1189.4585,1174.73,1185.671,14.5,0.42,94.296,1.133725,0.14,1176.8,13.58,123.442,237.657,85.91,141709,97.516,5.3,1
06-18-15,1185.671,1205.973,1183.739,1201.8835,13.19,0.46,94.042,1.13639,0.14,1202.8,13.53,122.9555,237.657,85.91,141709,97.516,5.3,1
06-19-15,1201.8835,1204.3075,1198.498,1200.2985,13.96,0.4,94.085,1.13496,0.13,1201.9,13.26,122.709,237.657,85.91,141709,97.516,5.3,0
06-22-15,1200.2985,1201.2095,1182.276,1185.939,12.74,0.47,94.329,1.13405,0.13,1184.1,13.85,123.3675,237.657,85.91,141709,97.516,5.3,0
06-23-15,1185.939,1188.2465,1176.362,1178.6635,12.11,0.5,95.432,1.11674,0.13,1176.6,13.89,123.9445,237.657,85.91,141709,97.516,5.3,0
06-24-15,1178.6635,1180.3825,1169.39,1175.4905,13.26,0.48,95.264,1.12053,0.13,1172.9,13.83,123.849,237.657,85.91,141709,97.516,5.3,0
06-25-15,1175.4905,1178.2235,1171.5435,1173.175,14.01,0.49,95.187,1.12047,0.13,1171.8,13.12,123.6205,237.657,85.91,141709,97.516,5.3,0
06-26-15,1173.175,1178.7665,1168.5415,1175.3875,14.02,0.57,95.472,1.11732,0.13,1173.2,13.22,123.846,237.657,85.91,141709,97.516,5.3,1
06-29-15,1175.3875,1188.2825,1173.8835,1179.809,18.85,0.46,94.79,1.123585,0.14,1179.2,14.5,122.5445,237.657,85.91,141709,97.516,5.3,1
06-30-15,1179.809,1180.6275,1166.9195,1172.37,18.23,0.48,95.485,1.11381,0.08,1171.8,15.34,122.499,237.657,85.91,141709,97.516,5.3,0
07-01-15,1172.37,1175.1695,1167.6805,1168.8585,16.09,0.54,96.31,1.1053,0.13,1169.3,14.86,123.175,238.034,106.81,141991,97.605,5.2,0
07-02-15,1168.8585,1169.9955,1157.1515,1166.2195,16.79,0.49,96.113,1.10838,0.13,1163.5,14.42,123.0615,238.034,106.81,141991,97.605,5.2,0
07-03-15,1166.2195,1170.362,1164.793,1168.902,16.79,0.49,96.113,1.11138,0.13,1163.5,14.42,122.771,238.034,106.81,141991,97.605,5.2,1
07-06-15,1168.902,1175.668,1162.977,1170.296,17.01,0.43,96.298,1.105615,0.13,1173.2,14.25,122.571,238.034,106.81,141991,97.605,5.2,1
07-07-15,1170.296,1170.826,1148.073,1155.2135,16.09,0.4,96.865,1.101115,0.13,1152.6,15.23,122.5285,238.034,106.81,141991,97.605,5.2,0
07-08-15,1155.2135,1164.8055,1147.2865,1158.245,19.66,0.39,96.294,1.10767,0.13,1163.5,15.78,120.7,238.034,106.81,141991,97.605,5.2,1
07-09-15,1158.245,1167.905,1156.106,1159.2795,19.97,0.47,96.606,1.103705,0.13,1159.2,15.47,121.3385,238.034,106.81,141991,97.605,5.2,1
07-10-15,1159.2795,1165.5155,1157.614,1163.647,16.83,0.55,96.025,1.11552,0.13,1157.9,14.42,122.798,238.034,106.81,141991,97.605,5.2,1
07-13-15,1163.647,1165.1005,1151.1335,1157.999,13.9,0.58,96.858,1.10012,0.13,1155.4,13.43,123.4305,238.034,106.81,141991,97.605,5.2,0
07-14-15,1157.999,1159.9005,1153.06,1156.011,13.37,0.56,96.643,1.10088,0.13,1153.5,13.25,123.388,238.034,106.81,141991,97.605,5.2,0
07-15-15,1156.011,1156.9475,1143.297,1149.415,13.23,0.52,97.166,1.09481,0.13,1147.4,14.35,123.7675,238.034,106.81,141991,97.605,5.2,0
07-16-15,1149.415,1149.875,1142.2865,1145.4645,12.11,0.52,97.668,1.087465,0.14,1143.9,14.05,124.146,238.034,106.81,141991,97.605,5.2,0
07-17-15,1145.4645,1145.915,1131.1495,1134.4725,11.95,0.51,97.862,1.082975,0.13,1131.9,16.32,124.064,238.034,106.81,141991,97.605,5.2,0
07-20-15,1134.4725,1134.4725,1072.2495,1096.341,12.25,0.56,98.029,1.082485,0.14,1106.8,19.73,124.282,238.034,106.81,141991,97.605,5.2,0
07-21-15,1096.341,1110.0165,1096.187,1101.49,12.22,0.53,97.328,1.09384,0.13,1103.5,19.56,123.888,238.034,106.81,141991,97.605,5.2,1
07-22-15,1101.49,1103.775,1087.1425,1094.3395,12.12,0.53,97.598,1.09289,0.13,1091.5,19.59,123.9645,238.034,106.81,141991,97.605,5.2,0
07-23-15,1094.3395,1105.895,1087.353,1090.6735,12.64,0.49,97.115,1.098225,0.13,1094.1,19.39,123.909,238.034,106.81,141991,97.605,5.2,0
07-24-15,1090.6735,1101.7435,1076.168,1099.534,13.74,0.51,97.244,1.09825,0.13,1085.5,19.27,123.8035,238.034,106.81,141991,97.605,5.2,1
07-27-15,1099.534,1105.157,1088.616,1094.1055,15.6,0.5,96.502,1.108765,0.14,1096.4,20.06,123.2505,238.034,106.81,141991,97.605,5.2,0
07-28-15,1094.1055,1099.1485,1091.722,1095.347,13.44,0.51,96.772,1.105995,0.14,1096.2,18.4,123.5545,238.034,106.81,141991,97.605,5.2,1
07-29-15,1095.347,1102.155,1090.4765,1096.9735,12.5,0.52,96.976,1.09843,0.14,1092.6,17.22,123.941,238.034,106.81,141991,97.605,5.2,1
07-30-15,1096.9735,1098.753,1082.6645,1088.6245,12.13,0.51,97.56,1.093235,0.14,1088.7,17.07,124.145,238.034,106.81,141991,97.605,5.2,0
07-31-15,1088.6245,1103.631,1080.1555,1095.5685,12.12,0.46,97.336,1.098495,0.08,1095.1,16.79,123.859,238.034,106.81,141991,97.605,5.2,1
08-03-15,1095.5685,1098.152,1085.975,1086.915,12.56,0.46,97.494,1.095,0.14,1089.4,17.58,124.035,238.033,82.48,142125,97.612,5.1,0
08-04-15,1086.915,1095.0615,1081.085,1087.68,13.56,0.52,97.931,1.08816,0.14,1090.7,17.24,124.3805,238.033,82.48,142125,97.612,5.1,1
08-05-15,1087.68,1092.6485,1083.0795,1085.138,12.51,0.58,97.958,1.09059,0.14,1085.6,17.74,124.8685,238.033,82.48,142125,97.612,5.1,0
08-06-15,1085.138,1094.199,1083.5895,1089.593,13.77,0.56,97.833,1.092485,0.14,1090.1,17.25,124.734,238.033,82.48,142125,97.612,5.1,1
08-07-15,1089.593,1099.679,1082.511,1094.175,13.39,0.52,97.563,1.096625,0.14,1094.1,16.59,124.2175,238.033,82.48,142125,97.612,5.1,1
08-10-15,1094.175,1109.1425,1089.744,1104.5525,12.23,0.55,97.159,1.10185,0.14,1104.1,16.41,124.627,238.033,82.48,142125,97.612,5.1,1
08-11-15,1104.5525,1119.6595,1093.9575,1108.951,13.71,0.49,97.29,1.10419,0.15,1107.7,16.53,125.1245,238.033,82.48,142125,97.612,5.1,1
08-12-15,1108.951,1126.033,1101.97,1124.534,13.61,0.52,96.262,1.11607,0.15,1123.6,16.8,124.2105,238.033,82.48,142125,97.612,5.1,1
08-13-15,1124.534,1126.925,1113.691,1115.213,13.49,0.57,96.445,1.1151,0.15,1115.6,15.84,124.4325,238.033,82.48,142125,97.612,5.1,0
08-14-15,1115.213,1121.1505,1111.8655,1114.921,12.83,0.58,96.52,1.110965,0.14,1112.7,15.59,124.333,238.033,82.48,142125,97.612,5.1,0
08-17-15,1114.921,1122.9375,1113.8115,1117.5265,13.02,0.58,96.806,1.10765,0.15,1118.4,15.4,124.3875,238.033,82.48,142125,97.612,5.1,1
08-18-15,1117.5265,1121.2305,1109.5725,1117.6475,13.79,0.62,97.04,1.10256,0.15,1116.9,15.84,124.4095,238.033,82.48,142125,97.612,5.1,1
08-19-15,1117.6475,1134.9395,1116.412,1133.9935,15.25,0.55,96.359,1.112065,0.15,1127.9,15.96,123.797,238.033,82.48,142125,97.612,5.1,1
08-20-15,1133.9935,1154.1395,1132.7405,1152.133,19.14,0.53,95.98,1.124105,0.15,1153.2,16.87,123.4045,238.033,82.48,142125,97.612,5.1,1
08-21-15,1152.133,1168.389,1149.044,1161.1095,28.03,0.52,95.008,1.138715,0.15,1159.6,18.48,122.031,238.033,82.48,142125,97.612,5.1,1
08-24-15,1161.1095,1170.28,1146.0055,1155.0755,40.74,0.52,93.332,1.161975,0.15,1153.6,21.26,118.429,238.033,82.48,142125,97.612,5.1,0
08-25-15,1155.0755,1156.7305,1134.7405,1140.6475,36.02,0.59,94.53,1.151625,0.15,1138.3,20.2,118.872,238.033,82.48,142125,97.612,5.1,0
08-26-15,1140.6475,1146.571,1117.7665,1125.153,30.32,0.65,95.1,1.13147,0.14,1124.6,20.03,119.911,238.033,82.48,142125,97.612,5.1,0
08-27-15,1125.153,1129.403,1118.201,1124.882,26.1,0.6,95.61,1.124615,0.14,1122.6,18.74,121.0255,238.033,82.48,142125,97.612,5.1,0
08-28-15,1124.882,1140.959,1123.911,1133.744,26.05,0.58,96.106,1.118445,0.14,1134.6,18.8,121.73,238.033,82.48,142125,97.612,5.1,1
08-31-15,1133.744,1136.821,1125.779,1134.9415,28.43,0.58,95.824,1.12111,0.08,1132.5,19.34,121.2255,238.033,82.48,142125,97.612,5.1,1
09-01-15,1134.9415,1148.0765,1134.408,1140.2705,31.4,0.6,95.45,1.131535,0.14,1139.8,19.65,119.38,237.498,98.77,142275,97.477,5.1,1
09-02-15,1140.2705,1142.5345,1132.137,1134.112,26.09,0.64,95.828,1.122675,0.14,1133.6,18.65,120.334,237.498,98.77,142275,97.477,5.1,0
09-03-15,1134.112,1134.395,1121.876,1125.384,25.61,0.64,96.405,1.11236,0.14,1124.5,18.57,120.059,237.498,98.77,142275,97.477,5.1,0
09-04-15,1125.384,1133.333,1116.519,1121.578,27.8,0.62,96.229,1.1149,0.14,1121.4,18.62,119.018,237.498,98.77,142275,97.477,5.1,0
09-07-15,1121.578,1124.981,1116.0655,1119.221,27.8,0.62,96.229,1.117005,0.14,1121.4,18.62,119.2775,237.498,98.77,142275,97.477,5.1,0
09-08-15,1119.221,1126.9425,1118.7465,1121.538,24.9,0.67,95.985,1.12024,0.14,1121.4,18.31,119.815,237.498,98.77,142275,97.477,5.1,1
09-09-15,1121.538,1125.5175,1101.3505,1108.0265,26.23,0.65,96.012,1.12073,0.14,1102.4,17.8,120.5015,237.498,98.77,142275,97.477,5.1,0
09-10-15,1108.0265,1115.19,1103.822,1110.684,24.37,0.64,95.456,1.12791,0.14,1109.3,16.89,120.6225,237.498,98.77,142275,97.477,5.1,1
09-11-15,1110.684,1113.003,1098.795,1107.7665,23.2,0.61,95.194,1.133805,0.14,1103.3,17.38,120.579,237.498,98.77,142275,97.477,5.1,0
09-14-15,1107.7665,1110.661,1103.6045,1108.904,24.25,0.62,95.246,1.13166,0.14,1107.7,17.63,120.235,237.498,98.77,142275,97.477,5.1,1
09-15-15,1108.904,1109.565,1102.545,1105.227,22.54,0.72,95.611,1.12686,0.14,1102.6,17.69,120.4195,237.498,98.77,142275,97.477,5.1,0
09-16-15,1105.227,1124.324,1104.111,1119.5005,21.35,0.73,95.42,1.12914,0.14,1119.6,18.05,120.5645,237.498,98.77,142275,97.477,5.1,1
09-17-15,1119.5005,1136.1125,1115.492,1131.4965,21.14,0.63,94.55,1.14345,0.14,1117.6,16.63,120.005,237.498,98.77,142275,97.477,5.1,1
09-18-15,1131.4965,1141.9215,1127.6575,1139.059,22.28,0.58,94.863,1.130035,0.14,1137.8,16.46,119.9855,237.498,98.77,142275,97.477,5.1,1
09-21-15,1139.059,1140.122,1129.6365,1133.4425,20.14,0.66,95.894,1.118895,0.14,1132.8,16.59,120.5585,237.498,98.77,142275,97.477,5.1,0
09-22-15,1133.4425,1136.7925,1121.3945,1124.7665,22.44,0.63,96.283,1.112755,0.14,1124.8,17.35,120.161,237.498,98.77,142275,97.477,5.1,0
09-23-15,1124.7665,1134.3695,1122.0135,1130.229,22.13,0.64,96.068,1.118525,0.14,1131.5,17.34,120.274,237.498,98.77,142275,97.477,5.1,1
09-24-15,1130.229,1156.7635,1128.826,1153.956,23.47,0.64,95.994,1.123275,0.14,1153.8,19.26,120.0595,237.498,98.77,142275,97.477,5.1,1
09-25-15,1153.956,1153.956,1140.7905,1146.2295,23.62,0.71,96.269,1.119795,0.13,1145.6,18.33,120.6005,237.498,98.77,142275,97.477,5.1,0
09-28-15,1146.2295,1148.3695,1128.091,1132.2515,27.63,0.71,96.034,1.12441,0.13,1131.7,18.28,119.9245,237.498,98.77,142275,97.477,5.1,0
09-29-15,1132.2515,1134.927,1124.294,1127.348,26.83,0.66,95.855,1.12491,0.13,1126.8,17.67,119.739,237.498,98.77,142275,97.477,5.1,0
09-30-15,1127.348,1128.227,1111.7775,1114.866,24.5,0.65,96.35,1.11768,0.07,1115.2,17.47,119.8815,237.498,98.77,142275,97.477,5.1,0
10-01-15,1114.866,1119.3095,1111.2205,1113.551,22.55,0.59,96.185,1.119435,0.13,1113.7,16.9,119.9245,237.733,91.93,142579,97.477,5.1,0
10-02-15,1113.551,1141.418,1104.735,1138.492,20.94,0.51,95.83,1.121205,0.13,1136.6,16.71,119.9355,237.733,91.93,142579,97.477,5.1,1
10-05-15,1138.492,1142.129,1130.214,1135.669,19.54,0.56,96.106,1.118795,0.13,1137.6,16.68,120.463,237.733,91.93,142579,97.477,5.1,0
10-06-15,1135.669,1151.3925,1135.0905,1147.372,19.4,0.53,95.455,1.127115,0.13,1146.4,17.54,120.2275,237.733,91.93,142579,97.477,5.1,1
10-07-15,1147.372,1154.023,1141.9505,1145.504,18.4,0.53,95.497,1.123735,0.13,1148.7,17.13,120.0135,237.733,91.93,142579,97.477,5.1,0
10-08-15,1145.504,1151.4565,1136.7265,1139.2125,17.42,0.54,95.318,1.127615,0.13,1144.3,16.91,119.934,237.733,91.93,142579,97.477,5.1,0
10-09-15,1139.2125,1159.741,1138.798,1156.36,17.08,0.58,94.813,1.135845,0.13,1155.9,16.92,120.223,237.733,91.93,142579,97.477,5.1,1
10-12-15,1156.36,1169.123,1154.9655,1163.876,16.17,0.58,94.841,1.13586,0.13,1164.5,16.24,120.035,237.733,91.93,142579,97.477,5.1,1
10-13-15,1163.876,1168.8465,1151.942,1168.7245,17.67,0.54,94.759,1.1379,0.13,1165.4,17.14,119.7425,237.733,91.93,142579,97.477,5.1,1
10-14-15,1168.7245,1189.927,1162.905,1184.1185,18.03,0.5,93.931,1.147365,0.13,1179.8,18.35,118.834,237.733,91.93,142579,97.477,5.1,1
10-15-15,1184.1185,1191.653,1174.1795,1183.235,16.05,0.54,94.371,1.13847,0.13,1187.5,17.9,118.8955,237.733,91.93,142579,97.477,5.1,0
10-16-15,1183.235,1184.6675,1174.51,1176.7425,15.05,0.56,94.54,1.13487,0.13,1183.1,16.59,119.4505,237.733,91.93,142579,97.477,5.1,0
10-19-15,1176.7425,1178.417,1168.695,1170.8545,14.98,0.59,94.928,1.13274,0.13,1172.8,16.94,119.499,237.733,91.93,142579,97.477,5.1,0
10-20-15,1170.8545,1181.0175,1167.5245,1176.144,15.75,0.6,94.913,1.13459,0.13,1177.5,16.79,119.842,237.733,91.93,142579,97.477,5.1,1
10-21-15,1176.144,1179.385,1163.603,1167.307,16.7,0.59,95.035,1.13388,0.13,1167.1,15.9,119.927,237.733,91.93,142579,97.477,5.1,0
10-22-15,1167.307,1171.942,1162.677,1165.6795,14.45,0.57,96.378,1.11086,0.12,1166.1,15.59,120.6935,237.733,91.93,142579,97.477,5.1,0
10-23-15,1165.6795,1179.525,1159.0165,1164.4585,14.46,0.58,97.127,1.10175,0.12,1162.8,15.59,121.467,237.733,91.93,142579,97.477,5.1,0
10-26-15,1164.4585,1169.807,1162.3165,1163.462,15.29,0.59,96.861,1.105855,0.12,1166.2,15.78,121.0955,237.733,91.93,142579,97.477,5.1,0
10-27-15,1163.462,1168.859,1160.736,1166.8115,15.43,0.57,96.906,1.10453,0.12,1165.8,15.3,120.459,237.733,91.93,142579,97.477,5.1,1
10-28-15,1166.8115,1183.08,1152.357,1155.845,14.33,0.63,97.782,1.092375,0.12,1176.1,15.63,121.09,237.733,91.93,142579,97.477,5.1,0
10-29-15,1155.845,1162.7785,1144.868,1146.2565,14.61,0.67,97.282,1.097725,0.12,1147.3,15.77,121.1255,237.733,91.93,142579,97.477,5.1,0
10-30-15,1146.2565,1150.1605,1138.932,1142.173,15.07,0.63,96.946,1.100625,0.07,1141.4,15.39,120.6125,237.733,91.93,142579,97.477,5.1,0
11-02-15,1142.173,1143.1005,1132.8125,1133.651,14.15,0.65,96.928,1.101545,0.12,1135.9,15.28,120.755,238.017,150.72,142808,97.538,5.1,0
11-03-15,1133.651,1138.4045,1114.507,1117.8705,14.54,0.65,97.158,1.09651,0.12,1114.1,17.19,121.076,238.017,150.72,142808,97.538,5.1,0
11-04-15,1117.8705,1122.9185,1106.504,1108.097,15.51,0.68,97.95,1.086565,0.12,1106.2,18.02,121.551,238.017,150.72,142808,97.538,5.1,0
11-05-15,1108.097,1111.645,1103.138,1103.9915,15.05,0.71,97.936,1.08836,0.12,1104.2,17.82,121.75,238.017,150.72,142808,97.538,5.1,0
11-06-15,1103.9915,1110.5815,1085.524,1089.661,14.33,0.75,99.168,1.074035,0.12,1087.7,17.36,123.126,238.017,150.72,142808,97.538,5.1,0
11-09-15,1089.661,1095.9155,1088.429,1092.5625,16.52,0.76,98.979,1.07509,0.12,1088.1,17.55,123.174,238.017,150.72,142808,97.538,5.1,1
11-10-15,1092.5625,1095.701,1085.3425,1089.782,15.29,0.77,99.293,1.072455,0.12,1088.5,17.36,123.165,238.017,150.72,142808,97.538,5.1,0
11-11-15,1089.782,1094.3165,1084.244,1086.329,16.06,0.77,99.013,1.07437,0.12,1084.9,17.89,122.8575,238.017,150.72,142808,97.538,5.1,0
11-12-15,1086.329,1089.763,1074.0375,1085.425,18.37,0.78,98.649,1.08135,0.12,1081.9,18.47,122.616,238.017,150.72,142808,97.538,5.1,0
11-13-15,1085.425,1088.8895,1079.374,1083.8925,20.08,0.76,98.998,1.07725,0.12,1080.9,18.29,122.6195,238.017,150.72,142808,97.538,5.1,0
11-16-15,1083.8925,1098.199,1081.4955,1082.8485,18.16,0.76,99.442,1.06863,0.13,1083.6,18.5,123.1785,238.017,150.72,142808,97.538,5.1,0
11-17-15,1082.8485,1085.43,1065.5315,1070.269,18.84,0.72,99.631,1.06429,0.13,1068.6,20.17,123.4395,238.017,150.72,142808,97.538,5.1,0
11-18-15,1070.269,1075.664,1063.846,1070.8615,16.85,0.71,99.652,1.065895,0.12,1068.7,19.4,123.643,238.017,150.72,142808,97.538,5.1,1
11-19-15,1070.8615,1087.506,1069.5105,1082.232,16.99,0.68,98.989,1.073415,0.12,1077.9,18.04,122.8655,238.017,150.72,142808,97.538,5.1,1
11-20-15,1082.232,1088.2335,1075.9885,1077.765,15.47,0.66,99.565,1.064535,0.12,1076.3,17.26,122.795,238.017,150.72,142808,97.538,5.1,0
11-23-15,1077.765,1077.765,1066.4465,1069.016,15.62,0.64,99.803,1.0636,0.12,1066.8,17.7,122.8395,238.017,150.72,142808,97.538,5.1,0
11-24-15,1069.016,1081.25,1068.873,1075.585,15.93,0.62,99.527,1.06427,0.12,1073.8,16.72,122.532,238.017,150.72,142808,97.538,5.1,1
11-25-15,1075.585,1080.929,1067.9085,1071.383,15.19,0.62,99.795,1.06242,0.12,1070.8,16.39,122.7225,238.017,150.72,142808,97.538,5.1,0
11-26-15,1071.383,1074.9495,1069.741,1071.8595,15.19,0.62,99.795,1.061025,0.12,1070.8,16.39,122.5885,238.017,150.72,142808,97.538,5.1,1
11-27-15,1071.8595,1073.935,1052.885,1057.7685,15.12,0.62,100.02,1.05928,0.12,1056.2,17.16,122.778,238.017,150.72,142808,97.538,5.1,0
11-30-15,1057.7685,1069.8135,1053.267,1064.957,16.13,0.62,100.17,1.05648,0.08,1065.3,16.91,123.113,238.017,150.72,142808,97.538,5.1,1
12-01-15,1064.957,1074.784,1063.3625,1069.552,14.67,0.58,99.795,1.063305,0.13,1063.5,16.62,122.8805,237.761,148.24,143077,97.456,5.1,1
12-02-15,1069.552,1071.6765,1050.6785,1053.9015,15.91,0.62,99.993,1.06151,0.13,1053.8,17.36,123.243,237.761,148.24,143077,97.456,5.1,0
12-03-15,1053.9015,1065.5085,1046.459,1062.199,18.11,0.72,97.621,1.093935,0.13,1061.2,17.76,122.609,237.761,148.24,143077,97.456,5.1,1
12-04-15,1062.199,1088.908,1058.316,1086.532,14.81,0.68,98.354,1.08813,0.13,1084.1,15.96,123.1185,237.761,148.24,143077,97.456,5.1,1
12-07-15,1086.532,1086.783,1066.209,1071.2365,15.84,0.67,98.655,1.08375,0.13,1075.2,16.23,123.3695,237.761,148.24,143077,97.456,5.1,0
12-08-15,1071.2365,1079.27,1067.7,1074.6665,17.6,0.68,98.474,1.08921,0.13,1075.3,16.12,122.93,237.761,148.24,143077,97.456,5.1,1
12-09-15,1074.6665,1085.5005,1069.4225,1072.7305,19.61,0.69,97.345,1.102515,0.14,1076.5,17.39,121.4385,237.761,148.24,143077,97.456,5.1,0
12-10-15,1072.7305,1076.7,1069.42,1071.3415,19.34,0.73,97.939,1.0941,0.14,1072.5,17.07,121.564,237.761,148.24,143077,97.456,5.1,0
12-11-15,1071.3415,1079.655,1062.541,1074.8315,24.39,0.67,97.565,1.099235,0.14,1075.7,18.16,121.008,237.761,148.24,143077,97.456,5.1,1
12-14-15,1074.8315,1077.6705,1058.5035,1060.3985,22.73,0.78,97.604,1.099305,0.15,1063.4,19.05,121.0385,237.761,148.24,143077,97.456,5.1,0
12-15-15,1060.3985,1068.8245,1058.5545,1061.226,20.95,0.8,98.217,1.09304,0.15,1061.6,18.09,121.6765,237.761,148.24,143077,97.456,5.1,1
12-16-15,1061.226,1078.5705,1061.0175,1072.024,17.86,0.84,97.871,1.091265,0.15,1076.8,15.41,122.2075,237.761,148.24,143077,97.456,5.1,1
12-17-15,1072.024,1073.397,1047.755,1051.7065,18.94,0.77,99.27,1.08257,0.37,1049.6,16.06,122.556,237.761,148.24,143077,97.456,5.1,0
12-18-15,1051.7065,1071.881,1050.972,1066.23,20.7,0.73,98.703,1.08657,0.37,1065.6,15.06,121.163,237.761,148.24,143077,97.456,5.1,1
12-21-15,1066.23,1081.8075,1063.953,1078.624,18.7,0.75,98.363,1.09144,0.36,1080.6,15.32,121.1835,237.761,148.24,143077,97.456,5.1,1
12-22-15,1078.624,1080.9285,1071.8925,1072.7655,16.6,0.78,98.235,1.095725,0.36,1074.1,15.17,121.0665,237.761,148.24,143077,97.456,5.1,0
12-23-15,1072.7655,1075.5985,1068.3055,1070.4395,15.57,0.76,98.341,1.091105,0.36,1068.3,14.94,120.9185,237.761,148.24,143077,97.456,5.1,0
12-24-15,1070.4395,1077.168,1070.0545,1076.2445,15.74,0.73,97.984,1.096375,0.36,1075.9,15.02,120.283,237.761,148.24,143077,97.456,5.1,1
12-28-15,1076.2445,1077.2065,1066.585,1069.2115,16.91,0.74,97.919,1.096825,0.36,1068.3,16.06,120.393,237.761,148.24,143077,97.456,5.1,0
12-29-15,1069.2115,1075.36,1067.5015,1069.1235,16.08,0.79,98.101,1.092135,0.36,1068.3,15.22,120.4605,237.761,148.24,143077,97.456,5.1,0
12-30-15,1069.1235,1072.2745,1059.5215,1061.604,17.29,0.77,98.266,1.09317,0.35,1059.8,15.25,120.532,237.761,148.24,143077,97.456,5.1,0
12-31-15,1061.604,1063.657,1057.808,1060.9045,18.21,0.73,98.631,1.08697,0.2,1060.2,14.99,120.2065,237.761,148.24,143077,97.456,5.1,0
01-01-16,1060.9045,1060.9045,1060.6345,1060.6345,18.21,0.73,98.631,1.08697,0.2,1060.2,14.99,120.2065,237.652,118.21,143210,97.496,4.8,0
01-04-16,1060.6345,1083.604,1060.6345,1074.5455,20.7,0.69,98.869,1.08325,0.36,1075.2,16.07,119.4405,237.652,118.21,143210,97.496,4.8,1
01-05-16,1074.5455,1082.1065,1072.721,1077.63,19.34,0.69,99.404,1.074845,0.36,1078.4,15.2,119.0605,237.652,118.21,143210,97.496,4.8,1
01-06-16,1077.63,1095.318,1075.0885,1093.6005,20.59,0.65,99.181,1.07801,0.36,1091.9,16.3,118.4755,237.652,118.21,143210,97.496,4.8,1
01-07-16,1093.6005,1110.224,1091.5385,1108.896,24.99,0.66,98.219,1.093085,0.36,1107.8,17.42,117.67,237.652,118.21,143210,97.496,4.8,1
01-08-16,1108.896,1113.7065,1092.624,1104.161,27.01,0.65,98.54,1.09264,0.36,1097.9,17.62,117.238,237.652,118.21,143210,97.496,4.8,0
01-11-16,1104.161,1108.6215,1093.741,1094.2765,24.3,0.72,98.725,1.085925,0.36,1096.2,16.43,117.761,237.652,118.21,143210,97.496,4.8,0
01-12-16,1094.2765,1099.3925,1083.577,1086.985,22.47,0.69,98.974,1.08579,0.36,1085.2,16.61,117.643,237.652,118.21,143210,97.496,4.8,0
01-13-16,1086.985,1095.661,1079.908,1093.265,25.22,0.65,98.933,1.087725,0.36,1087.1,16.99,117.6655,237.652,118.21,143210,97.496,4.8,1
01-14-16,1093.265,1095.5445,1071.475,1078.2455,23.95,0.67,99.089,1.086575,0.36,1073.6,16.16,118.065,237.652,118.21,143210,97.496,4.8,0
01-15-16,1078.2455,1097.515,1076.407,1088.7755,27.02,0.67,98.956,1.09153,0.36,1090.7,17.42,117.013,237.652,118.21,143210,97.496,4.8,1
01-18-16,1088.7755,1093.5095,1087.6115,1089.04,27.02,0.67,98.956,1.08919,0.36,1090.7,17.42,117.3445,237.652,118.21,143210,97.496,4.8,1
01-19-16,1089.04,1094.7285,1082.471,1087.4425,26.05,0.68,98.991,1.090745,0.36,1089.1,16.17,117.6345,237.652,118.21,143210,97.496,4.8,0
01-20-16,1087.4425,1109.851,1087.014,1101.059,27.59,0.69,99.091,1.089115,0.37,1106.2,16.56,116.947,237.652,118.21,143210,97.496,4.8,1
01-21-16,1101.059,1104.6495,1092.528,1101.0915,26.69,0.74,99.056,1.087485,0.37,1098.2,16.77,117.696,237.652,118.21,143210,97.496,4.8,1
01-22-16,1101.0915,1102.9665,1094.157,1097.653,22.34,0.72,99.574,1.07983,0.38,1096.3,15.91,118.775,237.652,118.21,143210,97.496,4.8,0
01-25-16,1097.653,1109.06,1097.344,1107.87,24.15,0.69,99.36,1.084925,0.38,1105.3,17.13,118.2955,237.652,118.21,143210,97.496,4.8,1
01-26-16,1107.87,1123.0545,1107.139,1120.0405,22.5,0.65,99.36,1.08685,0.38,1120.2,17.26,118.423,237.652,118.21,143210,97.496,4.8,1
01-27-16,1120.0405,1128.1735,1114.965,1124.867,23.11,0.62,98.902,1.08925,0.38,1115.8,16.71,118.689,237.652,118.21,143210,97.496,4.8,1
01-28-16,1124.867,1126.0365,1110.655,1114.916,22.42,0.58,98.51,1.093995,0.38,1116.1,15.41,118.819,237.652,118.21,143210,97.496,4.8,0
01-29-16,1114.916,1118.7305,1108.5835,1118.143,20.2,0.53,99.606,1.08307,0.29,1116.4,15.73,121.1345,237.652,118.21,143210,97.496,4.8,1
02-01-16,1118.143,1129.946,1115.614,1128.429,19.98,0.57,99.009,1.088795,0.38,1128.4,16.81,120.992,237.336,103.75,143407,97.445,4.9,1
02-02-16,1128.429,1131.2105,1122.344,1128.807,21.98,0.51,98.872,1.091925,0.38,1127.2,16.2,119.962,237.336,103.75,143407,97.445,4.9,1
02-03-16,1128.807,1145.6305,1124.519,1142.589,21.65,0.5,97.288,1.110325,0.38,1141.3,17.84,117.881,237.336,103.75,143407,97.445,4.9,1
02-04-16,1142.589,1157.4735,1139.3915,1155.6375,21.84,0.51,96.474,1.120905,0.38,1157.5,17.39,116.777,237.336,103.75,143407,97.445,4.9,1
02-05-16,1155.6375,1174.66,1145.371,1173.5065,23.38,0.53,97.031,1.115815,0.38,1157.7,19.58,116.867,237.336,103.75,143407,97.445,4.9,1
02-08-16,1173.5065,1200.9675,1164.2965,1189.305,26.38,0.52,96.57,1.119305,0.38,1197.9,20.38,115.847,237.336,103.75,143407,97.445,4.9,1
02-09-16,1189.305,1199.009,1185.7745,1189.015,26.54,0.53,96.071,1.12939,0.38,1198.6,21.72,115.113,237.336,103.75,143407,97.445,4.9,0
02-10-16,1189.015,1197.773,1181.644,1197.3025,26.29,0.5,95.888,1.129395,0.38,1194.6,21.36,113.3425,237.336,103.75,143407,97.445,4.9,1
02-11-16,1197.3025,1263.436,1195.946,1246.798,28.14,0.45,95.562,1.13226,0.38,1247.8,28.37,112.4305,237.336,103.75,143407,97.445,4.9,1
02-12-16,1246.798,1248.3805,1232.4815,1237.951,25.4,0.49,95.94,1.12557,0.38,1239.4,24.1,113.244,237.336,103.75,143407,97.445,4.9,0
02-15-16,1237.951,1237.951,1202.228,1209.3815,25.4,0.49,95.94,1.115535,0.38,1239.4,24.1,114.597,237.336,103.75,143407,97.445,4.9,0
02-16-16,1209.3815,1217.162,1190.9975,1200.0915,24.11,0.53,96.868,1.114385,0.38,1208.2,24.84,114.086,237.336,103.75,143407,97.445,4.9,0
02-17-16,1200.0915,1213.8895,1195.79,1208.534,22.31,0.53,96.786,1.112695,0.37,1211.4,24.53,114.0965,237.336,103.75,143407,97.445,4.9,1
02-18-16,1208.534,1240.021,1200.843,1231.0675,21.64,0.51,96.951,1.110725,0.38,1226.3,26.37,113.251,237.336,103.75,143407,97.445,4.9,1
02-19-16,1231.0675,1234.666,1220.1055,1226.326,20.53,0.5,96.6,1.113015,0.38,1230.8,24.88,112.575,237.336,103.75,143407,97.445,4.9,0
02-22-16,1226.326,1226.384,1202.046,1208.908,19.38,0.46,97.379,1.102895,0.38,1210.1,23.31,112.923,237.336,103.75,143407,97.445,4.9,0
02-23-16,1208.908,1228.355,1207.29,1227.121,20.98,0.42,97.481,1.10195,0.38,1222.6,23.69,112.101,237.336,103.75,143407,97.445,4.9,1
02-24-16,1227.121,1253.378,1222.006,1229.0185,20.72,0.39,97.458,1.10138,0.38,1239.1,24.24,112.1675,237.336,103.75,143407,97.445,4.9,1
02-25-16,1229.0185,1243.542,1221.2405,1233.1685,19.11,0.32,97.287,1.101835,0.37,1238.8,23.36,112.984,237.336,103.75,143407,97.445,4.9,1
02-26-16,1233.1685,1240.494,1211.5645,1222.997,19.81,0.35,98.148,1.09325,0.37,1220.4,21.67,113.981,237.336,103.75,143407,97.445,4.9,0
02-29-16,1222.997,1241.28,1215.759,1238.6045,20.55,0.32,98.211,1.08727,0.29,1234.4,22.59,112.6975,237.336,103.75,143407,97.445,4.9,1
03-01-16,1238.6045,1248.6615,1227.281,1232.168,17.7,0.35,98.352,1.08675,0.36,1230.8,21.97,114.002,238.08,109.72,143662,97.673,5.9,0
03-02-16,1232.168,1244.2495,1224.868,1239.983,17.09,0.33,98.214,1.086785,0.37,1241.8,22.97,113.4705,238.08,109.72,143662,97.673,5.9,1
03-03-16,1239.983,1268.519,1237.567,1264.7735,16.7,0.3,97.592,1.095685,0.37,1258.2,23.51,113.6935,238.08,109.72,143662,97.673,5.9,1
03-04-16,1264.7735,1279.9235,1250.168,1259.277,16.86,0.37,97.34,1.10055,0.36,1270.7,22.31,113.773,238.08,109.72,143662,97.673,5.9,0
03-07-16,1259.277,1273.2915,1256.7525,1267.4265,17.35,0.43,97.071,1.101325,0.36,1264.7,22.08,113.4585,238.08,109.72,143662,97.673,5.9,1
03-08-16,1267.4265,1278.217,1260.338,1261.5965,18.67,0.37,97.209,1.101105,0.36,1262.9,23.07,112.625,238.08,109.72,143662,97.673,5.9,0
03-09-16,1261.5965,1265.047,1243.055,1253.0905,18.34,0.39,97.173,1.09998,0.36,1257.4,22.31,113.3425,238.08,109.72,143662,97.673,5.9,0
03-10-16,1253.0905,1273.4855,1237.0325,1272.2765,18.05,0.45,96.066,1.117855,0.36,1272.8,23.14,113.214,238.08,109.72,143662,97.673,5.9,1
03-11-16,1272.2765,1284.979,1248.455,1250.3545,16.5,0.44,96.172,1.1149,0.36,1259.4,21.9,113.872,238.08,109.72,143662,97.673,5.9,0
03-14-16,1250.3545,1261.1565,1229.376,1235.2065,16.92,0.45,96.624,1.11034,0.36,1245.1,21.14,113.8155,238.08,109.72,143662,97.673,5.9,0
03-15-16,1235.2065,1238.242,1225.664,1232.681,16.84,0.47,96.633,1.110835,0.37,1231.1,19.7,113.178,238.08,109.72,143662,97.673,5.9,0
03-16-16,1232.681,1264.0485,1226.7395,1262.3405,14.99,0.36,95.89,1.12245,0.37,1229.8,20.03,112.5635,238.08,109.72,143662,97.673,5.9,1
03-17-16,1262.3405,1271.057,1254.5985,1258.028,14.44,0.34,94.76,1.13184,0.37,1265.8,18.99,111.399,238.08,109.72,143662,97.673,5.9,0
03-18-16,1258.028,1267.0265,1247.854,1255.2935,14.02,0.27,95.086,1.127055,0.37,1254.3,18.15,111.538,238.08,109.72,143662,97.673,5.9,0
03-21-16,1255.2935,1256.144,1240.7405,1243.6605,13.79,0.28,95.288,1.12411,0.37,1244.2,17.4,111.953,238.08,109.72,143662,97.673,5.9,0
03-22-16,1243.6605,1260.3555,1242.5025,1248.2735,14.17,0.31,95.648,1.121675,0.37,1248.6,17.62,112.36,238.08,109.72,143662,97.673,5.9,1
03-23-16,1248.2735,1249.5335,1215.4055,1220.4375,14.94,0.3,96.046,1.118085,0.37,1224.6,18.62,112.381,238.08,109.72,143662,97.673,5.9,0
03-24-16,1220.4375,1223.9015,1211.108,1217.3005,14.74,0.34,96.142,1.11751,0.37,1221.6,18.09,112.8925,238.08,109.72,143662,97.673,5.9,0
03-28-16,1217.3005,1223.1955,1207.873,1221.351,15.24,0.33,95.943,1.11951,0.37,1220.1,17.53,113.4445,238.08,109.72,143662,97.673,5.9,1
03-29-16,1221.351,1243.161,1215.3895,1242.3835,13.82,0.2,95.16,1.12923,0.37,1235.8,19.52,112.7335,238.08,109.72,143662,97.673,5.9,1
03-30-16,1242.3835,1244.432,1223.3615,1224.9465,13.56,0.18,94.841,1.13375,0.37,1228.6,18.58,112.4405,238.08,109.72,143662,97.673,5.9,0
03-31-16,1224.9465,1240.6005,1223.7755,1232.945,13.95,0.16,94.586,1.138,0.25,1235.6,18.45,112.5765,238.08,109.72,143662,97.673,5.9,1
04-01-16,1232.945,1235.4845,1209.0145,1222.3655,13.1,0.17,94.619,1.13917,0.37,1223.5,18.04,111.727,238.992,85.22,143855,97.993,5.1,0
04-04-16,1222.3655,1222.7405,1214.7315,1215.4245,14.12,0.14,94.51,1.138945,0.37,1219.3,17.95,111.33,238.992,85.22,143855,97.993,5.1,0
04-05-16,1215.4245,1237.0785,1214.9345,1231.3475,15.42,0.14,94.631,1.138465,0.37,1229.6,18.16,110.352,238.992,85.22,143855,97.993,5.1,1
04-06-16,1231.3475,1232.3085,1216.6775,1222.325,14.09,0.17,94.43,1.13993,0.37,1223.8,17.82,109.789,238.992,85.22,143855,97.993,5.1,0
04-07-16,1222.325,1243.351,1222.325,1240.512,16.16,0.12,94.482,1.13785,0.37,1237.5,19.32,108.2085,238.992,85.22,143855,97.993,5.1,1
04-08-16,1240.512,1242.808,1229.6695,1239.6775,15.36,0.14,94.235,1.13979,0.37,1243.8,18.74,108.055,238.992,85.22,143855,97.993,5.1,0
04-11-16,1239.6775,1258.838,1239.6775,1257.568,16.26,0.17,93.95,1.1409,0.37,1258.8,19.58,107.95,238.992,85.22,143855,97.993,5.1,1
04-12-16,1257.568,1262.7885,1251.287,1255.7105,14.85,0.22,93.959,1.13858,0.37,1260.9,19.09,108.542,238.992,85.22,143855,97.993,5.1,0
04-13-16,1255.7105,1256.8775,1239.779,1242.7725,13.84,0.21,94.744,1.12745,0.37,1248.3,17.96,109.34,238.992,85.22,143855,97.993,5.1,0
04-14-16,1242.7725,1244.189,1223.96,1227.366,13.72,0.24,94.902,1.1267,0.37,1226.5,17.83,109.3915,238.992,85.22,143855,97.993,5.1,0
04-15-16,1227.366,1235.979,1225.383,1234.0655,13.62,0.2,94.696,1.12835,0.37,1234.6,17.41,108.748,238.992,85.22,143855,97.993,5.1,1
04-18-16,1234.0655,1241.7395,1230.091,1232.5985,13.35,0.21,94.49,1.1313,0.37,1235.6,17.3,108.825,238.992,85.22,143855,97.993,5.1,0
04-19-16,1232.5985,1256.741,1227.8195,1250.28,13.24,0.19,93.976,1.13575,0.37,1254.3,17.42,109.2225,238.992,85.22,143855,97.993,5.1,1
04-20-16,1250.28,1258.082,1242.5595,1244.2755,13.28,0.23,94.492,1.12971,0.37,1254.4,16.69,109.847,238.992,85.22,143855,97.993,5.1,0
04-21-16,1244.2755,1270.3615,1242.71,1248.1875,13.95,0.24,94.599,1.128755,0.37,1250.3,17.9,109.468,238.992,85.22,143855,97.993,5.1,1
04-22-16,1248.1875,1252.736,1227.586,1232.3945,13.22,0.25,95.116,1.12245,0.37,1230.3,17.21,111.779,238.992,85.22,143855,97.993,5.1,0
04-25-16,1232.3945,1242.502,1230.238,1237.961,14.08,0.26,94.842,1.1269,0.37,1240.2,17.66,111.1965,238.992,85.22,143855,97.993,5.1,1
04-26-16,1237.961,1245.0495,1231.5035,1243.395,13.96,0.27,94.573,1.13006,0.37,1243.4,17.43,111.3045,238.992,85.22,143855,97.993,5.1,1
04-27-16,1243.395,1252.9985,1239.543,1245.7225,13.77,0.19,94.387,1.132185,0.37,1250.4,16.43,111.455,238.992,85.22,143855,97.993,5.1,1
04-28-16,1245.7225,1269.7525,1237.271,1266.6015,15.22,0.12,93.761,1.13518,0.37,1266.4,17.9,108.101,238.992,85.22,143855,97.993,5.1,1
04-29-16,1266.6015,1296.913,1265.1165,1293.3535,15.7,0.12,93.082,1.14488,0.3,1290.5,20.23,106.3395,238.992,85.22,143855,97.993,5.1,1
05-02-16,1293.3535,1303.838,1287.662,1291.5655,14.68,0.2,92.626,1.15338,0.37,1295.8,19.29,106.407,239.557,88.33,143900,98.153,4.8,0
05-03-16,1291.5655,1301.898,1282.171,1286.4645,15.6,0.17,92.944,1.149635,0.37,1291.8,18.7,106.603,239.557,88.33,143900,98.153,4.8,0
05-04-16,1286.4645,1289.88,1271.9285,1279.4655,16.05,0.16,93.179,1.148645,0.37,1274.4,19.47,107.011,239.557,88.33,143900,98.153,4.8,0
05-05-16,1279.4655,1286.5925,1268.981,1277.868,15.91,0.13,93.78,1.140515,0.37,1272.3,18.46,107.2585,239.557,88.33,143900,98.153,4.8,0
05-06-16,1277.868,1295.647,1274.5925,1287.737,14.72,0.18,93.888,1.14044,0.37,1294.3,18.65,107.122,239.557,88.33,143900,98.153,4.8,1
05-09-16,1287.737,1287.737,1261.4475,1264.0285,14.57,0.18,94.128,1.13817,0.37,1266.6,18.65,108.3255,239.557,88.33,143900,98.153,4.8,0
05-10-16,1264.0285,1270.1205,1256.9375,1266.0455,13.63,0.15,94.29,1.13724,0.37,1264.8,18.04,109.2645,239.557,88.33,143900,98.153,4.8,1
05-11-16,1266.0455,1279.217,1264.8515,1277.488,14.69,0.14,93.823,1.142615,0.37,1275.5,18.35,108.429,239.557,88.33,143900,98.153,4.8,1
05-12-16,1277.488,1281.072,1261.9305,1263.703,14.41,0.15,94.15,1.137695,0.37,1271.2,17.84,109.0135,239.557,88.33,143900,98.153,4.8,0
05-13-16,1263.703,1276.445,1263.018,1273.064,15.04,0.13,94.608,1.13081,0.37,1272.7,18.29,108.645,239.557,88.33,143900,98.153,4.8,1
05-16-16,1273.064,1288.7695,1270.6755,1273.8635,14.68,0.15,94.572,1.13203,0.37,1274.2,18.49,109.023,239.557,88.33,143900,98.153,4.8,1
05-17-16,1273.8635,1282.47,1269.181,1279.0855,15.57,0.15,94.548,1.131325,0.37,1276.9,18.17,109.144,239.557,88.33,143900,98.153,4.8,1
05-18-16,1279.0855,1282.176,1255.1445,1258.7385,15.95,0.26,95.08,1.121615,0.37,1274.4,18.2,110.197,239.557,88.33,143900,98.153,4.8,0
05-19-16,1258.7385,1261.4035,1244.058,1254.6015,16.33,0.29,95.287,1.12026,0.37,1254.8,17.85,109.961,239.557,88.33,143900,98.153,4.8,0
05-20-16,1254.6015,1260.3695,1248.9135,1252.23,15.2,0.29,95.334,1.122315,0.37,1252.9,17.85,110.115,239.557,88.33,143900,98.153,4.8,0
05-23-16,1252.23,1256.1715,1243.1925,1249.0115,15.82,0.3,95.231,1.12201,0.37,1251.5,16.8,109.236,239.557,88.33,143900,98.153,4.8,0
05-24-16,1249.0115,1252.265,1226.2165,1227.1745,14.42,0.31,95.571,1.11406,0.37,1229.2,16.66,109.991,239.557,88.33,143900,98.153,4.8,0
05-25-16,1227.1745,1230.268,1217.899,1224.4475,13.9,0.29,95.354,1.11547,0.37,1223.8,15.98,110.206,239.557,88.33,143900,98.153,4.8,0
05-26-16,1224.4475,1234.5195,1218.4055,1219.8195,13.43,0.25,95.168,1.11935,0.37,1220.4,15.29,109.769,239.557,88.33,143900,98.153,4.8,0
05-27-16,1219.8195,1223.5925,1206.8155,1212.9815,13.12,0.27,95.521,1.11137,0.37,1216.7,15.39,110.283,239.557,88.33,143900,98.153,4.8,0
05-30-16,1212.9815,1213.6215,1199.655,1204.961,13.12,0.27,95.521,1.113805,0.37,1216.7,15.39,111.1135,239.557,88.33,143900,98.153,4.8,0
05-31-16,1204.961,1218.279,1204.859,1215.335,14.19,0.3,95.891,1.11319,0.29,1217.5,15.83,110.7305,239.557,88.33,143900,98.153,4.8,1
06-01-16,1215.335,1220.5685,1206.063,1212.72,14.2,0.31,95.455,1.118745,0.37,1214.7,15.92,109.5375,240.222,90.17,144146,98.325,4.9,0
06-02-16,1212.72,1217.7765,1209.91,1210.9715,13.63,0.27,95.564,1.115145,0.37,1212.6,16.05,108.878,240.222,90.17,144146,98.325,4.9,0
06-03-16,1210.9715,1244.924,1207.051,1244.247,13.47,0.19,94.029,1.136675,0.37,1242.9,17.45,106.526,240.222,90.17,144146,98.325,4.9,1
06-06-16,1244.247,1248.873,1240.0535,1245.2145,13.65,0.19,93.902,1.135485,0.37,1247.4,17.76,107.5565,240.222,90.17,144146,98.325,4.9,1
06-07-16,1245.2145,1246.6415,1234.7685,1243.893,14.05,0.15,93.828,1.135785,0.37,1247.4,17.29,107.377,240.222,90.17,144146,98.325,4.9,0
06-08-16,1243.893,1264.4525,1243.113,1262.309,14.08,0.12,93.59,1.1395,0.37,1262.3,18.76,106.989,240.222,90.17,144146,98.325,4.9,1
06-09-16,1262.309,1271.8105,1256.9125,1269.5655,14.64,0.12,93.953,1.13161,0.37,1272.7,20.28,107.111,240.222,90.17,144146,98.325,4.9,1
06-10-16,1269.5655,1278.2235,1264.715,1273.7815,17.03,0.12,94.571,1.12514,0.37,1275.9,20.52,106.957,240.222,90.17,144146,98.325,4.9,1
06-13-16,1273.7815,1287.2715,1272.581,1283.8865,20.97,0.15,94.362,1.12922,0.37,1286.9,21.11,106.255,240.222,90.17,144146,98.325,4.9,1
06-14-16,1283.8865,1289.93,1276.1185,1286.125,20.5,0.17,94.928,1.120715,0.37,1288.1,20.63,106.113,240.222,90.17,144146,98.325,4.9,1
06-15-16,1286.125,1296.9585,1278.552,1291.4915,20.14,0.13,94.61,1.126005,0.37,1288.3,20.68,106.0075,240.222,90.17,144146,98.325,4.9,1
06-16-16,1291.4915,1315.7595,1277.493,1277.493,19.37,0.15,94.569,1.122535,0.38,1298.4,21.95,104.259,240.222,90.17,144146,98.325,4.9,0
06-17-16,1277.493,1299.6895,1276.7155,1298.6375,19.41,0.2,94.206,1.127635,0.38,1294.8,22.52,104.131,240.222,90.17,144146,98.325,4.9,1
06-20-16,1298.6375,1298.6375,1278.106,1290.399,18.37,0.24,93.611,1.131465,0.38,1292.1,21.01,103.9375,240.222,90.17,144146,98.325,4.9,0
06-21-16,1290.399,1294.411,1264.583,1268.759,18.48,0.28,94.017,1.12428,0.38,1272.5,20.65,104.761,240.222,90.17,144146,98.325,4.9,0
06-22-16,1268.759,1270.8065,1261.283,1266.6765,21.17,0.25,93.716,1.12964,0.38,1270.5,22.25,104.4175,240.222,90.17,144146,98.325,4.9,0
06-23-16,1266.6765,1271.983,1254.645,1255.584,17.25,0.24,93.529,1.13848,0.39,1263.1,20.1,106.172,240.222,90.17,144146,98.325,4.9,0
06-24-16,1255.584,1358.7615,1250.4275,1315.7225,25.76,0.15,95.448,1.11086,0.4,1322.4,22.2,102.199,240.222,90.17,144146,98.325,4.9,1
06-27-16,1315.7225,1335.7465,1315.7225,1324.3945,23.85,0.12,96.544,1.10251,0.41,1324.7,22.52,102.003,240.222,90.17,144146,98.325,4.9,1
06-28-16,1324.3945,1326.266,1305.5175,1311.779,18.75,0.09,96.245,1.10657,0.41,1317.9,20.18,102.7545,240.222,90.17,144146,98.325,4.9,0
06-29-16,1311.779,1327.9475,1310.6925,1319.3785,16.64,0.1,95.769,1.11251,0.41,1326.9,19.26,102.819,240.222,90.17,144146,98.325,4.9,1
06-30-16,1319.3785,1324.1155,1312.9045,1322.0135,15.63,0.09,96.143,1.11062,0.3,1320.6,18.5,103.181,240.222,90.17,144146,98.325,4.9,1
07-01-16,1322.0135,1344.615,1320.707,1341.229,14.77,0.03,95.649,1.11384,0.41,1339.6,18.43,102.521,240.101,114.61,144520,98.342,4.8,1
07-04-16,1341.229,1357.6765,1336.068,1351.071,14.77,0.03,95.649,1.11534,0.41,1339.6,18.43,102.551,240.101,114.61,144520,98.342,4.8,1
07-05-16,1351.071,1357.787,1338.0715,1356.241,15.58,-0.03,96.166,1.1076,0.4,1358.7,20.09,101.7355,240.101,114.61,144520,98.342,4.8,1
07-06-16,1356.241,1375.307,1354.732,1363.861,14.96,-0.05,96.053,1.110005,0.4,1367.1,21.18,101.313,240.101,114.61,144520,98.342,4.8,1
07-07-16,1363.861,1370.957,1350.891,1361.3565,14.76,-0.03,96.328,1.106155,0.4,1362.1,20.55,100.781,240.101,114.61,144520,98.342,4.8,0
07-08-16,1361.3565,1370.703,1335.3295,1366.235,13.2,-0.06,96.302,1.10503,0.4,1358.4,18.79,100.537,240.101,114.61,144520,98.342,4.8,1
07-11-16,1366.235,1375.2295,1350.7695,1355.595,13.54,0.01,96.571,1.10573,0.4,1356.6,18.93,102.806,240.101,114.61,144520,98.342,4.8,0
07-12-16,1355.595,1357.8825,1330.4655,1333.198,13.55,0.07,96.441,1.10611,0.4,1335.3,17.94,104.689,240.101,114.61,144520,98.342,4.8,0
07-13-16,1333.198,1345.5225,1327.639,1342.3005,13.04,0.03,96.216,1.108975,0.4,1343.6,17.61,104.482,240.101,114.61,144520,98.342,4.8,1
07-14-16,1342.3005,1347.345,1320.2825,1335.096,12.82,0.08,96.077,1.112035,0.4,1332.2,17.15,105.3485,240.101,114.61,144520,98.342,4.8,0
07-15-16,1335.096,1339.286,1322.5315,1337.4675,12.67,0.11,96.58,1.10353,0.4,1327.4,16.91,104.858,240.101,114.61,144520,98.342,4.8,1
07-18-16,1337.4675,1337.4675,1323.5155,1328.9535,12.44,0.1,96.562,1.107525,0.4,1329.3,16.96,106.1535,240.101,114.61,144520,98.342,4.8,0
07-19-16,1328.9535,1335.1675,1325.662,1332.036,11.97,0.12,97.063,1.10206,0.4,1332.3,16.71,106.1205,240.101,114.61,144520,98.342,4.8,1
07-20-16,1332.036,1338.316,1312.728,1315.9845,11.77,0.13,97.201,1.101455,0.4,1319.3,17.21,106.876,240.101,114.61,144520,98.342,4.8,0
07-21-16,1315.9845,1334.004,1310.8785,1331.346,12.74,0.05,97.201,1.102605,0.4,1331.3,17.77,105.8115,240.101,114.61,144520,98.342,4.8,1
07-22-16,1331.346,1333.878,1319.778,1322.2945,12.02,0.06,97.467,1.09764,0.4,1323.4,17.61,106.115,240.101,114.61,144520,98.342,4.8,0
07-25-16,1322.2945,1323.8685,1311.9025,1315.7855,12.87,0.08,97.286,1.09946,0.4,1319.5,17.74,105.808,240.101,114.61,144520,98.342,4.8,0
07-26-16,1315.7855,1324.5725,1313.9355,1320.2245,13.05,0.07,97.156,1.098575,0.4,1320.8,17.45,104.6305,240.101,114.61,144520,98.342,4.8,1
07-27-16,1320.2245,1342.492,1315.9025,1340.1515,12.83,0.03,97.053,1.10593,0.4,1326.7,16.93,105.3945,240.101,114.61,144520,98.342,4.8,1
07-28-16,1340.1515,1345.723,1332.533,1335.4805,12.72,0.03,96.739,1.10762,0.4,1341.2,16.31,105.264,240.101,114.61,144520,98.342,4.8,0
07-29-16,1335.4805,1355.119,1328.778,1351.2055,11.87,-0.03,95.53,1.11746,0.3,1357.5,15.8,102.068,240.101,114.61,144520,98.342,4.8,1
08-01-16,1351.2055,1355.0355,1346.252,1353.237,12.44,0.05,95.713,1.116315,0.4,1359.6,16.28,102.393,240.545,98.74,144662,98.479,4.9,1
08-02-16,1353.237,1367.3175,1347.168,1363.5985,13.37,0.11,95.064,1.12231,0.4,1372.6,16.45,100.8925,240.545,98.74,144662,98.479,4.9,1
08-03-16,1363.5985,1366.6625,1354.286,1358.008,12.86,0.09,95.563,1.11506,0.4,1364.7,16.18,101.2395,240.545,98.74,144662,98.479,4.9,0
08-04-16,1358.008,1365.0995,1349.208,1361.375,12.42,0.04,95.758,1.112955,0.4,1367.4,16.06,101.223,240.545,98.74,144662,98.479,4.9,1
08-05-16,1361.375,1364.8195,1334.758,1336.112,11.39,0.09,96.194,1.108725,0.4,1344.4,15.6,101.82,240.545,98.74,144662,98.479,4.9,0
08-08-16,1336.112,1338.373,1330.041,1335.491,11.5,0.08,96.401,1.10879,0.4,1341.3,15.49,102.454,240.545,98.74,144662,98.479,4.9,0
08-09-16,1335.491,1342.754,1330.703,1340.613,11.66,0.06,96.183,1.11168,0.4,1346.7,14.41,101.8815,240.545,98.74,144662,98.479,4.9,1
08-10-16,1340.613,1357.358,1340.2355,1346.566,12.05,0.06,95.65,1.11769,0.4,1351.9,14.89,101.2845,240.545,98.74,144662,98.479,4.9,1
08-11-16,1346.566,1353.4735,1335.864,1338.394,11.68,0.1,95.857,1.113695,0.4,1350.9,15.37,101.9635,240.545,98.74,144662,98.479,4.9,0
08-12-16,1338.394,1356.7645,1333.089,1336.2345,11.55,0.07,95.722,1.11621,0.4,1343.2,15.01,101.303,240.545,98.74,144662,98.479,4.9,0
08-15-16,1336.2345,1343.9245,1335.8355,1339.344,11.81,0.1,95.629,1.118315,0.4,1347.5,14.67,101.2575,240.545,98.74,144662,98.479,4.9,1
08-16-16,1339.344,1358.208,1339.344,1346.6305,12.64,0.13,94.791,1.127825,0.4,1356.9,16.13,100.309,240.545,98.74,144662,98.479,4.9,1
08-17-16,1346.6305,1351.876,1335.388,1349.194,12.19,0.09,94.718,1.129035,0.4,1348.8,15.83,100.269,240.545,98.74,144662,98.479,4.9,1
08-18-16,1349.194,1356.215,1346.1465,1352.991,11.43,0.06,94.157,1.1354,0.4,1357.2,14.97,99.882,240.545,98.74,144662,98.479,4.9,1
08-19-16,1352.991,1352.991,1337.895,1341.602,11.34,0.1,94.511,1.132525,0.4,1346.2,15.35,100.2195,240.545,98.74,144662,98.479,4.9,0
08-22-16,1341.602,1341.602,1331.79,1338.9435,12.27,0.08,94.519,1.13208,0.4,1343.4,15.82,100.319,240.545,98.74,144662,98.479,4.9,0
08-23-16,1338.9435,1344.8475,1335.2965,1338.2105,12.38,0.07,94.539,1.13052,0.4,1346.1,15.62,100.239,240.545,98.74,144662,98.479,4.9,0
08-24-16,1338.2105,1340.1865,1323.8605,1324.2155,13.45,0.08,94.786,1.126365,0.4,1329.7,16.89,100.448,240.545,98.74,144662,98.479,4.9,0
08-25-16,1324.2155,1327.1405,1318.067,1321.883,13.63,0.09,94.772,1.12861,0.4,1324.6,16.73,100.532,240.545,98.74,144662,98.479,4.9,0
08-26-16,1321.883,1342.271,1318.467,1320.5305,13.65,0.15,95.566,1.119665,0.4,1325.9,16.17,101.826,240.545,98.74,144662,98.479,4.9,0
08-29-16,1320.5305,1325.1945,1314.898,1323.1515,12.94,0.11,95.58,1.118875,0.4,1327.1,15.95,101.92,240.545,98.74,144662,98.479,4.9,1
08-30-16,1323.1515,1325.651,1309.345,1310.878,13.12,0.11,96.054,1.114275,0.4,1316.5,15.99,102.9585,240.545,98.74,144662,98.479,4.9,0
08-31-16,1310.878,1316.27,1304.307,1308.98,13.42,0.11,96.022,1.115825,0.3,1311.4,16.01,103.4215,240.545,98.74,144662,98.479,4.9,0
09-01-16,1308.98,1315.2365,1302.5685,1313.8395,13.48,0.12,95.653,1.119685,0.4,1317.1,16.25,103.232,241.176,104.55,144967,98.666,5.9,1
09-02-16,1313.8395,1330.3025,1303.858,1325.4725,11.98,0.13,95.844,1.115535,0.4,1326.7,14.58,103.961,241.176,104.55,144967,98.666,5.9,1
09-05-16,1325.4725,1328.7535,1321.874,1326.7435,11.98,0.13,95.844,1.114725,0.4,1326.7,14.58,103.435,241.176,104.55,144967,98.666,5.9,1
09-06-16,1326.7435,1352.8545,1324.9385,1349.814,12.02,0.06,94.823,1.125505,0.4,1354.7,15.6,102.0195,241.176,104.55,144967,98.666,5.9,1
09-07-16,1349.814,1352.677,1342.803,1345.1085,11.94,0.03,94.956,1.123915,0.4,1349.2,15.6,101.7395,241.176,104.55,144967,98.666,5.9,0
09-08-16,1345.1085,1349.494,1335.584,1337.983,12.51,0.09,95.027,1.126145,0.4,1341.6,14.97,102.4865,241.176,104.55,144967,98.666,5.9,0
09-09-16,1337.983,1339.72,1326.985,1326.985,17.5,0.17,95.336,1.123265,0.4,1334.5,15.49,102.695,241.176,104.55,144967,98.666,5.9,0
09-12-16,1326.985,1330.378,1320.4375,1327.9285,15.16,0.17,95.095,1.12353,0.4,1325.6,15.2,101.845,241.176,104.55,144967,98.666,5.9,1
09-13-16,1327.9285,1332.1295,1315.694,1318.8435,17.85,0.24,95.633,1.122105,0.4,1323.7,15.78,102.5525,241.176,104.55,144967,98.666,5.9,0
09-14-16,1318.8435,1326.107,1313.645,1322.746,18.14,0.21,95.327,1.125005,0.4,1326.1,15.32,102.4275,241.176,104.55,144967,98.666,5.9,1
09-15-16,1322.746,1328.5515,1309.4275,1314.479,16.3,0.22,95.288,1.124395,0.4,1318.1,15.07,102.0865,241.176,104.55,144967,98.666,5.9,0
09-16-16,1314.479,1318.201,1306.3285,1310.1955,15.37,0.19,96.108,1.11576,0.4,1310.2,14.78,102.2585,241.176,104.55,144967,98.666,5.9,0
09-19-16,1310.1955,1318.5895,1309.56,1313.3095,15.53,0.2,95.841,1.11748,0.4,1317.8,15.68,101.9135,241.176,104.55,144967,98.666,5.9,1
09-20-16,1313.3095,1318.029,1312.0755,1314.9125,15.92,0.2,96.019,1.11504,0.4,1318.2,15.69,101.7095,241.176,104.55,144967,98.666,5.9,1
09-21-16,1314.9125,1337.4935,1307.851,1335.5015,13.3,0.15,95.66,1.11893,0.4,1331.4,14.69,100.325,241.176,104.55,144967,98.666,5.9,1
09-22-16,1335.5015,1343.731,1331.258,1336.8905,12.02,0.08,95.448,1.120825,0.4,1344.7,13.73,100.7635,241.176,104.55,144967,98.666,5.9,1
09-23-16,1336.8905,1340.7165,1333.923,1338.169,12.29,0.05,95.477,1.12256,0.4,1341.7,13.93,101.7635,241.176,104.55,144967,98.666,5.9,1
09-26-16,1338.169,1342.2365,1332.793,1337.871,14.5,0.05,95.297,1.125415,0.4,1344.1,14.98,100.3345,241.176,104.55,144967,98.666,5.9,0
09-27-16,1337.871,1339.6825,1324.6705,1326.997,13.1,0.04,95.435,1.12161,0.4,1330.4,14.53,100.424,241.176,104.55,144967,98.666,5.9,0
09-28-16,1326.997,1327.684,1318.087,1321.9205,12.39,0.01,95.431,1.121705,0.4,1323.7,13.98,100.69,241.176,104.55,144967,98.666,5.9,0
09-29-16,1321.9205,1325.972,1315.7365,1320.5325,14.02,0.02,95.535,1.12233,0.4,1326.7,13.86,101.041,241.176,104.55,144967,98.666,5.9,0
09-30-16,1320.5325,1328.1895,1313.3525,1316.0645,13.29,0.02,95.463,1.12423,0.29,1317.1,13.88,101.353,241.176,104.55,144967,98.666,5.9,0
10-03-16,1316.0645,1319.7,1309.394,1311.5035,13.57,0.02,95.695,1.121105,0.4,1312.7,14.16,101.6505,241.741,85.75,145066,98.868,4.9,0
10-04-16,1311.5035,1313.134,1266.9925,1268.3715,13.63,0.07,96.169,1.12049,0.4,1269.7,15.8,102.9035,241.741,85.75,145066,98.868,4.9,0
10-05-16,1268.3715,1277.2635,1262.221,1266.768,12.99,0.1,96.125,1.12052,0.4,1268.6,15.21,103.496,241.741,85.75,145066,98.868,4.9,0
10-06-16,1266.768,1269.525,1249.915,1254.791,12.84,0.11,96.765,1.115075,0.4,1253.6,16.05,103.9525,241.741,85.75,145066,98.868,4.9,0
10-07-16,1254.791,1265.607,1241.511,1257.4635,13.48,0.1,96.632,1.12013,0.4,1251.9,15.72,102.9075,241.741,85.75,145066,98.868,4.9,1
10-10-16,1257.4635,1265.0505,1256.7055,1259.3485,13.38,0.1,96.929,1.113925,0.4,1260.4,15.6,103.613,241.741,85.75,145066,98.868,4.9,1
10-11-16,1259.3485,1262.317,1252.6315,1252.7955,15.36,0.13,97.69,1.10538,0.41,1255.9,15.63,103.5125,241.741,85.75,145066,98.868,4.9,0
10-12-16,1252.7955,1259.0285,1249.817,1255.365,15.91,0.15,97.966,1.100705,0.41,1253.8,15.61,104.2065,241.741,85.75,145066,98.868,4.9,1
10-13-16,1255.365,1262.4565,1253.209,1258.1115,16.69,0.12,97.516,1.10566,0.41,1257.6,15.63,103.697,241.741,85.75,145066,98.868,4.9,1
10-14-16,1258.1115,1259.669,1246.146,1251.5925,16.12,0.13,98.019,1.09712,0.41,1255.5,15.14,104.1655,241.741,85.75,145066,98.868,4.9,0
10-17-16,1251.5925,1257.328,1250.292,1255.8455,16.21,0.09,97.888,1.09996,0.41,1256.6,15.23,103.883,241.741,85.75,145066,98.868,4.9,1
10-18-16,1255.8455,1264.8315,1255.1285,1262.564,15.28,0.09,97.895,1.09799,0.41,1262.9,14.73,103.867,241.741,85.75,145066,98.868,4.9,1
10-19-16,1262.564,1273.4365,1260.3895,1269.5765,14.41,0.08,97.92,1.097385,0.41,1269.9,14.59,103.444,241.741,85.75,145066,98.868,4.9,1
10-20-16,1269.5765,1274.8795,1264.899,1265.9685,13.75,0.08,98.315,1.09292,0.41,1267.5,14.68,103.954,241.741,85.75,145066,98.868,4.9,0
10-21-16,1265.9685,1268.0955,1261.284,1266.3755,13.34,0.07,98.695,1.08839,0.41,1267.7,14.55,103.8315,241.741,85.75,145066,98.868,4.9,1
10-24-16,1266.3755,1272.0195,1260.421,1264.615,13.02,0.11,98.756,1.08816,0.41,1263.7,14.95,104.1795,241.741,85.75,145066,98.868,4.9,0
10-25-16,1264.615,1276.8035,1262.2045,1274.03,13.46,0.07,98.719,1.08882,0.41,1273.6,14.55,104.2225,241.741,85.75,145066,98.868,4.9,1
10-26-16,1274.03,1276.5705,1264.829,1267.1945,14.24,0.08,98.629,1.090895,0.41,1266.6,14.48,104.478,241.741,85.75,145066,98.868,4.9,0
10-27-16,1267.1945,1272.8745,1265.1055,1268.194,15.36,0.13,98.888,1.089675,0.41,1269.5,15.48,105.2875,241.741,85.75,145066,98.868,4.9,1
10-28-16,1268.194,1284.403,1261.8135,1275.792,16.19,0.13,98.348,1.098755,0.41,1276.8,16.62,104.724,241.741,85.75,145066,98.868,4.9,1
10-31-16,1275.792,1279.725,1271.262,1276.8675,17.06,0.11,98.445,1.09814,0.31,1273.1,18.13,104.818,241.741,85.75,145066,98.868,4.9,1
11-01-16,1276.8675,1292.0325,1275.635,1288.261,18.56,0.11,97.699,1.105525,0.41,1288.1,19.02,104.1635,242.026,82.92,145183,98.901,4.7,1
11-02-16,1288.261,1308.0775,1287.402,1296.257,19.32,0.11,97.398,1.109765,0.41,1308.2,19.32,103.3065,242.026,82.92,145183,98.901,4.7,1
11-03-16,1296.257,1307.2085,1285.771,1302.5835,22.08,0.14,97.157,1.11059,0.41,1303.3,19.98,102.978,242.026,82.92,145183,98.901,4.7,1
11-04-16,1302.5835,1307.3,1294.8235,1305.1135,22.51,0.11,97.065,1.11395,0.41,1304.5,20.22,103.126,242.026,82.92,145183,98.901,4.7,1
11-07-16,1305.1135,1305.1135,1278.277,1281.7945,18.71,0.12,97.781,1.10405,0.41,1279.4,18.53,104.471,242.026,82.92,145183,98.901,4.7,0
11-08-16,1281.7945,1290.895,1272.974,1276.007,18.74,0.15,97.861,1.10254,0.41,1274.5,17.93,105.1775,242.026,82.92,145183,98.901,4.7,0
11-09-16,1276.007,1337.495,1268.349,1277.939,14.38,0.25,98.504,1.090925,0.41,1273.5,16.68,105.658,242.026,82.92,145183,98.901,4.7,1
11-10-16,1277.939,1292.3845,1252.399,1259.013,14.74,0.27,98.785,1.089145,0.41,1266.4,18.52,106.8165,242.026,82.92,145183,98.901,4.7,0
11-11-16,1259.013,1265.568,1219.1785,1227.8555,14.17,0.27,99.06,1.08566,0.41,1224.3,23.25,106.683,242.026,82.92,145183,98.901,4.7,0
11-14-16,1227.8555,1231.409,1211.6515,1221.3135,14.48,0.4,100.11,1.073745,0.41,1221.7,20.5,108.423,242.026,82.92,145183,98.901,4.7,0
11-15-16,1221.3135,1231.6995,1219.015,1228.7095,13.37,0.41,100.23,1.07227,0.41,1224.5,16.42,109.1965,242.026,82.92,145183,98.901,4.7,1
11-16-16,1228.7095,1233.2355,1221.549,1224.9555,13.72,0.39,100.41,1.0691,0.41,1223.9,15.77,109.0765,242.026,82.92,145183,98.901,4.7,0
11-17-16,1224.9555,1231.5395,1210.98,1216.4015,13.35,0.42,100.89,1.062455,0.41,1216.9,17.5,110.137,242.026,82.92,145183,98.901,4.7,0
11-18-16,1216.4015,1217.9715,1202.525,1207.8835,12.85,0.44,101.21,1.05896,0.41,1208.7,17.03,110.888,242.026,82.92,145183,98.901,4.7,0
11-21-16,1207.8835,1217.9865,1205.7195,1214.1725,12.42,0.42,101.05,1.062755,0.41,1209.8,15.86,110.8295,242.026,82.92,145183,98.901,4.7,1
11-22-16,1214.1725,1221.147,1206.199,1212.3545,12.41,0.41,101.04,1.062745,0.41,1211.2,15.43,111.1515,242.026,82.92,145183,98.901,4.7,0
11-23-16,1212.3545,1215.139,1181.8025,1187.722,12.43,0.44,101.7,1.05525,0.41,1189.3,18.53,112.5255,242.026,82.92,145183,98.901,4.7,0
11-24-16,1187.722,1190.966,1180.3165,1183.445,12.43,0.44,101.7,1.0554,0.41,1189.3,18.53,113.328,242.026,82.92,145183,98.901,4.7,0
11-25-16,1183.445,1193.412,1170.938,1184.2895,12.34,0.47,101.49,1.05936,0.41,1178.4,18.47,113.253,242.026,82.92,145183,98.901,4.7,1
11-28-16,1184.2895,1197.7475,1182.787,1193.4065,13.15,0.47,101.33,1.06119,0.41,1190.8,17.39,111.9225,242.026,82.92,145183,98.901,4.7,1
11-29-16,1193.4065,1195.349,1181.174,1188.456,12.9,0.44,100.93,1.064965,0.41,1190.8,17.28,112.3895,242.026,82.92,145183,98.901,4.7,0
11-30-16,1188.456,1195.046,1170.0555,1173.3295,13.33,0.43,101.5,1.05896,0.31,1173.9,19.18,114.4595,242.026,82.92,145183,98.901,4.7,0
12-01-16,1173.3295,1176.8835,1160.8295,1171.6645,14.07,0.48,101.04,1.06614,0.41,1169.4,19.39,114.096,242.637,102.18,145408,99.071,4.7,0
12-02-16,1171.6645,1178.2285,1166.8385,1177.287,14.12,0.49,100.77,1.06663,0.41,1177.8,18.44,113.515,242.637,102.18,145408,99.071,4.7,1
12-05-16,1177.287,1188.267,1157.1585,1170.296,12.14,0.45,100.09,1.07638,0.41,1176.5,17.56,113.852,242.637,102.18,145408,99.071,4.7,0
12-06-16,1170.296,1175.438,1166.9095,1169.7715,11.79,0.44,100.49,1.0717,0.41,1170.1,17.06,114.0185,242.637,102.18,145408,99.071,4.7,0
12-07-16,1169.7715,1180.2995,1165.6275,1174.315,12.22,0.42,100.23,1.075335,0.41,1177.5,16.87,113.76,242.637,102.18,145408,99.071,4.7,1
12-08-16,1174.315,1178.8425,1169.298,1170.6405,12.64,0.45,101.1,1.061515,0.41,1172.4,16.48,114.0295,242.637,102.18,145408,99.071,4.7,0
12-09-16,1170.6405,1172.0995,1156.2945,1159.8395,11.75,0.51,101.59,1.05611,0.41,1161.9,18.66,115.319,242.637,102.18,145408,99.071,4.7,0
12-12-16,1159.8395,1165.8825,1151.1185,1162.4025,12.64,0.51,101.03,1.0636,0.41,1165.8,16.97,115.0235,242.637,102.18,145408,99.071,4.7,1
12-13-16,1162.4025,1165.121,1154.675,1158.1865,12.72,0.53,101.07,1.062575,0.41,1159.8,16.17,115.1875,242.637,102.18,145408,99.071,4.7,0
12-14-16,1158.1865,1165.353,1139.0875,1143.395,13.19,0.6,101.76,1.05355,0.41,1163.7,18.21,117.043,242.637,102.18,145408,99.071,4.7,0
12-15-16,1143.395,1144.4825,1122.751,1128.1635,12.79,0.7,103.02,1.041405,0.66,1129.8,17.89,118.1805,242.637,102.18,145408,99.071,4.7,0
12-16-16,1128.1635,1141.3825,1126.7855,1134.7365,12.2,0.74,102.95,1.04512,0.66,1137.4,17.55,117.913,242.637,102.18,145408,99.071,4.7,1
12-19-16,1134.7365,1142.508,1134.0635,1138.6715,11.71,0.68,103.14,1.04024,0.66,1142.7,16.05,117.097,242.637,102.18,145408,99.071,4.7,1
12-20-16,1138.6715,1139.929,1125.873,1132.3615,11.45,0.67,103.29,1.038735,0.66,1133.6,16.69,117.8635,242.637,102.18,145408,99.071,4.7,0
12-21-16,1132.3615,1137.214,1129.4925,1131.5465,11.27,0.64,103.02,1.042385,0.66,1133.2,15.82,117.557,242.637,102.18,145408,99.071,4.7,0
12-22-16,1131.5465,1134.204,1127.8575,1128.729,11.43,0.6,103.09,1.0437,0.66,1130.7,15.28,117.54,242.637,102.18,145408,99.071,4.7,0
12-23-16,1128.729,1136.0145,1128.344,1132.388,11.44,0.58,103.01,1.04552,0.66,1133.6,16.36,117.332,242.637,102.18,145408,99.071,4.7,1
12-27-16,1132.388,1151.073,1131.709,1138.857,11.99,0.58,103.02,1.04572,0.66,1138.8,16.68,117.427,242.637,102.18,145408,99.071,4.7,1
12-28-16,1138.857,1144.594,1136.5815,1141.211,12.95,0.56,103.3,1.04132,0.66,1140.9,16.04,117.261,242.637,102.18,145408,99.071,4.7,1
12-29-16,1141.211,1159.6655,1141.211,1157.9935,13.37,0.55,102.68,1.049135,0.66,1158.1,15.68,116.5385,242.637,102.18,145408,99.071,4.7,1
12-30-16,1157.9935,1163.4065,1149.785,1151.61,14.04,0.5,102.21,1.05204,0.55,1151.7,16.23,117.017,242.637,102.18,145408,99.071,4.7,0
01-03-17,1151.61,1165.052,1146.157,1158.83,12.85,0.47,103.21,1.04048,0.66,1162.7,16.26,117.749,243.618,105.2,145628,99.451,4.7,1
01-04-17,1158.83,1168.054,1156.318,1163.274,11.85,0.47,102.7,1.04891,0.66,1165.3,15.16,117.247,243.618,105.2,145628,99.451,4.7,1
01-05-17,1163.274,1185.151,1162.832,1180.461,11.67,0.42,101.52,1.06069,0.66,1181.3,14.98,115.364,243.618,105.2,145628,99.451,4.7,1
01-06-17,1180.461,1183.374,1170.977,1172.6905,11.32,0.46,102.22,1.05317,0.66,1173.4,14.55,116.985,243.618,105.2,145628,99.451,4.7,0
01-09-17,1172.6905,1186.253,1172.038,1180.666,11.56,0.43,101.93,1.057175,0.66,1184.9,14.38,116.05,243.618,105.2,145628,99.451,4.7,1
01-10-17,1180.666,1190.702,1180.302,1187.6915,11.49,0.43,102.01,1.055405,0.66,1185.5,14.32,115.7785,243.618,105.2,145628,99.451,4.7,1
01-11-17,1187.6915,1198.348,1177.24,1191.569,11.26,0.39,101.78,1.058235,0.66,1196.6,14.96,115.413,243.618,105.2,145628,99.451,4.7,1
01-12-17,1191.569,1207.047,1190.953,1195.393,11.54,0.38,101.35,1.061265,0.66,1199.8,14.6,114.719,243.618,105.2,145628,99.451,4.7,1
01-13-17,1195.393,1201.918,1187.96,1197.383,11.23,0.41,101.18,1.06433,0.66,1196.2,14.63,114.52,243.618,105.2,145628,99.451,4.7,1
01-16-17,1197.383,1208.762,1197.383,1203.017,11.23,0.41,101.18,1.06004,0.66,1196.2,14.63,114.199,243.618,105.2,145628,99.451,4.7,1
01-17-17,1203.017,1218.944,1202.768,1217.0405,11.87,0.36,100.33,1.07135,0.66,1212.9,15.67,112.607,243.618,105.2,145628,99.451,4.7,1
01-18-17,1217.0405,1217.879,1202.475,1204.0605,12.48,0.42,100.93,1.06291,0.66,1212.1,15.25,114.6335,243.618,105.2,145628,99.451,4.7,0
01-19-17,1204.0605,1206.724,1195.922,1204.7245,12.78,0.43,101.15,1.066455,0.66,1201.5,15.11,114.86,243.618,105.2,145628,99.451,4.7,1
01-20-17,1204.7245,1215.084,1198.728,1210.395,11.54,0.44,100.74,1.070115,0.66,1204.9,14.38,114.585,243.618,105.2,145628,99.451,4.7,1
01-23-17,1210.395,1219.601,1209.358,1218.0785,11.77,0.39,100.16,1.07639,0.66,1215.6,15.15,112.7005,243.618,105.2,145628,99.451,4.7,1
01-24-17,1218.0785,1220.224,1206.673,1209.009,11.07,0.41,100.35,1.07313,0.66,1210.8,14.65,113.7825,243.618,105.2,145628,99.451,4.7,0
01-25-17,1209.009,1209.968,1193.328,1200.2475,10.81,0.45,100.03,1.07487,0.66,1197.8,14.47,113.2805,243.618,105.2,145628,99.451,4.7,0
01-26-17,1200.2475,1202.73,1184.515,1188.6975,10.63,0.43,100.38,1.06825,0.66,1189.8,14.74,114.5365,243.618,105.2,145628,99.451,4.7,0
01-27-17,1188.6975,1191.836,1180.59,1191.082,10.58,0.41,100.53,1.06978,0.66,1188.4,14.34,115.094,243.618,105.2,145628,99.451,4.7,1
01-30-17,1191.082,1199.502,1188.338,1195.369,11.88,0.42,100.43,1.069575,0.66,1196.4,15.19,113.785,243.618,105.2,145628,99.451,4.7,1
01-31-17,1195.369,1215.437,1193.839,1210.5705,11.99,0.4,99.512,1.079745,0.56,1211.4,15.27,112.799,243.618,105.2,145628,99.451,4.7,1
02-01-17,1210.5705,1213.31,1198.178,1209.7235,11.81,0.43,99.641,1.07688,0.66,1208.3,14.8,113.2475,244.006,114.21,145848,99.586,4.6,0
02-02-17,1209.7235,1225.409,1208.48,1215.853,11.93,0.43,99.79,1.07582,0.66,1219.4,15.04,112.803,244.006,114.21,145848,99.586,4.6,1
02-03-17,1215.853,1221.492,1206.846,1220.5935,10.97,0.44,99.868,1.07856,0.66,1220.8,15.04,112.593,244.006,114.21,145848,99.586,4.6,1
02-06-17,1220.5935,1235.662,1219.236,1235.368,11.37,0.4,99.907,1.075045,0.66,1232.1,15.74,111.7415,244.006,114.21,145848,99.586,4.6,1
02-07-17,1235.368,1235.928,1227.756,1233.6765,11.29,0.4,100.26,1.06829,0.66,1236.1,15.26,112.391,244.006,114.21,145848,99.586,4.6,0
02-08-17,1233.6765,1244.83,1230.204,1241.5605,11.45,0.38,100.28,1.06983,0.66,1239.5,15.2,111.933,244.006,114.21,145848,99.586,4.6,1
02-09-17,1241.5605,1244.616,1225.696,1228.7835,10.88,0.41,100.65,1.065555,0.66,1236.8,14.88,113.2485,244.006,114.21,145848,99.586,4.6,0
02-10-17,1228.7835,1237.21,1221.714,1233.755,10.85,0.4,100.8,1.064085,0.66,1235.9,14.88,113.227,244.006,114.21,145848,99.586,4.6,1
02-13-17,1233.755,1233.755,1219.44,1225.3875,11.07,0.43,100.96,1.059655,0.66,1225.8,14.61,113.742,244.006,114.21,145848,99.586,4.6,0
02-14-17,1225.3875,1234.608,1221.971,1228.596,10.74,0.46,101.25,1.057825,0.66,1225.4,14.21,114.2595,244.006,114.21,145848,99.586,4.6,1
02-15-17,1228.596,1233.562,1216.752,1233.5455,11.97,0.45,101.18,1.060005,0.66,1233.1,13.71,114.1575,244.006,114.21,145848,99.586,4.6,1
02-16-17,1233.5455,1242.464,1232.214,1239.4495,11.76,0.43,100.44,1.067385,0.66,1241.6,13.75,113.2435,244.006,114.21,145848,99.586,4.6,1
02-17-17,1239.4495,1243.85,1234.416,1234.7255,11.49,0.41,100.95,1.06162,0.66,1239.1,13.27,112.79,244.006,114.21,145848,99.586,4.6,0
02-20-17,1234.7255,1239.074,1232.662,1237.5545,11.49,0.41,100.95,1.061375,0.66,1239.1,13.27,113.104,244.006,114.21,145848,99.586,4.6,1
02-21-17,1237.5545,1238.948,1226.248,1235.9105,11.57,0.4,101.37,1.05365,0.66,1238.9,13.72,113.685,244.006,114.21,145848,99.586,4.6,0
02-22-17,1235.9105,1241.056,1231.268,1237.384,11.74,0.38,101.22,1.055855,0.66,1233.3,13.26,113.311,244.006,114.21,145848,99.586,4.6,1
02-23-17,1237.384,1251.171,1235.813,1249.576,11.71,0.35,101.05,1.058155,0.66,1251.4,13.68,112.6215,244.006,114.21,145848,99.586,4.6,1
02-24-17,1249.576,1260.198,1247.8655,1257.3295,11.47,0.31,101.09,1.056095,0.66,1258.3,13.54,112.117,244.006,114.21,145848,99.586,4.6,1
02-27-17,1257.3295,1263.944,1251.041,1252.933,12.09,0.35,101.13,1.058665,0.66,1258.8,14.44,112.6895,244.006,114.21,145848,99.586,4.6,0
02-28-17,1252.933,1258.504,1247.716,1248.295,12.92,0.34,101.12,1.057645,0.57,1253.9,14.3,112.7885,244.006,114.21,145848,99.586,4.6,0
03-01-17,1248.295,1250.719,1237.016,1249.6405,12.54,0.43,101.78,1.05466,0.66,1250.9,14.41,113.726,243.892,96.64,145969,99.535,4.4,1
03-02-17,1249.6405,1250.206,1231.042,1234.3315,11.81,0.48,102.2,1.050625,0.66,1232.9,13.89,114.405,243.892,96.64,145969,99.535,4.4,0
03-03-17,1234.3315,1236.36,1222.911,1234.974,10.96,0.45,101.54,1.062205,0.66,1226.5,13.66,114.005,243.892,96.64,145969,99.535,4.4,1
03-06-17,1234.974,1236.95,1225.018,1225.401,11.24,0.48,101.64,1.058185,0.66,1225.5,13.24,113.8965,243.892,96.64,145969,99.535,4.4,0
03-07-17,1225.401,1227.274,1214.256,1215.764,11.45,0.49,101.81,1.056615,0.66,1216.1,13.22,113.9795,243.892,96.64,145969,99.535,4.4,0
03-08-17,1215.764,1218.663,1206.708,1208.3085,11.86,0.56,102.07,1.05409,0.66,1209.4,13.58,114.387,243.892,96.64,145969,99.535,4.4,0
03-09-17,1208.3085,1209.097,1199.357,1201.087,12.3,0.6,101.85,1.05773,0.66,1203.2,13.62,114.9625,243.892,96.64,145969,99.535,4.4,0
03-10-17,1201.087,1206.442,1195.067,1204.6815,11.66,0.57,101.25,1.06736,0.66,1201.4,13.03,114.803,243.892,96.64,145969,99.535,4.4,1
03-13-17,1204.6815,1211.26,1202.524,1204.1635,11.35,0.61,101.31,1.06533,0.66,1203.1,11.27,114.876,243.892,96.64,145969,99.535,4.4,0
03-14-17,1204.1635,1207.712,1197.294,1198.8245,12.3,0.61,101.77,1.060465,0.66,1202.6,11.57,114.7375,243.892,96.64,145969,99.535,4.4,0
03-15-17,1198.8245,1222.154,1197.676,1219.538,11.63,0.5,100.74,1.07346,0.66,1200.7,11.23,113.377,243.892,96.64,145969,99.535,4.4,1
03-16-17,1219.538,1233.884,1218.176,1226.525,11.21,0.51,100.36,1.076545,0.91,1227.1,11.12,113.306,243.892,96.64,145969,99.535,4.4,1
03-17-17,1226.525,1231.782,1224.556,1229.3345,11.28,0.49,100.3,1.073815,0.91,1230.2,10.8,112.709,243.892,96.64,145969,99.535,4.4,1
03-20-17,1229.3345,1235.631,1229.3345,1234.164,11.34,0.47,100.41,1.073935,0.91,1234.2,11.35,112.558,243.892,96.64,145969,99.535,4.4,1
03-21-17,1234.164,1247.7,1226.962,1244.591,12.47,0.45,99.813,1.08098,0.91,1246.5,12.13,111.723,243.892,96.64,145969,99.535,4.4,1
03-22-17,1244.591,1251.436,1243.968,1249.0085,12.81,0.43,99.677,1.0797,0.91,1249.7,12.28,111.166,243.892,96.64,145969,99.535,4.4,1
03-23-17,1249.0085,1253.408,1242.812,1245.206,13.12,0.46,99.76,1.07833,0.91,1247.2,12.58,110.9305,243.892,96.64,145969,99.535,4.4,0
03-24-17,1245.206,1251.998,1240.998,1243.449,12.96,0.42,99.627,1.079765,0.91,1248.5,12.06,111.321,243.892,96.64,145969,99.535,4.4,0
03-27-17,1243.449,1261.081,1243.449,1254.4735,12.5,0.41,99.166,1.08627,0.91,1255.7,12.51,110.669,243.892,96.64,145969,99.535,4.4,1
03-28-17,1254.4735,1258.502,1247.77,1251.928,11.53,0.45,99.712,1.081395,0.91,1255.6,12.35,111.1405,243.892,96.64,145969,99.535,4.4,0
03-29-17,1251.928,1254.758,1247.388,1253.5995,11.42,0.41,99.998,1.07658,0.91,1253.7,11.65,111.048,243.892,96.64,145969,99.535,4.4,1
03-30-17,1253.5995,1253.952,1242.458,1243.203,11.54,0.46,100.41,1.067415,0.91,1248.7,12.09,111.9205,243.892,96.64,145969,99.535,4.4,0
03-31-17,1243.203,1250.722,1239.677,1249.119,12.37,0.43,100.35,1.06548,0.82,1251.2,12.41,111.3875,243.892,96.64,145969,99.535,4.4,1
04-03-17,1249.119,1253.844,1244.598,1253.6755,12.38,0.39,100.54,1.067015,0.91,1254.2,12.61,110.901,244.193,119.46,146174,99.725,4.4,1
04-04-17,1253.6755,1261.423,1253.666,1256.251,11.79,0.4,100.54,1.067465,0.91,1258.4,12.41,110.7395,244.193,119.46,146174,99.725,4.4,1
04-05-17,1256.251,1257.399,1243.821,1255.615,12.89,0.37,100.56,1.066355,0.91,1248.5,13.23,110.6985,244.193,119.46,146174,99.725,4.4,0
04-06-17,1255.615,1259.038,1249.826,1251.986,12.39,0.39,100.67,1.06438,0.91,1253.3,12.85,110.801,244.193,119.46,146174,99.725,4.4,0
04-07-17,1251.986,1271.122,1250.683,1254.437,12.87,0.44,101.18,1.05902,0.91,1257.3,13.45,111.0705,244.193,119.46,146174,99.725,4.4,1
04-10-17,1254.437,1257.216,1247.112,1254.601,14.05,0.44,101.02,1.0596,0.91,1253.9,13.75,110.9305,244.193,119.46,146174,99.725,4.4,1
04-11-17,1254.601,1275.216,1253.165,1274.523,15.07,0.41,100.71,1.060445,0.91,1274.2,15.2,109.608,244.193,119.46,146174,99.725,4.4,1
04-12-17,1274.523,1286.874,1271.97,1286.514,15.77,0.38,100.78,1.066515,0.91,1278.1,16.08,109.019,244.193,119.46,146174,99.725,4.4,1
04-13-17,1286.514,1288.644,1281.86,1287.5825,15.96,0.32,100.56,1.06134,0.91,1288.5,16.2,109.102,244.193,119.46,146174,99.725,4.4,1
04-17-17,1287.5825,1295.612,1281.405,1284.7125,14.66,0.38,100.29,1.06431,0.91,1291.9,16.2,108.903,244.193,119.46,146174,99.725,4.4,0
04-18-17,1284.7125,1292.45,1278.979,1289.54,14.42,0.33,99.499,1.073065,0.91,1294.1,15.67,108.4285,244.193,119.46,146174,99.725,4.4,1
04-19-17,1289.54,1290.857,1273.904,1279.9125,14.93,0.36,99.738,1.07115,0.91,1283.4,14.5,108.854,244.193,119.46,146174,99.725,4.4,0
04-20-17,1279.9125,1283.503,1276.742,1282.121,14.15,0.39,99.778,1.07167,0.91,1283.8,14.54,109.314,244.193,119.46,146174,99.725,4.4,1
04-21-17,1282.121,1288.386,1278.616,1284.265,14.63,0.4,99.977,1.07266,0.91,1289.1,15.31,109.067,244.193,119.46,146174,99.725,4.4,1
04-24-17,1284.265,1284.265,1265.676,1275.575,10.84,0.41,99.092,1.086735,0.91,1277.5,12.29,109.769,244.193,119.46,146174,99.725,4.4,0
04-25-17,1275.575,1278.232,1261.642,1263.8375,10.76,0.44,98.785,1.09265,0.91,1267.2,12.45,111.09,244.193,119.46,146174,99.725,4.4,0
04-26-17,1263.8375,1271.017,1259.97,1268.908,10.85,0.42,99.045,1.0904,0.91,1264.2,12.02,111.0645,244.193,119.46,146174,99.725,4.4,1
04-27-17,1268.908,1269.717,1260.98,1264.429,10.36,0.39,99.076,1.087265,0.91,1265.9,11.53,111.265,244.193,119.46,146174,99.725,4.4,0
04-28-17,1264.429,1268.62,1263.158,1268.229,10.82,0.37,99.05,1.08962,0.83,1268.3,11.6,111.52,244.193,119.46,146174,99.725,4.4,1
05-01-17,1268.229,1271.295,1254.232,1256.668,10.11,0.41,99.077,1.0899,0.91,1255.5,12.35,111.8335,244.004,102.58,146380,99.682,4.4,0
05-02-17,1256.668,1257.904,1251.986,1256.8795,10.59,0.41,98.976,1.09307,0.91,1257.5,12.38,111.9915,244.004,102.58,146380,99.682,4.4,1
05-03-17,1256.8795,1257.09,1235.91,1237.727,10.68,0.46,99.209,1.088505,0.91,1248.5,12.54,112.763,244.004,102.58,146380,99.682,4.4,0
05-04-17,1237.727,1241.342,1225.579,1227.8945,10.46,0.5,98.797,1.09843,0.91,1228.6,12.41,112.4555,244.004,102.58,146380,99.682,4.4,0
05-05-17,1227.8945,1235.708,1226.182,1228.368,10.57,0.5,98.648,1.09989,0.91,1226.9,12.01,112.688,244.004,102.58,146380,99.682,4.4,1
05-08-17,1228.368,1236.652,1221.844,1226.019,9.77,0.53,99.06,1.092375,0.91,1227.1,11.95,113.2465,244.004,102.58,146380,99.682,4.4,0
05-09-17,1226.019,1228.69,1214.392,1221.049,9.96,0.56,99.658,1.087435,0.91,1216.1,12.1,113.9855,244.004,102.58,146380,99.682,4.4,0
05-10-17,1221.049,1225.786,1217.71,1219.06,10.21,0.56,99.669,1.08676,0.91,1218.9,11.2,114.277,244.004,102.58,146380,99.682,4.4,0
05-11-17,1219.06,1227.851,1216.994,1225.0045,10.6,0.51,99.623,1.08609,0.91,1224.2,11.24,113.866,244.004,102.58,146380,99.682,4.4,1
05-12-17,1225.0045,1231.872,1224.5,1228.021,10.4,0.49,99.252,1.093135,0.91,1227.7,11.13,113.3375,244.004,102.58,146380,99.682,4.4,1
05-15-17,1228.021,1237.441,1226.975,1230.4175,10.42,0.52,98.911,1.09751,0.91,1230.7,11.28,113.7985,244.004,102.58,146380,99.682,4.4,1
05-16-17,1230.4175,1239.248,1230.4175,1236.976,10.65,0.51,98.105,1.108265,0.91,1236.4,11.19,113.117,244.004,102.58,146380,99.682,4.4,1
05-17-17,1236.976,1261.46,1236.552,1261.273,15.59,0.44,97.575,1.115995,0.91,1258.7,13.03,110.8315,244.004,102.58,146380,99.682,4.4,1
05-18-17,1261.273,1265.091,1246.028,1247.155,14.66,0.43,97.879,1.11026,0.91,1252.8,12.95,111.4825,244.004,102.58,146380,99.682,4.4,0
05-19-17,1247.155,1256.53,1246.43,1255.759,12.04,0.41,97.142,1.12068,0.91,1253.6,12.04,111.227,244.004,102.58,146380,99.682,4.4,1
05-22-17,1255.759,1262.682,1251.857,1260.401,10.93,0.43,96.984,1.123735,0.91,1261.4,12.32,111.3005,244.004,102.58,146380,99.682,4.4,1
05-23-17,1260.401,1263.895,1250.749,1251.2295,10.72,0.46,97.351,1.11824,0.91,1255.5,11.89,111.7815,244.004,102.58,146380,99.682,4.4,0
05-24-17,1251.2295,1259.087,1247.979,1258.7105,10.02,0.45,97.238,1.121875,0.91,1253.1,11.75,111.489,244.004,102.58,146380,99.682,4.4,1
05-25-17,1258.7105,1259.789,1253.861,1255.628,9.99,0.45,97.248,1.12104,0.91,1256.4,11.2,111.832,244.004,102.58,146380,99.682,4.4,0
05-26-17,1255.628,1269.543,1253.264,1266.928,9.81,0.44,97.442,1.11813,0.91,1268.1,11.59,111.304,244.004,102.58,146380,99.682,4.4,1
05-29-17,1266.928,1269.268,1265.12,1266.8045,9.81,0.44,97.442,1.116305,0.91,1268.1,11.59,111.2585,244.004,102.58,146380,99.682,4.4,0
05-30-17,1266.8045,1270.644,1259.382,1262.956,10.38,0.4,97.28,1.11858,0.91,1265.7,11.62,110.857,244.004,102.58,146380,99.682,4.4,0
05-31-17,1262.956,1274.215,1259.645,1268.8085,10.41,0.4,96.922,1.124335,0.83,1275.4,11.82,110.7775,244.004,102.58,146380,99.682,4.4,1
06-01-17,1268.8085,1270.387,1261.524,1265.8925,9.89,0.4,97.198,1.12125,0.91,1270.1,11.81,111.37,244.163,126.79,146583,99.766,4.3,0
06-02-17,1265.8925,1279.677,1259.044,1279.29,9.75,0.36,96.715,1.128265,0.91,1280.2,12.09,110.395,244.163,126.79,146583,99.766,4.3,1
06-05-17,1279.29,1283.534,1277.817,1279.4975,10.07,0.39,96.799,1.125425,0.91,1282.7,12.44,110.474,244.163,126.79,146583,99.766,4.3,1
06-06-17,1279.4975,1296.208,1279.417,1294.134,10.45,0.37,96.636,1.12773,0.91,1297.5,13.23,109.4155,244.163,126.79,146583,99.766,4.3,1
06-07-17,1294.134,1295.36,1282.718,1286.886,10.39,0.4,96.748,1.125675,0.91,1293.2,13.16,109.815,244.163,126.79,146583,99.766,4.3,0
06-08-17,1286.886,1289.076,1271.376,1277.7855,10.16,0.41,96.918,1.12142,0.91,1279.5,12.62,109.996,244.163,126.79,146583,99.766,4.3,0
06-09-17,1277.7855,1282.025,1264.771,1266.732,10.7,0.43,97.274,1.11959,0.91,1271.4,12.5,110.333,244.163,126.79,146583,99.766,4.3,0
06-12-17,1266.732,1270.435,1263.708,1265.9055,11.46,0.46,97.138,1.12037,0.91,1268.9,12.41,109.941,244.163,126.79,146583,99.766,4.3,0
06-13-17,1265.9055,1269.048,1259.231,1266.5075,10.42,0.46,96.975,1.121055,0.91,1268.6,12.16,110.072,244.163,126.79,146583,99.766,4.3,1
06-14-17,1266.5075,1281.204,1257.252,1261.2235,10.64,0.44,96.939,1.121805,0.91,1275.9,11.5,109.5645,244.163,126.79,146583,99.766,4.3,0
06-15-17,1261.2235,1266.753,1251.534,1253.9715,10.9,0.49,97.433,1.114535,1.16,1254.6,11.03,110.946,244.163,126.79,146583,99.766,4.3,0
06-16-17,1253.9715,1257.272,1251.881,1254.449,10.38,0.49,97.164,1.119635,1.16,1256.5,10.16,110.89,244.163,126.79,146583,99.766,4.3,1
06-19-17,1254.449,1255.823,1243.069,1243.7325,10.37,0.52,97.548,1.114825,1.16,1246.7,10.69,111.536,244.163,126.79,146583,99.766,4.3,0
06-20-17,1243.7325,1248.177,1241.405,1243.299,10.86,0.5,97.76,1.11342,1.16,1243.5,11.14,111.4625,244.163,126.79,146583,99.766,4.3,0
06-21-17,1243.299,1247.892,1240.902,1246.516,10.75,0.5,97.559,1.11685,1.16,1245.8,11.25,111.38,244.163,126.79,146583,99.766,4.3,1
06-22-17,1246.516,1255.078,1245.888,1250.599,10.48,0.46,97.593,1.115155,1.16,1249.4,11.24,111.3175,244.163,126.79,146583,99.766,4.3,1
06-23-17,1250.599,1258.912,1249.921,1256.7525,10.02,0.45,97.264,1.119375,1.16,1256.4,10.86,111.299,244.163,126.79,146583,99.766,4.3,1
06-26-17,1256.7525,1258.272,1236.006,1244.617,9.9,0.43,97.426,1.11816,1.16,1246.4,11.05,111.876,244.163,126.79,146583,99.766,4.3,0
06-27-17,1244.617,1253.324,1241.441,1247.1605,11.06,0.5,96.394,1.13387,1.16,1246.9,11.96,112.348,244.163,126.79,146583,99.766,4.3,1
06-28-17,1247.1605,1255.1,1246.458,1249.2075,10.03,0.49,96.01,1.13772,1.16,1249.1,11.38,112.3105,244.163,126.79,146583,99.766,4.3,1
06-29-17,1249.2075,1253.296,1239.866,1245.364,11.44,0.55,95.628,1.14406,1.16,1245.8,11.21,112.1685,244.163,126.79,146583,99.766,4.3,0
06-30-17,1245.364,1248.374,1239.309,1242.118,11.18,0.58,95.628,1.14252,1.06,1242.3,11.21,112.39,244.163,126.79,146583,99.766,4.3,0
07-03-17,1242.118,1242.826,1218.661,1220.307,11.22,0.6,96.218,1.13641,1.16,1219.2,11.93,113.382,244.243,102.81,146772,99.803,4.3,0
07-04-17,1220.307,1226.647,1220.307,1223.368,11.22,0.6,96.218,1.13459,1.16,1219.2,11.93,113.283,244.243,102.81,146772,99.803,4.3,1
07-05-17,1223.368,1228.945,1217.227,1226.929,11.07,0.58,96.29,1.135145,1.16,1221.7,11.88,113.262,244.243,102.81,146772,99.803,4.3,1
07-06-17,1226.929,1229.301,1222.62,1225.2015,12.54,0.61,95.802,1.14234,1.16,1223.3,11.72,113.2185,244.243,102.81,146772,99.803,4.3,0
07-07-17,1225.2015,1228.704,1207.416,1212.935,11.19,0.66,96.008,1.14001,1.16,1209.7,12.54,113.908,244.243,102.81,146772,99.803,4.3,0
07-10-17,1212.935,1215.723,1204.89,1214.2845,11.11,0.66,96.022,1.139935,1.16,1213.2,12.22,114.039,244.243,102.81,146772,99.803,4.3,1
07-11-17,1214.2845,1217.55,1208.304,1217.4555,10.89,0.62,95.669,1.14671,1.16,1214.7,12.3,113.941,244.243,102.81,146772,99.803,4.3,1
07-12-17,1217.4555,1225.85,1213.534,1220.4045,10.3,0.57,95.761,1.141165,1.16,1219.1,11.56,113.1705,244.243,102.81,146772,99.803,4.3,1
07-13-17,1220.4045,1224.544,1216.66,1217.5,9.9,0.58,95.728,1.13978,1.16,1217.3,11.29,113.2865,244.243,102.81,146772,99.803,4.3,0
07-14-17,1217.5,1233.042,1214.91,1228.971,9.51,0.57,95.153,1.14688,1.16,1227.5,11.11,112.533,244.243,102.81,146772,99.803,4.3,1
07-17-17,1228.971,1236.122,1228.282,1234.0455,9.82,0.54,95.128,1.14783,1.16,1233.7,11.08,112.6255,244.243,102.81,146772,99.803,4.3,1
07-18-17,1234.0455,1244.622,1232.85,1242.4145,9.89,0.51,94.604,1.15537,1.16,1241.9,11.14,112.064,244.243,102.81,146772,99.803,4.3,1
07-19-17,1242.4145,1244.138,1235.616,1241.233,9.79,0.51,94.779,1.151525,1.16,1242.9,11.08,111.952,244.243,102.81,146772,99.803,4.3,0
07-20-17,1241.233,1247.62,1235.363,1244.559,9.58,0.5,94.306,1.16318,1.16,1245.5,10.85,111.907,244.243,102.81,146772,99.803,4.3,1
07-21-17,1244.559,1255.7625,1243.421,1254.9845,9.36,0.48,93.858,1.1664,1.16,1254.9,11.22,111.136,244.243,102.81,146772,99.803,4.3,1
07-24-17,1254.9845,1258.867,1252.006,1255.1695,9.43,0.48,93.977,1.164205,1.16,1254.3,11.8,111.1035,244.243,102.81,146772,99.803,4.3,1
07-25-17,1255.1695,1257.843,1249.178,1250.1895,9.43,0.52,94.054,1.16471,1.16,1252.1,12.07,111.8895,244.243,102.81,146772,99.803,4.3,0
07-26-17,1250.1895,1263.62,1243.821,1261.012,9.6,0.49,93.672,1.17345,1.16,1249.4,11.63,111.1775,244.243,102.81,146772,99.803,4.3,1
07-27-17,1261.012,1265.366,1254.584,1259.2015,10.11,0.49,93.864,1.167735,1.16,1260.4,11.24,111.254,244.243,102.81,146772,99.803,4.3,0
07-28-17,1259.2015,1270.962,1257.459,1269.5595,10.29,0.47,93.259,1.17498,1.16,1275.3,11.44,110.683,244.243,102.81,146772,99.803,4.3,1
07-31-17,1269.5595,1271.232,1265.877,1269.507,10.26,0.48,92.863,1.184195,1.07,1273.4,11.61,110.2565,244.243,102.81,146772,99.803,4.3,0
08-01-17,1269.507,1274.204,1262.556,1268.8275,10.09,0.47,93.043,1.18021,1.16,1279.4,11.28,110.3785,245.183,138.53,146919,100.027,4.4,0
08-02-17,1268.8275,1272.948,1262.998,1266.673,10.28,0.48,92.836,1.185585,1.16,1278.4,11.24,110.74,245.183,138.53,146919,100.027,4.4,0
08-03-17,1266.673,1270.88,1256.248,1268.625,10.44,0.46,92.839,1.18691,1.16,1274.4,11.31,110.049,245.183,138.53,146919,100.027,4.4,1
08-04-17,1268.625,1270.338,1254.271,1259.177,10.03,0.47,93.542,1.17734,1.16,1264.6,10.87,110.6905,245.183,138.53,146919,100.027,4.4,0
08-07-17,1259.177,1260.039,1255.829,1257.8285,9.93,0.46,93.432,1.179495,1.16,1264.7,10.73,110.743,245.183,138.53,146919,100.027,4.4,0
08-08-17,1257.8285,1265.346,1251.614,1260.7385,10.96,0.46,93.647,1.17529,1.16,1262.6,11.1,110.325,245.183,138.53,146919,100.027,4.4,1
08-09-17,1260.7385,1278.788,1260.7385,1277.3845,11.11,0.42,93.548,1.175935,1.16,1279.3,12.31,110.066,245.183,138.53,146919,100.027,4.4,1
08-10-17,1277.3845,1287.925,1274.745,1286.4595,16.04,0.4,93.401,1.1773,1.16,1290.1,13.43,109.2055,245.183,138.53,146919,100.027,4.4,1
08-11-17,1286.4595,1292.354,1281.356,1289.36,15.51,0.4,93.069,1.182175,1.16,1294.1,13.45,109.178,245.183,138.53,146919,100.027,4.4,1
08-14-17,1289.36,1290.042,1278.685,1281.8475,12.33,0.45,93.411,1.1781,1.16,1290.4,12.11,109.6335,245.183,138.53,146919,100.027,4.4,0
08-15-17,1281.8475,1282.182,1267.397,1271.3675,12.04,0.49,93.853,1.173435,1.16,1279.7,12.2,110.676,245.183,138.53,146919,100.027,4.4,0
08-16-17,1271.3675,1283.921,1267.734,1283.1535,11.74,0.45,93.541,1.176655,1.16,1282.9,12.58,110.191,245.183,138.53,146919,100.027,4.4,1
08-17-17,1283.1535,1290.253,1281.254,1287.897,15.55,0.42,93.622,1.17242,1.16,1292.4,13.34,109.5705,245.183,138.53,146919,100.027,4.4,1
08-18-17,1287.897,1300.926,1283.474,1284.523,14.26,0.43,93.434,1.17606,1.16,1291.6,12.12,109.2125,245.183,138.53,146919,100.027,4.4,0
08-21-17,1284.523,1294.081,1280.613,1291.988,13.19,0.43,93.095,1.18146,1.16,1296.7,13.01,108.977,245.183,138.53,146919,100.027,4.4,1
08-22-17,1291.988,1292.608,1282.053,1285.0845,11.35,0.45,93.545,1.17615,1.16,1291.7,12.49,109.5685,245.183,138.53,146919,100.027,4.4,0
08-23-17,1285.0845,1291.598,1282.834,1290.7325,12.25,0.42,93.147,1.18071,1.16,1294.7,12.68,109.0405,245.183,138.53,146919,100.027,4.4,1
08-24-17,1290.7325,1291.298,1284.492,1286.519,12.23,0.44,93.277,1.18003,1.16,1292.7,12.76,109.554,245.183,138.53,146919,100.027,4.4,0
08-25-17,1286.519,1295.152,1276.196,1291.443,11.28,0.42,92.74,1.19232,1.16,1297.9,12.63,109.346,245.183,138.53,146919,100.027,4.4,1
08-28-17,1291.443,1312.21,1291.443,1310.443,11.32,0.41,92.207,1.19781,1.16,1315.3,14.2,109.255,245.183,138.53,146919,100.027,4.4,1
08-29-17,1310,1326.132,1305.06,1309.548,11.7,0.39,92.249,1.197185,1.16,1318.9,13.5,109.7565,245.183,138.53,146919,100.027,4.4,0
08-30-17,1309.548,1313.777,1305.206,1308.8095,11.22,0.39,92.884,1.18842,1.16,1314.1,12.78,110.246,245.183,138.53,146919,100.027,4.4,0
08-31-17,1308.8095,1323.69,1297.876,1321.37,10.59,0.36,92.668,1.19092,1.07,1322.2,13.26,109.976,245.183,138.53,146919,100.027,4.4,1
09-01-17,1321.37,1329.053,1316.452,1324.876,10.13,0.37,92.814,1.18597,1.16,1330.4,12.73,110.257,246.435,115.53,147007,100.4,4.3,1
09-04-17,1324.876,1340.038,1324.876,1334.5905,10.13,0.37,92.814,1.18959,1.16,1330.4,12.73,109.72,246.435,115.53,147007,100.4,4.3,1
09-05-17,1334.5905,1344.421,1326.267,1339.678,12.23,0.3,92.252,1.191425,1.16,1344.5,14.3,108.812,246.435,115.53,147007,100.4,4.3,1
09-06-17,1339.678,1342.502,1331.64,1334.1595,11.63,0.32,92.29,1.19177,1.16,1339.5,14.17,109.2205,246.435,115.53,147007,100.4,4.3,0
09-07-17,1334.1595,1349.822,1332.594,1349.056,11.55,0.26,91.663,1.20231,1.16,1350.3,14.49,108.454,246.435,115.53,147007,100.4,4.3,1
09-08-17,1349.056,1357.624,1342.874,1346.7815,12.12,0.25,91.352,1.203535,1.16,1351.2,13.77,107.8455,246.435,115.53,147007,100.4,4.3,0
09-11-17,1346.7815,1346.7815,1326.43,1327.803,10.73,0.31,91.875,1.19536,1.16,1335.7,13.28,109.3955,246.435,115.53,147007,100.4,4.3,0
09-12-17,1327.803,1332.115,1322.678,1331.9505,10.58,0.33,91.882,1.19658,1.16,1332.7,11.56,110.17,246.435,115.53,147007,100.4,4.3,1
09-13-17,1331.9505,1334.856,1320.898,1323.2605,10.5,0.35,92.52,1.188555,1.16,1328.7,11.98,110.489,246.435,115.53,147007,100.4,4.3,0
09-14-17,1323.2605,1330.722,1315.683,1329.5075,10.44,0.35,92.124,1.19191,1.16,1329.3,12.19,110.245,246.435,115.53,147007,100.4,4.3,1
09-15-17,1329.5075,1334.467,1319.744,1320.66,10.17,0.35,91.872,1.19476,1.16,1325.2,12.06,110.839,246.435,115.53,147007,100.4,4.3,0
09-18-17,1320.66,1320.66,1304.706,1307.4585,10.15,0.36,92.047,1.19548,1.16,1310.8,12.69,111.5685,246.435,115.53,147007,100.4,4.3,0
09-19-17,1307.4585,1311.795,1305.186,1311.1955,10.18,0.37,91.793,1.1995,1.16,1310.6,12.27,111.5975,246.435,115.53,147007,100.4,4.3,1
09-20-17,1311.1955,1316.292,1296.06,1301.1225,9.78,0.43,92.508,1.18932,1.16,1316.4,12.32,112.1955,246.435,115.53,147007,100.4,4.3,0
09-21-17,1301.1225,1301.986,1288.15,1291.4095,9.67,0.44,92.259,1.1943,1.16,1294.8,12.19,112.4825,246.435,115.53,147007,100.4,4.3,0
09-22-17,1291.4095,1298.868,1291.36,1297.293,9.59,0.42,92.171,1.194745,1.16,1297.5,12.37,111.993,246.435,115.53,147007,100.4,4.3,1
09-25-17,1297.293,1312.508,1289.099,1310.511,10.21,0.38,92.648,1.18499,1.16,1311.5,13.77,111.7255,246.435,115.53,147007,100.4,4.3,1
09-26-17,1310.511,1313.809,1292.286,1293.7255,10.17,0.4,92.966,1.17935,1.16,1301.7,13.32,112.236,246.435,115.53,147007,100.4,4.3,0
09-27-17,1293.7255,1296.344,1281.58,1282.9155,9.87,0.44,93.361,1.17448,1.16,1287.8,12.99,112.822,246.435,115.53,147007,100.4,4.3,0
09-28-17,1282.9155,1288.746,1277.806,1287.4415,9.55,0.44,93.085,1.17862,1.16,1288.7,11.75,112.34,246.435,115.53,147007,100.4,4.3,1
09-29-17,1287.4415,1290.503,1275.633,1280.081,9.51,0.49,93.076,1.18152,1.06,1284.8,11.77,112.504,246.435,115.53,147007,100.4,4.3,0
10-02-17,1280.081,1280.27,1269.77,1271.1555,9.45,0.51,93.559,1.173285,1.16,1275.8,11.72,112.763,246.626,91.46,147150,100.531,4.2,0
10-03-17,1271.1555,1274.784,1268.418,1271.78,9.51,0.49,93.569,1.174455,1.16,1274.6,11.38,112.8455,246.626,91.46,147150,100.531,4.2,1
10-04-17,1271.78,1282.32,1270.588,1274.726,9.63,0.48,93.458,1.17597,1.16,1276.8,11.41,112.757,246.626,91.46,147150,100.531,4.2,1
10-05-17,1274.726,1279.026,1266.498,1268.268,9.19,0.49,93.961,1.171105,1.16,1273.2,11.4,112.819,246.626,91.46,147150,100.531,4.2,0
10-06-17,1268.268,1276.971,1260.668,1276.372,9.65,0.5,93.8,1.17334,1.16,1274.9,11.53,112.6505,246.626,91.46,147150,100.531,4.2,1
10-09-17,1276.372,1285.592,1275.331,1283.9735,10.33,0.5,93.675,1.174085,1.16,1285.9,11.96,112.683,246.626,91.46,147150,100.531,4.2,1
10-10-17,1283.9735,1294.306,1282.21,1287.7845,10.08,0.47,93.29,1.180845,1.16,1293.8,12.22,112.449,246.626,91.46,147150,100.531,4.2,1
10-11-17,1287.7845,1293.688,1284.644,1291.8165,9.85,0.46,93.015,1.18594,1.16,1288.9,12.13,112.4965,246.626,91.46,147150,100.531,4.2,1
10-12-17,1291.8165,1297.565,1289.71,1293.54,9.91,0.44,93.057,1.183045,1.16,1296.5,11.82,112.2865,246.626,91.46,147150,100.531,4.2,1
10-13-17,1293.54,1304.299,1291.084,1303.797,9.61,0.43,93.091,1.18212,1.16,1304.6,11.76,111.8435,246.626,91.46,147150,100.531,4.2,1
10-16-17,1303.797,1306.138,1290.581,1295.074,9.91,0.46,93.312,1.179685,1.16,1303.6,12.13,112.194,246.626,91.46,147150,100.531,4.2,0
10-17-17,1295.074,1296.375,1281.414,1285.131,10.31,0.48,93.486,1.176585,1.16,1286.2,11.64,112.199,246.626,91.46,147150,100.531,4.2,0
10-18-17,1285.131,1288.889,1276.99,1281.1075,10.07,0.5,93.363,1.178645,1.16,1283.2,11.88,112.9315,246.626,91.46,147150,100.531,4.2,0
10-19-17,1281.1075,1291.078,1276.729,1289.798,10.05,0.49,93.266,1.18521,1.16,1290.2,11.94,112.542,246.626,91.46,147150,100.531,4.2,1
10-20-17,1289.798,1291.218,1278.022,1280.368,9.97,0.52,93.701,1.17817,1.16,1280.5,11.49,113.511,246.626,91.46,147150,100.531,4.2,0
10-23-17,1280.368,1283.344,1272.554,1282.0315,11.07,0.52,93.936,1.174955,1.16,1280.9,11.69,113.4305,246.626,91.46,147150,100.531,4.2,1
10-24-17,1282.0315,1283.772,1273.704,1276.767,11.16,0.55,93.772,1.1761,1.16,1278.3,11.73,113.9125,246.626,91.46,147150,100.531,4.2,0
10-25-17,1276.767,1280.1,1271.088,1277.523,11.23,0.56,93.711,1.18127,1.16,1279.3,12.02,113.7415,246.626,91.46,147150,100.531,4.2,1
10-26-17,1277.523,1282.59,1265.925,1267.1675,11.3,0.57,94.612,1.165195,1.16,1269.6,11.62,113.9855,246.626,91.46,147150,100.531,4.2,0
10-27-17,1267.1675,1274.707,1263.582,1274.131,9.8,0.54,94.916,1.160825,1.16,1271.8,11.48,113.6825,246.626,91.46,147150,100.531,4.2,1
10-30-17,1274.131,1278.89,1268.999,1276.407,10.5,0.5,94.56,1.16517,1.16,1277.7,11.74,113.1755,246.626,91.46,147150,100.531,4.2,1
10-31-17,1276.407,1278.242,1267.844,1271.2125,10.18,0.5,94.552,1.164565,1.07,1270.5,11.81,113.6375,246.626,91.46,147150,100.531,4.2,0
11-01-17,1271.2125,1280.92,1267.988,1274.654,10.2,0.49,94.815,1.161935,1.16,1277.3,11.8,114.1785,247.284,92.6,147373,100.675,4.2,1
11-02-17,1274.654,1284.271,1273.32,1275.9,9.93,0.48,94.685,1.165865,1.16,1278.1,10.95,114.0805,247.284,92.6,147373,100.675,4.2,1
11-03-17,1275.9,1280.59,1265.534,1269.9905,9.14,0.48,94.941,1.16085,1.16,1269.2,10.65,114.068,247.284,92.6,147373,100.675,4.2,0
11-06-17,1269.9905,1283.082,1266.174,1281.8675,9.4,0.46,94.757,1.16097,1.16,1281.6,10.94,113.7065,247.284,92.6,147373,100.675,4.2,1
11-07-17,1281.8675,1282.078,1271.974,1275.201,9.89,0.44,94.913,1.158725,1.16,1275.8,10.98,113.9965,247.284,92.6,147373,100.675,4.2,0
11-08-17,1275.201,1287.262,1275.201,1281.5435,9.78,0.45,94.866,1.159405,1.16,1283.7,11.32,113.873,247.284,92.6,147373,100.675,4.2,1
11-09-17,1281.5435,1288.744,1280.056,1285.144,10.5,0.46,94.444,1.164195,1.16,1287.5,11.73,113.464,247.284,92.6,147373,100.675,4.2,1
11-10-17,1285.144,1287.191,1273.506,1275.413,11.29,0.52,94.391,1.16651,1.16,1274.2,11.68,113.522,247.284,92.6,147373,100.675,4.2,0
11-13-17,1275.413,1279.898,1274.407,1278.412,11.5,0.52,94.49,1.16674,1.16,1278.9,11.53,113.6255,247.284,92.6,147373,100.675,4.2,1
11-14-17,1278.412,1283.638,1270.118,1280.0715,11.59,0.51,93.827,1.179745,1.16,1282.9,11.61,113.457,247.284,92.6,147373,100.675,4.2,1
11-15-17,1280.0715,1289.606,1276.709,1278.1625,13.13,0.48,93.813,1.179105,1.16,1277.7,11.75,112.875,247.284,92.6,147373,100.675,4.2,0
11-16-17,1278.1625,1281.884,1275.175,1278.7525,11.76,0.53,93.932,1.176925,1.16,1278.2,11.02,113.0515,247.284,92.6,147373,100.675,4.2,1
11-17-17,1278.7525,1296.984,1278.308,1294.343,11.43,0.49,93.662,1.17939,1.16,1296.5,10.62,112.119,247.284,92.6,147373,100.675,4.2,1
11-20-17,1294.343,1294.956,1274.518,1276.9205,10.65,0.52,94.08,1.17335,1.16,1275.3,11.18,112.6195,247.284,92.6,147373,100.675,4.2,0
11-21-17,1276.9205,1284.832,1276.272,1280.464,9.73,0.52,93.952,1.17387,1.16,1281.7,10.84,112.447,247.284,92.6,147373,100.675,4.2,1
11-22-17,1280.464,1294.696,1279.115,1292.2095,9.88,0.48,93.22,1.182225,1.16,1292.2,10.75,111.2195,247.284,92.6,147373,100.675,4.2,1
11-23-17,1292.2095,1293.712,1287.128,1291.2025,9.88,0.48,93.22,1.18504,1.16,1292.2,10.75,111.2175,247.284,92.6,147373,100.675,4.2,0
11-24-17,1291.2025,1293.339,1285.813,1288.457,9.67,0.5,92.782,1.19329,1.16,1287.3,10.58,111.528,247.284,92.6,147373,100.675,4.2,0
11-27-17,1288.457,1299.326,1286.79,1294.3755,9.87,0.49,92.904,1.18983,1.16,1294.4,10.72,111.1065,247.284,92.6,147373,100.675,4.2,1
11-28-17,1294.3755,1297.572,1290.712,1293.576,10.03,0.5,93.27,1.18411,1.16,1294.9,10.64,111.4795,247.284,92.6,147373,100.675,4.2,0
11-29-17,1293.576,1296.761,1282.09,1283.6485,10.7,0.53,93.164,1.184815,1.16,1286.2,11.02,111.9295,247.284,92.6,147373,100.675,4.2,0
11-30-17,1283.6485,1285.382,1270.371,1275.025,11.28,0.56,93.047,1.19045,1.07,1276.7,11.79,112.533,247.284,92.6,147373,100.675,4.2,0
12-01-17,1275.025,1289.304,1271.824,1280.637,11.43,0.51,92.885,1.18973,1.16,1282.3,11.39,112.238,247.805,82.72,147523,100.821,4.1,1
12-04-17,1280.637,1280.637,1271.202,1276.075,11.68,0.5,93.188,1.186515,1.16,1277.7,11.38,112.4095,247.805,82.72,147523,100.821,4.1,0
12-05-17,1276.075,1277.2,1260.978,1266.1105,11.33,0.5,93.379,1.182615,1.16,1264.9,12.28,112.5995,247.805,82.72,147523,100.821,4.1,0
12-06-17,1266.1105,1269.346,1262.658,1263.5775,11.02,0.47,93.61,1.17953,1.16,1266.1,11.67,112.2895,247.805,82.72,147523,100.821,4.1,0
12-07-17,1263.5775,1264.627,1243.958,1247.168,10.16,0.5,93.795,1.17727,1.16,1253.1,12.99,113.0845,247.805,82.72,147523,100.821,4.1,0
12-08-17,1247.168,1252.416,1244.006,1248.3,9.58,0.5,93.901,1.17715,1.16,1248.4,11.7,113.482,247.805,82.72,147523,100.821,4.1,1
12-11-17,1248.3,1251.5445,1240.804,1242.196,9.34,0.51,93.866,1.176925,1.16,1246.9,11.46,113.5615,247.805,82.72,147523,100.821,4.1,0
12-12-17,1242.196,1246.274,1236.527,1244.505,9.92,0.51,94.101,1.174145,1.17,1241.7,12.14,113.5475,247.805,82.72,147523,100.821,4.1,1
12-13-17,1244.505,1257.188,1240.299,1255.6215,10.18,0.48,93.429,1.18257,1.17,1248.6,10.87,112.5395,247.805,82.72,147523,100.821,4.1,1
12-14-17,1255.6215,1259.174,1250.544,1252.7165,10.49,0.48,93.489,1.17778,1.41,1257.1,10.4,112.4005,247.805,82.72,147523,100.821,4.1,0
12-15-17,1252.7165,1261.957,1252.628,1255.157,9.42,0.47,93.932,1.17511,1.41,1257.5,9.43,112.625,247.805,82.72,147523,100.821,4.1,1
12-18-17,1255.157,1264.084,1252.872,1262.1325,9.53,0.5,93.695,1.17819,1.42,1265.5,9.93,112.543,247.805,82.72,147523,100.821,4.1,1
12-19-17,1262.1325,1265.388,1259.236,1261.599,10.03,0.55,93.441,1.18405,1.42,1264.2,10.32,112.886,247.805,82.72,147523,100.821,4.1,0
12-20-17,1261.599,1268.003,1261.426,1265.5395,9.72,0.57,93.313,1.18717,1.42,1269.6,9.79,113.393,247.805,82.72,147523,100.821,4.1,1
12-21-17,1265.5395,1268.97,1262.892,1266.7725,9.62,0.55,93.278,1.187335,1.42,1270.6,9.64,113.3285,247.805,82.72,147523,100.821,4.1,1
12-22-17,1266.7725,1276.203,1265.082,1274.756,9.9,0.54,93.347,1.18619,1.42,1278.8,10.01,113.292,247.805,82.72,147523,100.821,4.1,1
12-26-17,1274.756,1283.843,1273.408,1282.7685,10.25,0.53,93.257,1.185845,1.42,1287.5,11.17,113.2335,247.805,82.72,147523,100.821,4.1,1
12-27-17,1282.7685,1289.034,1281.351,1287.2085,10.47,0.48,93.025,1.18891,1.42,1291.4,10.73,113.345,247.805,82.72,147523,100.821,4.1,1
12-28-17,1287.2085,1295.274,1287.064,1294.808,10.18,0.47,92.602,1.194285,1.42,1297.2,10.43,112.8685,247.805,82.72,147523,100.821,4.1,1
12-29-17,1294.808,1307.676,1293.944,1303.247,11.04,0.44,92.124,1.20025,1.33,1309.3,10.96,112.693,247.805,82.72,147523,100.821,4.1,1
01-02-18,1303.247,1318.9465,1302.9,1317.625,9.77,0.46,91.872,1.205805,1.42,1316.1,11.96,112.291,248.859,92.43,147660,101.199,4.1,1
01-03-18,1317.625,1321.588,1307.338,1313.1355,9.15,0.46,92.162,1.201405,1.42,1318.5,11.56,112.5085,248.859,92.43,147660,101.199,4.1,0
01-04-18,1313.1355,1326.064,1305.937,1322.731,9.22,0.45,91.853,1.206825,1.42,1321.6,11.8,112.7465,248.859,92.43,147660,101.199,4.1,1
01-05-18,1322.731,1323.508,1313.678,1319.864,9.22,0.46,91.949,1.20296,1.42,1322.3,11.26,113.066,248.859,92.43,147660,101.199,4.1,0
01-08-18,1319.864,1322.18,1314.754,1320.3415,9.52,0.47,92.358,1.196755,1.42,1320.4,11.19,113.092,248.859,92.43,147660,101.199,4.1,1
01-09-18,1320.3415,1320.547,1308.868,1312.8585,10.08,0.52,92.528,1.19373,1.42,1313.7,10.79,112.6485,248.859,92.43,147660,101.199,4.1,0
01-10-18,1312.8585,1327.874,1308.318,1316.7715,9.82,0.52,92.332,1.19479,1.42,1319.3,10.79,111.4335,248.859,92.43,147660,101.199,4.1,1
01-11-18,1316.7715,1324.096,1315.82,1322.5245,9.88,0.54,91.852,1.203135,1.42,1322.5,10.96,111.2695,248.859,92.43,147660,101.199,4.1,1
01-12-18,1322.5245,1339.434,1321.502,1338.425,10.16,0.54,90.974,1.22004,1.42,1334.9,11.62,111.053,248.859,92.43,147660,101.199,4.1,1
01-15-18,1338.425,1344.874,1336.003,1340.793,10.16,0.54,90.974,1.226335,1.42,1334.9,11.62,110.538,248.859,92.43,147660,101.199,4.1,1
01-16-18,1340.793,1342.439,1331.912,1338.5645,11.66,0.51,90.393,1.226065,1.42,1337.1,12.09,110.4685,248.859,92.43,147660,101.199,4.1,0
01-17-18,1338.5645,1344.082,1326.388,1327.366,11.91,0.53,90.541,1.21856,1.42,1339.2,11.77,111.2975,248.859,92.43,147660,101.199,4.1,0
01-18-18,1327.366,1333.2,1324.3,1326.879,12.22,0.57,90.498,1.22383,1.42,1327.2,12.26,111.105,248.859,92.43,147660,101.199,4.1,0
01-19-18,1326.879,1338.161,1326.336,1331.678,11.27,0.58,90.572,1.22182,1.42,1333.1,11.43,110.808,248.859,92.43,147660,101.199,4.1,1
01-22-18,1331.678,1335.784,1328.5,1333.934,11.05,0.6,90.401,1.226135,1.42,1331.9,11.66,110.937,248.859,92.43,147660,101.199,4.1,1
01-23-18,1333.934,1341.849,1331.474,1341.2595,11.1,0.57,90.124,1.22981,1.42,1336.7,11.72,110.3025,248.859,92.43,147660,101.199,4.1,1
01-24-18,1341.2595,1362.236,1339.58,1358.5435,11.46,0.58,89.206,1.240795,1.42,1356.3,13.38,109.22,248.859,92.43,147660,101.199,4.1,1
01-25-18,1358.5435,1366.112,1342.442,1348.25,11.58,0.56,89.391,1.23975,1.42,1362.9,13.04,109.409,248.859,92.43,147660,101.199,4.1,0
01-26-18,1348.25,1357.233,1344.668,1349.765,11.1,0.57,89.067,1.2431,1.42,1352.1,12.98,108.611,248.859,92.43,147660,101.199,4.1,1
01-29-18,1349.765,1352.506,1337.64,1340.388,13.84,0.61,89.308,1.23824,1.42,1340.3,13.25,108.9575,248.859,92.43,147660,101.199,4.1,0
01-30-18,1340.388,1349.067,1334.502,1338.5505,14.8,0.63,89.16,1.2403,1.42,1340.3,13.86,108.7795,248.859,92.43,147660,101.199,4.1,0
01-31-18,1338.5505,1347.532,1332.9,1345.057,13.58,0.61,89.133,1.241415,1.34,1343.1,12.97,109.1805,248.859,92.43,147660,101.199,4.1,1
02-01-18,1345.057,1351.06,1337.328,1349.77,13.48,0.67,88.671,1.25076,1.42,1347.9,12.32,109.4035,249.529,64.49,148054,101.416,4.1,1
02-02-18,1349.77,1350.18,1327.472,1333.081,17.16,0.7,89.195,1.24562,1.42,1337.3,13.11,110.166,249.529,64.49,148054,101.416,4.1,0
02-05-18,1333.081,1341.784,1329.056,1339.6695,37.32,0.67,89.554,1.23671,1.42,1336.5,14.35,109.125,249.529,64.49,148054,101.416,4.1,1
02-06-18,1339.6695,1346.192,1320.264,1324.2945,29.98,0.69,89.585,1.23763,1.42,1329.5,13.8,109.562,249.529,64.49,148054,101.416,4.1,0
02-07-18,1324.2945,1332.363,1311.378,1318.475,27.73,0.74,90.255,1.226395,1.42,1314.6,13.62,109.338,249.529,64.49,148054,101.416,4.1,0
02-08-18,1318.475,1322.333,1307.081,1318.781,33.46,0.76,90.229,1.224635,1.42,1319.6,14.85,108.7455,249.529,64.49,148054,101.416,4.1,1
02-09-18,1318.781,1322.835,1311.207,1316.47,29.06,0.78,90.442,1.22515,1.42,1315.7,14.93,108.803,249.529,64.49,148054,101.416,4.1,0
02-12-18,1316.47,1326.697,1314.294,1322.738,25.61,0.79,90.208,1.229105,1.42,1326.4,14.37,108.655,249.529,64.49,148054,101.416,4.1,1
02-13-18,1322.738,1331.034,1321.672,1329.356,24.97,0.78,89.703,1.235135,1.42,1330.4,14.07,107.818,249.529,64.49,148054,101.416,4.1,1
02-14-18,1329.356,1355.522,1318.002,1350.6565,19.26,0.82,89.121,1.24497,1.42,1358.4,14.97,107.009,249.529,64.49,148054,101.416,4.1,1
02-15-18,1350.6565,1357.19,1348.612,1352.557,19.13,0.79,88.593,1.250565,1.42,1355.3,15.03,106.121,249.529,64.49,148054,101.416,4.1,1
02-16-18,1352.557,1361.796,1344.9,1347.532,19.46,0.78,89.1,1.24099,1.42,1356.2,13.96,106.296,249.529,64.49,148054,101.416,4.1,0
02-19-18,1347.532,1351.463,1345.818,1346.6505,19.46,0.78,89.1,1.24075,1.42,1356.2,13.96,106.594,249.529,64.49,148054,101.416,4.1,0
02-20-18,1346.6505,1348.412,1328.582,1329.662,20.6,0.78,89.716,1.233735,1.42,1331.2,14.08,107.3295,249.529,64.49,148054,101.416,4.1,0
02-21-18,1329.662,1336.35,1322.438,1324.5695,20.02,0.82,90.716,1.22839,1.42,1332.1,13.83,107.768,249.529,64.49,148054,101.416,4.1,0
02-22-18,1324.5695,1332.07,1321.026,1331.824,18.72,0.81,89.736,1.23306,1.42,1332.7,13.47,106.7545,249.529,64.49,148054,101.416,4.1,1
02-23-18,1331.824,1332.337,1325.876,1329.623,16.49,0.76,89.883,1.22946,1.42,1330.3,11.97,106.876,249.529,64.49,148054,101.416,4.1,0
02-26-18,1329.623,1341.072,1326.728,1333.172,15.8,0.73,89.853,1.231685,1.42,1332.8,11.89,106.9395,249.529,64.49,148054,101.416,4.1,1
02-27-18,1333.172,1336.836,1313.452,1318.6345,18.59,0.77,90.355,1.223315,1.42,1318.6,11.76,107.329,249.529,64.49,148054,101.416,4.1,0
02-28-18,1318.6345,1322.64,1315.734,1318.381,19.85,0.75,90.613,1.2194,1.35,1317.9,11.74,106.6715,249.529,64.49,148054,101.416,4.1,0
03-01-18,1318.381,1321.252,1302.832,1316.9815,22.47,0.71,90.324,1.22668,1.42,1305.2,12.07,106.2415,249.577,111.96,148280,101.524,4.1,0
03-02-18,1316.9815,1325.58,1315.268,1322.064,19.59,0.74,89.935,1.23182,1.42,1323.4,11.97,105.739,249.577,111.96,148280,101.524,4.1,1
03-05-18,1322.064,1327.87,1317.609,1320.201,18.73,0.75,90.08,1.23361,1.42,1319.9,11.89,106.202,249.577,111.96,148280,101.524,4.1,0
03-06-18,1320.201,1338.469,1320.024,1334.7165,18.36,0.76,89.618,1.24047,1.42,1335.2,12.33,106.118,249.577,111.96,148280,101.524,4.1,1
03-07-18,1334.7165,1340.6,1322.27,1325.6265,17.76,0.76,89.637,1.241065,1.42,1327.6,12.37,106.0675,249.577,111.96,148280,101.524,4.1,0
03-08-18,1325.6265,1329.146,1319.049,1321.9225,16.54,0.75,90.179,1.23118,1.42,1321.7,11.57,106.213,249.577,111.96,148280,101.524,4.1,0
03-09-18,1321.9225,1325.258,1312.862,1323.532,14.64,0.78,90.093,1.23058,1.42,1324.7,10.94,106.819,249.577,111.96,148280,101.524,4.1,1
03-12-18,1323.532,1324.408,1315.109,1322.9325,15.78,0.77,89.895,1.23353,1.42,1320.8,11.01,106.4145,249.577,111.96,148280,101.524,4.1,0
03-13-18,1322.9325,1328.42,1313.678,1326.431,16.35,0.75,89.664,1.23902,1.42,1327.1,10.7,106.575,249.577,111.96,148280,101.524,4.1,1
03-14-18,1326.431,1330.162,1321.522,1325.068,17.23,0.74,89.704,1.236775,1.42,1325.6,10.41,106.327,249.577,111.96,148280,101.524,4.1,0
03-15-18,1325.068,1328.012,1315.046,1316.301,16.59,0.74,90.139,1.230475,1.43,1317.8,10.4,106.333,249.577,111.96,148280,101.524,4.1,0
03-16-18,1316.301,1321.769,1309.687,1314.435,15.8,0.77,90.233,1.22891,1.43,1312.3,9.88,105.994,249.577,111.96,148280,101.524,4.1,0
03-19-18,1314.435,1319.726,1307.77,1317.085,19.02,0.77,89.765,1.23352,1.43,1317.8,10.99,106.095,249.577,111.96,148280,101.524,4.1,1
03-20-18,1317.085,1318.379,1307.21,1311.208,18.2,0.81,90.371,1.22412,1.44,1311.9,11.01,106.5365,249.577,111.96,148280,101.524,4.1,0
03-21-18,1311.208,1336.814,1309.874,1332.231,17.86,0.8,89.783,1.23381,1.44,1321.5,10.91,106.0495,249.577,111.96,148280,101.524,4.1,1
03-22-18,1332.231,1335.041,1324.806,1328.874,23.34,0.75,89.857,1.230155,1.68,1327.4,11.24,105.2825,249.577,111.96,148280,101.524,4.1,0
03-23-18,1328.874,1350.334,1328.874,1348.008,24.87,0.75,89.436,1.23539,1.68,1349.9,13.46,104.736,249.577,111.96,148280,101.524,4.1,1
03-26-18,1348.008,1355.948,1343.552,1353.7765,21.03,0.77,89.027,1.24492,1.68,1355.9,12.95,105.4015,249.577,111.96,148280,101.524,4.1,1
03-27-18,1353.7765,1356.917,1339.925,1345.091,22.5,0.71,89.372,1.240275,1.68,1342.9,12.22,105.331,249.577,111.96,148280,101.524,4.1,0
03-28-18,1345.091,1347.156,1323.508,1325.0425,22.87,0.72,90.058,1.230885,1.68,1330.9,11.74,106.851,249.577,111.96,148280,101.524,4.1,0
03-29-18,1325.0425,1328.3865,1321.248,1325.2385,19.97,0.69,90.151,1.23008,1.68,1327.3,11.06,106.438,249.577,111.96,148280,101.524,4.1,1
04-02-18,1325.2385,1344.99,1324.854,1341.5065,23.62,0.68,90.052,1.23019,1.68,1346.9,12.86,105.899,250.227,123.26,148422,101.766,4.1,1
04-03-18,1341.5065,1342.56,1328.94,1332.76,21.1,0.71,90.2,1.227005,1.69,1337.3,11.8,106.6055,250.227,123.26,148422,101.766,4.1,0
04-04-18,1332.76,1348.266,1331.564,1333.3785,20.06,0.71,90.142,1.227855,1.69,1340.2,12.8,106.777,250.227,123.26,148422,101.766,4.1,1
04-05-18,1333.3785,1334.966,1322.84,1326.647,18.94,0.75,90.46,1.224035,1.69,1328.5,11.55,107.3855,250.227,123.26,148422,101.766,4.1,0
04-06-18,1326.647,1335.592,1320.075,1333.3325,21.49,0.7,90.108,1.22815,1.69,1336.1,11.95,106.933,250.227,123.26,148422,101.766,4.1,1
04-09-18,1333.3325,1338.1,1326.93,1336.3005,21.77,0.71,89.838,1.2321,1.69,1340.1,12.39,106.771,250.227,123.26,148422,101.766,4.1,1
04-10-18,1336.3005,1342.728,1331.092,1339.725,20.47,0.72,89.587,1.235635,1.69,1345.9,12.78,107.203,250.227,123.26,148422,101.766,4.1,1
04-11-18,1339.725,1365.37,1339.253,1353.275,20.24,0.68,89.568,1.23679,1.69,1360.9,14.36,106.794,250.227,123.26,148422,101.766,4.1,1
04-12-18,1353.275,1353.275,1333.776,1335.099,18.49,0.7,89.751,1.232665,1.69,1341.9,12.88,107.339,250.227,123.26,148422,101.766,4.1,0
04-13-18,1335.099,1347.286,1333.481,1345.9,17.41,0.69,89.8,1.23306,1.69,1347.9,13.36,107.358,250.227,123.26,148422,101.766,4.1,1
04-16-18,1345.9,1350.586,1340.26,1345.886,16.56,0.71,89.425,1.23801,1.69,1350.7,13.43,107.114,250.227,123.26,148422,101.766,4.1,0
04-17-18,1345.886,1349.45,1337.71,1347.172,15.25,0.68,89.516,1.23692,1.69,1349.5,13.07,107.01,250.227,123.26,148422,101.766,4.1,1
04-18-18,1347.172,1355.81,1342.376,1349.41,15.6,0.71,89.623,1.23742,1.69,1353.5,13.46,107.23,250.227,123.26,148422,101.766,4.1,1
04-19-18,1349.41,1354.757,1340.97,1345.742,15.96,0.75,89.94,1.23458,1.69,1348.8,12.88,107.366,250.227,123.26,148422,101.766,4.1,0
04-20-18,1345.742,1346.244,1335.006,1336.154,16.88,0.79,90.316,1.22871,1.7,1338.3,12.14,107.65,250.227,123.26,148422,101.766,4.1,0
04-23-18,1336.154,1336.154,1322.182,1324.848,16.34,0.8,90.946,1.22078,1.7,1324.3,12.13,108.707,250.227,123.26,148422,101.766,4.1,0
04-24-18,1324.848,1332.78,1322.08,1330.47,18.02,0.83,90.766,1.22325,1.7,1333.3,12.24,108.816,250.227,123.26,148422,101.766,4.1,1
04-25-18,1330.47,1332.132,1318.864,1322.877,17.84,0.86,91.172,1.216,1.7,1322.8,11.97,109.427,250.227,123.26,148422,101.766,4.1,0
04-26-18,1322.877,1326.716,1315.286,1317.037,16.24,0.82,91.561,1.21036,1.7,1317.9,11.49,109.303,250.227,123.26,148422,101.766,4.1,0
04-27-18,1317.037,1325.294,1315.41,1323.699,15.41,0.79,91.542,1.21305,1.7,1323.4,10.99,109.049,250.227,123.26,148422,101.766,4.1,1
04-30-18,1323.699,1325.032,1310.3,1315.6,15.93,0.78,91.841,1.20798,1.69,1319.2,11.15,109.342,250.227,123.26,148422,101.766,4.1,0
05-01-18,1315.6,1316.366,1301.756,1304.089,15.49,0.81,92.449,1.19926,1.7,1306.8,11.88,109.864,250.792,125.67,148740,101.941,3.8,0
05-02-18,1304.089,1313.724,1303.964,1304.86,15.97,0.8,92.512,1.19502,1.7,1305.6,11.64,109.831,250.792,125.67,148740,101.941,3.8,1
05-03-18,1304.86,1318.184,1304.662,1312.267,15.9,0.78,92.414,1.19893,1.7,1312.7,11.46,109.194,250.792,125.67,148740,101.941,3.8,1
05-04-18,1312.267,1315.743,1307.946,1314.994,14.77,0.79,92.566,1.1962,1.7,1314.7,10.99,109.1,250.792,125.67,148740,101.941,3.8,1
05-07-18,1314.994,1319.17,1310.27,1314.304,14.75,0.78,92.749,1.19228,1.7,1314.1,11.32,109.092,250.792,125.67,148740,101.941,3.8,0
05-08-18,1314.304,1318.04,1306.159,1314.514,14.71,0.81,93.12,1.18649,1.7,1313.7,11.5,109.128,250.792,125.67,148740,101.941,3.8,1
05-09-18,1314.514,1317.503,1304.332,1312.801,13.42,0.82,93.04,1.18512,1.7,1313.7,11.39,109.744,250.792,125.67,148740,101.941,3.8,0
05-10-18,1312.801,1323.187,1310.79,1321.312,13.23,0.8,92.65,1.19156,1.7,1322.3,11.42,109.396,250.792,125.67,148740,101.941,3.8,1
05-11-18,1321.312,1326.046,1317.645,1318.571,12.65,0.82,92.537,1.19412,1.7,1320.7,11.04,109.387,250.792,125.67,148740,101.941,3.8,0
05-14-18,1318.571,1322.431,1313.012,1313.548,12.93,0.85,92.587,1.19276,1.7,1318.2,11.15,109.65,250.792,125.67,148740,101.941,3.8,0
05-15-18,1313.548,1314.988,1288.713,1290.983,14.63,0.9,93.219,1.18372,1.7,1290.3,11.91,110.352,250.792,125.67,148740,101.941,3.8,0
05-16-18,1290.983,1297.028,1286.375,1290.696,13.42,0.92,93.392,1.1808,1.7,1291.5,11.77,110.397,250.792,125.67,148740,101.941,3.8,0
05-17-18,1290.696,1294.471,1284.914,1290.964,13.43,0.95,93.469,1.17955,1.7,1289.4,11.64,110.772,250.792,125.67,148740,101.941,3.8,1
05-18-18,1290.964,1294.278,1286.12,1292.603,13.42,0.91,93.637,1.17707,1.7,1291.3,11.11,110.756,250.792,125.67,148740,101.941,3.8,1
05-21-18,1292.603,1293.218,1282.031,1292.686,13.08,0.9,93.677,1.17913,1.7,1290.9,11.62,111.052,250.792,125.67,148740,101.941,3.8,1
05-22-18,1292.686,1296.641,1287.951,1291.41,13.22,0.91,93.609,1.17784,1.7,1292.9,10.9,110.901,250.792,125.67,148740,101.941,3.8,0
05-23-18,1291.41,1299.008,1287.877,1293.508,12.58,0.87,94.003,1.16972,1.7,1289.6,11.18,110.08,250.792,125.67,148740,101.941,3.8,1
05-24-18,1293.508,1306.636,1292.84,1304.872,12.53,0.86,93.758,1.17194,1.7,1304.4,10.99,109.252,250.792,125.67,148740,101.941,3.8,1
05-25-18,1304.872,1307.89,1299.902,1301.826,13.22,0.84,94.188,1.1648,1.7,1303.7,10.31,109.396,250.792,125.67,148740,101.941,3.8,0
05-28-18,1301.826,1301.826,1295.512,1298.138,13.22,0.84,94.188,1.16244,1.7,1303.7,10.31,109.418,250.792,125.67,148740,101.941,3.8,0
05-29-18,1298.138,1306.723,1292.892,1299.151,17.02,0.73,94.833,1.15396,1.7,1299.7,12.33,108.769,250.792,125.67,148740,101.941,3.8,1
05-30-18,1299.151,1304.405,1295.91,1301.171,14.94,0.78,94.153,1.16632,1.7,1306.5,10.87,108.907,250.792,125.67,148740,101.941,3.8,1
05-31-18,1301.171,1306.912,1297.542,1298.447,15.43,0.76,93.985,1.16941,1.7,1304.7,10.92,108.814,250.792,125.67,148740,101.941,3.8,0
06-01-18,1298.447,1300.73,1289.567,1293.668,13.46,0.8,94.191,1.16592,1.7,1299.3,10.58,109.519,251.018,103.97,148959,102.029,4.8,0
06-04-18,1293.668,1298.09,1290.306,1292.02,12.74,0.82,94.02,1.16986,1.7,1297.3,10.54,109.816,251.018,103.97,148959,102.029,4.8,0
06-05-18,1292.02,1300.631,1289.908,1296.028,12.4,0.79,93.898,1.17184,1.7,1302.2,10.46,109.801,251.018,103.97,148959,102.029,4.8,1
06-06-18,1296.028,1301.913,1293.902,1296.608,11.64,0.83,93.66,1.17742,1.7,1301.4,10.31,110.184,251.018,103.97,148959,102.029,4.8,1
06-07-18,1296.608,1303.327,1294.944,1296.96,12.13,0.8,93.397,1.1799,1.7,1303.4,10.55,109.7,251.018,103.97,148959,102.029,4.8,1
06-08-18,1296.96,1300.586,1292.707,1299.235,12.18,0.82,93.551,1.17691,1.7,1302.7,10.69,109.542,251.018,103.97,148959,102.029,4.8,1
06-11-18,1299.235,1302.334,1294.206,1300.188,12.35,0.83,93.576,1.17856,1.7,1303.2,10.54,110.036,251.018,103.97,148959,102.029,4.8,1
06-12-18,1300.188,1300.756,1292.896,1296.008,12.34,0.83,93.802,1.17447,1.7,1299.4,10.52,110.375,251.018,103.97,148959,102.029,4.8,0
06-13-18,1296.008,1301.259,1292.051,1299.554,12.94,0.86,93.713,1.17929,1.7,1301.3,10.6,110.343,251.018,103.97,148959,102.029,4.8,1
06-14-18,1299.554,1309.404,1297.578,1302.348,12.12,0.82,94.772,1.15686,1.9,1308.3,9.83,110.631,251.018,103.97,148959,102.029,4.8,1
06-15-18,1302.348,1303.252,1275.502,1279.665,11.98,0.81,94.789,1.16089,1.9,1278.5,10.65,110.662,251.018,103.97,148959,102.029,4.8,0
06-18-18,1279.665,1282.462,1277.124,1278.362,12.31,0.8,94.801,1.16219,1.9,1280.1,9.82,110.55,251.018,103.97,148959,102.029,4.8,0
06-19-18,1278.362,1284.098,1270.442,1274.847,13.35,0.77,95.085,1.15888,1.91,1278.6,10.99,110.051,251.018,103.97,148959,102.029,4.8,0
06-20-18,1274.847,1276.505,1267.595,1268.126,12.79,0.81,95.055,1.15742,1.92,1274.5,11.08,110.358,251.018,103.97,148959,102.029,4.8,0
06-21-18,1268.126,1270.234,1261.259,1267.142,14.64,0.79,94.743,1.16029,1.92,1270.5,11.22,109.971,251.018,103.97,148959,102.029,4.8,0
06-22-18,1267.142,1271.176,1266.75,1269.96,13.77,0.78,94.517,1.1656,1.92,1270.7,10.67,109.98,251.018,103.97,148959,102.029,4.8,1
06-25-18,1269.96,1272.702,1264.533,1265.622,17.33,0.77,94.276,1.17037,1.92,1268.9,10.83,109.764,251.018,103.97,148959,102.029,4.8,0
06-26-18,1265.622,1267.804,1254.791,1258.84,15.92,0.76,94.659,1.1648,1.92,1259.9,10.97,110.038,251.018,103.97,148959,102.029,4.8,0
06-27-18,1258.84,1260.18,1250.792,1252.37,17.91,0.72,95.268,1.15554,1.91,1256.1,11.01,110.263,251.018,103.97,148959,102.029,4.8,0
06-28-18,1252.37,1254.316,1245.98,1248.34,16.85,0.74,95.386,1.1569,1.91,1251.1,11.03,110.492,251.018,103.97,148959,102.029,4.8,0
06-29-18,1248.34,1255.674,1245.994,1253.022,16.09,0.74,94.636,1.1685,1.91,1254.5,10.75,110.728,251.018,103.97,148959,102.029,4.8,1
07-02-18,1253.022,1254.334,1239.708,1242.036,15.6,0.73,95.035,1.16394,1.91,1241.7,11.75,110.892,251.214,110.03,149020,102.137,3.8,0
07-03-18,1242.036,1256.98,1238.02,1252.26,16.14,0.71,94.671,1.16596,1.91,1253.5,11.41,110.592,251.214,110.03,149020,102.137,3.8,1
07-04-18,1252.26,1261.181,1252.108,1256.912,16.14,0.71,94.671,1.16565,1.91,1253.5,11.41,110.494,251.214,110.03,149020,102.137,3.8,1
07-05-18,1256.912,1259.815,1251.38,1257.498,14.97,0.71,94.469,1.169,1.91,1258.8,11.32,110.647,251.214,110.03,149020,102.137,3.8,1
07-06-18,1257.498,1259.575,1252.934,1255.257,13.37,0.7,94.036,1.17469,1.91,1255.8,10.65,110.468,251.214,110.03,149020,102.137,3.8,0
07-09-18,1255.257,1266.023,1255.013,1257.876,12.69,0.73,94.078,1.1752,1.91,1259.6,10.55,110.846,251.214,110.03,149020,102.137,3.8,1
07-10-18,1257.876,1260.45,1247.356,1255.712,12.64,0.74,94.152,1.17445,1.91,1255.4,10.69,110.996,251.214,110.03,149020,102.137,3.8,0
07-11-18,1255.712,1257.05,1241.605,1242.236,13.63,0.74,94.72,1.16743,1.91,1244.4,11.25,112.008,251.214,110.03,149020,102.137,3.8,0
07-12-18,1242.236,1248.628,1241.416,1247.039,12.58,0.75,94.806,1.16719,1.91,1246.6,10.82,112.527,251.214,110.03,149020,102.137,3.8,1
07-13-18,1247.039,1248.206,1236.518,1241.68,12.18,0.72,94.752,1.1686,1.91,1241.2,10.99,112.364,251.214,110.03,149020,102.137,3.8,0
07-16-18,1241.68,1245.654,1238.374,1241.072,12.83,0.75,94.511,1.17122,1.91,1239.7,11.46,112.287,251.214,110.03,149020,102.137,3.8,0
07-17-18,1241.072,1245.101,1226.168,1227.801,12.06,0.77,94.945,1.16618,1.91,1227.3,11.79,112.878,251.214,110.03,149020,102.137,3.8,0
07-18-18,1227.801,1229.281,1221.094,1227.54,12.1,0.79,95.08,1.1639,1.91,1227.9,12.15,112.838,251.214,110.03,149020,102.137,3.8,0
07-19-18,1227.54,1229.603,1211.52,1223.223,12.87,0.75,95.154,1.16419,1.91,1224.9,12.66,112.468,251.214,110.03,149020,102.137,3.8,0
07-20-18,1223.223,1232.37,1215.64,1231.212,12.86,0.78,94.449,1.17227,1.91,1231.1,12.1,111.434,251.214,110.03,149020,102.137,3.8,1
07-23-18,1231.212,1235.238,1222.338,1224.76,12.62,0.85,94.669,1.1693,1.91,1225.6,12.22,111.344,251.214,110.03,149020,102.137,3.8,0
07-24-18,1224.76,1229.624,1218.192,1224.528,12.41,0.84,94.608,1.16831,1.91,1225.5,11.74,111.202,251.214,110.03,149020,102.137,3.8,0
07-25-18,1224.528,1234.222,1223.296,1232.306,12.29,0.81,94.363,1.17274,1.91,1231.8,11.65,110.971,251.214,110.03,149020,102.137,3.8,1
07-26-18,1232.306,1235.298,1222.411,1222.76,12.14,0.87,94.75,1.16429,1.91,1225.7,11.43,111.234,251.214,110.03,149020,102.137,3.8,0
07-27-18,1222.76,1227.48,1217.594,1223.459,13.03,0.84,94.675,1.16569,1.91,1223.7,11.05,111.031,251.214,110.03,149020,102.137,3.8,1
07-30-18,1223.459,1225.133,1219.041,1221.595,14.26,0.85,94.324,1.17052,1.91,1231.5,11.18,111.072,251.214,110.03,149020,102.137,3.8,0
07-31-18,1221.595,1228.589,1214.004,1223.818,12.83,0.84,94.493,1.16894,1.91,1233.6,11.21,111.872,251.214,110.03,149020,102.137,3.8,1
08-01-18,1223.818,1224.961,1215.855,1216.028,13.15,0.87,94.624,1.16604,1.91,1227.6,10.91,111.72,251.663,112.74,149279,102.208,3.8,0
08-02-18,1216.028,1221.164,1207.214,1207.936,12.19,0.86,95.159,1.15844,1.91,1220.1,11.08,111.658,251.663,112.74,149279,102.208,3.8,0
08-03-18,1207.936,1220.115,1204.528,1213.879,11.64,0.83,95.143,1.15686,1.91,1223.2,10.77,111.253,251.663,112.74,149279,102.208,3.8,1
08-06-18,1213.879,1217.988,1206.456,1207.36,11.27,0.83,95.357,1.15536,1.91,1217.7,11.02,111.401,251.663,112.74,149279,102.208,3.8,0
08-07-18,1207.36,1216.24,1207.36,1211.032,10.93,0.85,95.216,1.15982,1.91,1218.3,11.11,111.38,251.663,112.74,149279,102.208,3.8,1
08-08-18,1211.032,1215.959,1206.535,1213.685,10.85,0.85,95.051,1.16106,1.91,1221.3,11.43,110.95,251.663,112.74,149279,102.208,3.8,1
08-09-18,1213.685,1217.404,1210.832,1212.332,11.27,0.82,95.504,1.15269,1.91,1219.9,10.99,111.086,251.663,112.74,149279,102.208,3.8,0
08-10-18,1212.332,1217.194,1205.78,1212.019,13.16,0.78,96.357,1.14119,1.91,1219.9,11.78,110.858,251.663,112.74,149279,102.208,3.8,0
08-13-18,1212.019,1213.983,1191.573,1193.804,14.78,0.78,96.391,1.14094,1.91,1198.9,11.73,110.722,251.663,112.74,149279,102.208,3.8,0
08-14-18,1193.804,1198.788,1191.98,1194.111,13.31,0.8,96.731,1.13442,1.91,1200.7,11.88,111.15,251.663,112.74,149279,102.208,3.8,1
08-15-18,1194.111,1194.751,1173.101,1174.954,14.64,0.78,96.696,1.13462,1.91,1185.7,13.16,110.743,251.663,112.74,149279,102.208,3.8,0
08-16-18,1174.954,1182.185,1160.324,1174.27,13.45,0.79,96.645,1.13758,1.92,1184.7,13.39,110.897,251.663,112.74,149279,102.208,3.8,0
08-17-18,1174.27,1185.23,1171.918,1184.679,12.64,0.79,96.101,1.14386,1.92,1184.2,12.89,110.506,251.663,112.74,149279,102.208,3.8,1
08-20-18,1184.679,1190.924,1182.895,1190.586,12.49,0.75,95.9,1.14825,1.92,1194.6,12.4,110.067,251.663,112.74,149279,102.208,3.8,1
08-21-18,1190.586,1197.057,1187.713,1195.828,12.86,0.77,95.256,1.15712,1.92,1200.6,11.86,110.3,251.663,112.74,149279,102.208,3.8,1
08-22-18,1195.828,1201.715,1192.658,1195.946,12.25,0.74,95.146,1.15964,1.92,1203.3,11.81,110.551,251.663,112.74,149279,102.208,3.8,1
08-23-18,1195.946,1196.76,1183.862,1185.278,12.41,0.73,95.666,1.15414,1.92,1194.3,11.6,111.29,251.663,112.74,149279,102.208,3.8,0
08-24-18,1185.278,1208.715,1183.15,1205.782,11.99,0.73,95.146,1.1622,1.92,1213.3,11.71,111.244,251.663,112.74,149279,102.208,3.8,1
08-27-18,1205.782,1212.453,1203.214,1211.288,12.16,0.74,94.779,1.16783,1.92,1216.3,11.77,111.08,251.663,112.74,149279,102.208,3.8,1
08-28-18,1211.288,1214.41,1199.686,1201.045,12.5,0.77,94.72,1.16948,1.92,1214.4,11.46,111.194,251.663,112.74,149279,102.208,3.8,0
08-29-18,1201.045,1207.373,1200.889,1206.691,12.25,0.77,94.6,1.1708,1.92,1211.5,11.25,111.681,251.663,112.74,149279,102.208,3.8,1
08-30-18,1206.691,1207.962,1195.945,1200.085,13.53,0.76,94.723,1.16694,1.92,1205.5,11.41,110.999,251.663,112.74,149279,102.208,3.8,0
08-31-18,1200.085,1208.948,1198.249,1201.055,12.86,0.78,95.14,1.16019,1.91,1206.7,10.96,111.081,251.663,112.74,149279,102.208,3.8,1
09-03-18,1201.055,1203.954,1195.732,1201.388,12.86,0.78,95.14,1.16192,1.91,1206.7,10.96,111.068,252.182,75.05,149358,102.418,3.7,1
09-04-18,1201.388,1202.32,1189.686,1191.406,13.16,0.8,95.439,1.15822,1.92,1199.1,11.42,111.436,252.182,75.05,149358,102.418,3.7,0
09-05-18,1191.406,1198.546,1190.921,1195.956,13.91,0.81,95.184,1.16304,1.92,1201.3,11.24,111.528,252.182,75.05,149358,102.418,3.7,1
09-06-18,1195.956,1207.084,1195.672,1200.247,14.65,0.8,95.021,1.16228,1.92,1204.3,11.54,110.736,252.182,75.05,149358,102.418,3.7,1
09-07-18,1200.247,1203.574,1193.525,1196.55,14.88,0.84,95.365,1.15535,1.92,1200.4,11.3,110.997,252.182,75.05,149358,102.418,3.7,0
09-10-18,1196.55,1198.62,1191.638,1195.799,14.16,0.84,95.15,1.15938,1.92,1199.8,11.33,111.131,252.182,75.05,149358,102.418,3.7,0
09-11-18,1195.799,1199.462,1187.818,1198.468,13.22,0.86,95.249,1.16045,1.92,1202.2,11.26,111.602,252.182,75.05,149358,102.418,3.7,1
09-12-18,1198.468,1208.543,1192.731,1206.152,13.14,0.85,94.799,1.16256,1.92,1210.9,11.18,111.26,252.182,75.05,149358,102.418,3.7,1
09-13-18,1206.152,1212.748,1200.148,1201.529,12.37,0.87,94.518,1.16906,1.92,1208.2,11.15,111.922,252.182,75.05,149358,102.418,3.7,0
09-14-18,1201.529,1208.648,1192.938,1194.061,12.07,0.89,94.927,1.1625,1.92,1201.1,10.84,112.058,252.182,75.05,149358,102.418,3.7,0
09-17-18,1194.061,1204.919,1192.89,1201.302,13.68,0.89,94.496,1.16825,1.92,1205.8,10.85,111.852,252.182,75.05,149358,102.418,3.7,1
09-18-18,1201.302,1203.628,1195.9,1198.512,12.79,0.92,94.64,1.16686,1.92,1202.9,10.78,112.368,252.182,75.05,149358,102.418,3.7,0
09-19-18,1198.512,1206.248,1197.744,1204.051,11.75,0.93,94.537,1.16728,1.92,1208.3,10.81,112.278,252.182,75.05,149358,102.418,3.7,1
09-20-18,1204.051,1208.498,1201.344,1207.157,11.8,0.92,93.912,1.17776,1.92,1211.3,10.72,112.488,252.182,75.05,149358,102.418,3.7,1
09-21-18,1207.157,1211.153,1192.023,1198.717,11.68,0.92,94.22,1.17482,1.92,1201.3,10.76,112.575,252.182,75.05,149358,102.418,3.7,0
09-24-18,1198.717,1204.234,1194.464,1198.94,12.2,0.92,94.185,1.17464,1.93,1204.4,10.97,112.796,252.182,75.05,149358,102.418,3.7,1
09-25-18,1198.94,1203.409,1197.197,1201.088,12.42,0.94,94.133,1.17661,1.93,1205.1,10.83,112.972,252.182,75.05,149358,102.418,3.7,1
09-26-18,1201.088,1202.582,1190.588,1194.52,12.89,0.92,94.193,1.17403,1.93,1199.1,10.76,112.731,252.182,75.05,149358,102.418,3.7,0
09-27-18,1194.52,1198.662,1181.906,1182.907,12.41,0.91,94.894,1.1641,2.18,1187.4,10.86,113.39,252.182,75.05,149358,102.418,3.7,0
09-28-18,1182.907,1194.014,1180.77,1191.82,12.12,0.91,95.132,1.16042,2.18,1196.2,10.74,113.694,252.182,75.05,149358,102.418,3.7,1
10-01-18,1191.82,1192.588,1184.62,1188.72,12.12,0.95,95.298,1.1578,2.18,1191.7,11.03,113.949,252.772,92.02,149526,102.595,3.8,0
10-02-18,1188.72,1208.297,1188.594,1203.102,12.05,0.93,95.507,1.15494,2.18,1207.7,11.24,113.68,252.772,92.02,149526,102.595,3.8,1
10-03-18,1203.102,1208.405,1196.674,1197.646,11.61,0.99,95.762,1.14788,2.18,1202.9,11.21,114.534,252.772,92.02,149526,102.595,3.8,0
10-04-18,1197.646,1206.814,1196.02,1199.938,14.22,1.03,95.751,1.15148,2.18,1201.6,11.59,113.93,252.772,92.02,149526,102.595,3.8,1
10-05-18,1199.938,1205.87,1197.296,1203.782,14.82,1.07,95.624,1.15221,2.18,1205.6,11.64,113.722,252.772,92.02,149526,102.595,3.8,1
10-08-18,1203.782,1204.19,1182.9,1188.097,15.69,1.07,95.761,1.14916,2.18,1188.6,12.48,113.232,252.772,92.02,149526,102.595,3.8,0
10-09-18,1188.097,1191.98,1183.382,1189.743,15.95,1.04,95.668,1.1492,2.18,1191.5,12.03,112.952,252.772,92.02,149526,102.595,3.8,1
10-10-18,1189.743,1195.092,1185.375,1194.599,22.96,1.06,95.508,1.15199,2.18,1193.4,12.51,112.264,252.772,92.02,149526,102.595,3.8,1
10-11-18,1194.599,1226.4,1191.367,1224.235,24.98,1.02,95.017,1.15932,2.18,1227.6,13.57,112.16,252.772,92.02,149526,102.595,3.8,1
10-12-18,1224.235,1224.255,1215.898,1217.62,21.31,1.03,95.221,1.15594,2.18,1222.6,12.76,112.209,252.772,92.02,149526,102.595,3.8,0
10-15-18,1217.62,1233.292,1216.991,1227.004,21.3,1.03,95.059,1.15788,2.18,1230.3,13.13,111.77,252.772,92.02,149526,102.595,3.8,1
10-16-18,1227.004,1232.538,1223.508,1224.924,17.62,1.03,95.048,1.15746,2.18,1231.3,12.2,112.254,252.772,92.02,149526,102.595,3.8,0
10-17-18,1224.924,1229.555,1220.668,1222.482,17.4,1.06,95.575,1.15008,2.19,1227.4,12.14,112.654,252.772,92.02,149526,102.595,3.8,0
10-18-18,1222.482,1230.256,1218.737,1226.132,20.06,1.07,95.9,1.14518,2.19,1230.1,12.23,112.186,252.772,92.02,149526,102.595,3.8,1
10-19-18,1226.132,1230.864,1223.111,1226.682,19.89,1.09,95.713,1.15142,2.19,1228.7,11.76,112.54,252.772,92.02,149526,102.595,3.8,1
10-22-18,1226.682,1229.626,1220.137,1222.018,19.64,1.09,96.013,1.14647,2.19,1224.6,11.68,112.826,252.772,92.02,149526,102.595,3.8,0
10-23-18,1222.018,1239.806,1221.754,1230.308,20.71,1.08,95.961,1.14713,2.2,1236.8,12.31,112.444,252.772,92.02,149526,102.595,3.8,1
10-24-18,1230.308,1234.868,1225.719,1234.077,25.23,1.03,96.434,1.13924,2.2,1231.1,13.11,112.256,252.772,92.02,149526,102.595,3.8,1
10-25-18,1234.077,1239.268,1228.134,1232.106,24.22,1.09,96.679,1.13748,2.2,1232.4,12.3,112.412,252.772,92.02,149526,102.595,3.8,0
10-26-18,1232.106,1243.47,1230.156,1233.903,24.16,1.02,96.359,1.14033,2.2,1235.8,12.92,111.892,252.772,92.02,149526,102.595,3.8,1
10-29-18,1233.903,1235.467,1224.426,1229.521,24.7,1.02,96.579,1.13727,2.2,1227.6,12.98,112.384,252.772,92.02,149526,102.595,3.8,0
10-30-18,1229.521,1230.728,1219.922,1223.114,23.35,1.07,97.011,1.13456,2.2,1225.3,12.3,113.081,252.772,92.02,149526,102.595,3.8,0
10-31-18,1223.114,1223.406,1212.001,1214.65,21.23,1.1,97.127,1.13117,2.2,1215.3,12.08,112.944,252.772,92.02,149526,102.595,3.8,0
11-01-18,1214.65,1237.504,1214.65,1233.281,19.34,1.12,96.277,1.14084,2.2,1238.6,12.6,112.707,252.594,80.41,149617,102.63,3.8,1
11-02-18,1233.281,1236.524,1229.836,1233.05,19.51,1.16,96.542,1.13874,2.19,1233.3,12.5,113.203,252.594,80.41,149617,102.63,3.8,0
11-05-18,1233.05,1235.174,1226.922,1231.82,19.96,1.14,96.279,1.14078,2.2,1232.3,12.39,113.194,252.594,80.41,149617,102.63,3.8,0
11-06-18,1231.82,1235.955,1223.533,1227.132,19.91,1.15,96.317,1.14269,2.2,1226.3,12.47,113.437,252.594,80.41,149617,102.63,3.8,0
11-07-18,1227.132,1236.911,1223.04,1226.662,16.36,1.15,95.997,1.14264,2.2,1228.7,11.23,113.516,252.594,80.41,149617,102.63,3.8,0
11-08-18,1226.662,1227.312,1220.282,1223.456,16.72,1.17,96.724,1.13626,2.2,1225.1,11.41,114.066,252.594,80.41,149617,102.63,3.8,0
11-09-18,1223.456,1223.826,1206.734,1209.832,17.36,1.15,96.905,1.1335,2.19,1208.6,11.44,113.813,252.594,80.41,149617,102.63,3.8,0
11-12-18,1209.832,1211.604,1200.186,1200.625,20.45,1.15,97.542,1.12176,2.19,1203.5,12.13,113.848,252.594,80.41,149617,102.63,3.8,0
11-13-18,1200.625,1205.308,1196.436,1202.146,20.02,1.12,97.303,1.12902,2.2,1201.4,12.19,113.808,252.594,80.41,149617,102.63,3.8,1
11-14-18,1202.146,1216.682,1197.76,1211.122,21.25,1.12,96.803,1.13094,2.2,1210.1,12.88,113.628,252.594,80.41,149617,102.63,3.8,1
11-15-18,1211.122,1216.576,1207.677,1213.43,19.98,1.11,96.927,1.13288,2.2,1215.1,12.12,113.634,252.594,80.41,149617,102.63,3.8,1
11-16-18,1213.43,1225.364,1213.266,1221.811,18.14,1.06,96.465,1.14186,2.2,1223.1,12.05,112.827,252.594,80.41,149617,102.63,3.8,1
11-19-18,1221.811,1225.298,1218.096,1224.062,20.1,1.07,96.193,1.1453,2.2,1225.3,12.57,112.558,252.594,80.41,149617,102.63,3.8,1
11-20-18,1224.062,1228.884,1219.964,1221.618,22.48,1.09,96.836,1.13704,2.2,1221.2,12.63,112.758,252.594,80.41,149617,102.63,3.8,0
11-21-18,1221.618,1230.003,1219.866,1226.053,20.8,1.09,96.712,1.13862,2.2,1228.2,12.12,113.062,252.594,80.41,149617,102.63,3.8,1
11-22-18,1226.053,1229.18,1224.998,1227.481,20.8,1.09,96.712,1.14026,2.2,1228.2,12.12,112.95,252.594,80.41,149617,102.63,3.8,1
11-23-18,1227.481,1228.7,1220.382,1223.148,21.52,1.09,96.916,1.13359,2.2,1223.2,12.1,112.954,252.594,80.41,149617,102.63,3.8,0
11-26-18,1223.148,1228.146,1221.821,1222.952,18.9,1.11,97.074,1.1328,2.2,1222.4,11.83,113.594,252.594,80.41,149617,102.63,3.8,0
11-27-18,1222.952,1225.371,1211.98,1215.028,19.02,1.15,97.369,1.12934,2.2,1213.4,12.01,113.782,252.594,80.41,149617,102.63,3.8,0
11-28-18,1215.028,1226.386,1211.281,1220.956,18.49,1.12,96.786,1.13667,2.2,1223.6,11.43,113.684,252.594,80.41,149617,102.63,3.8,1
11-29-18,1220.956,1229.091,1220.556,1224.358,18.79,1.05,96.778,1.1393,2.2,1230.4,11.39,113.477,252.594,80.41,149617,102.63,3.8,1
11-30-18,1224.358,1225.562,1216.751,1222.028,18.07,1.04,97.272,1.13181,2.2,1226.4,11.26,113.498,252.594,80.41,149617,102.63,3.8,0
12-03-18,1222.028,1235.074,1221.381,1230.688,16.44,1.02,97.04,1.13544,2.19,1239.6,10.93,113.644,252.767,90.61,149809,102.701,3.9,1
12-04-18,1230.688,1242.04,1230.529,1238.626,20.74,0.97,96.965,1.13434,2.2,1246.6,11.63,112.78,252.767,90.61,149809,102.701,3.9,1
12-05-18,1238.626,1239.441,1233.416,1237.032,20.74,0.97,97.07,1.13449,2.2,1242.6,11.63,113.192,252.767,90.61,149809,102.701,3.9,0
12-06-18,1237.032,1244.356,1234.788,1237.916,21.19,0.97,96.81,1.13768,2.2,1243.6,11.61,112.672,252.767,90.61,149809,102.701,3.9,1
12-07-18,1237.916,1250.082,1237.384,1248.084,23.23,0.96,96.514,1.13793,2.19,1252.6,12.22,112.706,252.767,90.61,149809,102.701,3.9,1
12-10-18,1248.084,1251.276,1241.642,1244.426,22.64,0.99,97.219,1.13552,2.2,1249.4,12.04,113.348,252.767,90.61,149809,102.701,3.9,0
12-11-18,1244.426,1249.576,1241.092,1243.064,21.76,1.06,97.388,1.13186,2.19,1247.2,11.46,113.384,252.767,90.61,149809,102.701,3.9,0
12-12-18,1243.064,1247.244,1242.092,1245.762,21.46,1.08,97.044,1.13687,2.19,1250.2,11.29,113.28,252.767,90.61,149809,102.701,3.9,1
12-13-18,1245.762,1246.85,1240.181,1241.939,20.65,1.08,97.064,1.13576,2.19,1247.4,10.69,113.608,252.767,90.61,149809,102.701,3.9,0
12-14-18,1241.939,1243.084,1233,1238.593,21.63,1.07,97.443,1.13051,2.19,1241.4,10.77,113.39,252.767,90.61,149809,102.701,3.9,0
12-17-18,1238.593,1248.202,1235.867,1245.964,24.52,1.05,97.1,1.13482,2.2,1251.8,11.75,112.833,252.767,90.61,149809,102.701,3.9,1
12-18-18,1245.964,1250.479,1245.168,1249.392,25.58,1.01,97.104,1.13637,2.2,1253.6,12.18,112.522,252.767,90.61,149809,102.701,3.9,1
12-19-18,1249.392,1258.094,1241.854,1243.045,25.58,0.97,97.035,1.13776,2.2,1256.4,11.4,112.482,252.767,90.61,149809,102.701,3.9,0
12-20-18,1243.045,1266.558,1242.793,1259.956,28.38,1.03,96.276,1.14454,2.4,1267.9,12.45,111.288,252.767,90.61,149809,102.701,3.9,1
12-21-18,1259.956,1262.83,1254.014,1255.984,30.11,1.02,96.956,1.13714,2.4,1258.1,11.97,111.219,252.767,90.61,149809,102.701,3.9,0
12-24-18,1255.984,1270.062,1255.984,1269.03,36.07,0.99,96.553,1.14059,2.4,1271.8,14.8,110.454,252.767,90.61,149809,102.701,3.9,1
12-25-18,1269.03,1269.799,1269.03,1269.305,36.07,0.99,96.553,1.14059,2.4,1271.8,14.8,110.454,252.767,90.61,149809,102.701,3.9,1
12-26-18,1269.305,1279.128,1264.392,1266.828,30.41,1.04,97.05,1.13526,2.4,1273.8,14.47,111.367,252.767,90.61,149809,102.701,3.9,0
12-27-18,1266.828,1278.991,1266.648,1275.606,29.96,1.03,96.481,1.14309,2.4,1281.1,15.18,110.982,252.767,90.61,149809,102.701,3.9,1
12-28-18,1275.606,1282.237,1274.341,1281.362,28.34,0.99,96.402,1.14439,2.4,1283.1,14.56,110.284,252.767,90.61,149809,102.701,3.9,1
12-31-18,1281.362,1284.202,1277.556,1282.413,25.42,0.98,96.173,1.14657,2.4,1281.3,13.48,109.59,252.767,90.61,149809,102.701,3.9,1
01-02-19,1282.413,1288.84,1278.782,1284.343,23.22,0.96,96.819,1.13442,2.4,1284.1,13.18,108.884,252.561,87.42,150059,102.648,4.9,1
01-03-19,1284.343,1295.01,1284.343,1294.097,25.45,0.88,96.305,1.13948,2.4,1294.8,13.77,107.662,252.561,87.42,150059,102.648,4.9,1
01-04-19,1294.097,1298.633,1276.699,1285.145,21.38,0.91,96.179,1.13944,2.4,1285.8,12.04,108.516,252.561,87.42,150059,102.648,4.9,0
01-07-19,1285.145,1295.106,1282.728,1289.123,21.4,0.92,95.666,1.14745,2.4,1289.9,11.66,108.716,252.561,87.42,150059,102.648,4.9,1
01-08-19,1289.123,1290.323,1279.437,1285.293,20.47,0.91,95.903,1.14418,2.4,1285.9,11.16,108.733,252.561,87.42,150059,102.648,4.9,0
01-09-19,1285.293,1293.928,1280.151,1293.202,19.98,0.91,95.219,1.15428,2.4,1292.9,11.69,108.162,252.561,87.42,150059,102.648,4.9,1
01-10-19,1293.202,1297.194,1286.145,1286.498,19.5,0.93,95.539,1.15001,2.4,1287.4,10.95,108.428,252.561,87.42,150059,102.648,4.9,0
01-11-19,1286.498,1295.254,1286.498,1287.62,18.19,0.88,95.67,1.14677,2.4,1289.5,11.95,108.514,252.561,87.42,150059,102.648,4.9,1
01-14-19,1287.62,1295.954,1287.496,1291.416,19.07,0.9,95.61,1.14692,2.4,1291.3,11.06,108.159,252.561,87.42,150059,102.648,4.9,1
01-15-19,1291.416,1294.707,1286.811,1289.372,18.6,0.91,96.039,1.14124,2.4,1288.4,11.06,108.7,252.561,87.42,150059,102.648,4.9,0
01-16-19,1289.372,1295.046,1287.977,1293.663,19.04,0.91,96.059,1.1391,2.4,1293.8,11.08,109.088,252.561,87.42,150059,102.648,4.9,1
01-17-19,1293.663,1295.431,1288.818,1292.038,18.06,0.96,96.065,1.13885,2.4,1292.3,10.9,109.258,252.561,87.42,150059,102.648,4.9,0
01-18-19,1292.038,1292.636,1280.717,1281.689,17.8,0.96,96.336,1.13628,2.4,1282.6,11.12,109.774,252.561,87.42,150059,102.648,4.9,0
01-21-19,1281.689,1283.652,1276.851,1280.28,17.8,0.96,96.336,1.13663,2.4,1282.6,11.12,109.67,252.561,87.42,150059,102.648,4.9,0
01-22-19,1280.28,1285.62,1277.542,1285.024,20.8,0.95,96.303,1.13608,2.4,1283.4,10.77,109.374,252.561,87.42,150059,102.648,4.9,1
01-23-19,1285.024,1286.594,1278.753,1282.793,19.52,0.96,96.123,1.13812,2.4,1284.4,10.61,109.614,252.561,87.42,150059,102.648,4.9,0
01-24-19,1282.793,1284.895,1276.914,1281.019,18.89,0.95,96.601,1.13056,2.4,1279.8,10.37,109.638,252.561,87.42,150059,102.648,4.9,0
01-25-19,1281.019,1304.099,1280.058,1303.2,17.42,0.97,95.794,1.14045,2.4,1298.1,11.12,109.55,252.561,87.42,150059,102.648,4.9,1
01-28-19,1303.2,1304.52,1297.772,1303.179,18.87,0.97,95.746,1.14282,2.4,1303.1,11.04,109.345,252.561,87.42,150059,102.648,4.9,0
01-29-19,1303.179,1312.084,1302.834,1311.478,19.13,0.94,95.821,1.14327,2.4,1308.9,11.25,109.388,252.561,87.42,150059,102.648,4.9,1
01-30-19,1311.478,1323.374,1309.164,1319.815,17.66,0.86,95.34,1.14799,2.4,1315.5,11.14,109.042,252.561,87.42,150059,102.648,4.9,1
01-31-19,1319.815,1326.312,1317.539,1321.293,16.57,0.78,95.578,1.14473,2.4,1325.2,10.74,108.872,252.561,87.42,150059,102.648,4.9,1
02-01-19,1321.293,1323.582,1316.244,1317.796,16.14,0.82,95.579,1.14559,2.4,1322.1,10.12,109.502,253.319,96.8,150065,102.836,3.8,0
02-04-19,1317.796,1319.129,1308.713,1311.714,15.73,0.86,95.852,1.14376,2.4,1319.3,10.11,109.9,253.319,96.8,150065,102.836,3.8,0
02-05-19,1311.714,1316.95,1310.815,1315.177,15.57,0.84,96.067,1.14042,2.4,1319.2,10.14,109.966,253.319,96.8,150065,102.836,3.8,1
02-06-19,1315.177,1315.872,1305.854,1306.508,15.38,0.84,96.39,1.1362,2.4,1314.4,9.76,109.98,253.319,96.8,150065,102.836,3.8,0
02-07-19,1306.508,1311.958,1302.887,1310.258,16.37,0.81,96.507,1.13389,2.4,1314.2,9.72,109.816,253.319,96.8,150065,102.836,3.8,1
02-08-19,1310.258,1315.652,1307.89,1314.12,15.72,0.81,96.637,1.13221,2.4,1318.5,9.89,109.754,253.319,96.8,150065,102.836,3.8,1
02-11-19,1314.12,1314.887,1303.764,1308.115,15.97,0.83,97.057,1.12757,2.4,1311.9,10.18,110.382,253.319,96.8,150065,102.836,3.8,0
02-12-19,1308.115,1314.795,1306.604,1310.764,15.43,0.85,96.709,1.1326,2.4,1314.9,10.03,110.486,253.319,96.8,150065,102.836,3.8,1
02-13-19,1310.764,1318.192,1305.14,1306.336,15.65,0.85,97.129,1.12607,2.4,1315.1,9.55,111.005,253.319,96.8,150065,102.836,3.8,0
02-14-19,1306.336,1314.416,1302.449,1312.133,16.22,0.81,96.978,1.12953,2.4,1313.9,9.92,110.48,253.319,96.8,150065,102.836,3.8,1
02-15-19,1312.133,1322.543,1311.491,1321.053,14.91,0.8,96.904,1.1295,2.4,1322.1,10.16,110.456,253.319,96.8,150065,102.836,3.8,1
02-18-19,1321.053,1327.598,1320.676,1326.499,14.91,0.8,96.904,1.13106,2.4,1322.1,10.16,110.614,253.319,96.8,150065,102.836,3.8,1
02-19-19,1326.499,1341.88,1323.016,1341.008,14.88,0.78,96.52,1.13406,2.4,1344.8,11.39,110.608,253.319,96.8,150065,102.836,3.8,1
02-20-19,1341.008,1346.743,1337.076,1338.543,14.02,0.76,96.454,1.13369,2.4,1347.9,10.92,110.854,253.319,96.8,150065,102.836,3.8,0
02-21-19,1338.543,1341.574,1321.214,1323.356,14.46,0.78,96.605,1.13346,2.4,1327.8,10.29,110.708,253.319,96.8,150065,102.836,3.8,0
02-22-19,1323.356,1333.127,1321.692,1328.062,13.51,0.74,96.507,1.1334,2.4,1332.8,10.02,110.682,253.319,96.8,150065,102.836,3.8,1
02-25-19,1328.062,1332.606,1325.234,1327.536,14.85,0.75,96.413,1.13568,2.4,1329.5,9.91,111.058,253.319,96.8,150065,102.836,3.8,0
02-26-19,1327.536,1330.25,1323.576,1328.974,15.17,0.72,96.003,1.13892,2.4,1328.5,9.86,110.586,253.319,96.8,150065,102.836,3.8,1
02-27-19,1328.974,1329.947,1316.972,1320.022,14.7,0.76,96.154,1.13696,2.4,1321.2,9.72,110.994,253.319,96.8,150065,102.836,3.8,0
02-28-19,1320.022,1327.342,1312.725,1312.971,14.78,0.78,96.157,1.13706,2.4,1316.1,9.52,111.386,253.319,96.8,150065,102.836,3.8,0
03-01-19,1312.971,1315.258,1290.315,1293.311,13.57,0.8,96.527,1.13647,2.4,1299.2,10.2,111.904,254.277,82.33,150295,103.069,3.8,0
03-04-19,1293.311,1297.12,1282.946,1286.688,14.63,0.78,96.682,1.13397,2.4,1287.5,10.26,111.744,254.277,82.33,150295,103.069,3.8,0
03-05-19,1286.688,1289.642,1281.253,1287.916,14.74,0.79,96.866,1.13078,2.4,1284.7,10.1,111.889,254.277,82.33,150295,103.069,3.8,1
03-06-19,1287.916,1290.984,1283.706,1286.319,15.74,0.78,96.873,1.13066,2.4,1287.6,10.13,111.77,254.277,82.33,150295,103.069,3.8,0
03-07-19,1286.319,1289.054,1280.922,1285.471,16.59,0.74,97.667,1.1194,2.4,1286.1,10.36,111.584,254.277,82.33,150295,103.069,3.8,0
03-08-19,1285.471,1300.836,1285.277,1298.889,16.05,0.72,97.306,1.12347,2.4,1299.3,10.51,111.167,254.277,82.33,150295,103.069,3.8,1
03-11-19,1298.889,1299.148,1290.558,1293.49,14.33,0.73,97.215,1.12449,2.4,1291.1,10.18,111.212,254.277,82.33,150295,103.069,3.8,0
03-12-19,1293.49,1302.26,1292.137,1301.446,13.77,0.71,96.935,1.12874,2.4,1298.1,10.08,111.335,254.277,82.33,150295,103.069,3.8,1
03-13-19,1301.446,1311.288,1300.694,1309.252,13.41,0.69,96.55,1.13278,2.4,1309.3,10.14,111.16,254.277,82.33,150295,103.069,3.8,1
03-14-19,1309.252,1310.419,1292.927,1296.388,13.5,0.69,96.785,1.13042,2.4,1295.1,10.08,111.7,254.277,82.33,150295,103.069,3.8,0
03-15-19,1296.388,1306.447,1294.19,1302.434,12.88,0.65,96.595,1.13252,2.4,1302.9,10.01,111.484,254.277,82.33,150295,103.069,3.8,1
03-18-19,1302.434,1306.776,1298.325,1303.734,13.1,0.64,96.524,1.13396,2.4,1301.5,9.79,111.426,254.277,82.33,150295,103.069,3.8,1
03-19-19,1303.734,1310.931,1302.398,1306.482,13.56,0.66,96.383,1.13512,2.4,1306.5,9.82,111.408,254.277,82.33,150295,103.069,3.8,1
03-20-19,1306.482,1317.002,1298.803,1312.352,13.91,0.58,95.761,1.14127,2.41,1301.7,10.15,110.704,254.277,82.33,150295,103.069,3.8,1
03-21-19,1312.352,1320.434,1303.354,1309.292,13.63,0.58,96.495,1.13756,2.41,1307.3,10.2,110.816,254.277,82.33,150295,103.069,3.8,0
03-22-19,1309.292,1314.962,1306.94,1313.666,16.48,0.54,96.651,1.13014,2.41,1312.3,10.31,109.941,254.277,82.33,150295,103.069,3.8,1
03-25-19,1313.666,1324.568,1311.115,1321.879,16.33,0.55,96.566,1.13124,2.4,1322.6,10.77,109.966,254.277,82.33,150295,103.069,3.8,1
03-26-19,1321.879,1323.319,1312.802,1315.552,14.68,0.55,96.736,1.12658,2.4,1315.6,10.18,110.635,254.277,82.33,150295,103.069,3.8,0
03-27-19,1315.552,1319.361,1308.23,1309.8,15.15,0.55,96.774,1.12441,2.41,1310.4,10.36,110.514,254.277,82.33,150295,103.069,3.8,0
03-28-19,1309.8,1312.357,1288.756,1290.39,14.43,0.56,97.202,1.1224,2.41,1295.3,10.35,110.645,254.277,82.33,150295,103.069,3.8,0
03-29-19,1290.39,1299.808,1286.842,1292.412,13.71,0.53,97.284,1.12176,2.43,1298.5,9.94,110.849,254.277,82.33,150295,103.069,3.8,1
04-01-19,1292.412,1297.077,1286.566,1287.744,13.4,0.59,97.232,1.12132,2.41,1294.2,10.13,111.352,255.233,79.25,150593,103.36,3.7,0
04-02-19,1287.744,1292.47,1285.368,1292.272,13.36,0.58,97.361,1.12044,2.41,1295.4,9.81,111.322,255.233,79.25,150593,103.36,3.7,1
04-03-19,1292.272,1294.527,1288.484,1289.861,13.74,0.61,97.091,1.1233,2.41,1295.3,9.69,111.489,255.233,79.25,150593,103.36,3.7,0
04-04-19,1289.861,1294.446,1280.984,1291.948,13.58,0.61,97.308,1.12206,2.41,1294.3,9.92,111.662,255.233,79.25,150593,103.36,3.7,1
04-05-19,1291.948,1293.648,1284.498,1291.698,12.82,0.6,97.395,1.12163,2.41,1295.6,9.65,111.724,255.233,79.25,150593,103.36,3.7,0
04-08-19,1291.698,1303.752,1291.526,1297.534,13.18,0.61,97.05,1.12611,2.41,1301.9,9.71,111.489,255.233,79.25,150593,103.36,3.7,1
04-09-19,1297.534,1306.228,1296.682,1304.058,14.28,0.6,97.006,1.12628,2.41,1308.3,9.55,111.142,255.233,79.25,150593,103.36,3.7,1
04-10-19,1304.058,1310.602,1301.032,1308.022,13.3,0.54,96.946,1.12736,2.41,1313.9,9.45,111.016,255.233,79.25,150593,103.36,3.7,1
04-11-19,1308.022,1309.24,1289.779,1292.785,13.02,0.57,97.177,1.12541,2.41,1293.3,9.59,111.664,255.233,79.25,150593,103.36,3.7,0
04-12-19,1292.785,1295.824,1290.116,1290.233,12.01,0.61,96.972,1.12987,2.41,1295.2,9.28,112.02,255.233,79.25,150593,103.36,3.7,0
04-15-19,1290.233,1292.022,1282.718,1288.015,12.32,0.61,96.942,1.13045,2.41,1291.3,9.57,112.036,255.233,79.25,150593,103.36,3.7,0
04-16-19,1288.015,1288.747,1273.032,1276.781,12.18,0.64,97.043,1.12806,2.41,1277.2,9.78,112.018,255.233,79.25,150593,103.36,3.7,0
04-17-19,1276.781,1279.827,1273.128,1274.091,12.6,0.65,97.009,1.12979,2.42,1276.8,9.39,112.062,255.233,79.25,150593,103.36,3.7,0
04-18-19,1274.091,1277.689,1271.28,1275.68,12.09,0.62,97.474,1.12306,2.43,1276.8,8.96,111.978,255.233,79.25,150593,103.36,3.7,1
04-22-19,1275.68,1279.876,1273.931,1274.99,12.42,0.64,97.287,1.12572,2.44,1277.6,9.56,111.939,255.233,79.25,150593,103.36,3.7,0
04-23-19,1274.99,1276.536,1266.421,1272.222,12.28,0.62,97.636,1.12274,2.44,1273.2,9.54,111.862,255.233,79.25,150593,103.36,3.7,0
04-24-19,1272.222,1278.548,1268.874,1275.611,13.14,0.57,98.173,1.11541,2.44,1279.4,9.48,112.194,255.233,79.25,150593,103.36,3.7,1
04-25-19,1275.611,1282.648,1273.468,1277.187,13.25,0.56,98.203,1.1132,2.44,1279.7,9.35,111.624,255.233,79.25,150593,103.36,3.7,1
04-26-19,1277.187,1288.743,1274.442,1286.137,12.73,0.54,98.006,1.11472,2.44,1288.8,9.28,111.587,255.233,79.25,150593,103.36,3.7,1
04-29-19,1286.137,1286.742,1278.196,1279.98,13.11,0.58,97.857,1.11854,2.45,1281.5,9.46,111.644,255.233,79.25,150593,103.36,3.7,0
04-30-19,1279.98,1286.164,1279.842,1283.532,13.12,0.56,97.479,1.12153,2.45,1285.7,9.32,111.43,255.233,79.25,150593,103.36,3.7,1
05-01-19,1283.532,1287.236,1272.999,1276.812,14.8,0.59,97.686,1.11954,2.45,1284.2,9.19,111.386,255.296,106.47,150621,103.435,3.6,0
05-02-19,1276.812,1278.059,1266.389,1270.644,14.42,0.66,97.832,1.1172,2.41,1272.2,9.08,111.51,255.296,106.47,150621,103.435,3.6,0
05-03-19,1270.644,1282.505,1268.466,1279.072,12.87,0.63,97.52,1.12012,2.4,1281.3,8.89,111.096,255.296,106.47,150621,103.435,3.6,1
05-06-19,1279.072,1285.861,1277.116,1280.505,15.44,0.6,97.515,1.11994,2.4,1283.8,9.26,110.805,255.296,106.47,150621,103.435,3.6,1
05-07-19,1280.505,1286.143,1278.263,1284.254,19.32,0.58,97.628,1.11918,2.4,1285.6,9.74,110.247,255.296,106.47,150621,103.435,3.6,1
05-08-19,1284.254,1291.513,1279.501,1281.167,19.4,0.62,97.623,1.11918,2.39,1281.4,9.78,110.099,255.296,106.47,150621,103.435,3.6,0
05-09-19,1281.167,1288.201,1279.706,1283.972,19.1,0.6,97.373,1.1214,2.38,1285.2,9.96,109.774,255.296,106.47,150621,103.435,3.6,1
05-10-19,1283.972,1289.447,1283.238,1285.97,16.04,0.59,97.33,1.12336,2.38,1287.4,9.33,109.953,255.296,106.47,150621,103.435,3.6,1
05-13-19,1285.97,1301.363,1282.072,1299.705,20.55,0.55,97.319,1.12224,2.38,1301.8,10.51,109.304,255.296,106.47,150621,103.435,3.6,1
05-14-19,1299.705,1303.364,1293.908,1296.984,18.06,0.56,97.526,1.1204,2.38,1296.3,9.76,109.609,255.296,106.47,150621,103.435,3.6,0
05-15-19,1296.984,1300.922,1293.138,1296.318,16.44,0.54,97.569,1.12015,2.4,1297.8,9.45,109.596,255.296,106.47,150621,103.435,3.6,0
05-16-19,1296.318,1298.756,1284.16,1286.825,15.29,0.56,97.855,1.11736,2.39,1286.2,9.16,109.848,255.296,106.47,150621,103.435,3.6,0
05-17-19,1286.825,1288.988,1274.962,1277.532,15.96,0.58,97.995,1.11574,2.39,1275.7,9.16,110.07,255.296,106.47,150621,103.435,3.6,0
05-20-19,1277.532,1279.034,1273.761,1277.53,16.31,0.6,97.933,1.11658,2.39,1277.3,9.16,110.06,255.296,106.47,150621,103.435,3.6,0
05-21-19,1277.53,1277.982,1269.603,1274.778,14.95,0.6,98.062,1.11614,2.39,1273.2,8.99,110.491,255.296,106.47,150621,103.435,3.6,0
05-22-19,1274.778,1277.331,1272.577,1273.434,14.75,0.6,98.041,1.11506,2.38,1274.2,9.04,110.357,255.296,106.47,150621,103.435,3.6,0
05-23-19,1273.434,1287.347,1272.913,1283.63,16.92,0.58,97.856,1.11819,2.38,1285.4,9.47,109.606,255.296,106.47,150621,103.435,3.6,1
05-24-19,1283.63,1285.28,1280.842,1284.612,15.85,0.56,97.613,1.12038,2.38,1283.6,9.47,109.303,255.296,106.47,150621,103.435,3.6,1
05-27-19,1284.612,1287.451,1283.898,1285.208,15.85,0.56,97.613,1.1193,2.38,1283.6,9.47,109.52,255.296,106.47,150621,103.435,3.6,1
05-28-19,1285.208,1286.646,1276.216,1279.295,17.5,0.53,97.952,1.11602,2.39,1277.1,9.2,109.376,255.296,106.47,150621,103.435,3.6,0
05-29-19,1279.295,1285.564,1279.204,1280.201,17.9,0.5,98.144,1.11308,2.39,1281.1,8.88,109.591,255.296,106.47,150621,103.435,3.6,1
05-30-19,1280.201,1289.274,1275.124,1288.194,17.3,0.48,98.142,1.11292,2.39,1292.4,9.3,109.624,255.296,106.47,150621,103.435,3.6,1
05-31-19,1288.194,1306.898,1288.09,1305.276,18.71,0.4,97.75,1.11688,2.4,1311.1,10.33,108.287,255.296,106.47,150621,103.435,3.6,1
06-03-19,1305.276,1327.998,1305.276,1324.762,18.86,0.34,97.142,1.12416,2.38,1327.9,11.79,108.072,255.213,106.59,150839,103.484,3.6,1
06-04-19,1324.762,1329.112,1320.039,1325.306,16.97,0.38,97.072,1.1252,2.38,1328.7,10.66,108.144,255.213,106.59,150839,103.484,3.6,1
06-05-19,1325.306,1344.136,1324.629,1330.292,16.09,0.37,97.32,1.1221,2.38,1333.6,11.26,108.46,255.213,106.59,150839,103.484,3.6,1
06-06-19,1330.292,1339.798,1327.317,1335.482,15.93,0.39,97.044,1.12756,2.37,1342.7,11.62,108.394,255.213,106.59,150839,103.484,3.6,1
06-07-19,1335.482,1348.212,1330.391,1340.437,16.3,0.35,96.544,1.13336,2.37,1346.1,11.41,108.195,255.213,106.59,150839,103.484,3.6,1
06-10-19,1340.437,1340.437,1325.204,1328.012,15.94,0.42,96.761,1.13115,2.37,1329.3,10.87,108.452,255.213,106.59,150839,103.484,3.6,0
06-11-19,1328.012,1329.913,1319.999,1326.845,15.99,0.43,96.686,1.1326,2.37,1331.2,10.52,108.518,255.213,106.59,150839,103.484,3.6,0
06-12-19,1326.845,1338.423,1326.12,1333.489,15.91,0.42,97.686,1.12874,2.37,1336.8,11.06,108.506,255.213,106.59,150839,103.484,3.6,1
06-13-19,1333.489,1343.174,1332.452,1341.971,15.82,0.42,97.013,1.12765,2.37,1343.7,11.68,108.398,255.213,106.59,150839,103.484,3.6,1
06-14-19,1341.971,1358.222,1338.018,1341.932,15.28,0.46,97.572,1.12096,2.36,1344.5,11.9,108.558,255.213,106.59,150839,103.484,3.6,0
06-17-19,1341.932,1343.6,1333.12,1339.625,15.35,0.48,97.558,1.12181,2.38,1342.9,11.99,108.535,255.213,106.59,150839,103.484,3.6,0
06-18-19,1339.625,1354.622,1338.745,1346.749,15.15,0.42,97.644,1.11941,2.37,1350.7,12.4,108.443,255.213,106.59,150839,103.484,3.6,1
06-19-19,1346.749,1362.612,1341.441,1360.24,14.33,0.36,97.117,1.12262,2.37,1348.8,12.41,108.102,255.213,106.59,150839,103.484,3.6,1
06-20-19,1360.24,1394.279,1357.75,1388.29,14.75,0.27,96.629,1.12916,2.37,1396.9,15.69,107.302,255.213,106.59,150839,103.484,3.6,1
06-21-19,1388.29,1411.993,1382.562,1399.427,15.4,0.34,96.22,1.13688,2.38,1400.1,15.54,107.322,255.213,106.59,150839,103.484,3.6,1
06-24-19,1399.427,1421.503,1399.427,1419.664,15.26,0.31,95.98,1.13988,2.38,1418.2,16.8,107.298,255.213,106.59,150839,103.484,3.6,1
06-25-19,1419.664,1439.318,1412.11,1423.486,16.28,0.33,96.14,1.13668,2.38,1418.7,17.08,107.173,255.213,106.59,150839,103.484,3.6,1
06-26-19,1423.486,1424.48,1401.976,1408.951,16.21,0.35,96.214,1.13695,2.38,1415.4,15.88,107.786,255.213,106.59,150839,103.484,3.6,0
06-27-19,1408.951,1412.119,1398.745,1410.003,15.82,0.33,96.194,1.13694,2.38,1412.4,15.57,107.786,255.213,106.59,150839,103.484,3.6,1
06-28-19,1410.003,1424.699,1405.808,1409.407,15.08,0.31,96.13,1.13721,2.4,1413.7,15.99,107.902,255.213,106.59,150839,103.484,3.6,0
07-01-19,1409.407,1409.407,1381.904,1384.204,14.06,0.34,96.844,1.12857,2.39,1389.3,14.08,108.438,255.802,93.52,150936,103.622,3.7,0
07-02-19,1384.204,1421.184,1383.452,1418.17,12.93,0.33,96.726,1.12862,2.4,1408.3,15.8,107.91,255.802,93.52,150936,103.622,3.7,1
07-03-19,1418.17,1437.8,1412.152,1418.673,12.57,0.31,96.768,1.12774,2.41,1420.9,15.89,107.824,255.802,93.52,150936,103.622,3.7,1
07-04-19,1418.673,1421.744,1410.305,1415.324,12.57,0.31,96.768,1.12846,2.41,1420.9,15.89,107.821,255.802,93.52,150936,103.622,3.7,0
07-05-19,1415.324,1424.28,1386.676,1399.43,13.28,0.35,97.286,1.12255,2.42,1400.1,15.07,108.474,255.802,93.52,150936,103.622,3.7,0
07-08-19,1399.43,1407.675,1391.858,1395.284,13.96,0.35,97.384,1.12144,2.41,1400.1,12.99,108.725,255.802,93.52,150936,103.622,3.7,0
07-09-19,1395.284,1400.09,1385.87,1397.545,14.09,0.36,97.489,1.12078,2.41,1400.5,13.45,108.856,255.802,93.52,150936,103.622,3.7,1
07-10-19,1397.545,1418.955,1390.05,1418.904,13.03,0.33,97.104,1.12505,2.41,1412.5,15.01,108.466,255.802,93.52,150936,103.622,3.7,1
07-11-19,1418.904,1427.203,1401.063,1403.593,12.93,0.36,97.05,1.12542,2.4,1406.7,13.64,108.494,255.802,93.52,150936,103.622,3.7,0
07-12-19,1403.593,1416.952,1403.225,1415.611,12.39,0.35,96.81,1.12706,2.38,1412.2,14.65,107.906,255.802,93.52,150936,103.622,3.7,1
07-15-19,1415.611,1419.783,1407.806,1413.981,12.68,0.32,96.933,1.12578,2.4,1413.5,14.9,107.91,255.802,93.52,150936,103.622,3.7,0
07-16-19,1413.981,1418.38,1400.792,1405.834,12.86,0.33,97.395,1.121,2.41,1411.2,14.32,108.24,255.802,93.52,150936,103.622,3.7,0
07-17-19,1405.834,1426.897,1400.214,1426.118,13.97,0.31,97.223,1.12244,2.41,1423.3,16.02,107.954,255.802,93.52,150936,103.622,3.7,1
07-18-19,1426.118,1448.033,1414.774,1446.04,13.53,0.25,96.794,1.12772,2.41,1428.1,17.45,107.295,255.802,93.52,150936,103.622,3.7,1
07-19-19,1446.04,1453.005,1420.336,1425.58,14.45,0.25,97.151,1.12208,2.41,1426.7,15.83,107.723,255.802,93.52,150936,103.622,3.7,0
07-22-19,1427.59,1429.99,1422.321,1424.785,13.53,0.26,97.257,1.12088,2.4,1426.9,14.89,107.871,255.802,93.52,150936,103.622,3.7,0
07-23-19,1424.785,1430.188,1414.302,1417.466,12.61,0.27,97.705,1.11516,2.4,1421.7,14.28,108.226,255.802,93.52,150936,103.622,3.7,0
07-24-19,1417.466,1429.546,1416.6,1425.506,12.07,0.26,97.729,1.11398,2.4,1423.6,14.55,108.188,255.802,93.52,150936,103.622,3.7,1
07-25-19,1425.506,1433.826,1411.206,1414.472,12.74,0.28,97.818,1.11474,2.4,1414.7,13.54,108.634,255.802,93.52,150936,103.622,3.7,0
07-26-19,1414.472,1424.915,1413.545,1418.638,12.16,0.3,98.01,1.1128,2.4,1419.3,12.31,108.679,255.802,93.52,150936,103.622,3.7,1
07-29-19,1418.638,1428.088,1414.938,1427.056,12.83,0.29,98.044,1.11452,2.4,1420.4,13.59,108.782,255.802,93.52,150936,103.622,3.7,1
07-30-19,1427.056,1433.28,1422.413,1430.874,13.94,0.28,98.05,1.11558,2.39,1441.8,14.51,108.606,255.802,93.52,150936,103.622,3.7,1
07-31-19,1430.874,1434.549,1410.634,1412.764,16.12,0.26,98.516,1.10766,2.4,1437.8,13.21,108.765,255.802,93.52,150936,103.622,3.7,0
08-01-19,1412.764,1446.075,1400.613,1444.918,17.87,0.2,98.369,1.1085,2.14,1432.4,16.01,107.35,256.036,103.4,151171,103.67,3.6,1
08-02-19,1444.918,1448.998,1430.386,1440.959,17.61,0.2,98.074,1.11084,2.14,1457.5,15.01,106.592,256.036,103.4,151171,103.67,3.6,0
08-05-19,1440.959,1469.804,1436.794,1463.88,24.59,0.15,97.522,1.12031,2.13,1476.5,16.91,105.952,256.036,103.4,151171,103.67,3.6,1
08-06-19,1463.88,1474.9,1456.49,1474.078,20.17,0.11,97.63,1.12024,2.13,1484.2,16.02,106.464,256.036,103.4,151171,103.67,3.6,1
08-07-19,1474.078,1510.452,1472.384,1501.306,19.49,0.09,97.544,1.1199,2.12,1519.6,18.16,106.269,256.036,103.4,151171,103.67,3.6,1
08-08-19,1501.306,1509.617,1490.125,1501.318,16.91,0.07,97.618,1.11796,2.12,1509.5,17.53,106.072,256.036,103.4,151171,103.67,3.6,1
08-09-19,1501.318,1509.158,1494.882,1496.717,17.97,0.08,97.491,1.12002,2.12,1508.5,16.64,105.687,256.036,103.4,151171,103.67,3.6,0
08-12-19,1496.717,1520.001,1487.478,1511.189,21.09,0.04,97.38,1.12138,2.12,1517.2,18.46,105.304,256.036,103.4,151171,103.67,3.6,1
08-13-19,1511.189,1535.094,1479.99,1501.334,17.52,0.05,97.812,1.11718,2.12,1514.1,17.92,106.744,256.036,103.4,151171,103.67,3.6,0
08-14-19,1501.334,1524.114,1494.286,1516.924,22.1,0.02,97.987,1.11387,2.12,1527.8,18.19,105.912,256.036,103.4,151171,103.67,3.6,1
08-15-19,1516.924,1527.086,1508.027,1523.006,21.18,-0.02,98.144,1.11093,2.13,1531.2,18.72,106.106,256.036,103.4,151171,103.67,3.6,1
08-16-19,1523.006,1528.038,1503.719,1513.791,18.47,0.01,98.142,1.10904,2.13,1523.6,16.86,106.37,256.036,103.4,151171,103.67,3.6,0
08-19-19,1513.791,1513.791,1493.424,1495.947,16.88,0.04,98.347,1.10781,2.13,1511.6,14.94,106.634,256.036,103.4,151171,103.67,3.6,0
08-20-19,1495.947,1508.617,1493.058,1507.26,17.5,0.02,98.19,1.11008,2.13,1515.7,15.42,106.232,256.036,103.4,151171,103.67,3.6,1
08-21-19,1507.26,1508.116,1496.643,1502.564,15.8,0.05,98.295,1.10846,2.12,1515.7,15.13,106.618,256.036,103.4,151171,103.67,3.6,0
08-22-19,1502.564,1504.7,1492.593,1497.946,16.68,0.07,98.17,1.10796,2.12,1508.5,15.35,106.44,256.036,103.4,151171,103.67,3.6,0
08-23-19,1497.946,1530.204,1493.671,1527.378,19.87,-0.02,97.64,1.11429,2.12,1537.6,18.36,105.406,256.036,103.4,151171,103.67,3.6,1
08-26-19,1539.725,1555.182,1525.19,1527.431,19.32,-0.02,98.081,1.10991,2.12,1537.2,17.54,106.13,256.036,103.4,151171,103.67,3.6,1
08-27-19,1527.431,1544.719,1525.836,1542.614,20.31,-0.06,97.999,1.10901,2.12,1551.8,17.34,105.756,256.036,103.4,151171,103.67,3.6,1
08-28-19,1542.614,1546.932,1532.002,1539.697,19.35,-0.08,98.21,1.10776,2.12,1549.1,16.83,106.12,256.036,103.4,151171,103.67,3.6,0
08-29-19,1539.697,1550.402,1519.69,1527.472,17.88,-0.09,98.507,1.10566,2.12,1536.9,16.31,106.516,256.036,103.4,151171,103.67,3.6,0
08-30-19,1527.472,1533.21,1517.16,1520.531,18.98,-0.05,98.916,1.09905,2.13,1529.4,15.45,106.284,256.036,103.4,151171,103.67,3.6,0
09-02-19,1527.821,1535.079,1519.438,1529.188,18.98,-0.05,98.916,1.09698,2.13,1529.4,15.45,106.215,256.43,90.37,151365,103.733,3.5,1
09-03-19,1529.188,1549.81,1521.728,1547.574,19.66,-0.03,99.916,1.0974,2.13,1555.9,16.86,105.947,256.43,90.37,151365,103.733,3.5,1
09-04-19,1547.574,1557.074,1533.978,1552.385,17.33,-0.04,98.451,1.10346,2.13,1560.4,17.27,106.408,256.43,90.37,151365,103.733,3.5,1
09-05-19,1552.385,1553.045,1506.492,1518.894,16.27,0.01,98.414,1.10344,2.13,1525.5,15.72,106.944,256.43,90.37,151365,103.733,3.5,0
09-06-19,1518.894,1527.836,1502.707,1506.92,15.27,0.01,98.394,1.10278,2.12,1515.5,14.75,106.918,256.43,90.37,151365,103.733,3.5,0
09-09-19,1506.923,1515.466,1497.76,1498.976,15.27,0.06,98.281,1.10472,2.13,1511.1,14.76,107.244,256.43,90.37,151365,103.733,3.5,0
09-10-19,1498.976,1500.906,1484.705,1485.439,15.2,0.12,98.326,1.10432,2.13,1499.2,14.62,107.541,256.43,90.37,151365,103.733,3.5,0
09-11-19,1485.439,1498.296,1485.291,1496.81,14.61,0.15,98.645,1.10109,2.13,1503.2,14.95,107.832,256.43,90.37,151365,103.733,3.5,1
09-12-19,1496.81,1524.25,1489.358,1499.031,14.22,0.16,98.309,1.10639,2.13,1507.4,15.07,108.108,256.43,90.37,151365,103.733,3.5,1
09-13-19,1499.031,1509.042,1485.965,1488.747,13.74,0.23,98.257,1.10743,2.14,1499.5,14.94,108.096,256.43,90.37,151365,103.733,3.5,0
09-16-19,1488.747,1512.07,1488.747,1498.555,14.67,0.17,98.61,1.10023,2.25,1511.5,16.07,108.149,256.43,90.37,151365,103.733,3.5,1
09-17-19,1498.555,1507.086,1493.566,1501.384,14.44,0.15,98.261,1.10725,2.3,1513.4,15.91,108.118,256.43,90.37,151365,103.733,3.5,1
09-18-19,1501.384,1511.661,1483.311,1494.022,13.95,0.21,98.561,1.10298,2.25,1515.8,15.1,108.45,256.43,90.37,151365,103.733,3.5,0
09-19-19,1494.022,1504.556,1489.202,1498.727,14.05,0.18,98.272,1.10408,1.9,1506.2,15.13,108.039,256.43,90.37,151365,103.733,3.5,1
09-20-19,1498.727,1517.06,1498.132,1516.975,15.32,0.13,98.513,1.10182,1.9,1515.1,16.79,107.565,256.43,90.37,151365,103.733,3.5,1
09-23-19,1514.557,1526.798,1511.131,1522.14,14.91,0.11,98.599,1.09932,1.9,1531.5,16.92,107.546,256.43,90.37,151365,103.733,3.5,1
09-24-19,1522.14,1535.668,1515.71,1532.298,17.05,0.06,98.337,1.102,1.9,1540.2,17.22,107.081,256.43,90.37,151365,103.733,3.5,1
09-25-19,1532.298,1535.102,1500.562,1503.634,15.96,0.13,99.037,1.09438,1.9,1512.3,15.62,107.771,256.43,90.37,151365,103.733,3.5,0
09-26-19,1503.634,1512.382,1500.4,1504.544,16.07,0.13,99.132,1.09204,1.85,1515.2,15.11,107.84,256.43,90.37,151365,103.733,3.5,1
09-27-19,1504.544,1507.482,1487.105,1497.199,17.22,0.16,99.109,1.09404,1.83,1506.4,14.96,107.936,256.43,90.37,151365,103.733,3.5,0
09-30-19,1495.252,1500.498,1464.558,1472.512,16.24,0.15,99.377,1.08986,1.9,1472.9,15.37,108.07,256.43,90.37,151365,103.733,3.5,0
10-01-19,1472.512,1487.256,1459.17,1478.934,18.56,0.13,99.128,1.09323,1.88,1489.9,15.61,107.752,257.155,97.84,151460,103.917,3.6,1
10-02-19,1478.934,1505.186,1474.638,1499.86,20.56,0.1,99.019,1.09592,1.85,1507.9,15.75,107.182,257.155,97.84,151460,103.917,3.6,1
10-03-19,1499.86,1519.651,1495.922,1504.88,19.12,0.06,98.864,1.09634,1.83,1513.8,16.33,106.918,257.155,97.84,151460,103.917,3.6,1
10-04-19,1504.88,1515.82,1495.848,1504.738,17.04,0.02,98.808,1.09782,1.82,1512.9,15.26,106.922,257.155,97.84,151460,103.917,3.6,0
10-07-19,1511.782,1512.482,1488.128,1493.207,17.86,0.05,98.967,1.09706,1.82,1504.4,15.44,107.25,257.155,97.84,151460,103.917,3.6,0
10-08-19,1493.207,1509.746,1487.172,1505.452,20.28,0.06,99.133,1.0956,1.82,1503.9,16.21,107.088,257.155,97.84,151460,103.917,3.6,1
10-09-19,1505.452,1512.474,1499.939,1505.624,18.64,0.1,99.118,1.09706,1.82,1512.8,15.73,107.482,257.155,97.84,151460,103.917,3.6,1
10-10-19,1505.624,1517.108,1491.302,1493.534,17.57,0.15,98.701,1.10055,1.82,1500.9,15.7,107.953,257.155,97.84,151460,103.917,3.6,0
10-11-19,1493.534,1503.248,1474.094,1488.966,15.58,0.2,98.301,1.10384,1.82,1488.7,15.72,108.431,257.155,97.84,151460,103.917,3.6,0
10-14-19,1488.85,1497.149,1482.934,1493.275,14.57,0.2,98.454,1.10271,1.82,1497.6,15.65,108.398,257.155,97.84,151460,103.917,3.6,1
10-15-19,1493.275,1498.486,1477.345,1481.132,13.54,0.21,98.288,1.10324,1.9,1483.5,15.08,108.862,257.155,97.84,151460,103.917,3.6,0
10-16-19,1481.132,1491.629,1477.228,1489.954,13.68,0.18,98.002,1.10716,1.9,1494.5,14.94,108.766,257.155,97.84,151460,103.917,3.6,1
10-17-19,1489.954,1497.288,1483.526,1492.954,13.79,0.17,97.607,1.11249,1.85,1498.3,14.84,108.654,257.155,97.84,151460,103.917,3.6,1
10-18-19,1492,1494.156,1485.07,1490.44,14.25,0.16,97.282,1.11708,1.85,1494.1,14.85,108.423,257.155,97.84,151460,103.917,3.6,0
10-21-19,1491.384,1495.258,1481.627,1484.492,14.25,0.19,97.328,1.11497,1.85,1488.1,14.05,108.606,257.155,97.84,151460,103.917,3.6,0
10-22-19,1484.492,1489.054,1480.961,1487.76,14.46,0.17,97.526,1.11252,1.85,1487.5,13.67,108.488,257.155,97.84,151460,103.917,3.6,1
10-23-19,1487.76,1496.272,1487.76,1492.069,14.01,0.16,97.491,1.11306,1.85,1495.7,13.23,108.691,257.155,97.84,151460,103.917,3.6,1
10-24-19,1492.069,1503.99,1488.085,1503.459,13.71,0.15,97.631,1.11046,1.85,1504.7,13.97,108.626,257.155,97.84,151460,103.917,3.6,1
10-25-19,1503.459,1517.974,1500.725,1504.52,12.65,0.15,97.831,1.10798,1.83,1505.3,13.48,108.67,257.155,97.84,151460,103.917,3.6,1
10-28-19,1504.52,1508.284,1490.136,1492.682,13.11,0.21,97.764,1.10997,1.83,1495.8,13.78,108.966,257.155,97.84,151460,103.917,3.6,0
10-29-19,1492.682,1494.853,1483.596,1487.765,13.2,0.23,97.69,1.1111,1.82,1490.7,13.46,108.889,257.155,97.84,151460,103.917,3.6,0
10-30-19,1487.765,1496.723,1481.264,1495.612,12.33,0.21,97.646,1.11504,1.82,1496.7,13.17,108.827,257.155,97.84,151460,103.917,3.6,1
10-31-19,1495.612,1514.146,1493.841,1512.578,13.22,0.15,97.352,1.11509,1.58,1514.8,13.39,108.028,257.155,97.84,151460,103.917,3.6,1
11-01-19,1512.578,1516.171,1503.409,1514.325,12.3,0.14,97.239,1.11654,1.57,1511.4,12.86,108.184,257.879,73.08,151668,104.024,3.6,1
11-04-19,1514.325,1514.879,1504.548,1509.559,12.83,0.15,97.505,1.11282,1.56,1511.1,12.45,108.578,257.879,73.08,151668,104.024,3.6,0
11-05-19,1509.559,1509.712,1479.481,1483.449,13.1,0.18,97.983,1.10738,1.56,1483.7,12.43,109.164,257.879,73.08,151668,104.024,3.6,0
11-06-19,1483.449,1494.254,1482.489,1490.408,12.62,0.15,97.952,1.10664,1.55,1493.1,12.04,108.98,257.879,73.08,151668,104.024,3.6,1
11-07-19,1490.408,1492.157,1460.639,1468.578,12.73,0.23,98.143,1.10498,1.55,1466.4,12.35,109.284,257.879,73.08,151668,104.024,3.6,0
11-08-19,1468.578,1472.906,1456.322,1459.262,12.07,0.23,98.353,1.10192,1.55,1462.9,12.27,109.249,257.879,73.08,151668,104.024,3.6,0
11-11-19,1459.262,1466.484,1448.303,1455.951,12.69,0.23,98.2,1.10334,1.55,1457.1,12.87,109.046,257.879,73.08,151668,104.024,3.6,0
11-12-19,1455.951,1460.445,1445.707,1456.284,12.68,0.22,98.309,1.10088,1.55,1453.7,11.91,109.026,257.879,73.08,151668,104.024,3.6,1
11-13-19,1456.284,1467.083,1455.872,1463.334,13.68,0.22,98.373,1.10067,1.55,1463.3,11.56,108.818,257.879,73.08,151668,104.024,3.6,1
11-14-19,1463.334,1474.604,1461.202,1471.326,13.05,0.2,98.163,1.1021,1.55,1473.4,11.83,108.405,257.879,73.08,151668,104.024,3.6,1
11-15-19,1471.326,1471.438,1462.61,1468.162,12.05,0.21,97.999,1.10514,1.55,1468.5,11.23,108.778,257.879,73.08,151668,104.024,3.6,0
11-18-19,1468.162,1473.912,1456.458,1471.193,12.46,0.18,97.794,1.10733,1.55,1471.9,11.55,108.679,257.879,73.08,151668,104.024,3.6,1
11-19-19,1471.193,1475.395,1464.876,1472.433,12.86,0.16,97.856,1.10782,1.55,1474.3,11.5,108.54,257.879,73.08,151668,104.024,3.6,1
11-20-19,1472.433,1478.739,1466.024,1471.626,12.78,0.13,97.934,1.10724,1.55,1474.2,11.55,108.611,257.879,73.08,151668,104.024,3.6,0
11-21-19,1471.626,1475.676,1462.511,1464.545,13.13,0.14,97.993,1.10586,1.55,1463.6,11.37,108.612,257.879,73.08,151668,104.024,3.6,0
11-22-19,1464.545,1473.248,1461.477,1462.617,12.34,0.15,98.27,1.102,1.55,1463.6,11.32,108.651,257.879,73.08,151668,104.024,3.6,0
11-25-19,1462.617,1462.617,1454.226,1455.193,11.87,0.14,98.323,1.10117,1.55,1456.9,11.15,108.924,257.879,73.08,151668,104.024,3.6,0
11-26-19,1455.193,1462.874,1450.186,1461.302,11.54,0.12,98.252,1.10218,1.55,1460.3,10.76,109.061,257.879,73.08,151668,104.024,3.6,1
11-27-19,1461.302,1461.964,1452.706,1454.47,11.75,0.14,98.37,1.0999,1.55,1460.8,10.3,109.54,257.879,73.08,151668,104.024,3.6,0
11-28-19,1454.47,1458.319,1454.31,1456.059,11.75,0.14,98.37,1.1009,1.55,1460.8,10.3,109.514,257.879,73.08,151668,104.024,3.6,1
11-29-19,1456.059,1466.461,1453.15,1463.989,12.62,0.17,98.273,1.10188,1.56,1472.7,10.71,109.499,257.879,73.08,151668,104.024,3.6,1
12-02-19,1463.989,1465.456,1454.178,1462.719,14.91,0.18,97.856,1.10792,1.56,1469.2,10.77,108.976,258.63,74.28,151795,104.307,3.6,0
12-03-19,1462.719,1481.814,1460.016,1477.194,15.96,0.09,97.737,1.1082,1.55,1484.4,12.15,108.634,258.63,74.28,151795,104.307,3.6,1
12-04-19,1477.194,1484.085,1471.509,1474.758,14.8,0.11,97.648,1.10772,1.55,1480.2,11.57,108.87,258.63,74.28,151795,104.307,3.6,0
12-05-19,1474.758,1480.336,1472.968,1475.911,14.52,0.13,97.41,1.1104,1.55,1483.1,11.25,108.76,258.63,74.28,151795,104.307,3.6,1
12-06-19,1475.911,1479.85,1458.906,1460.413,13.62,0.15,97.7,1.10601,1.55,1465.1,10.73,108.586,258.63,74.28,151795,104.307,3.6,0
12-09-19,1460.413,1465.411,1458.796,1461.51,15.86,0.14,97.644,1.10638,1.55,1464.9,10.75,108.552,258.63,74.28,151795,104.307,3.6,1
12-10-19,1461.51,1469.222,1460.183,1464.402,15.68,0.14,97.413,1.10939,1.55,1468.1,10.33,108.733,258.63,74.28,151795,104.307,3.6,1
12-11-19,1464.402,1478.966,1462.848,1474.618,14.99,0.1,97.078,1.11298,1.55,1475.1,10.81,108.559,258.63,74.28,151795,104.307,3.6,1
12-12-19,1474.618,1486.783,1464.162,1469.874,13.94,0.18,97.397,1.11307,1.55,1472.3,10.95,109.306,258.63,74.28,151795,104.307,3.6,0
12-13-19,1469.874,1478.082,1461.879,1476.328,12.63,0.12,97.172,1.11206,1.55,1481.2,10.39,109.352,258.63,74.28,151795,104.307,3.6,1
12-16-19,1476.328,1479.926,1473.283,1476.195,12.14,0.16,97.019,1.1144,1.56,1480.5,10.39,109.554,258.63,74.28,151795,104.307,3.6,0
12-17-19,1476.195,1480.561,1474.331,1476.186,12.29,0.14,97.222,1.115,1.55,1480.6,10.03,109.493,258.63,74.28,151795,104.307,3.6,0
12-18-19,1476.186,1479.362,1470.58,1475.47,12.58,0.16,97.4,1.11138,1.55,1478.7,10.04,109.572,258.63,74.28,151795,104.307,3.6,0
12-19-19,1475.47,1481.762,1473.362,1478.907,12.5,0.15,97.379,1.11211,1.55,1484.4,10.39,109.359,258.63,74.28,151795,104.307,3.6,1
12-20-19,1478.907,1481.053,1475.918,1478.088,12.51,0.15,97.69,1.10765,1.55,1480.9,9.69,109.443,258.63,74.28,151795,104.307,3.6,0
12-23-19,1478.088,1486.217,1477.587,1485.525,12.61,0.18,97.658,1.10898,1.55,1488.7,10.56,109.388,258.63,74.28,151795,104.307,3.6,1
12-24-19,1485.525,1500.555,1484.46,1499.402,12.67,0.15,97.654,1.10883,1.55,1504.8,11.93,109.398,258.63,74.28,151795,104.307,3.6,1
12-26-19,1499.402,1512.65,1497.573,1511.092,12.65,0.16,97.534,1.10966,1.55,1514.4,13.33,109.639,258.63,74.28,151795,104.307,3.6,1
12-27-19,1511.092,1515.32,1507.422,1511.131,13.43,0.15,96.919,1.11758,1.55,1518.1,12.32,109.455,258.63,74.28,151795,104.307,3.6,1
12-30-19,1511.131,1516.184,1510.88,1515.07,14.82,0.15,96.74,1.1199,1.55,1518.6,12.56,108.879,258.63,74.28,151795,104.307,3.6,1
12-31-19,1515.07,1525.376,1514.804,1517.111,13.78,0.15,96.389,1.12121,1.55,1523.1,12.63,108.629,258.63,74.28,151795,104.307,3.6,1
01-02-20,1517.111,1531.414,1517.111,1529.108,12.47,0.08,96.846,1.11728,1.55,1528.1,12.7,108.561,259.127,138.42,152031,104.49,3.6,1
01-03-20,1529.108,1553.537,1528.035,1552.394,14.02,0.03,96.838,1.11594,1.55,1552.4,13.46,108.11,259.127,138.42,152031,104.49,3.6,1
01-06-20,1552.394,1589.739,1552.394,1565.916,13.85,0.06,96.671,1.11972,1.55,1568.8,14.21,108.372,259.127,138.42,152031,104.49,3.6,1
01-07-20,1565.916,1577.392,1555.388,1574.282,13.79,0.09,97.005,1.11512,1.55,1574.3,14.01,108.462,259.127,138.42,152031,104.49,3.6,1
01-08-20,1574.282,1611.498,1552.366,1556.43,13.45,0.12,97.299,1.11042,1.55,1560.2,13.67,109.132,259.127,138.42,152031,104.49,3.6,0
01-09-20,1556.43,1561.38,1540.256,1552.426,12.54,0.11,97.45,1.11064,1.55,1554.3,12.54,109.524,259.127,138.42,152031,104.49,3.6,0
01-10-20,1552.426,1563.182,1545.784,1562.212,12.56,0.07,97.356,1.11207,1.54,1560.1,12.27,109.47,259.127,138.42,152031,104.49,3.6,1
01-13-20,1562.212,1562.212,1546.578,1548.03,12.32,0.08,97.345,1.11346,1.54,1550.6,10.91,109.944,259.127,138.42,152031,104.49,3.6,0
01-14-20,1548.03,1548.934,1536.016,1546.423,12.39,0.05,97.372,1.11276,1.54,1544.6,11.02,109.996,259.127,138.42,152031,104.49,3.6,0
01-15-20,1546.423,1558.21,1546.07,1556.248,12.42,0.04,97.229,1.115,1.54,1554.6,11.75,109.9,259.127,138.42,152031,104.49,3.6,1
01-16-20,1556.248,1558.136,1548.099,1552.474,12.32,0.07,97.32,1.11361,1.54,1550.5,11.38,110.176,259.127,138.42,152031,104.49,3.6,0
01-17-20,1552.474,1561.298,1549.465,1557.304,12.1,0.09,97.606,1.10905,1.55,1560.3,11.31,110.156,259.127,138.42,152031,104.49,3.6,1
01-20-20,1557.304,1562.802,1556.458,1560.897,12.1,0.09,97.606,1.10951,1.55,1560.3,11.31,110.184,259.127,138.42,152031,104.49,3.6,1
01-21-20,1560.897,1568.696,1546.403,1558.168,12.85,0.04,97.531,1.10818,1.55,1557.9,11.48,109.875,259.127,138.42,152031,104.49,3.6,0
01-22-20,1558.168,1559.293,1550.281,1558.965,12.91,0.05,97.527,1.10934,1.55,1556.7,11.16,109.84,259.127,138.42,152031,104.49,3.6,1
01-23-20,1558.965,1567.974,1551.987,1562.813,12.98,0.04,97.693,1.10571,1.55,1565.4,11.61,109.493,259.127,138.42,152031,104.49,3.6,1
01-24-20,1562.813,1575.929,1556.629,1571.724,14.56,0.02,97.853,1.10252,1.55,1571.9,12.48,109.279,259.127,138.42,152031,104.49,3.6,1
01-27-20,1571.724,1588.632,1571.724,1581.937,18.23,-0.02,97.956,1.1019,1.55,1577.4,12.9,108.896,259.127,138.42,152031,104.49,3.6,1
01-28-20,1581.937,1583.102,1565.599,1567.322,16.28,-0.02,98.018,1.1022,1.55,1569.8,11.89,109.148,259.127,138.42,152031,104.49,3.6,0
01-29-20,1567.322,1578.036,1563.471,1576.896,16.39,-0.04,97.991,1.10109,1.55,1570.4,12.09,109.02,259.127,138.42,152031,104.49,3.6,1
01-30-20,1576.896,1586.026,1572.39,1574.296,15.49,-0.07,97.867,1.10316,1.6,1589.2,12.23,108.943,259.127,138.42,152031,104.49,3.6,0
01-31-20,1574.296,1590.55,1571.045,1589.975,18.84,-0.14,97.39,1.10945,1.59,1587.9,13.5,108.361,259.127,138.42,152031,104.49,3.6,1
02-03-20,1589.975,1592.168,1569.661,1576.731,17.97,-0.09,97.8,1.10608,1.59,1582.4,12.48,108.674,259.25,75.96,152292,104.573,3.5,0
02-04-20,1576.731,1579.673,1549.15,1552.917,16.05,-0.03,97.961,1.10446,1.59,1555.5,12.01,109.525,259.25,75.96,152292,104.573,3.5,0
02-05-20,1552.917,1562.431,1547.5535,1556.204,15.15,-0.03,98.301,1.09987,1.59,1562.8,11.32,109.826,259.25,75.96,152292,104.573,3.5,1
02-06-20,1556.204,1568.34,1552.556,1566.68,14.96,-0.02,98.496,1.09814,1.59,1570.8,11.45,109.996,259.25,75.96,152292,104.573,3.5,1
02-07-20,1566.68,1574.121,1560.463,1570.384,15.47,-0.07,98.684,1.09463,1.58,1573.4,11.3,109.749,259.25,75.96,152292,104.573,3.5,1
02-10-20,1570.384,1577.056,1568.096,1572.216,15.04,-0.1,98.832,1.09107,1.58,1579.5,11.91,109.776,259.25,75.96,152292,104.573,3.5,1
02-11-20,1572.216,1574.098,1562.206,1567.848,15.18,-0.06,98.721,1.09155,1.58,1570.1,11.48,109.79,259.25,75.96,152292,104.573,3.5,0
02-12-20,1567.848,1570.502,1561.984,1565.846,13.74,-0.04,99.049,1.08731,1.58,1571.6,11.07,110.094,259.25,75.96,152292,104.573,3.5,0
02-13-20,1565.846,1578.382,1565.674,1576.088,14.15,-0.06,99.067,1.08396,1.58,1578.8,11.59,109.831,259.25,75.96,152292,104.573,3.5,1
02-14-20,1576.088,1585.08,1573.164,1583.846,13.68,-0.07,99.124,1.0831,1.58,1586.4,11.62,109.781,259.25,75.96,152292,104.573,3.5,1
02-17-20,1583.846,1583.846,1578.935,1581.208,13.68,-0.07,99.124,1.08351,1.58,1586.4,11.62,109.877,259.25,75.96,152292,104.573,3.5,0
02-18-20,1581.208,1605.131,1581.208,1601.418,14.83,-0.1,99.44,1.07916,1.59,1603.6,13.02,109.872,259.25,75.96,152292,104.573,3.5,1
02-19-20,1601.418,1612.982,1599.606,1611.686,14.38,-0.09,99.705,1.08066,1.59,1611.8,13.34,111.351,259.25,75.96,152292,104.573,3.5,1
02-20-20,1611.686,1623.744,1603.976,1619.617,15.56,-0.11,99.865,1.0784,1.59,1620.5,13.35,112.112,259.25,75.96,152292,104.573,3.5,1
02-21-20,1619.617,1649.34,1619.034,1643.397,17.08,-0.15,99.262,1.08474,1.58,1648.8,15.79,111.549,259.25,75.96,152292,104.573,3.5,1
02-24-20,1643.397,1689.384,1643.397,1658.73,25.03,-0.21,99.359,1.08542,1.58,1676.6,17.58,110.72,259.25,75.96,152292,104.573,3.5,1
02-25-20,1658.73,1663.786,1625.263,1634.872,27.85,-0.2,98.968,1.08812,1.58,1650.6,18.13,110.204,259.25,75.96,152292,104.573,3.5,0
02-26-20,1634.872,1655.04,1625.017,1640.942,27.56,-0.21,98.996,1.08798,1.58,1643.1,16.48,110.426,259.25,75.96,152292,104.573,3.5,1
02-27-20,1640.942,1660.417,1635.429,1644.62,39.16,-0.23,98.508,1.10008,1.58,1642.5,18.05,109.59,259.25,75.96,152292,104.573,3.5,1
02-28-20,1644.62,1649.566,1563.038,1586.542,40.11,-0.28,98.132,1.10277,1.58,1566.7,21.27,108.064,259.25,75.96,152292,104.573,3.5,0
03-02-20,1586.542,1611.066,1575.579,1589.534,33.42,-0.31,97.36,1.1133,1.59,1594.8,18.98,108.33,258.076,81.54,150895,104.271,4.4,1
03-03-20,1589.534,1649.314,1586.708,1640.886,36.82,-0.43,97.153,1.11721,1.59,1644.4,22.01,107.12,258.076,81.54,150895,104.271,4.4,1
03-04-20,1640.886,1652.996,1631.958,1636.98,31.99,-0.44,97.336,1.11346,1.09,1643.4,18.55,107.535,258.076,81.54,150895,104.271,4.4,0
03-05-20,1636.98,1674.694,1635.096,1672.234,39.62,-0.48,96.82,1.12362,1.09,1668.4,22.43,106.168,258.076,81.54,150895,104.271,4.4,1
03-06-20,1672.234,1692.252,1642.351,1674.062,41.94,-0.57,95.951,1.12836,1.09,1672.4,25.12,105.362,258.076,81.54,150895,104.271,4.4,1
03-09-20,1674.062,1703.282,1657.624,1680.082,54.46,-0.45,94.895,1.144,1.09,1675.7,31.29,102.37,258.076,81.54,150895,104.271,4.4,1
03-10-20,1680.082,1680.565,1641.718,1649.387,47.3,-0.24,96.414,1.12809,1.09,1660.3,23.99,105.638,258.076,81.54,150895,104.271,4.4,0
03-11-20,1649.387,1671.304,1633.2,1634.868,53.9,-0.14,96.507,1.12695,1.09,1642.3,26.74,104.533,258.076,81.54,150895,104.271,4.4,0
03-12-20,1634.868,1650.536,1560.84,1577.267,75.47,-0.04,97.468,1.11858,1.1,1590.3,30.18,104.63,258.076,81.54,150895,104.271,4.4,0
03-13-20,1577.267,1598.056,1504.782,1529.486,57.83,0.04,98.749,1.11054,1.1,1516.7,37.43,107.887,258.076,81.54,150895,104.271,4.4,0
03-16-20,1529.486,1575.454,1451.432,1515.107,82.69,0.04,98.069,1.11824,0.25,1486.5,41.43,105.845,258.076,81.54,150895,104.271,4.4,0
03-17-20,1515.107,1554.013,1465.81,1528.358,75.91,0.39,99.575,1.0997,0.25,1525.8,45.27,107.685,258.076,81.54,150895,104.271,4.4,1
03-18-20,1528.358,1546.426,1472.77,1486.304,76.45,0.55,101.16,1.09156,0.25,1477.9,48.98,108.08,258.076,81.54,150895,104.271,4.4,0
03-19-20,1486.304,1501.105,1464.304,1472.795,72.45,0.62,102.755,1.06926,0.2,1479.3,39.48,110.708,258.076,81.54,150895,104.271,4.4,0
03-20-20,1472.795,1516.18,1455.32,1499.094,66.04,0.17,102.817,1.06964,0.15,1484.6,36.81,110.79,258.076,81.54,150895,104.271,4.4,1
03-23-20,1499.094,1561.228,1482.79,1553.122,61.59,-0.04,102.487,1.07262,0.15,1567.6,41.16,111.242,258.076,81.54,150895,104.271,4.4,1
03-24-20,1553.122,1634.423,1552.933,1627.713,61.67,-0.13,102.039,1.07886,0.12,1660.8,40.41,111.222,258.076,81.54,150895,104.271,4.4,1
03-25-20,1627.713,1640.353,1596.376,1617.35,63.95,-0.19,101.05,1.08823,0.1,1633.4,40.56,111.208,258.076,81.54,150895,104.271,4.4,0
03-26-20,1617.35,1644.433,1597.638,1630.183,61.95,-0.24,99.352,1.10325,0.1,1651.2,37.48,109.628,258.076,81.54,150895,104.271,4.4,1
03-27-20,1630.183,1634.049,1614.898,1627.724,65.54,-0.22,98.365,1.11415,0.1,1625.2,34.89,108.014,258.076,81.54,150895,104.271,4.4,0
03-30-20,1627.724,1632.264,1611.862,1622.83,57.08,-0.25,99.181,1.10464,0.09,1643.2,30.42,107.778,258.076,81.54,150895,104.271,4.4,0
03-31-20,1622.83,1623.796,1574.805,1577.1,53.54,-0.17,99.048,1.10336,0.08,1596.6,29.19,107.557,258.076,81.54,150895,104.271,4.4,0
04-01-20,1577.1,1600.738,1572.827,1591.395,57.06,-0.29,99.673,1.09632,0.06,1591.4,30.26,107.172,256.032,69.34,130424,103.838,14.8,1
04-02-20,1591.395,1619.97,1583.224,1612.866,50.91,-0.4,100.18,1.08576,0.05,1637.7,31.91,107.884,256.032,69.34,130424,103.838,14.8,1
04-03-20,1612.866,1626.062,1606.82,1618.425,46.8,-0.46,100.576,1.08056,0.05,1645.7,31.85,108.528,256.032,69.34,130424,103.838,14.8,1
04-06-20,1618.425,1669.163,1609.26,1661.809,45.24,-0.47,100.685,1.0793,0.05,1693.9,35.76,109.224,256.032,69.34,130424,103.838,14.8,1
04-07-20,1661.809,1675.605,1642.9,1648.838,46.7,-0.42,99.9,1.08918,0.05,1683.7,34.27,108.766,256.032,69.34,130424,103.838,14.8,0
04-08-20,1648.838,1656.586,1641.474,1645.544,43.35,-0.42,100.119,1.0857,0.05,1684.3,29.98,108.83,256.032,69.34,130424,103.838,14.8,0
04-09-20,1645.544,1690.25,1643.836,1683.505,41.67,-0.5,99.517,1.09293,0.05,1752.8,27.59,108.495,256.032,69.34,130424,103.838,14.8,1
04-13-20,1683.505,1723.867,1675.045,1713.419,41.17,-0.5,99.348,1.09111,0.05,1761.4,28.41,107.768,256.032,69.34,130424,103.838,14.8,1
04-14-20,1713.419,1747.722,1709.449,1727.175,37.76,-0.53,98.887,1.0981,0.05,1768.9,28.87,107.218,256.032,69.34,130424,103.838,14.8,1
04-15-20,1727.175,1731.474,1708.284,1715.948,40.84,-0.56,99.461,1.09106,0.05,1740.2,27.39,107.438,256.032,69.34,130424,103.838,14.8,0
04-16-20,1715.948,1738.754,1708,1718.352,40.11,-0.42,100.025,1.08395,0.05,1731.7,27.74,107.91,256.032,69.34,130424,103.838,14.8,1
04-17-20,1718.352,1718.866,1679.804,1683.5,38.15,-0.36,99.782,1.08739,0.05,1698.8,26.96,107.548,256.032,69.34,130424,103.838,14.8,0
04-20-20,1683.5,1702.419,1671.218,1696.239,43.83,-0.31,99.955,1.0863,0.05,1711.2,28.01,107.626,256.032,69.34,130424,103.838,14.8,1
04-21-20,1696.239,1697.954,1661.416,1687.048,45.41,-0.38,100.258,1.08578,0.05,1687.8,30.62,107.766,256.032,69.34,130424,103.838,14.8,0
04-22-20,1687.048,1718.604,1680.478,1714.292,41.98,-0.43,100.388,1.08236,0.05,1738.3,30.44,107.746,256.032,69.34,130424,103.838,14.8,1
04-23-20,1714.292,1738.878,1707.418,1731.391,41.38,-0.44,100.433,1.07777,0.04,1745.4,30.25,107.613,256.032,69.34,130424,103.838,14.8,1
04-24-20,1731.391,1736.566,1710.857,1729.406,35.93,-0.51,100.38,1.08232,0.05,1735.6,29.22,107.503,256.032,69.34,130424,103.838,14.8,0
04-27-20,1729.406,1729.406,1706.545,1713.938,33.29,-0.5,100.041,1.08288,0.04,1723.8,26.75,107.259,256.032,69.34,130424,103.838,14.8,0
04-28-20,1713.938,1716.958,1692.285,1708.96,33.57,-0.52,99.865,1.08201,0.04,1722.2,24.43,106.868,256.032,69.34,130424,103.838,14.8,0
04-29-20,1708.96,1718.15,1697.185,1712.734,31.23,-0.51,99.565,1.08758,0.04,1713.4,24.16,106.707,256.032,69.34,130424,103.838,14.8,1
04-30-20,1712.734,1722.328,1681.554,1686.618,34.15,-0.43,99.016,1.0952,0.05,1694.2,24.24,107.199,256.032,69.34,130424,103.838,14.8,0
05-01-20,1686.618,1706.534,1670.909,1701.282,37.19,-0.42,99.079,1.09794,0.05,1700.9,24.25,106.914,255.802,68.51,133040,103.942,13.2,1
05-04-20,1701.282,1713.73,1692.087,1701.424,35.97,-0.43,99.484,1.09054,0.05,1713.3,23.68,106.725,255.802,68.51,133040,103.942,13.2,1
05-05-20,1701.424,1711.916,1689.819,1705.682,33.61,-0.44,99.709,1.08376,0.05,1710.6,24.97,106.55,255.802,68.51,133040,103.942,13.2,1
05-06-20,1705.682,1708.492,1682.632,1685.384,34.12,-0.38,100.091,1.07956,0.05,1688.5,24.47,106.102,255.802,68.51,133040,103.942,13.2,0
05-07-20,1685.384,1722.294,1683.841,1715.553,31.44,-0.45,99.889,1.08324,0.05,1725.8,26.15,106.268,255.802,68.51,133040,103.942,13.2,1
05-08-20,1715.553,1723.654,1701.374,1702.39,27.98,-0.43,99.734,1.08384,0.05,1713.9,24.89,106.64,255.802,68.51,133040,103.942,13.2,0
05-11-20,1702.39,1712.342,1692.126,1697.826,27.57,-0.4,100.236,1.0807,0.05,1698.9,23.55,107.656,255.802,68.51,133040,103.942,13.2,0
05-12-20,1697.826,1711.19,1693.948,1702.46,33.04,-0.4,99.933,1.08474,0.05,1706.8,22.45,107.152,255.802,68.51,133040,103.942,13.2,1
05-13-20,1702.46,1718.252,1699.259,1716.956,35.28,-0.43,100.242,1.08186,0.05,1716.4,22.71,107.038,255.802,68.51,133040,103.942,13.2,1
05-14-20,1716.956,1736.158,1711.268,1730.786,32.61,-0.43,100.466,1.08046,0.05,1740.9,24.15,107.236,255.802,68.51,133040,103.942,13.2,1
05-15-20,1730.786,1751.718,1728.846,1742.624,31.89,-0.45,100.402,1.08197,0.05,1756.3,23.63,107.074,255.802,68.51,133040,103.942,13.2,1
05-18-20,1742.624,1765.256,1727.41,1732.882,29.3,-0.44,99.665,1.0915,0.05,1734.4,22.81,107.314,255.802,68.51,133040,103.942,13.2,0
05-19-20,1732.882,1747.86,1726.624,1744.77,30.53,-0.45,99.371,1.09234,0.05,1745.6,21.33,107.699,255.802,68.51,133040,103.942,13.2,1
05-20-20,1744.77,1754.049,1742.206,1748.104,27.99,-0.48,99.124,1.0979,0.05,1752.1,20.12,107.548,255.802,68.51,133040,103.942,13.2,1
05-21-20,1748.104,1749.062,1717.568,1727.168,29.53,-0.46,99.37,1.09506,0.05,1721.9,19.74,107.608,255.802,68.51,133040,103.942,13.2,0
05-22-20,1727.168,1740.227,1724.508,1734.448,28.16,-0.46,99.863,1.09024,0.05,1735.5,18.95,107.636,255.802,68.51,133040,103.942,13.2,1
05-25-20,1734.448,1735.629,1721.21,1729.186,28.16,-0.46,99.863,1.08972,0.05,1735.5,18.95,107.716,255.802,68.51,133040,103.942,13.2,0
05-26-20,1729.186,1735.577,1708.91,1711.079,28.01,-0.44,98.908,1.09822,0.05,1705.6,18.57,107.562,255.802,68.51,133040,103.942,13.2,0
05-27-20,1711.079,1716.118,1694.006,1709.417,27.62,-0.46,99.062,1.10091,0.05,1710.7,18.51,107.722,255.802,68.51,133040,103.942,13.2,0
05-28-20,1709.417,1727.545,1705.767,1718.807,28.59,-0.48,98.383,1.10773,0.05,1728.3,18.1,107.639,255.802,68.51,133040,103.942,13.2,1
05-29-20,1718.807,1737.914,1712.622,1729.615,27.51,-0.5,98.344,1.11053,0.05,1751.7,18.15,107.821,255.802,68.51,133040,103.942,13.2,1
06-01-20,1729.615,1744.694,1727.46,1739.923,28.23,-0.52,97.83,1.11345,0.05,1750.3,18.06,107.591,257.042,71.23,137671,104.27,11.2,1
06-02-20,1739.923,1745.304,1721.698,1727.951,26.84,-0.5,97.673,1.11692,0.06,1734.3,18.1,108.68,257.042,71.23,137671,104.27,11.2,0
06-03-20,1727.951,1732.312,1689.589,1698.056,25.66,-0.44,97.276,1.12332,0.06,1704.8,18.47,108.904,257.042,71.23,137671,104.27,11.2,0
06-04-20,1698.056,1721.483,1697.342,1714.272,25.81,-0.4,96.677,1.13364,0.06,1727.4,18.05,109.157,257.042,71.23,137671,104.27,11.2,1
06-05-20,1714.272,1716.875,1670.438,1685.27,24.52,-0.36,96.937,1.12915,0.07,1683.4,18.17,109.59,257.042,71.23,137671,104.27,11.2,0
06-08-20,1685.27,1700.494,1677.506,1698.298,25.81,-0.4,96.618,1.12942,0.07,1705.1,17.94,108.43,257.042,71.23,137671,104.27,11.2,1
06-09-20,1698.298,1720.888,1692.368,1714.786,27.57,-0.42,96.324,1.13384,0.07,1721.9,19.94,107.755,257.042,71.23,137671,104.27,11.2,1
06-10-20,1714.786,1739.932,1708.34,1738.67,27.57,-0.52,95.959,1.13751,0.08,1720.7,20.75,107.122,257.042,71.23,137671,104.27,11.2,1
06-11-20,1738.67,1744.918,1721.294,1727.216,40.79,-0.55,96.733,1.1298,0.08,1739.8,23.04,106.866,257.042,71.23,137671,104.27,11.2,0
06-12-20,1727.216,1743.34,1722.501,1730.905,36.09,-0.5,97.319,1.12554,0.08,1737.3,20.39,107.392,257.042,71.23,137671,104.27,11.2,1
06-15-20,1730.905,1734.206,1704.484,1725.154,34.4,-0.52,96.706,1.13228,0.09,1727.2,20.11,107.324,257.042,71.23,137671,104.27,11.2,0
06-16-20,1725.154,1733.029,1716.973,1727.09,33.67,-0.52,96.958,1.12632,0.09,1736.5,19.29,107.324,257.042,71.23,137671,104.27,11.2,1
06-17-20,1727.09,1730.22,1712.78,1726.761,33.47,-0.52,97.158,1.12436,0.09,1735.6,18.88,107.007,257.042,71.23,137671,104.27,11.2,0
06-18-20,1726.761,1737.826,1717.695,1722.644,32.94,-0.57,97.421,1.12049,0.09,1731.1,18.31,106.973,257.042,71.23,137671,104.27,11.2,0
06-19-20,1722.644,1745.282,1721.646,1744.189,35.12,-0.6,97.623,1.11776,0.09,1753.1,18.27,106.89,257.042,71.23,137671,104.27,11.2,1
06-22-20,1744.189,1763.13,1742.68,1754.766,31.77,-0.63,97.039,1.12617,0.08,1766.4,19.55,106.906,257.042,71.23,137671,104.27,11.2,1
06-23-20,1754.766,1770.942,1747.566,1767.72,31.37,-0.66,96.646,1.13088,0.08,1782.4,20.51,106.526,257.042,71.23,137671,104.27,11.2,1
06-24-20,1767.72,1779.446,1760.82,1761.718,33.84,-0.64,97.148,1.12507,0.08,1775.1,20.01,107.041,257.042,71.23,137671,104.27,11.2,0
06-25-20,1761.718,1769,1754.25,1763.692,32.22,-0.65,97.429,1.12178,0.08,1770.6,19.73,107.195,257.042,71.23,137671,104.27,11.2,1
06-26-20,1763.692,1772.03,1747.572,1771.478,34.73,-0.68,97.433,1.12184,0.08,1780.3,20.52,107.219,257.042,71.23,137671,104.27,11.2,1
06-29-20,1771.478,1775.692,1765.944,1772.65,31.78,-0.7,97.536,1.12424,0.08,1781.2,19.26,107.574,257.042,71.23,137671,104.27,11.2,1
06-30-20,1772.65,1786.023,1764.646,1780.872,30.43,-0.68,97.391,1.12331,0.08,1800.5,19.65,107.933,257.042,71.23,137671,104.27,11.2,1
07-01-20,1780.872,1789.265,1759.284,1770.477,28.62,-0.68,97.196,1.12512,0.08,1779.9,18.85,107.463,258.352,66.47,139255,104.578,10.2,0
07-02-20,1770.477,1779.69,1757.665,1775.74,27.68,-0.73,97.317,1.12394,0.09,1790.9,17.7,107.502,258.352,66.47,139255,104.578,10.2,1
07-03-20,1775.74,1777.192,1772.776,1775.086,27.68,-0.73,97.317,1.12479,0.09,1790.9,17.7,107.504,258.352,66.47,139255,104.578,10.2,0
07-06-20,1775.086,1787.156,1770.1,1784.366,27.94,-0.76,96.725,1.13097,0.09,1793.5,17.42,107.386,258.352,66.47,139255,104.578,10.2,1
07-07-20,1784.366,1797.415,1773.788,1795.25,29.43,-0.78,96.881,1.12742,0.09,1809.9,17.37,107.522,258.352,66.47,139255,104.578,10.2,1
07-08-20,1795.25,1818.092,1791.529,1809.006,28.08,-0.75,96.428,1.13298,0.09,1820.6,17.74,107.26,258.352,66.47,139255,104.578,10.2,1
07-09-20,1809.006,1816.064,1795.734,1803.382,29.26,-0.77,96.7,1.12852,0.09,1803.8,17.39,107.206,258.352,66.47,139255,104.578,10.2,0
07-10-20,1803.382,1810.692,1794.246,1798.446,27.29,-0.76,96.652,1.13002,0.09,1801.9,16.64,106.924,258.352,66.47,139255,104.578,10.2,0
07-13-20,1798.446,1813.472,1798.115,1802.342,32.19,-0.78,96.464,1.13433,0.09,1814.1,16.53,107.293,258.352,66.47,139255,104.578,10.2,1
07-14-20,1802.342,1810.918,1790.766,1809.406,29.52,-0.78,96.259,1.14001,0.09,1813.4,16.53,107.238,258.352,66.47,139255,104.578,10.2,1
07-15-20,1809.406,1815.236,1802.473,1810.36,27.76,-0.77,96.081,1.1412,0.1,1813.8,15.36,106.932,258.352,66.47,139255,104.578,10.2,1
07-16-20,1810.36,1813.494,1795.118,1797.436,28.76,-0.79,96.346,1.13836,0.1,1800.3,15.37,107.274,258.352,66.47,139255,104.578,10.2,0
07-17-20,1797.436,1811.924,1795.99,1810.046,25.68,-0.82,95.942,1.14282,0.09,1810.3,15.09,107.038,258.352,66.47,139255,104.578,10.2,1
07-20-20,1810.046,1820.648,1805.878,1817.312,24.46,-0.84,95.832,1.14474,0.1,1817.4,15.3,107.272,258.352,66.47,139255,104.578,10.2,1
07-21-20,1817.312,1843.476,1815.852,1841.673,24.84,-0.87,95.117,1.15268,0.1,1843.9,16.67,106.804,258.352,66.47,139255,104.578,10.2,1
07-22-20,1841.673,1872.234,1841.032,1871.828,24.32,-0.88,94.988,1.15698,0.09,1865.1,22.45,107.158,258.352,66.47,139255,104.578,10.2,1
07-23-20,1871.828,1898.374,1863.849,1887.534,26.08,-0.9,94.692,1.15963,0.09,1890.1,21.99,106.866,258.352,66.47,139255,104.578,10.2,1
07-24-20,1887.534,1906.585,1881.586,1901.637,25.84,-0.92,94.435,1.16558,0.09,1897.5,21.61,106.138,258.352,66.47,139255,104.578,10.2,1
07-27-20,1901.637,1945.646,1900.01,1942.076,24.74,-0.9,93.668,1.17517,0.1,1931.5,25.52,105.379,258.352,66.47,139255,104.578,10.2,1
07-28-20,1942.076,1981.356,1907.066,1958.672,25.44,-0.92,93.696,1.17164,0.1,1944.6,28.96,105.094,258.352,66.47,139255,104.578,10.2,1
07-29-20,1958.672,1980.842,1941.526,1970.91,24.1,-0.95,93.453,1.17915,0.1,1953.4,26.79,104.92,258.352,66.47,139255,104.578,10.2,1
07-30-20,1970.91,1971.65,1939.339,1956.059,24.76,-0.97,93.021,1.18475,0.1,1966.8,24.13,104.728,258.352,66.47,139255,104.578,10.2,0
07-31-20,1956.059,1983.102,1955.344,1975.962,24.46,-1.97,93.349,1.1779,0.1,1985.9,24.46,105.896,258.352,66.47,139255,104.578,10.2,1
08-03-20,1975.962,1986.765,1960.54,1976.742,24.28,-1.02,93.542,1.17621,0.1,1986.3,23.56,105.952,259.316,65.47,140819,104.87,8.4,1
08-04-20,1976.742,2020.03,1966.855,2019.413,23.76,-1.05,93.382,1.18026,0.1,2021.3,26.3,105.718,259.316,65.47,140819,104.87,8.4,1
08-05-20,2019.413,2055.926,2009.676,2038.154,22.99,-1.06,92.868,1.18638,0.1,2049.3,25.69,105.596,259.316,65.47,140819,104.87,8.4,1
08-06-20,2038.154,2069.816,2034.652,2063.31,22.65,-1.08,92.788,1.18775,0.1,2069.4,27.36,105.55,259.316,65.47,140819,104.87,8.4,1
08-07-20,2063.31,2075.282,2015.531,2035.23,22.21,-1.04,93.435,1.1786,0.1,2028.4,26.22,105.926,259.316,65.47,140819,104.87,8.4,0
08-10-20,2035.23,2049.915,2019.3,2027.745,22.13,-1.02,93.582,1.17368,0.1,2039.7,23.89,105.96,259.316,65.47,140819,104.87,8.4,0
08-11-20,2027.745,2030.108,1901.616,1912.075,24.03,-0.99,93.628,1.17404,0.1,1946.3,27.48,106.492,259.316,65.47,140819,104.87,8.4,0
08-12-20,1912.075,1949.502,1862.899,1916.642,22.28,-0.98,93.443,1.17847,0.1,1949.3,25.85,106.894,259.316,65.47,140819,104.87,8.4,1
08-13-20,1916.642,1966.42,1913.058,1953.57,22.13,-0.96,93.335,1.18141,0.1,1970.4,25.82,106.93,259.316,65.47,140819,104.87,8.4,1
08-14-20,1953.57,1962.432,1932.32,1944.714,22.05,-0.94,93.096,1.18426,0.1,1949.8,23.53,106.595,259.316,65.47,140819,104.87,8.4,0
08-17-20,1944.714,1991.091,1929.648,1985.223,21.35,-0.97,92.851,1.18706,0.1,1998.7,26.35,106.004,259.316,65.47,140819,104.87,8.4,1
08-18-20,1985.223,2015.726,1976.038,2001.934,21.51,-1.01,92.271,1.19312,0.09,2013.1,26.46,105.41,259.316,65.47,140819,104.87,8.4,1
08-19-20,2001.934,2006.742,1924.778,1929.572,22.54,-0.99,92.887,1.18382,0.09,1970.3,28.15,106.122,259.316,65.47,140819,104.87,8.4,0
08-20-20,1929.572,1955.47,1924.864,1946.966,22.72,-0.97,92.793,1.18601,0.09,1946.5,25.91,105.802,259.316,65.47,140819,104.87,8.4,1
08-21-20,1946.966,1956.087,1911.586,1940.498,22.54,-1.97,93.247,1.17962,0.09,1947.5,25.96,105.81,259.316,65.47,140819,104.87,8.4,0
08-24-20,1940.498,1961.893,1923.931,1929.08,22.37,-1.02,93.298,1.17876,0.09,1939.2,23.86,105.983,259.316,65.47,140819,104.87,8.4,0
08-25-20,1929.08,1937.739,1914.389,1928.2,22.03,-1.01,93.019,1.18344,0.09,1923.1,22.76,106.392,259.316,65.47,140819,104.87,8.4,0
08-26-20,1928.2,1954.742,1902.726,1954.034,23.27,-1.03,93.006,1.18304,0.09,1952.5,24.79,105.99,259.316,65.47,140819,104.87,8.4,1
08-27-20,1954.034,1977.187,1910.19,1929.271,24.47,-0.99,93.001,1.18218,0.08,1932.6,23.08,106.567,259.316,65.47,140819,104.87,8.4,0
08-28-20,1929.271,1973.898,1923.188,1965.026,22.96,-1.03,92.371,1.19046,0.09,1974.9,23.19,105.367,259.316,65.47,140819,104.87,8.4,1
08-31-20,1965.026,1976.776,1954.416,1967.646,26.41,-1.08,92.144,1.19362,0.09,1978.6,24.32,105.91,259.316,65.47,140819,104.87,8.4,1
09-01-20,1967.646,1992.565,1963.354,1970.486,26.12,-1.08,92.338,1.19119,0.09,1978.9,23.32,105.958,259.997,80.38,141770,105.057,7.8,1
09-02-20,1970.486,1973.334,1932.681,1942.888,26.57,-1.07,92.847,1.1855,0.09,1944.7,23.57,106.182,259.997,80.38,141770,105.057,7.8,0
09-03-20,1942.888,1951.178,1921.905,1930.673,33.6,-1.02,92.739,1.18518,0.09,1937.8,23.68,106.195,259.997,80.38,141770,105.057,7.8,0
09-04-20,1930.673,1949.496,1916.696,1934.024,30.75,-0.98,92.719,1.18383,0.09,1934.3,21.98,106.241,259.997,80.38,141770,105.057,7.8,1
09-07-20,1934.024,1941.477,1924.636,1928.448,30.75,-0.98,92.719,1.18136,0.09,1934.3,21.98,106.272,259.997,80.38,141770,105.057,7.8,0
09-08-20,1928.448,1940.856,1906.628,1931.694,31.46,-0.99,93.445,1.17741,0.09,1943.2,22.49,106.032,259.997,80.38,141770,105.057,7.8,1
09-09-20,1931.694,1950.852,1920.169,1946.534,28.81,-1.99,93.255,1.18028,0.09,1954.9,21.66,106.18,259.997,80.38,141770,105.057,7.8,1
09-10-20,1946.534,1966.57,1941.478,1946.27,29.71,-1.01,93.336,1.18145,0.09,1964.3,21.26,106.134,259.997,80.38,141770,105.057,7.8,0
09-11-20,1946.27,1954.773,1937.242,1940.456,26.87,-0.98,93.333,1.18468,0.09,1947.9,20.2,106.168,259.997,80.38,141770,105.057,7.8,0
09-14-20,1940.456,1962.535,1937.25,1956.442,25.85,-0.97,93.052,1.18634,0.09,1963.7,20.91,105.732,259.997,80.38,141770,105.057,7.8,1
09-15-20,1956.442,1972.221,1948.468,1954.198,25.59,-0.99,93.05,1.18468,0.09,1966.2,20.32,105.447,259.997,80.38,141770,105.057,7.8,0
09-16-20,1954.198,1973.782,1949.914,1959.59,26.04,-0.99,93.214,1.18166,0.09,1970.5,20.08,104.954,259.997,80.38,141770,105.057,7.8,1
09-17-20,1959.59,1960.987,1932.886,1944.276,26.46,-0.97,92.97,1.18478,0.09,1949.9,19.95,104.744,259.997,80.38,141770,105.057,7.8,0
09-18-20,1944.276,1960.134,1944.147,1950.506,25.83,-0.97,92.926,1.184,0.09,1962.1,20.22,104.572,259.997,80.38,141770,105.057,7.8,1
09-21-20,1950.506,1955.624,1882.428,1912.674,27.78,-0.94,93.656,1.17709,0.09,1910.6,21.6,104.644,259.997,80.38,141770,105.057,7.8,0
09-22-20,1912.674,1920.057,1894.7,1900.038,26.86,-0.94,93.988,1.17077,0.09,1907.6,21.63,104.934,259.997,80.38,141770,105.057,7.8,0
09-23-20,1900.038,1905.438,1855.851,1863.45,28.58,-0.92,94.389,1.16604,0.09,1868.4,23.43,105.395,259.997,80.38,141770,105.057,7.8,0
09-24-20,1863.45,1877.119,1848.842,1867.818,28.51,-0.91,94.354,1.16675,0.09,1876.9,23.41,105.408,259.997,80.38,141770,105.057,7.8,1
09-25-20,1867.818,1875.22,1852.619,1861.62,26.38,-0.92,94.642,1.16315,0.09,1866.3,22.09,105.584,259.997,80.38,141770,105.057,7.8,0
09-28-20,1861.62,1883.101,1848.801,1881.414,26.19,-0.94,94.278,1.16634,0.09,1882.3,22.01,105.515,259.997,80.38,141770,105.057,7.8,1
09-29-20,1881.414,1899.083,1875.684,1897.205,26.27,-0.98,93.891,1.17434,0.09,1903.2,23.28,105.666,259.997,80.38,141770,105.057,7.8,1
09-30-20,1897.205,1902.349,1881.524,1885.5,26.37,-0.94,93.886,1.17208,0.09,1895.5,22.07,105.548,259.997,80.38,141770,105.057,7.8,0
10-01-20,1885.5,1912.662,1884.72,1906.12,26.7,-0.95,93.711,1.1746,0.09,1916.3,22.39,105.529,260.319,76.08,142461,105.151,6.9,1
10-02-20,1906.12,1917.165,1889.866,1899.168,27.63,-0.94,93.844,1.17167,0.09,1907.6,22.59,105.32,260.319,76.08,142461,105.151,6.9,0
10-05-20,1899.168,1918.694,1887.132,1913.445,27.96,-0.9,93.513,1.1785,0.09,1920.1,22.13,105.743,260.319,76.08,142461,105.151,6.9,1
10-06-20,1913.445,1921.277,1874.808,1878.177,29.48,-0.9,93.686,1.1734,0.09,1908.8,22.79,105.63,260.319,76.08,142461,105.151,6.9,0
10-07-20,1878.177,1898.066,1872.898,1887.592,28.06,-0.9,93.63,1.17647,0.09,1890.8,23.28,105.966,260.319,76.08,142461,105.151,6.9,1
10-08-20,1887.592,1900.687,1882,1893.608,26.36,-0.94,93.605,1.17602,0.09,1895.1,21.96,106.032,260.319,76.08,142461,105.151,6.9,1
10-09-20,1893.608,1930.57,1893.602,1930.521,25.36,-0.94,93.057,1.18283,0.09,1926.2,22.44,105.62,260.319,76.08,142461,105.151,6.9,1
10-12-20,1930.521,1933.292,1918.643,1922.702,25.07,-0.94,93.065,1.18126,0.09,1928.9,22.66,105.343,260.319,76.08,142461,105.151,6.9,0
10-13-20,1922.702,1925.508,1886.578,1891.204,26.07,-0.96,93.531,1.17458,0.09,1894.6,23.17,105.482,260.319,76.08,142461,105.151,6.9,0
10-14-20,1891.204,1912.962,1882.434,1901.679,26.4,-0.96,93.382,1.17463,0.09,1907.3,21.88,105.164,260.319,76.08,142461,105.151,6.9,1
10-15-20,1901.679,1908.999,1889.644,1908.256,26.97,-0.95,93.856,1.17073,0.09,1908.9,21.73,105.446,260.319,76.08,142461,105.151,6.9,1
10-16-20,1908.256,1914.046,1897.878,1899.33,27.41,-0.95,93.682,1.17171,0.09,1906.4,20.29,105.406,260.319,76.08,142461,105.151,6.9,0
10-19-20,1899.33,1918.54,1897.166,1904.4,29.18,-0.93,93.427,1.17704,0.09,1911.7,21.33,105.441,260.319,76.08,142461,105.151,6.9,1
10-20-20,1904.4,1914.125,1894.605,1907.169,29.35,-0.91,93.067,1.18222,0.09,1915.4,21.54,105.502,260.319,76.08,142461,105.151,6.9,1
10-21-20,1907.169,1931.401,1907.169,1924.456,28.65,-0.91,92.611,1.18596,0.09,1929.5,22.66,104.591,260.319,76.08,142461,105.151,6.9,1
10-22-20,1924.456,1925.94,1894.775,1904.014,28.11,-0.89,92.951,1.18186,0.09,1904.6,21.38,104.846,260.319,76.08,142461,105.151,6.9,0
10-23-20,1904.014,1914.359,1894.483,1902.04,27.55,-0.9,92.768,1.18611,0.09,1905.2,21.04,104.709,260.319,76.08,142461,105.151,6.9,0
10-26-20,1902.04,1908.594,1891.508,1902.272,32.46,-0.91,93.045,1.18094,0.09,1905.7,20.93,104.834,260.319,76.08,142461,105.151,6.9,1
10-27-20,1902.272,1911.354,1897.914,1907.78,33.35,-0.92,92.94,1.17954,0.09,1911.9,20.41,104.416,260.319,76.08,142461,105.151,6.9,1
10-28-20,1907.78,1910.826,1869.46,1877.246,40.28,-0.91,93.405,1.1746,0.09,1879.2,21.93,104.314,260.319,76.08,142461,105.151,6.9,0
10-29-20,1877.246,1885.054,1860.08,1867.959,37.59,-0.86,93.955,1.16728,0.09,1868.2,21.9,104.604,260.319,76.08,142461,105.151,6.9,0
10-30-20,1867.959,1889.756,1864.396,1878.952,38.02,-0.82,94.038,1.16476,0.09,1879.9,23.26,104.62,260.319,76.08,142461,105.151,6.9,1
11-02-20,1878.952,1896.084,1873.504,1895.774,37.13,-0.84,94.129,1.16404,0.09,1892.5,23.74,104.695,260.911,70.07,142731,105.258,6.7,1
11-03-20,1895.774,1910.633,1887.096,1909.81,35.55,-0.82,93.553,1.17196,0.09,1910.4,23.32,104.531,260.911,70.07,142731,105.258,6.7,1
11-04-20,1909.81,1916.484,1882.212,1903.015,29.57,-0.86,93.407,1.17226,0.09,1896.2,20.49,104.512,260.911,70.07,142731,105.258,6.7,0
11-05-20,1903.015,1952.786,1902.332,1949.632,27.58,-0.87,92.525,1.18284,0.09,1946.8,22.49,103.504,260.911,70.07,142731,105.258,6.7,1
11-06-20,1949.632,1960.386,1935.722,1951.193,24.86,-0.82,92.229,1.18737,0.09,1951.7,21.1,103.37,260.911,70.07,142731,105.258,6.7,1
11-09-20,1951.193,1965.572,1850.53,1861.914,25.75,-0.77,92.725,1.18136,0.09,1854.4,21.86,105.368,260.911,70.07,142731,105.258,6.7,0
11-10-20,1861.914,1890.513,1860.146,1877.281,24.8,-0.78,92.749,1.18156,0.09,1876.4,20.46,105.302,260.911,70.07,142731,105.258,6.7,1
11-11-20,1877.281,1884.473,1856.448,1865.42,23.45,-0.78,93.043,1.17784,0.09,1861.6,19.14,105.432,260.911,70.07,142731,105.258,6.7,0
11-12-20,1865.42,1883.878,1862.787,1876.974,25.35,-0.83,92.963,1.1805,0.09,1873.3,18.98,105.134,260.911,70.07,142731,105.258,6.7,1
11-13-20,1876.974,1896.882,1874.198,1889.565,23.1,-0.83,92.755,1.18348,0.09,1886.2,17.74,104.64,260.911,70.07,142731,105.258,6.7,1
11-16-20,1889.565,1899.112,1864.541,1888.839,22.45,-0.81,92.642,1.18531,0.09,1887.8,18.31,104.583,260.911,70.07,142731,105.258,6.7,0
11-17-20,1888.839,1893.536,1876.988,1880.388,22.71,-0.83,92.416,1.1861,0.09,1885.1,17.54,104.197,260.911,70.07,142731,105.258,6.7,0
11-18-20,1880.388,1884.856,1863.772,1872.464,23.84,-0.82,92.316,1.18542,0.09,1873.9,17.67,103.824,260.911,70.07,142731,105.258,6.7,0
11-19-20,1872.464,1874.116,1852.792,1866.12,23.11,-0.84,92.294,1.18742,0.08,1861.5,17.96,103.749,260.911,70.07,142731,105.258,6.7,0
11-20-20,1866.12,1879.818,1860.967,1870.987,23.7,-0.86,92.392,1.18564,0.08,1872.4,17.72,103.859,260.911,70.07,142731,105.258,6.7,1
11-23-20,1870.987,1876.139,1831.073,1837.828,22.66,-0.85,92.505,1.18414,0.08,1837.8,18.98,104.517,260.911,70.07,142731,105.258,6.7,0
11-24-20,1837.828,1839.038,1800.424,1807.459,21.64,-0.86,92.226,1.18924,0.08,1804.6,20.09,104.447,260.911,70.07,142731,105.258,6.7,0
11-25-20,1807.459,1817.771,1801.806,1807.846,21.25,-0.87,91.994,1.19136,0.08,1805.5,19.75,104.458,260.911,70.07,142731,105.258,6.7,1
11-26-20,1807.846,1818.336,1805.857,1810.474,21.25,-0.87,91.994,1.19136,0.08,1805.5,19.75,104.275,260.911,70.07,142731,105.258,6.7,1
11-27-20,1810.474,1813.868,1774.41,1786.92,20.84,-0.91,91.79,1.19634,0.08,1788.1,19.09,104.108,260.911,70.07,142731,105.258,6.7,0
11-30-20,1786.92,1789.937,1764.57,1776.881,20.57,-0.93,91.869,1.19249,0.09,1780.9,19.69,104.296,260.911,70.07,142731,105.258,6.7,0
12-01-20,1776.881,1817.362,1775.897,1815.137,20.77,-0.89,91.313,1.20722,0.09,1818.9,19.61,104.339,262.045,64.07,142548,105.699,6.7,1
12-02-20,1815.137,1832.518,1807.543,1830.705,21.17,-0.9,91.118,1.21161,0.09,1830.2,19.42,104.414,262.045,64.07,142548,105.699,6.7,1
12-03-20,1830.705,1843.984,1823.772,1840.936,21.28,-0.94,90.714,1.21482,0.09,1841.1,19.61,103.842,262.045,64.07,142548,105.699,6.7,1
12-04-20,1840.936,1848.202,1829.276,1838.79,20.79,-0.92,90.701,1.21216,0.09,1840.1,18.95,104.188,262.045,64.07,142548,105.699,6.7,0
12-07-20,1838.79,1868.576,1822.253,1862.424,21.3,-0.94,90.792,1.21097,0.09,1866.1,19.79,104.056,262.045,64.07,142548,105.699,6.7,1
12-08-20,1862.424,1875.306,1856.95,1870.434,20.68,-0.97,90.965,1.2104,0.09,1874.9,19.86,104.168,262.045,64.07,142548,105.699,6.7,1
12-09-20,1870.434,1870.62,1825.579,1840.086,22.27,-0.96,91.087,1.20814,0.09,1838.5,20.26,104.225,262.045,64.07,142548,105.699,6.7,0
12-10-20,1840.086,1850.015,1828.77,1836.693,22.52,-0.96,90.824,1.21418,0.09,1837.4,19.66,104.242,262.045,64.07,142548,105.699,6.7,0
12-11-20,1836.693,1847.751,1824.184,1839.303,23.31,-0.97,90.976,1.21122,0.09,1843.6,19.24,104.056,262.045,64.07,142548,105.699,6.7,1
12-14-20,1839.303,1839.624,1819.418,1827.059,24.72,-0.98,90.711,1.21429,0.09,1832.1,19.43,104.068,262.045,64.07,142548,105.699,6.7,0
12-15-20,1827.059,1855.442,1825.568,1853.45,22.89,-0.99,90.473,1.2153,0.09,1855.3,19.75,103.674,262.045,64.07,142548,105.699,6.7,1
12-16-20,1853.45,1865.65,1844.844,1864.552,22.5,-1.99,90.45,1.21998,0.09,1859.1,19.39,103.46,262.045,64.07,142548,105.699,6.7,1
12-17-20,1864.552,1896.318,1862.129,1885.546,21.93,-1.99,89.822,1.22682,0.09,1890.4,20.1,103.095,262.045,64.07,142548,105.699,6.7,1
12-18-20,1885.546,1889.722,1877.494,1881.479,21.57,-1.99,90.016,1.22563,0.09,1888.9,19.58,103.308,262.045,64.07,142548,105.699,6.7,0
12-21-20,1881.479,1906.809,1855.148,1876.848,25.16,-1.99,90.043,1.22443,0.09,1882.8,19.8,103.343,262.045,64.07,142548,105.699,6.7,0
12-22-20,1876.848,1884.336,1859.032,1860.254,24.23,-1.01,90.654,1.2163,0.09,1870.3,19.5,103.647,262.045,64.07,142548,105.699,6.7,0
12-23-20,1860.254,1878.611,1857.132,1873.37,23.31,-1.01,90.413,1.21856,0.09,1878.1,18.87,103.584,262.045,64.07,142548,105.699,6.7,1
12-24-20,1873.37,1883.725,1869.582,1879.555,21.53,-1.03,90.323,1.21849,0.09,1883.2,18.99,103.675,262.045,64.07,142548,105.699,6.7,1
12-28-20,1879.555,1900.296,1869.309,1873.694,21.7,-1.03,90.337,1.22152,0.09,1880.4,20.2,103.81,262.045,64.07,142548,105.699,6.7,0
12-29-20,1873.694,1886.44,1871.868,1878.349,23.08,-1.02,89.994,1.22502,0.09,1882.9,19.53,103.603,262.045,64.07,142548,105.699,6.7,1
12-30-20,1878.349,1894.581,1876.199,1894.508,22.77,-1.03,89.68,1.22998,0.09,1893.4,20.06,103.164,262.045,64.07,142548,105.699,6.7,1
12-31-20,1894.508,1901.026,1885.528,1898.391,22.75,-1.06,89.937,1.22156,0.09,1895.1,20.79,103.318,262.045,64.07,142548,105.699,6.7,1
01-04-21,1898.391,1944.518,1898.391,1942.887,26.97,-1.08,89.869,1.22524,0.09,1946.6,21.86,103.126,262.639,77.42,142913,106.147,6.4,1
01-05-21,1942.887,1953.093,1934.443,1950.076,25.34,-1.07,89.436,1.22986,0.09,1954.4,22.14,102.739,262.639,77.42,142913,106.147,6.4,1
01-06-21,1950.076,1959.406,1900.9,1919.062,25.07,-1.02,89.53,1.23272,0.09,1908.6,21.7,103.048,262.639,77.42,142913,106.147,6.4,0
01-07-21,1919.062,1927.725,1906.982,1913.589,22.37,-1.01,89.826,1.22692,0.09,1913.6,20.66,103.809,262.639,77.42,142913,106.147,6.4,0
01-08-21,1913.589,1917.545,1828.276,1849.215,21.56,-0.93,90.098,1.22209,0.09,1835.4,22.16,103.934,262.639,77.42,142913,106.147,6.4,0
01-11-21,1849.215,1856.825,1817.16,1843.61,24.08,-0.91,90.465,1.21512,0.09,1850.8,20.65,104.264,262.639,77.42,142913,106.147,6.4,0
01-12-21,1843.61,1863.87,1836.767,1854.738,23.33,-0.93,90.093,1.22079,0.09,1844.2,20.01,103.752,262.639,77.42,142913,106.147,6.4,1
01-13-21,1854.738,1863.108,1842.094,1845.272,22.21,-0.96,90.355,1.2158,0.09,1854.9,18.8,103.884,262.639,77.42,142913,106.147,6.4,0
01-14-21,1845.272,1857.593,1829.486,1846.258,23.25,-0.94,90.239,1.21545,0.09,1851.4,19.21,103.803,262.639,77.42,142913,106.147,6.4,1
01-15-21,1846.258,1856.992,1823.462,1828.586,24.34,-0.99,90.772,1.20804,0.09,1829.9,19.04,103.876,262.639,77.42,142913,106.147,6.4,0
01-18-21,1828.586,1840.85,1802.955,1837.785,24.34,-0.99,90.772,1.20772,0.09,1829.9,19.04,103.691,262.639,77.42,142913,106.147,6.4,1
01-19-21,1837.785,1845.67,1833.145,1840.025,23.24,-1.99,90.498,1.21286,0.09,1840.2,18.87,103.902,262.639,77.42,142913,106.147,6.4,1
01-20-21,1840.025,1871.8,1832.57,1871.65,21.58,-1.02,90.475,1.21062,0.09,1866.5,18.95,103.542,262.639,77.42,142913,106.147,6.4,1
01-21-21,1871.65,1875.17,1858.28,1869.92,21.32,-0.98,90.131,1.21676,0.08,1865.9,18.85,103.511,262.639,77.42,142913,106.147,6.4,0
01-22-21,1869.92,1870.84,1837.46,1855.8,21.91,-0.99,90.238,1.21718,0.08,1856.2,18.42,103.777,262.639,77.42,142913,106.147,6.4,0
01-25-21,1855.8,1867.95,1847.27,1855.99,23.19,-1.03,90.391,1.21416,0.08,1855.2,18.51,103.738,262.639,77.42,142913,106.147,6.4,1
01-26-21,1855.99,1861.795,1848.44,1850.78,23.02,-1.03,90.17,1.216,0.08,1850.9,17.88,103.618,262.639,77.42,142913,106.147,6.4,0
01-27-21,1850.78,1853.22,1831.426,1844.44,37.21,-1.04,90.647,1.2112,0.08,1844.9,18.47,104.11,262.639,77.42,142913,106.147,6.4,0
01-28-21,1844.44,1864.22,1834.13,1842.66,30.21,-1.06,90.455,1.21218,0.07,1841.2,19.38,104.231,262.639,77.42,142913,106.147,6.4,0
01-29-21,1842.66,1875.736,1839.646,1847.74,33.09,-1.02,90.584,1.21376,0.07,1850.3,20.64,104.711,262.639,77.42,142913,106.147,6.4,1
02-01-21,1847.74,1871.89,1847.74,1860.77,30.24,-1.02,90.98,1.20602,0.08,1863.9,21.81,104.924,263.573,73.96,143422,106.5,6.2,1
02-02-21,1860.77,1864.11,1829.605,1838.03,25.56,-1.03,91.197,1.20437,0.08,1833.4,19.61,104.973,263.573,73.96,143422,106.5,6.2,0
02-03-21,1838.03,1844.95,1829.8,1834.07,22.91,-1.04,91.171,1.20355,0.08,1835.1,18.45,105.03,263.573,73.96,143422,106.5,6.2,0
02-04-21,1834.07,1834.82,1785.02,1793.995,21.77,-1.02,91.529,1.19624,0.08,1791.2,19.3,105.583,263.573,73.96,143422,106.5,6.2,0
02-05-21,1793.995,1815.2,1792.13,1814.2,20.87,-1.02,91.042,1.20466,0.08,1813.2,18.7,105.4,263.573,73.96,143422,106.5,6.2,1
02-08-21,1814.2,1839.23,1807.865,1830.765,21.24,-1.03,90.934,1.20513,0.07,1834.2,18.45,105.223,263.573,73.96,143422,106.5,6.2,1
02-09-21,1830.765,1848.63,1828.93,1838.77,21.63,-1.04,90.439,1.21186,0.08,1837.5,18.35,104.602,263.573,73.96,143422,106.5,6.2,1
02-10-21,1838.77,1855.455,1834.175,1843.385,21.99,-1.06,90.371,1.21186,0.08,1842.7,18.57,104.58,263.573,73.96,143422,106.5,6.2,1
02-11-21,1843.385,1847.574,1821.18,1825.64,21.25,-1.04,90.417,1.21298,0.08,1826.8,18.31,104.747,263.573,73.96,143422,106.5,6.2,0
02-12-21,1825.64,1830.816,1810.605,1824.4,19.97,-1.01,90.48,1.21204,0.08,1823.2,18.08,104.926,263.573,73.96,143422,106.5,6.2,0
02-15-21,1824.4,1827.1,1816.065,1818.776,19.97,-1.01,90.48,1.2128,0.08,1823.2,18.08,105.388,263.573,73.96,143422,106.5,6.2,0
02-16-21,1818.776,1826.5,1789.576,1794.436,21.46,-0.94,90.509,1.21045,0.08,1799.2,19.57,106.047,263.573,73.96,143422,106.5,6.2,0
02-17-21,1794.436,1795.158,1769.526,1776.305,21.5,-0.92,90.951,1.20412,0.08,1772.8,20.49,105.875,263.573,73.96,143422,106.5,6.2,0
02-18-21,1776.305,1789.69,1768.47,1775.865,22.49,-0.87,90.592,1.2093,0.07,1775.8,19.66,105.715,263.573,73.96,143422,106.5,6.2,0
02-19-21,1775.865,1791.696,1760.754,1784.185,22.05,-0.8,90.364,1.21184,0.07,1777.4,19.26,105.429,263.573,73.96,143422,106.5,6.2,1
02-22-21,1784.185,1812.722,1780.78,1809.9,23.45,-0.79,90.01,1.21581,0.07,1808.4,19.12,105.081,263.573,73.96,143422,106.5,6.2,1
02-23-21,1809.9,1816.1,1795.704,1805.88,23.11,-0.79,90.169,1.21508,0.07,1805.9,18.3,105.251,263.573,73.96,143422,106.5,6.2,0
02-24-21,1805.88,1813.966,1783.65,1805.045,21.34,-0.79,90.176,1.21708,0.07,1797.9,18.31,105.885,263.573,73.96,143422,106.5,6.2,0
02-25-21,1805.045,1805.53,1765.546,1770.55,28.89,-0.6,90.134,1.21745,0.07,1775.4,21.26,106.214,263.573,73.96,143422,106.5,6.2,0
02-26-21,1770.55,1775.904,1717.27,1734.375,27.95,-0.71,90.879,1.20734,0.07,1728.8,21.08,106.568,263.573,73.96,143422,106.5,6.2,0
03-01-21,1734.375,1759.95,1719.78,1724.94,23.35,-0.71,91.039,1.20497,0.07,1723.8,21.33,106.762,264.847,78.62,144246,107.054,6.1,0
03-02-21,1724.94,1739.19,1707.336,1738.348,24.1,-0.78,90.785,1.20912,0.07,1733.6,20.06,106.687,264.847,78.62,144246,107.054,6.1,1
03-03-21,1738.348,1741.02,1701.964,1710.915,26.67,-0.74,90.947,1.20636,0.07,1715.8,20.93,107.014,264.847,78.62,144246,107.054,6.1,0
03-04-21,1710.915,1723.27,1690.525,1697.635,28.57,-0.66,91.631,1.19723,0.07,1700.7,21.61,107.982,264.847,78.62,144246,107.054,6.1,0
03-05-21,1697.635,1707.84,1687.29,1703.12,24.66,-0.66,91.977,1.1913,0.07,1698.5,20.21,108.339,264.847,78.62,144246,107.054,6.1,1
03-08-21,1703.12,1714.45,1676.866,1683.494,25.47,-0.62,92.313,1.1846,0.07,1678.5,20.64,108.899,264.847,78.62,144246,107.054,6.1,0
03-09-21,1683.494,1720.682,1680.25,1715.895,24.03,-0.66,91.958,1.19016,0.07,1716.9,19.54,108.488,264.847,78.62,144246,107.054,6.1,1
03-10-21,1715.895,1726.845,1708.284,1726.745,22.56,-0.73,91.823,1.19286,0.07,1721.8,18.55,108.381,264.847,78.62,144246,107.054,6.1,1
03-11-21,1726.745,1739.89,1719.325,1722.625,21.91,-0.74,91.42,1.19856,0.07,1722.6,18.21,108.511,264.847,78.62,144246,107.054,6.1,0
03-12-21,1722.625,1729.386,1699.224,1726.965,20.69,-0.62,91.679,1.19525,0.07,1719.8,18.36,109.024,264.847,78.62,144246,107.054,6.1,1
03-15-21,1726.965,1734.583,1721.718,1731.756,20.03,-0.65,91.833,1.19302,0.07,1729.2,17.86,109.129,264.847,78.62,144246,107.054,6.1,1
03-16-21,1731.756,1741.196,1726.205,1731.69,19.79,-0.68,91.865,1.19026,0.07,1730.9,17.93,109.129,264.847,78.62,144246,107.054,6.1,0
03-17-21,1731.69,1751.7,1724.066,1745.355,19.23,-0.67,91.442,1.19794,0.07,1727.1,17.24,108.841,264.847,78.62,144246,107.054,6.1,1
03-18-21,1745.355,1755.565,1719.25,1736.434,21.58,-0.56,91.862,1.1916,0.07,1732.5,17.79,108.888,264.847,78.62,144246,107.054,6.1,0
03-19-21,1736.434,1746.77,1728.54,1745.054,20.95,-0.57,91.919,1.19042,0.07,1741.7,16.57,108.884,264.847,78.62,144246,107.054,6.1,1
03-22-21,1745.054,1747.046,1727.345,1738.92,18.88,-0.64,91.742,1.19326,0.07,1738.1,16.47,108.845,264.847,78.62,144246,107.054,6.1,0
03-23-21,1738.92,1742.602,1724.755,1727.006,20.3,-0.66,92.336,1.18493,0.07,1725.1,16.69,108.585,264.847,78.62,144246,107.054,6.1,0
03-24-21,1727.006,1738.615,1723.894,1734.24,21.2,-0.69,92.528,1.18129,0.07,1733.2,15.7,108.738,264.847,78.62,144246,107.054,6.1,1
03-25-21,1734.24,1745.532,1721.844,1726.655,19.81,-0.69,92.809,1.17644,0.07,1725.1,15.58,109.186,264.847,78.62,144246,107.054,6.1,0
03-26-21,1726.655,1736.76,1721.695,1732.77,18.86,-0.67,92.766,1.17941,0.07,1732.3,15.48,109.682,264.847,78.62,144246,107.054,6.1,1
03-29-21,1732.77,1733.371,1705.795,1711.976,20.74,-0.63,92.944,1.1765,0.07,1712.2,17.23,109.795,264.847,78.62,144246,107.054,6.1,0
03-30-21,1711.976,1714.446,1678.778,1684.81,19.61,-0.62,93.297,1.17158,0.07,1686.2,18.3,110.363,264.847,78.62,144246,107.054,6.1,0
03-31-21,1684.81,1715.284,1677.954,1707.475,19.4,-0.63,93.232,1.17308,0.06,1715.6,17.07,110.697,264.847,78.62,144246,107.054,6.1,1
04-01-21,1707.475,1730.64,1705.867,1729.88,17.33,-0.66,92.929,1.17774,0.07,1728.4,16.74,110.617,266.625,88.17,144611,107.618,6.1,1
04-05-21,1729.88,1733.65,1721.366,1728.3,17.91,-0.62,93.022,1.18123,0.07,1728.8,17.08,110.177,266.625,88.17,144611,107.618,6.1,0
04-06-21,1728.3,1745.445,1727.305,1743.52,18.12,-0.65,92.335,1.18765,0.07,1743.8,16.76,109.752,266.625,88.17,144611,107.618,6.1,1
04-07-21,1743.52,1744.46,1730.73,1737.765,17.16,-0.66,92.455,1.18718,0.07,1741.6,16.11,109.855,266.625,88.17,144611,107.618,6.1,0
04-08-21,1737.765,1758.724,1733.26,1755.61,16.95,-0.69,92.059,1.19154,0.07,1758.2,15.72,109.261,266.625,88.17,144611,107.618,6.1,1
04-09-21,1755.61,1757.435,1731.275,1743.775,16.69,-0.64,92.163,1.18998,0.07,1744.8,15.3,109.672,266.625,88.17,144611,107.618,6.1,0
04-12-21,1743.775,1745.078,1727.5,1732.91,16.91,-0.64,92.138,1.19114,0.07,1732.7,14.88,109.374,266.625,88.17,144611,107.618,6.1,0
04-13-21,1732.91,1749,1723.792,1745.45,16.65,-0.69,91.852,1.19486,0.07,1747.6,14.26,109.061,266.625,88.17,144611,107.618,6.1,1
04-14-21,1745.45,1749.56,1732.655,1736.45,16.99,-0.69,91.69,1.1979,0.07,1736.3,14.69,108.917,266.625,88.17,144611,107.618,6.1,0
04-15-21,1736.45,1769.662,1734.49,1763.8,16.57,-0.77,91.668,1.19665,0.07,1766.8,15.36,108.764,266.625,88.17,144611,107.618,6.1,1
04-16-21,1763.8,1783.898,1759.915,1776.68,16.25,-0.77,91.556,1.19822,0.07,1780.2,15.32,108.802,266.625,88.17,144611,107.618,6.1,1
04-19-21,1776.68,1790.104,1766.826,1771.546,17.29,-0.73,91.069,1.20369,0.07,1770.6,16.01,108.166,266.625,88.17,144611,107.618,6.1,0
04-20-21,1771.546,1780.512,1763.72,1778.82,18.68,-0.74,91.241,1.20362,0.07,1778.4,15.59,108.113,266.625,88.17,144611,107.618,6.1,1
04-21-21,1778.82,1797.724,1776.315,1793.69,17.5,-0.76,91.155,1.20349,0.07,1793.1,16.41,108.078,266.625,88.17,144611,107.618,6.1,1
04-22-21,1793.69,1797.934,1777.473,1784.22,18.71,-0.76,91.333,1.20148,0.07,1782.1,16.05,107.98,266.625,88.17,144611,107.618,6.1,0
04-23-21,1784.22,1796.046,1770.125,1777.35,17.33,-0.76,90.859,1.20968,0.07,1777.8,15.74,107.866,266.625,88.17,144611,107.618,6.1,0
04-26-21,1777.35,1783.56,1768.85,1781.376,17.64,-0.78,90.807,1.20859,0.07,1780.1,15.51,108.08,266.625,88.17,144611,107.618,6.1,1
04-27-21,1781.376,1785.656,1773.823,1776.66,17.56,-0.76,90.909,1.20916,0.07,1778.8,14.77,108.702,266.625,88.17,144611,107.618,6.1,0
04-28-21,1776.66,1782.575,1762.763,1781.69,17.28,-0.78,90.609,1.21258,0.07,1773.9,14.79,108.578,266.625,88.17,144611,107.618,6.1,1
04-29-21,1781.69,1790.03,1756.132,1772.69,17.61,-0.77,90.614,1.21199,0.06,1768.3,14.54,108.929,266.625,88.17,144611,107.618,6.1,0
04-30-21,1772,1773.745,1764.31,1771.945,18.61,-0.76,91.28,1.202,0.05,1767.7,14.58,109.345,266.625,88.17,144611,107.618,6.1,0
05-03-21,1771.945,1798.07,1766.29,1793.725,18.31,-0.79,90.945,1.20638,0.06,1791.8,15.65,109.078,268.404,93.01,145032,108.175,5.8,1
05-04-21,1793.725,1799.16,1770.96,1778.85,19.48,-0.81,91.288,1.20133,0.06,1776.8,15.91,109.332,268.404,93.01,145032,108.175,5.8,0
05-05-21,1778.85,1788.03,1770.444,1786.935,19.15,-0.88,91.308,1.20048,0.06,1784.3,15.7,109.227,268.404,93.01,145032,108.175,5.8,1
05-06-21,1786.935,1818.13,1782.048,1815.08,18.39,-0.87,90.951,1.20653,0.06,1815.7,16.57,109.086,268.404,93.01,145032,108.175,5.8,1
05-07-21,1815.08,1843.4,1812.91,1831.355,16.69,-0.89,90.233,1.21632,0.06,1831.3,16.46,108.615,268.404,93.01,145032,108.175,5.8,1
05-10-21,1831.355,1845.54,1830.068,1835.69,19.66,-0.91,90.212,1.21288,0.06,1837.6,17.19,108.811,268.404,93.01,145032,108.175,5.8,1
05-11-21,1835.69,1841.845,1818.022,1837.485,21.84,-0.89,90.141,1.21483,0.06,1836.1,17.17,108.622,268.404,93.01,145032,108.175,5.8,1
05-12-21,1837.485,1843.716,1813.41,1815.55,27.59,-0.85,90.713,1.20726,0.06,1822.8,17.56,109.706,268.404,93.01,145032,108.175,5.8,0
05-13-21,1815.55,1828.835,1808.866,1826.525,23.13,-0.85,90.752,1.2079,0.06,1824.8,17.1,109.474,268.404,93.01,145032,108.175,5.8,1
05-14-21,1826.525,1846.296,1819.845,1843.165,18.81,-0.88,90.321,1.21457,0.06,1838.1,16.75,109.345,268.404,93.01,145032,108.175,5.8,1
05-17-21,1843.165,1868.525,1842.02,1866.955,19.72,-0.9,90.164,1.215,0.06,1867.6,17.62,109.164,268.404,93.01,145032,108.175,5.8,1
05-18-21,1866.955,1875.04,1863.285,1869.5,21.34,-0.88,89.75,1.22225,0.06,1868.6,17.62,108.895,268.404,93.01,145032,108.175,5.8,1
05-19-21,1869.5,1890.145,1852.23,1869.515,22.18,-0.8,90.191,1.21758,0.06,1881.5,17.79,109.219,268.404,93.01,145032,108.175,5.8,1
05-20-21,1869.515,1883.985,1863.955,1877.04,20.67,-0.78,89.808,1.22286,0.06,1881.9,17.29,108.782,268.404,93.01,145032,108.175,5.8,1
05-21-21,1877.04,1889.42,1870.19,1881.245,20.15,-0.8,90.017,1.21817,0.06,1876.7,16.47,108.901,268.404,93.01,145032,108.175,5.8,1
05-24-21,1881.245,1887.07,1875.2,1880.68,18.4,-0.83,89.844,1.22166,0.06,1884.5,16.91,108.763,268.404,93.01,145032,108.175,5.8,0
05-25-21,1880.68,1900.3,1872.755,1899.17,18.84,-0.86,89.639,1.22522,0.06,1898.5,17.09,108.778,268.404,93.01,145032,108.175,5.8,1
05-26-21,1899.17,1912.785,1890.74,1896.68,17.36,-0.82,90.042,1.21929,0.06,1901.2,16.81,109.148,268.404,93.01,145032,108.175,5.8,0
05-27-21,1896.68,1903.706,1888.315,1896.672,16.74,-0.81,89.971,1.21941,0.06,1898.5,16.15,109.84,268.404,93.01,145032,108.175,5.8,0
05-28-21,1896.672,1906.12,1882.25,1903.456,16.76,-0.84,90.031,1.21921,0.05,1905.3,16.08,109.859,268.404,93.01,145032,108.175,5.8,1
05-31-21,1903.456,1910.655,1902.19,1906.676,16.76,-0.84,90.031,1.22258,0.05,1905.3,16.08,109.584,268.404,93.01,145032,108.175,5.8,1
06-01-21,1906.676,1916.615,1892.445,1900.24,17.9,-0.84,89.831,1.22138,0.06,1905.3,16.09,109.494,270.71,74.13,145828,108.76,5.9,0
06-02-21,1900.24,1909.14,1894.455,1908.35,17.48,-0.85,89.909,1.22104,0.06,1909.9,15.65,109.572,270.71,74.13,145828,108.76,5.9,1
06-03-21,1908.35,1909.69,1865.36,1870.545,18.04,-0.79,90.512,1.21271,0.06,1873.3,15.95,110.31,270.71,74.13,145828,108.76,5.9,0
06-04-21,1870.545,1896.24,1856.04,1891.395,16.42,-0.84,90.136,1.21668,0.06,1892.3,15.83,109.511,270.71,74.13,145828,108.76,5.9,1
06-07-21,1891.395,1900.196,1881.606,1899.14,16.42,-0.82,89.95,1.21894,0.06,1898.8,15.57,109.254,270.71,74.13,145828,108.76,5.9,1
06-08-21,1899.14,1903.93,1883.785,1892.94,17.07,-0.83,90.076,1.2173,0.06,1894.4,15.59,109.49,270.71,74.13,145828,108.76,5.9,0
06-09-21,1892.94,1899.076,1887.435,1888.685,17.89,-0.82,90.12,1.21795,0.06,1895.5,15.43,109.638,270.71,74.13,145828,108.76,5.9,0
06-10-21,1888.685,1899.99,1869.945,1898.445,16.1,-0.9,90.075,1.2176,0.06,1896.4,15.5,109.326,270.71,74.13,145828,108.76,5.9,1
06-11-21,1898.445,1903.12,1874.54,1877.82,15.65,-0.85,90.555,1.2109,0.06,1879.6,15.21,109.654,270.71,74.13,145828,108.76,5.9,0
06-14-21,1877.82,1878.08,1844.63,1866.14,16.39,-0.85,90.522,1.21202,0.06,1865.9,16.13,110.074,270.71,74.13,145828,108.76,5.9,0
06-15-21,1866.14,1869.205,1851.665,1858.82,17.02,-0.87,90.536,1.2126,0.06,1856.4,16.26,110.065,270.71,74.13,145828,108.76,5.9,0
06-16-21,1858.82,1863.32,1803.636,1812.055,18.15,-0.75,91.129,1.19951,0.06,1861.4,16.3,110.714,270.71,74.13,145828,108.76,5.9,0
06-17-21,1812.055,1825.326,1767.295,1773.37,17.75,-0.75,91.889,1.1907,0.1,1774.8,17.66,110.234,270.71,74.13,145828,108.76,5.9,0
06-18-21,1773.37,1797.316,1761.04,1764.235,20.7,-0.79,92.225,1.18642,0.1,1769.8,17.9,110.224,270.71,74.13,145828,108.76,5.9,0
06-21-21,1764.235,1786.625,1764.235,1782.995,17.89,-0.75,91.899,1.19178,0.1,1782.9,16.91,110.328,270.71,74.13,145828,108.76,5.9,1
06-22-21,1782.995,1790.2,1772.39,1778.865,16.66,-0.83,91.756,1.19412,0.1,1777.4,16.66,110.676,270.71,74.13,145828,108.76,5.9,0
06-23-21,1778.865,1794.985,1773.33,1779.05,16.32,-0.84,91.802,1.19266,0.1,1783.4,16.2,110.954,270.71,74.13,145828,108.76,5.9,1
06-24-21,1779.05,1788.04,1772.875,1774.98,15.97,-0.81,91.814,1.19313,0.1,1776.7,15.7,110.888,270.71,74.13,145828,108.76,5.9,0
06-25-21,1774.98,1790.446,1773.795,1781.646,15.62,-0.8,91.851,1.19361,0.1,1777.8,15.29,110.765,270.71,74.13,145828,108.76,5.9,1
06-28-21,1781.646,1785.83,1770.78,1778.26,15.76,-0.84,91.887,1.19244,0.1,1780.7,15.36,110.62,270.71,74.13,145828,108.76,5.9,0
06-29-21,1778.26,1779.034,1750.74,1761.086,16.02,-0.83,92.049,1.18969,0.1,1763.6,16.19,110.545,270.71,74.13,145828,108.76,5.9,0
06-30-21,1761.086,1774.45,1753.44,1770.45,15.83,-0.87,92.436,1.18566,0.08,1771.6,15.97,111.107,270.71,74.13,145828,108.76,5.9,1
07-01-21,1770.45,1782.89,1765.74,1776.655,15.48,-0.87,92.597,1.18496,0.1,1776.8,15.8,111.526,271.965,58.42,146759,109.256,5.4,1
07-02-21,1776.655,1795.1,1774.356,1787.45,15.07,-0.89,92.226,1.18654,0.1,1783.3,15.28,111.024,271.965,58.42,146759,109.256,5.4,1
07-05-21,1787.45,1794.745,1784.52,1791.97,15.07,-0.89,92.226,1.18637,0.1,1783.3,15.28,110.994,271.965,58.42,146759,109.256,5.4,1
07-06-21,1791.97,1815.046,1790.15,1797.21,16.44,-0.94,92.546,1.18231,0.1,1794.2,15.45,110.621,271.965,58.42,146759,109.256,5.4,1
07-07-21,1797.21,1809.89,1793.995,1803.716,16.2,-0.95,92.644,1.17911,0.1,1802.1,15.21,110.618,271.965,58.42,146759,109.256,5.4,1
07-08-21,1803.716,1818.54,1794.215,1802.495,19.2,-0.92,92.417,1.18461,0.1,1800.2,15.82,109.763,271.965,58.42,146759,109.256,5.4,0
07-09-21,1802.495,1812.445,1796.74,1808.465,16.18,-0.91,92.13,1.1877,0.1,1810.6,15.27,110.131,271.965,58.42,146759,109.256,5.4,1
07-12-21,1808.465,1810.956,1791.645,1806.145,16.17,-0.95,92.261,1.18604,0.1,1805.9,15.04,110.366,271.965,58.42,146759,109.256,5.4,0
07-13-21,1806.145,1817.26,1798.67,1807.686,17.12,-0.94,92.752,1.17764,0.1,1809.9,14.84,110.634,271.965,58.42,146759,109.256,5.4,1
07-14-21,1807.686,1829.88,1804.586,1827.385,16.33,-0.97,92.41,1.18364,0.1,1825.9,14.79,109.954,271.965,58.42,146759,109.256,5.4,1
07-15-21,1827.385,1834.195,1820.375,1829.53,17.01,-1.01,92.624,1.18106,0.1,1829.9,15.01,109.849,271.965,58.42,146759,109.256,5.4,1
07-16-21,1829.53,1832.066,1809.03,1812.255,18.45,-1.02,92.687,1.18052,0.1,1815.9,14.6,110.084,271.965,58.42,146759,109.256,5.4,0
07-19-21,1812.255,1817.42,1795.12,1812.845,22.5,-1.05,92.891,1.17986,0.1,1809.2,15.96,109.454,271.965,58.42,146759,109.256,5.4,1
07-20-21,1812.845,1825.006,1805.13,1810.345,19.73,-1.03,92.973,1.17808,0.1,1811.4,15.01,109.858,271.965,58.42,146759,109.256,5.4,0
07-21-21,1810.345,1813.795,1794.666,1803.505,17.91,-0.98,92.754,1.17948,0.1,1803.4,15.01,110.289,271.965,58.42,146759,109.256,5.4,0
07-22-21,1803.505,1808.116,1792.835,1806.66,17.69,-1.01,92.822,1.17713,0.1,1805.4,14.51,110.157,271.965,58.42,146759,109.256,5.4,1
07-23-21,1806.66,1810.37,1789.69,1801.975,17.2,-1.05,92.912,1.17717,0.1,1801.8,14.53,110.55,271.965,58.42,146759,109.256,5.4,0
07-26-21,1801.975,1811.605,1796.445,1797.575,17.58,-1.11,92.649,1.1803,0.1,1799.2,15.2,110.384,271.965,58.42,146759,109.256,5.4,0
07-27-21,1797.575,1805.29,1793.695,1798.995,19.36,-1.13,92.432,1.18161,0.1,1799.8,15.51,109.792,271.965,58.42,146759,109.256,5.4,1
07-28-21,1798.995,1809.86,1792.795,1806.895,18.31,-1.15,92.322,1.18425,0.1,1799.7,15.61,109.916,271.965,58.42,146759,109.256,5.4,1
07-29-21,1806.895,1832.73,1806.895,1827.975,17.7,-1.15,91.864,1.1887,0.1,1835.8,15.21,109.487,271.965,58.42,146759,109.256,5.4,1
07-30-21,1827.975,1831.41,1810.325,1814.18,18.24,-1.16,92.174,1.18671,0.07,1817.2,15.09,109.721,271.965,58.42,146759,109.256,5.4,0
08-02-21,1814.18,1819.56,1805.875,1813.494,19.46,-1.17,92.048,1.1872,0.1,1822.2,15.23,109.311,272.752,89.49,147246,109.674,5.1,0
08-03-21,1813.494,1815.065,1807.175,1810.45,18.04,-1.19,92.081,1.18649,0.1,1814.1,15.09,109.028,272.752,89.49,147246,109.674,5.1,0
08-04-21,1810.45,1831.77,1806.456,1811.86,17.97,-1.16,92.27,1.18368,0.1,1814.5,14.88,109.49,272.752,89.49,147246,109.674,5.1,1
08-05-21,1811.86,1814.925,1797.9,1804.156,17.28,-1.1,92.244,1.18324,0.1,1808.9,14.84,109.778,272.752,89.49,147246,109.674,5.1,0
08-06-21,1804.156,1804.965,1758.8,1763.085,16.15,-1.06,92.8,1.17616,0.1,1763.1,15.9,110.246,272.752,89.49,147246,109.674,5.1,0
08-09-21,1763.085,1764.675,1677.686,1729.675,16.72,-1.04,92.945,1.17358,0.1,1726.5,17.26,110.336,272.752,89.49,147246,109.674,5.1,0
08-10-21,1729.675,1738.33,1717.785,1729.125,16.79,-1.04,93.055,1.17206,0.1,1731.7,16.93,110.574,272.752,89.49,147246,109.674,5.1,0
08-11-21,1729.125,1754.534,1724.2,1751.55,16.06,-1.07,92.922,1.17395,0.1,1753.3,15.85,110.444,272.752,89.49,147246,109.674,5.1,1
08-12-21,1751.55,1758.2,1741.655,1752.61,15.59,-1.05,93.035,1.17297,0.1,1751.8,15.67,110.44,272.752,89.49,147246,109.674,5.1,1
08-13-21,1752.61,1780.095,1751.745,1779.9,15.45,-1.08,92.518,1.17952,0.1,1778.2,15.15,109.612,272.752,89.49,147246,109.674,5.1,1
08-16-21,1779.9,1789.3,1770.876,1787.2,16.12,-1.1,92.628,1.17765,0.1,1789.8,15.62,109.272,272.752,89.49,147246,109.674,5.1,1
08-17-21,1787.2,1795.6,1780.67,1786.07,17.91,-1.07,93.13,1.17084,0.1,1787.8,16.1,109.586,272.752,89.49,147246,109.674,5.1,0
08-18-21,1786.07,1793.833,1777.43,1787.326,21.57,-1.05,93.136,1.17106,0.09,1784.4,15.8,109.768,272.752,89.49,147246,109.674,5.1,1
08-19-21,1787.326,1792.548,1774.215,1779.936,21.67,-1.04,93.568,1.16762,0.09,1783.1,15.91,109.764,272.752,89.49,147246,109.674,5.1,0
08-20-21,1779.936,1788.495,1778.42,1781.24,18.56,-1.01,93.496,1.1699,0.09,1784.1,15.34,109.8,272.752,89.49,147246,109.674,5.1,1
08-23-21,1781.24,1806.445,1776.559,1805.445,17.15,-1.02,92.958,1.1746,0.09,1806.3,15.84,109.695,272.752,89.49,147246,109.674,5.1,1
08-24-21,1805.445,1809.61,1800.765,1803.075,17.22,-1.01,92.893,1.17573,0.09,1808.5,15.45,109.682,272.752,89.49,147246,109.674,5.1,0
08-25-21,1803.075,1803.125,1782.534,1790.57,16.79,-1.01,92.825,1.17725,0.09,1791.5,15.9,109.987,272.752,89.49,147246,109.674,5.1,0
08-26-21,1790.57,1798.275,1780.138,1791.99,18.84,-0.99,93.062,1.17522,0.09,1795.2,16.44,110.087,272.752,89.49,147246,109.674,5.1,1
08-27-21,1791.99,1819.22,1784.96,1817.425,16.39,-1.08,92.686,1.17944,0.08,1819.5,15.27,109.842,272.752,89.49,147246,109.674,5.1,1
08-30-21,1817.425,1823.275,1807.785,1810.36,16.19,-1.08,92.653,1.17969,0.08,1812.2,15.52,109.92,272.752,89.49,147246,109.674,5.1,0
08-31-21,1810.36,1819.245,1801.72,1813.795,16.48,-1.03,92.626,1.18088,0.06,1818.1,15.47,109.998,272.752,89.49,147246,109.674,5.1,1
09-01-21,1813.795,1820.075,1808.735,1814.145,16.11,-1.03,92.449,1.184,0.08,1816.1,15.12,110.031,273.942,80.7,147712,110.034,4.7,1
09-02-21,1814.145,1817.185,1804.9,1809.565,16.41,-1.03,92.225,1.1875,0.08,1811.5,14.76,109.936,273.942,80.7,147712,110.034,4.7,0
09-03-21,1809.565,1834.04,1809.05,1827.8,16.41,-1.01,92.035,1.18791,0.08,1833.7,14.95,109.705,273.942,80.7,147712,110.034,4.7,1
09-06-21,1827.8,1830.305,1821.506,1823.34,16.41,-1.01,92.035,1.18709,0.08,1833.7,14.95,109.862,273.942,80.7,147712,110.034,4.7,0
09-07-21,1823.34,1827.325,1792.46,1794.32,18.14,-0.98,92.512,1.18422,0.08,1798.5,15.36,110.286,273.942,80.7,147712,110.034,4.7,0
09-08-21,1794.32,1802.18,1782.47,1789.245,17.96,-1.03,92.653,1.18158,0.08,1793.5,15.14,110.266,273.942,80.7,147712,110.034,4.7,0
09-09-21,1789.245,1801.06,1783.905,1794.42,18.8,-1.08,92.479,1.18238,0.08,1800.5,15.1,109.736,273.942,80.7,147712,110.034,4.7,1
09-10-21,1794.42,1803.92,1787.33,1787.55,20.95,-1.05,92.582,1.18107,0.08,1792.1,15.15,109.932,273.942,80.7,147712,110.034,4.7,0
09-13-21,1787.55,1798.47,1783.8,1793.475,19.37,-1.04,92.675,1.18103,0.08,1794.4,15.09,110.004,273.942,80.7,147712,110.034,4.7,1
09-14-21,1793.475,1808.66,1780.6,1804.63,19.46,-1.05,92.623,1.1804,0.08,1807.1,15.02,109.692,273.942,80.7,147712,110.034,4.7,1
09-15-21,1804.63,1806.99,1790.705,1793.705,18.18,-1.04,92.548,1.18158,0.08,1794.8,15.14,109.374,273.942,80.7,147712,110.034,4.7,0
09-16-21,1793.705,1796.25,1745.355,1753.5,18.69,-1.01,92.932,1.17688,0.08,1756.7,15.92,109.74,273.942,80.7,147712,110.034,4.7,0
09-17-21,1753.5,1767.555,1747.396,1754.95,20.81,-0.96,93.195,1.17243,0.08,1751.4,15.92,109.951,273.942,80.7,147712,110.034,4.7,1
09-20-21,1754.95,1767.206,1742.08,1764.244,25.71,-0.98,93.276,1.17267,0.08,1763.8,16.85,109.393,273.942,80.7,147712,110.034,4.7,1
09-21-21,1764.244,1781.835,1758,1774.365,24.36,-0.96,93.204,1.17255,0.08,1778.2,16.46,109.222,273.942,80.7,147712,110.034,4.7,1
09-22-21,1774.365,1787.32,1764.765,1768.13,20.87,-0.96,93.462,1.1688,0.08,1778.8,16.41,109.806,273.942,80.7,147712,110.034,4.7,0
09-23-21,1768.13,1776.635,1737.84,1742.31,18.63,-0.9,93.033,1.17388,0.08,1749.8,16.82,110.329,273.942,80.7,147712,110.034,4.7,0
09-24-21,1742.31,1757.65,1740.515,1750.465,17.75,-0.87,93.327,1.17206,0.08,1751.7,16.44,110.708,273.942,80.7,147712,110.034,4.7,1
09-27-21,1750.465,1760.91,1744.885,1750.255,18.76,-0.87,93.383,1.16953,0.08,1752.7,16.2,111.013,273.942,80.7,147712,110.034,4.7,0
09-28-21,1750.255,1754.545,1728.19,1734.075,23.25,-0.84,93.766,1.16834,0.08,1737.5,16.78,111.512,273.942,80.7,147712,110.034,4.7,0
09-29-21,1734.075,1745.53,1721.71,1726.605,22.56,-0.82,94.338,1.15971,0.08,1722.9,17.39,111.972,273.942,80.7,147712,110.034,4.7,0
09-30-21,1726.605,1764.24,1722.29,1757.04,23.14,-0.85,94.23,1.15776,0.06,1757.9,17.16,111.282,273.942,80.7,147712,110.034,4.7,1
10-01-21,1757.04,1764.35,1749.71,1760.92,21.15,-0.9,94.035,1.1593,0.08,1758.4,16.32,111.051,276.528,79.03,148569,110.762,4.5,1
10-04-21,1760.92,1770.58,1747.785,1769.47,22.96,-0.89,93.776,1.16204,0.08,1767.6,16.77,110.928,276.528,79.03,148569,110.762,4.5,1
10-05-21,1769.47,1770.15,1748.68,1759.956,21.3,-0.91,93.975,1.15978,0.08,1760.9,16.56,111.466,276.528,79.03,148569,110.762,4.5,0
10-06-21,1759.956,1765.06,1745.99,1762.825,21.3,-0.9,94.266,1.15567,0.08,1761.8,16.58,111.41,276.528,79.03,148569,110.762,4.5,1
10-07-21,1762.825,1766.985,1752.03,1755.18,19.54,-0.88,94.217,1.15536,0.08,1759.2,16.29,111.629,276.528,79.03,148569,110.762,4.5,0
10-08-21,1755.18,1781.405,1753.45,1757.17,18.77,-0.89,94.067,1.15744,0.08,1757.4,15.67,112.232,276.528,79.03,148569,110.762,4.5,1
10-11-21,1757.17,1761.095,1750.245,1754.306,20.77,-0.89,94.316,1.15532,0.08,1755.7,15.56,113.331,276.528,79.03,148569,110.762,4.5,0
10-12-21,1754.306,1769.42,1750.805,1760.125,19.85,-0.9,94.516,1.15302,0.08,1759.3,15.1,113.608,276.528,79.03,148569,110.762,4.5,1
10-13-21,1760.125,1796.24,1757.89,1793.05,18.64,-0.96,94.08,1.15958,0.08,1794.7,15.51,113.254,276.528,79.03,148569,110.762,4.5,1
10-14-21,1793.05,1800.645,1786.77,1795.975,16.86,-1.96,93.956,1.15971,0.08,1797.9,15.34,113.68,276.528,79.03,148569,110.762,4.5,1
10-15-21,1795.975,1796.494,1764.86,1767.475,16.3,-0.97,93.937,1.1599,0.08,1768.3,15.06,114.208,276.528,79.03,148569,110.762,4.5,0
10-18-21,1767.475,1772.105,1760.375,1764.87,16.31,-0.95,93.953,1.16112,0.08,1765.7,15.53,114.319,276.528,79.03,148569,110.762,4.5,0
10-19-21,1764.87,1785.16,1762.955,1769.55,15.7,-0.89,93.734,1.1633,0.08,1770.5,15.32,114.376,276.528,79.03,148569,110.762,4.5,1
10-20-21,1769.55,1788.47,1766.94,1781.93,15.49,-0.92,93.558,1.1651,0.08,1784.9,15.27,114.332,276.528,79.03,148569,110.762,4.5,1
10-21-21,1781.93,1789.465,1776.555,1782.974,15.01,-0.96,93.77,1.16249,0.08,1781.9,15.15,114.004,276.528,79.03,148569,110.762,4.5,1
10-22-21,1782.974,1813.845,1782.88,1792.525,15.43,-0.98,93.642,1.16459,0.08,1796.3,15.74,113.492,276.528,79.03,148569,110.762,4.5,1
10-25-21,1792.525,1810.075,1792.286,1807.77,15.24,-1.02,93.813,1.16106,0.08,1806.8,16.73,113.715,276.528,79.03,148569,110.762,4.5,1
10-26-21,1807.77,1808.366,1782.465,1792.815,15.98,-1.06,93.949,1.15964,0.08,1793.4,15.96,114.154,276.528,79.03,148569,110.762,4.5,0
10-27-21,1792.815,1799.06,1783.575,1796.965,16.98,-1.11,93.802,1.16033,0.08,1798.8,16.08,113.812,276.528,79.03,148569,110.762,4.5,1
10-28-21,1796.965,1810.506,1792.425,1798.815,16.53,-1.11,93.345,1.1683,0.08,1802.6,15.8,113.57,276.528,79.03,148569,110.762,4.5,1
10-29-21,1798.815,1801.265,1771.98,1783.35,16.26,-0.96,94.123,1.15619,0.07,1783.9,16.07,113.904,276.528,79.03,148569,110.762,4.5,0
11-01-21,1783.35,1795.84,1779.17,1793.235,16.41,-0.92,93.879,1.16062,0.08,1795.8,16.31,114.904,278.824,86.57,149206,111.5,4.2,1
11-02-21,1793.235,1796.436,1786.45,1788.235,16.03,-0.95,94.09,1.15799,0.08,1789.4,16.47,113.954,278.824,86.57,149206,111.5,4.2,0
11-03-21,1788,1788.285,1758.89,1769.69,15.1,-0.93,93.864,1.16117,0.08,1763.9,16.28,114.01,278.824,86.57,149206,111.5,4.2,0
11-04-21,1769.69,1798.95,1769.645,1791.78,15.44,-1.03,94.347,1.15546,0.08,1793.5,15.87,113.755,278.824,86.57,149206,111.5,4.2,1
11-05-21,1791.78,1818.36,1785.06,1818.17,16.48,-1.09,94.32,1.1568,0.08,1816.8,16.64,113.407,278.824,86.57,149206,111.5,4.2,1
11-08-21,1818.17,1826.515,1812.495,1824.22,17.22,-1.11,94.049,1.15872,0.08,1828.8,16.66,113.228,278.824,86.57,149206,111.5,4.2,1
11-09-21,1824.22,1832.76,1819.19,1831.91,17.78,-1.17,93.955,1.15944,0.08,1830.8,16.76,112.88,278.824,86.57,149206,111.5,4.2,1
11-10-21,1831.91,1868.626,1822.4,1849.27,18.73,-1.14,94.85,1.14778,0.08,1848.3,16.8,113.912,278.824,86.57,149206,111.5,4.2,1
11-11-21,1849.27,1866.025,1842.95,1861.95,17.66,-1.14,95.178,1.14493,0.08,1863.9,16.95,114.066,278.824,86.57,149206,111.5,4.2,1
11-12-21,1861.95,1868.76,1845.3,1864.9,16.29,-1.15,95.128,1.14433,0.08,1868.5,16.85,113.892,278.824,86.57,149206,111.5,4.2,1
11-15-21,1864.9,1870.576,1856.375,1862.744,16.49,-1.13,95.407,1.13676,0.08,1866.6,17.85,114.139,278.824,86.57,149206,111.5,4.2,0
11-16-21,1862.744,1877.14,1849.77,1850.73,16.37,-1.1,95.915,1.13204,0.08,1854.1,16.67,114.828,278.824,86.57,149206,111.5,4.2,0
11-17-21,1850.73,1868.126,1849.675,1867.41,17.11,-1.1,95.828,1.13189,0.08,1870.2,16.69,114.118,278.824,86.57,149206,111.5,4.2,1
11-18-21,1867.41,1870.945,1855.205,1858.845,17.59,-1.14,95.544,1.1373,0.08,1861.4,16.25,114.254,278.824,86.57,149206,111.5,4.2,0
11-19-21,1858.845,1865.836,1843.09,1845.885,17.91,-1.11,96.031,1.12819,0.08,1851.6,15.99,114.254,278.824,86.57,149206,111.5,4.2,0
11-22-21,1845.885,1849.165,1802.31,1804.8,19.17,-0.98,96.548,1.12344,0.08,1806.3,16.59,114.882,278.824,86.57,149206,111.5,4.2,0
11-23-21,1804.8,1812.43,1782.04,1789.076,19.38,-0.95,96.491,1.12492,0.08,1783.8,16.81,115.128,278.824,86.57,149206,111.5,4.2,0
11-24-21,1789.076,1796.456,1778.615,1788.575,18.58,-0.97,96.875,1.12008,0.08,1784.3,16.75,115.412,278.824,86.57,149206,111.5,4.2,0
11-25-21,1788.575,1795.146,1786.12,1788.54,18.58,-0.97,96.875,1.12092,0.08,1784.3,16.75,115.365,278.824,86.57,149206,111.5,4.2,0
11-26-21,1788.54,1815.57,1780.41,1793.035,28.62,-1.07,96.043,1.13102,0.08,1785.5,17.99,113.38,278.824,86.57,149206,111.5,4.2,1
11-29-21,1793.035,1799.495,1769.8,1784.84,22.96,-1.02,96.341,1.12925,0.08,1785.2,17.55,113.544,278.824,86.57,149206,111.5,4.2,0
11-30-21,1784.84,1808.86,1769.975,1774.68,27.19,-1.07,95.994,1.13392,0.07,1776.5,17.99,113.144,278.824,86.57,149206,111.5,4.2,0
12-01-21,1774.68,1794.7,1772.304,1781.96,31.12,-1.01,96.028,1.132,0.08,1784.3,18.39,112.783,280.806,105.35,149781,112.191,3.9,1
12-02-21,1781.96,1783.455,1761.94,1768.245,27.95,-1.03,96.156,1.1301,0.08,1762.7,18.45,113.188,280.806,105.35,149781,112.191,3.9,0
12-03-21,1768.245,1786.125,1766.21,1783.795,30.67,-1.08,96.117,1.13109,0.08,1783.9,17.92,112.82,280.806,105.35,149781,112.191,3.9,1
12-06-21,1783.795,1787.784,1775.765,1778.59,27.18,-1.01,96.328,1.12857,0.08,1779.5,17.44,113.498,280.806,105.35,149781,112.191,3.9,0
12-07-21,1778.59,1787.875,1772.25,1784.06,21.89,-0.99,96.369,1.12686,0.08,1784.7,17.02,113.57,280.806,105.35,149781,112.191,3.9,1
12-08-21,1784.06,1793.155,1779.715,1782.765,19.9,-1.99,95.894,1.13433,0.08,1785.5,16.48,113.702,280.806,105.35,149781,112.191,3.9,0
12-09-21,1782.765,1787.67,1773.31,1775.31,21.58,-0.98,96.271,1.12933,0.08,1776.7,16.7,113.461,280.806,105.35,149781,112.191,3.9,0
12-10-21,1775.31,1789.534,1770.215,1782.87,18.69,-0.96,96.097,1.13178,0.08,1784.8,15.35,113.378,280.806,105.35,149781,112.191,3.9,1
12-13-21,1782.87,1791.656,1781.89,1786.705,20.31,-0.98,96.317,1.12862,0.08,1788.3,15.97,113.585,280.806,105.35,149781,112.191,3.9,1
12-14-21,1786.705,1789.545,1766.585,1770.526,21.89,-0.93,96.571,1.12574,0.08,1772.3,16.41,113.754,280.806,105.35,149781,112.191,3.9,0
12-15-21,1770.526,1780.935,1753.07,1777.22,19.29,-0.92,96.511,1.12948,0.08,1764.5,15.54,114.06,280.806,105.35,149781,112.191,3.9,1
12-16-21,1777.22,1799.686,1775.6,1799.226,20.57,-0.98,96.042,1.13306,0.08,1798.2,15.22,113.704,280.806,105.35,149781,112.191,3.9,1
12-17-21,1799.226,1814.305,1795.835,1798.16,21.57,-0.97,96.565,1.1236,0.08,1804.9,15.07,113.712,280.806,105.35,149781,112.191,3.9,0
12-20-21,1798.16,1804.175,1788.385,1790.62,22.87,-0.96,96.551,1.12766,0.08,1794.6,15.77,113.632,280.806,105.35,149781,112.191,3.9,0
12-21-21,1790.62,1800.51,1784.905,1788.955,21.01,-0.96,96.491,1.12841,0.08,1788.7,15.42,114.096,280.806,105.35,149781,112.191,3.9,0
12-22-21,1788.955,1805.05,1785.95,1803.59,18.63,-1.01,96.076,1.13276,0.08,1802.2,14.94,114.118,280.806,105.35,149781,112.191,3.9,1
12-23-21,1803.59,1810.744,1798.91,1808.47,17.96,-0.97,96.019,1.13275,0.08,1811.7,14.62,114.423,280.806,105.35,149781,112.191,3.9,1
12-27-21,1808.47,1813.515,1803.015,1812.075,17.68,-1.02,96.093,1.13274,0.08,1808.8,15.44,114.889,280.806,105.35,149781,112.191,3.9,1
12-28-21,1812.075,1820.305,1805.095,1806.06,17.54,-1.01,96.202,1.13084,0.08,1810.9,15.06,114.83,280.806,105.35,149781,112.191,3.9,0
12-29-21,1806.06,1807.756,1789.494,1804.12,16.95,-0.98,95.929,1.13472,0.08,1805.8,15.13,114.984,280.806,105.35,149781,112.191,3.9,0
12-30-21,1804.12,1817.196,1796.28,1814.76,17.33,-1.06,95.968,1.13256,0.08,1814.1,14.77,115.07,280.806,105.35,149781,112.191,3.9,1
12-31-21,1814.76,1830.385,1814.525,1828.775,17.22,-1.04,95.598,1.1373,0.07,1828.6,14.61,115.11,280.806,105.35,149781,112.191,3.9,1
01-03-22,1828.775,1831.835,1798.38,1801.19,16.6,-0.97,96.213,1.12974,0.08,1800.1,15.34,115.35,282.542,138.67,150006,112.805,4.9,0
01-04-22,1801.19,1816.81,1798.51,1814.5,16.91,-0.91,96.262,1.12864,0.08,1814.6,15.33,116.148,282.542,138.67,150006,112.805,4.9,1
01-05-22,1814.5,1829.63,1808.33,1810.31,19.73,-0.82,96.171,1.13129,0.08,1825.1,16.21,116.105,282.542,138.67,150006,112.805,4.9,0
01-06-22,1810.31,1811.58,1786.42,1790.85,19.61,-0.73,96.32,1.12984,0.08,1789.2,15.87,115.844,282.542,138.67,150006,112.805,4.9,0
01-07-22,1790.85,1798.705,1782.675,1796.58,18.76,-0.72,95.719,1.13616,0.08,1797.4,15.04,115.549,282.542,138.67,150006,112.805,4.9,1
01-10-22,1796.58,1802.37,1790.436,1801.78,19.4,-0.7,95.991,1.1328,0.08,1798.8,15.56,115.199,282.542,138.67,150006,112.805,4.9,1
01-11-22,1801.78,1823.35,1800.195,1821.63,18.41,-0.79,95.624,1.13693,0.08,1818.5,15.21,115.299,282.542,138.67,150006,112.805,4.9,1
01-12-22,1821.63,1828.095,1814.78,1826.255,17.62,-0.74,94.915,1.14409,0.08,1827.3,15.32,114.638,282.542,138.67,150006,112.805,4.9,1
01-13-22,1826.255,1828.18,1812.425,1822.86,20.31,-0.73,94.79,1.14541,0.08,1821.4,15.17,114.165,282.542,138.67,150006,112.805,4.9,0
01-14-22,1822.86,1829.21,1814.75,1817.93,19.19,-0.66,95.165,1.14154,0.08,1816.5,14.73,114.185,282.542,138.67,150006,112.805,4.9,0
01-17-22,1817.93,1823.21,1813.205,1819.33,19.19,-0.66,95.165,1.14064,0.08,1816.5,14.73,114.612,282.542,138.67,150006,112.805,4.9,1
01-18-22,1819.33,1822.796,1805.84,1813.82,22.79,-0.59,95.732,1.13278,0.08,1812.4,15.09,114.606,282.542,138.67,150006,112.805,4.9,0
01-19-22,1813.82,1843.375,1810.345,1840.635,23.85,-0.57,95.51,1.13422,0.08,1843.2,15.64,114.327,282.542,138.67,150006,112.805,4.9,1
01-20-22,1840.635,1847.946,1836,1839.475,25.59,-0.5,95.735,1.131,0.08,1842.6,15.09,114.135,282.542,138.67,150006,112.805,4.9,0
01-21-22,1839.475,1843.245,1828.55,1834.65,28.85,-0.59,95.642,1.13444,0.08,1831.8,15.2,113.69,282.542,138.67,150006,112.805,4.9,0
01-24-22,1834.65,1844.376,1829.765,1843.086,29.9,-0.63,95.918,1.13242,0.08,1841.7,16.3,113.986,282.542,138.67,150006,112.805,4.9,1
01-25-22,1843.086,1853.885,1834.955,1848.02,31.16,-0.63,95.948,1.13014,0.08,1852.5,16.47,113.865,282.542,138.67,150006,112.805,4.9,1
01-26-22,1848.02,1850.115,1814.98,1819.38,31.96,-0.53,96.39,1.1241,0.08,1829.7,16.42,114.681,282.542,138.67,150006,112.805,4.9,0
01-27-22,1819.38,1822.18,1791.86,1796.985,30.49,-0.59,97.255,1.11441,0.08,1793.1,17.15,115.362,282.542,138.67,150006,112.805,4.9,0
01-28-22,1796.985,1799.44,1780.33,1791.655,27.66,-0.66,97.27,1.11492,0.08,1786.6,17.12,115.238,282.542,138.67,150006,112.805,4.9,0
01-31-22,1791.655,1799.88,1785.61,1797.166,24.83,-0.65,96.54,1.1233,0.08,1796.4,16.7,115.136,282.542,138.67,150006,112.805,4.9,1
02-01-22,1797.166,1808.79,1795.815,1801.005,21.96,-0.62,96.385,1.12736,0.08,1801.5,16.5,114.688,284.525,216.16,150875,113.471,3.8,1
02-02-22,1801.005,1811.026,1794.534,1806.85,22.09,-0.63,95.936,1.13056,0.08,1810.3,15.66,114.438,284.525,216.16,150875,113.471,3.8,1
02-03-22,1806.85,1809.03,1788.685,1804.9,24.35,-0.56,95.379,1.14392,0.08,1804.1,16.01,114.983,284.525,216.16,150875,113.471,3.8,0
02-04-22,1804.9,1814.95,1792.23,1807.97,23.22,-0.48,95.485,1.14516,0.08,1807.8,15.53,115.199,284.525,216.16,150875,113.471,3.8,1
02-07-22,1807.97,1823.59,1807.934,1820.395,22.86,-0.48,95.399,1.14416,0.08,1821.8,16.15,115.092,284.525,216.16,150875,113.471,3.8,1
02-08-22,1820.395,1828.805,1815.495,1826.11,21.44,-0.46,95.643,1.1417,0.08,1827.9,15.86,115.548,284.525,216.16,150875,113.471,3.8,1
02-09-22,1826.11,1835.845,1824.76,1833.195,19.96,-0.48,95.494,1.14232,0.08,1836.6,15.63,115.542,284.525,216.16,150875,113.471,3.8,1
02-10-22,1833.195,1841.965,1821.67,1826.725,23.91,-0.42,95.553,1.1428,0.08,1837.4,15.92,116.004,284.525,216.16,150875,113.471,3.8,0
02-11-22,1826.725,1865.465,1820.99,1858.98,27.36,-0.51,96.082,1.13472,0.08,1842.1,17.81,115.492,284.525,216.16,150875,113.471,3.8,1
02-14-22,1858.98,1874.19,1850.845,1871.66,28.33,-0.5,96.374,1.13064,0.08,1869.4,18.95,115.542,284.525,216.16,150875,113.471,3.8,1
02-15-22,1871.66,1879.55,1844.61,1853.655,25.7,-0.43,95.989,1.13586,0.08,1856.2,17.7,115.596,284.525,216.16,150875,113.471,3.8,0
02-16-22,1853.655,1872.6,1850.32,1869.49,24.29,-0.43,95.701,1.13736,0.08,1871.5,18.07,115.454,284.525,216.16,150875,113.471,3.8,1
02-17-22,1869.49,1901.16,1867.89,1898.205,28.11,-0.46,95.8,1.13622,0.08,1902.5,19.79,114.922,284.525,216.16,150875,113.471,3.8,1
02-18-22,1898.205,1902.545,1886.664,1897.295,27.75,-0.49,96.043,1.13237,0.08,1899.8,18.54,115.072,284.525,216.16,150875,113.471,3.8,0
02-21-22,1897.295,1908.325,1887.665,1904.035,27.75,-0.49,96.043,1.131,0.08,1899.8,18.54,114.727,284.525,216.16,150875,113.471,3.8,1
02-22-22,1904.035,1914.32,1891.47,1898.405,28.81,-0.51,96.025,1.13264,0.08,1907.4,17.93,115.062,284.525,216.16,150875,113.471,3.8,0
02-23-22,1898.405,1910.5,1889.68,1909.075,31.02,-0.54,96.19,1.13046,0.08,1910.4,17.69,115.02,284.525,216.16,150875,113.471,3.8,1
02-24-22,1909.075,1974.485,1878.095,1904.015,30.32,-0.59,97.137,1.11938,0.08,1926.3,18.12,115.532,284.525,216.16,150875,113.471,3.8,0
02-25-22,1904.015,1921.91,1882.995,1889.324,27.59,-0.57,96.615,1.12712,0.08,1887.6,18.4,115.535,284.525,216.16,150875,113.471,3.8,0
02-28-22,1889.324,1927.48,1889.324,1909.525,30.15,-0.79,96.707,1.12194,0.08,1900.7,20.97,114.972,284.525,216.16,150875,113.471,3.8,1
03-01-22,1909.525,1950.306,1901.47,1945.675,33.32,-0.9,97.409,1.11231,0.08,1943.8,22.7,114.92,287.467,318.95,151346,114.469,3.7,1
03-02-22,1945.675,1948.01,1913.75,1928.555,30.74,-0.85,97.385,1.1123,0.08,1922.3,21.85,115.517,287.467,318.95,151346,114.469,3.7,0
03-03-22,1928.555,1941.295,1922.11,1936.47,30.48,-0.83,97.785,1.10656,0.08,1935.9,22.94,115.459,287.467,318.95,151346,114.469,3.7,1
03-04-22,1936.47,1970.95,1929.715,1970.84,31.98,-0.93,98.648,1.09376,0.08,1966.6,26.29,114.828,287.467,318.95,151346,114.469,3.7,1
03-07-22,1970.84,2002.67,1961.075,1997.585,36.45,-0.99,99.293,1.08546,0.08,1995.9,29.67,115.312,287.467,318.95,151346,114.469,3.7,1
03-08-22,1997.585,2070.63,1981.105,2050.05,35.13,-1.04,99.062,1.08949,0.08,2043.3,31.7,115.676,287.467,318.95,151346,114.469,3.7,1
03-09-22,2050.05,2059.245,1976.16,1992.505,32.45,-0.9,97.968,1.10769,0.08,1988.2,28.01,115.858,287.467,318.95,151346,114.469,3.7,0
03-10-22,1992.505,2009.225,1970.525,1996.255,30.23,-0.88,98.507,1.09884,0.08,2000.4,26.08,116.14,287.467,318.95,151346,114.469,3.7,1
03-11-22,1996.255,1999.026,1958.68,1988.52,30.75,-0.94,99.124,1.09124,0.08,1985.4,24.73,117.292,287.467,318.95,151346,114.469,3.7,0
03-14-22,1988.52,1988.52,1949.744,1950.505,31.77,-0.79,98.999,1.094,0.08,1960.8,24.08,118.21,287.467,318.95,151346,114.469,3.7,0
03-15-22,1950.505,1954.725,1907.086,1917.7,29.83,-0.69,99.097,1.09522,0.08,1929.7,23.8,118.284,287.467,318.95,151346,114.469,3.7,0
03-16-22,1917.7,1929.615,1895.065,1927.385,26.67,-0.61,98.618,1.10354,0.08,1909.2,22.51,118.762,287.467,318.95,151346,114.469,3.7,1
03-17-22,1927.385,1949.865,1923.39,1942.385,25.67,-0.71,97.974,1.10911,0.33,1943.2,22.23,118.602,287.467,318.95,151346,114.469,3.7,1
03-18-22,1942.385,1945.41,1918.01,1920.575,23.87,-0.72,98.233,1.10512,0.33,1929.3,22.23,119.152,287.467,318.95,151346,114.469,3.7,0
03-21-22,1920.575,1941.53,1918.026,1935.76,23.53,-0.58,98.498,1.1017,0.33,1929.5,21.89,119.472,287.467,318.95,151346,114.469,3.7,1
03-22-22,1935.76,1938.485,1910.73,1921.04,22.94,-0.53,98.493,1.10298,0.33,1921.5,20.58,120.829,287.467,318.95,151346,114.469,3.7,0
03-23-22,1921.04,1948.39,1915.64,1944.625,23.57,-0.62,98.622,1.10073,0.33,1937.3,23.41,121.143,287.467,318.95,151346,114.469,3.7,1
03-24-22,1944.625,1966.206,1937.505,1957.88,21.67,-0.58,98.789,1.09981,0.33,1962.2,24.07,122.33,287.467,318.95,151346,114.469,3.7,1
03-25-22,1957.88,1964.38,1943.195,1958.02,20.81,-0.47,98.789,1.09847,0.33,1954.2,24.68,122.086,287.467,318.95,151346,114.469,3.7,1
03-28-22,1958.02,1958.47,1917.13,1922.8,19.63,-0.49,99.091,1.09858,0.33,1939.8,23.2,123.918,287.467,318.95,151346,114.469,3.7,0
03-29-22,1922.8,1929.455,1890.155,1919.505,18.9,-0.45,98.404,1.10866,0.33,1912.2,21.28,122.894,287.467,318.95,151346,114.469,3.7,0
03-30-22,1919.505,1938.62,1916.01,1932.58,19.33,-0.51,97.792,1.11588,0.33,1939.2,21.08,121.834,287.467,318.95,151346,114.469,3.7,1
03-31-22,1932.58,1949.86,1919.27,1937.1,20.56,-0.52,98.312,1.10671,0.33,1954.2,20.25,121.698,287.467,318.95,151346,114.469,3.7,1
04-01-22,1937.1,1939.62,1918.1,1925.1,19.63,-0.41,98.632,1.10494,0.33,1923.7,19.08,122.56,288.582,191.14,151651,114.812,3.7,0
04-04-22,1925,1936.94,1915.57,1932.57,18.57,-0.38,99.632,1.09714,0.33,1934.7,19.22,122.77,288.582,191.14,151651,114.812,3.7,1
04-05-22,1932.57,1944.636,1917.955,1923.215,21.03,-0.3,99.472,1.09055,0.33,1927.5,18.47,123.602,288.582,191.14,151651,114.812,3.7,0
04-06-22,1923.215,1933.58,1915.08,1925.88,22.1,-0.22,99.599,1.08964,0.33,1923.1,18.88,123.791,288.582,191.14,151651,114.812,3.7,1
04-07-22,1925.88,1937.85,1920.625,1931.676,21.55,-0.16,99.751,1.08794,0.33,1937.8,18.43,123.979,288.582,191.14,151651,114.812,3.7,1
04-08-22,1931.676,1948.22,1927.775,1947.68,21.16,-0.15,99.796,1.08762,0.33,1945.6,18.37,124.292,288.582,191.14,151651,114.812,3.7,1
04-11-22,1947.68,1970.026,1940.035,1954.275,24.37,-0.12,99.932,1.08835,0.33,1948.2,19.25,125.394,288.582,191.14,151651,114.812,3.7,1
04-12-22,1954.275,1978.685,1949.755,1966.585,24.26,-0.14,100.292,1.08268,0.33,1976.1,19.37,125.394,288.582,191.14,151651,114.812,3.7,1
04-13-22,1966.585,1981.566,1962.955,1977.835,21.82,-0.1,99.875,1.0892,0.33,1984.7,18.7,125.656,288.582,191.14,151651,114.812,3.7,1
04-14-22,1977.835,1980.435,1960.6,1973.395,22.7,-0.06,100.321,1.08282,0.33,1974.9,17.71,125.892,288.582,191.14,151651,114.812,3.7,0
04-18-22,1973.395,1998.46,1972.086,1978.69,22.17,-0.07,100.781,1.07816,0.33,1986.4,19.07,126.999,288.582,191.14,151651,114.812,3.7,1
04-19-22,1978.69,1982.036,1943.66,1949.775,21.37,-0.07,100.961,1.07886,0.33,1959.4,18.19,128.89,288.582,191.14,151651,114.812,3.7,0
04-20-22,1949.775,1958.405,1939.404,1957.546,20.32,-0.07,100.39,1.0855,0.33,1955.6,18.15,127.87,288.582,191.14,151651,114.812,3.7,1
04-21-22,1957.546,1957.546,1936.824,1951.625,22.68,-0.12,100.578,1.08316,0.33,1948.2,18.22,128.374,288.582,191.14,151651,114.812,3.7,0
04-22-22,1951.625,1955.71,1926.636,1932.35,28.21,-0.08,101.22,1.07974,0.33,1934.3,18.97,128.567,288.582,191.14,151651,114.812,3.7,0
04-25-22,1932.35,1934.545,1891.56,1898.045,27.02,-0.1,101.752,1.07111,0.33,1896.3,19.47,128.13,288.582,191.14,151651,114.812,3.7,0
04-26-22,1898.045,1911.305,1895.79,1905.45,33.52,-0.08,102.303,1.06368,0.33,1904.1,19.23,127.23,288.582,191.14,151651,114.812,3.7,1
04-27-22,1905.45,1907.086,1881.395,1885.76,31.6,-0.06,102.954,1.05586,0.33,1888.7,19.16,128.431,288.582,191.14,151651,114.812,3.7,0
04-28-22,1885.76,1896.795,1872.215,1894.456,29.99,-0.12,103.623,1.0499,0.33,1891.3,19.16,130.851,288.582,191.14,151651,114.812,3.7,1
04-29-22,1894.456,1919.98,1892.595,1896.99,33.4,0.01,102.959,1.05453,0.33,1911.7,19.83,129.788,288.582,191.14,151651,114.812,3.7,1
05-02-22,1896.99,1900.13,1854.48,1862.956,32.34,0.18,103.744,1.05076,0.33,1863.6,20.06,130.176,291.299,142.26,151892,115.525,3.6,0
05-03-22,1862.956,1878.145,1850.47,1867.95,29.25,0.14,103.465,1.05202,0.33,1870.6,19.71,130.14,291.299,142.26,151892,115.525,3.6,1
05-04-22,1867.95,1890.01,1861.48,1881.47,25.42,0.07,102.587,1.06206,0.33,1868.8,18.81,129.094,291.299,142.26,151892,115.525,3.6,1
05-05-22,1881.47,1909.82,1872.545,1877.166,31.2,0.18,103.752,1.05396,0.83,1875.7,19.36,130.179,291.299,142.26,151892,115.525,3.6,0
05-06-22,1877.166,1892.576,1866.145,1883.645,30.19,0.26,103.66,1.05458,0.83,1882.8,18.71,130.548,291.299,142.26,151892,115.525,3.6,1
05-09-22,1883.645,1885.85,1851.78,1854.02,34.75,0.3,103.651,1.05602,0.83,1858.6,20.49,130.327,291.299,142.26,151892,115.525,3.6,0
05-10-22,1854.02,1865.526,1835.53,1838.43,32.99,0.34,103.92,1.05299,0.83,1841.6,20.02,130.439,291.299,142.26,151892,115.525,3.6,0
05-11-22,1838.43,1858.3,1832.075,1852.255,32.56,0.21,103.846,1.05136,0.83,1853.7,20.26,129.983,291.299,142.26,151892,115.525,3.6,1
05-12-22,1852.255,1858.875,1821.395,1821.89,31.77,0.25,104.851,1.0381,0.83,1824.6,21.51,128.322,291.299,142.26,151892,115.525,3.6,0
05-13-22,1821.89,1828.89,1799.16,1811.465,28.87,0.24,104.563,1.04072,0.83,1808.2,21.2,129.259,291.299,142.26,151892,115.525,3.6,0
05-16-22,1811.465,1826.985,1786.785,1824.59,27.47,0.2,104.187,1.04343,0.83,1814.2,21.16,129.11,291.299,142.26,151892,115.525,3.6,1
05-17-22,1824.59,1836.155,1812.91,1814.965,26.1,0.27,103.36,1.05536,0.83,1818.9,20.05,129.363,291.299,142.26,151892,115.525,3.6,0
05-18-22,1814.965,1824.836,1807.315,1816.445,30.96,0.17,103.81,1.04626,0.83,1815.9,19.69,128.248,291.299,142.26,151892,115.525,3.6,1
05-19-22,1816.445,1849.15,1810.905,1842.2,29.35,0.25,102.724,1.05842,0.83,1841.2,20.25,127.832,291.299,142.26,151892,115.525,3.6,1
05-20-22,1842.2,1849.49,1832.405,1846.615,29.43,0.23,103.15,1.05554,0.83,1842.1,19.31,127.976,291.299,142.26,151892,115.525,3.6,1
05-23-22,1846.615,1865.53,1843.54,1853.665,28.48,0.26,102.076,1.06912,0.83,1847.8,19.63,127.898,291.299,142.26,151892,115.525,3.6,1
05-24-22,1853.665,1869.75,1849.37,1866.52,29.45,0.21,101.857,1.07359,0.83,1865.4,19.13,126.858,291.299,142.26,151892,115.525,3.6,1
05-25-22,1866.52,1868.11,1841.605,1853.235,28.37,0.19,102.056,1.06798,0.83,1846.3,18.27,127.295,291.299,142.26,151892,115.525,3.6,0
05-26-22,1853.235,1854.43,1840.756,1850.83,27.5,0.13,101.829,1.07302,0.83,1847.6,17.81,127.083,291.299,142.26,151892,115.525,3.6,0
05-27-22,1850.83,1862.05,1848.055,1853.22,25.72,0.11,101.668,1.07334,0.83,1857.3,17.5,127.123,291.299,142.26,151892,115.525,3.6,1
05-30-22,1853.22,1864.085,1847.84,1855.8,26.54,0.11,101.668,1.078,0.83,1857.3,17.5,127.617,291.299,142.26,151892,115.525,3.6,1
05-31-22,1855.8,1857.186,1835.2,1837.47,26.19,0.21,101.752,1.07322,0.83,1848.4,17.19,128.704,291.299,142.26,151892,115.525,3.6,0
06-01-22,1837.47,1849.976,1828.54,1846.655,25.69,0.29,102.498,1.06518,0.83,1848.7,16.94,130.162,295.072,130.71,152353,116.638,3.6,1
06-02-22,1846.655,1870.48,1844.15,1868.655,24.72,0.26,101.824,1.07488,0.83,1871.4,17.13,129.873,295.072,130.71,152353,116.638,3.6,1
06-03-22,1868.655,1874.17,1847.375,1851.056,24.79,0.22,102.14,1.07194,0.83,1850.2,16.51,130.826,295.072,130.71,152353,116.638,3.6,0
06-06-22,1851.056,1857.9,1840.665,1842.115,25.07,0.28,102.437,1.06958,0.83,1843.7,16.81,131.897,295.072,130.71,152353,116.638,3.6,0
06-07-22,1842.115,1855.635,1837.065,1852.375,24.02,0.25,102.318,1.07054,0.83,1852.1,16.64,132.634,295.072,130.71,152353,116.638,3.6,1
06-08-22,1852.375,1859.685,1844.59,1853.32,23.96,0.28,102.542,1.07164,0.83,1856.5,16.04,134.255,295.072,130.71,152353,116.638,3.6,1
06-09-22,1853.32,1855.41,1840.1,1847.94,26.09,0.29,103.223,1.06188,0.83,1852.8,16.29,134.378,295.072,130.71,152353,116.638,3.6,0
06-10-22,1847.94,1876.005,1825.14,1871.61,27.75,0.39,104.148,1.05204,0.83,1875.5,17.58,134.391,295.072,130.71,152353,116.638,3.6,1
06-13-22,1871.61,1879.13,1819.105,1819.526,34.02,0.69,105.078,1.04086,0.83,1831.8,20.84,134.424,295.072,130.71,152353,116.638,3.6,0
06-14-22,1819.526,1831.7,1805.205,1808.555,32.69,0.89,105.518,1.0417,0.83,1813.5,21.99,135.454,295.072,130.71,152353,116.638,3.6,0
06-15-22,1808.555,1841.965,1807.605,1833.97,29.62,0.63,105.158,1.04466,0.83,1819.6,19.4,133.806,295.072,130.71,152353,116.638,3.6,1
06-16-22,1833.97,1857.635,1815.66,1856.825,32.95,0.66,103.631,1.05524,1.58,1849.9,20.65,132.222,295.072,130.71,152353,116.638,3.6,1
06-17-22,1856.825,1856.825,1833.905,1840.4,31.13,0.67,104.7,1.04938,1.58,1840.6,20.28,135.013,295.072,130.71,152353,116.638,3.6,0
06-20-22,1840.4,1846.165,1834.86,1838.395,31.13,0.67,104.7,1.05112,1.58,1840.6,20.28,135.106,295.072,130.71,152353,116.638,3.6,0
06-21-22,1838.395,1843.665,1828.635,1833.06,30.19,0.7,104.435,1.05348,1.58,1838.8,18.24,136.664,295.072,130.71,152353,116.638,3.6,0
06-22-22,1833.06,1847.93,1823.455,1837.78,28.95,0.62,104.197,1.05688,1.58,1838.4,18.29,136.226,295.072,130.71,152353,116.638,3.6,1
06-23-22,1837.78,1846.125,1822.605,1822.68,29.05,0.59,104.431,1.05212,1.58,1829.8,18.65,134.964,295.072,130.71,152353,116.638,3.6,0
06-24-22,1822.68,1831.87,1816.98,1827.31,27.23,0.57,104.185,1.05564,1.58,1830.3,17.92,135.219,295.072,130.71,152353,116.638,3.6,1
06-27-22,1827.31,1841.105,1820.85,1822.735,26.95,0.65,103.939,1.05823,1.58,1824.8,17.88,135.48,295.072,130.71,152353,116.638,3.6,0
06-28-22,1822.735,1829.5,1818.485,1820.07,28.36,0.72,104.506,1.05222,1.58,1821.2,17.95,136.164,295.072,130.71,152353,116.638,3.6,0
06-29-22,1820.07,1833.11,1812.095,1817.81,28.16,0.74,105.106,1.04416,1.58,1817.5,18.08,136.61,295.072,130.71,152353,116.638,3.6,0
06-30-22,1817.81,1825.21,1802.775,1807.33,28.71,0.65,104.685,1.04834,1.58,1807.3,19.61,135.758,295.072,130.71,152353,116.638,3.6,0
07-01-22,1807.33,1809.495,1784.575,1809.47,26.7,0.54,105.138,1.04265,1.58,1801.5,20.17,135.239,294.94,117.18,153049,116.631,3.5,1
07-04-22,1809.47,1814.375,1804.02,1808.04,26.7,0.54,105.138,1.04228,1.58,1801.5,20.17,135.706,294.94,117.18,153049,116.631,3.5,0
07-05-22,1808.04,1812.19,1763.925,1764.93,27.54,0.52,106.535,1.02652,1.58,1763.9,21.33,135.874,294.94,117.18,153049,116.631,3.5,0
07-06-22,1764.93,1772.9,1732.34,1739.41,26.73,0.64,107.096,1.01851,1.58,1736.5,21.91,135.918,294.94,117.18,153049,116.631,3.5,0
07-07-22,1739.41,1749.13,1736.58,1740.335,26.08,0.68,107.13,1.01614,1.58,1739.7,20.5,135.996,294.94,117.18,153049,116.631,3.5,1
07-08-22,1740.335,1752.47,1729.985,1742.355,24.64,0.72,107.007,1.01854,1.58,1742.3,19.41,136.084,294.94,117.18,153049,116.631,3.5,1
07-11-22,1742.355,1744.62,1731.325,1733.985,26.17,0.67,108.021,1.00393,1.58,1731.7,19.72,137.422,294.94,117.18,153049,116.631,3.5,0
07-12-22,1733.985,1744.336,1723.27,1726.235,27.29,0.64,108.072,1.00374,1.58,1724.8,19.78,136.88,294.94,117.18,153049,116.631,3.5,0
07-13-22,1726.235,1745.425,1707.16,1735.66,26.82,0.6,107.957,1.0058,1.58,1735.5,18.36,137.44,294.94,117.18,153049,116.631,3.5,1
07-14-22,1735.66,1736.605,1697.64,1710.03,26.4,0.62,108.544,1.00206,1.58,1705.8,19.6,138.939,294.94,117.18,153049,116.631,3.5,0
07-15-22,1710.03,1716.675,1699.12,1707.46,24.23,0.57,108.063,1.00878,1.58,1703.6,19.27,138.528,294.94,117.18,153049,116.631,3.5,0
07-18-22,1707.46,1723.99,1706.095,1709.28,25.3,0.59,107.366,1.01444,1.58,1710.2,19.42,138.135,294.94,117.18,153049,116.631,3.5,1
07-19-22,1709.28,1718.48,1705.445,1711.575,24.5,0.62,106.682,1.02258,1.58,1710.7,18.63,138.2,294.94,117.18,153049,116.631,3.5,1
07-20-22,1711.575,1714.535,1692.475,1696.835,23.88,0.66,107.076,1.0181,1.58,1700.2,19.26,138.256,294.94,117.18,153049,116.631,3.5,0
07-21-22,1696.835,1720.25,1680.935,1719.16,23.11,0.58,106.91,1.02304,1.58,1713.4,18.71,137.344,294.94,117.18,153049,116.631,3.5,1
07-22-22,1719.16,1739.355,1712.96,1727.66,23.03,0.43,106.73,1.02151,1.58,1727.4,18.3,136.086,294.94,117.18,153049,116.631,3.5,1
07-25-22,1727.66,1736.3,1714.8,1719.875,23.36,0.45,106.483,1.02224,1.58,1719.1,18.3,136.65,294.94,117.18,153049,116.631,3.5,0
07-26-22,1719.875,1728.225,1713.705,1717.465,24.69,0.45,107.189,1.01174,1.58,1717.7,18.06,136.937,294.94,117.18,153049,116.631,3.5,0
07-27-22,1717.465,1740.34,1711.56,1734.625,23.24,0.36,106.452,1.01996,1.58,1719.1,17.39,136.598,294.94,117.18,153049,116.631,3.5,1
07-28-22,1734.625,1757.065,1734.185,1756.11,22.33,0.2,106.351,1.01964,2.33,1769.2,16.84,134.238,294.94,117.18,153049,116.631,3.5,1
07-29-22,1756.11,1767.99,1752.415,1766.26,21.33,0.14,105.903,1.02266,2.32,1781.8,16.49,133.232,294.94,117.18,153049,116.631,3.5,1
08-01-22,1766.26,1775.38,1758.405,1772.12,22.84,0.09,105.45,1.02602,2.33,1787.7,17.52,131.61,295.162,132.86,153286,116.956,3.6,1
08-02-22,1772.12,1788.12,1760.515,1760.91,23.93,0.27,106.241,1.0166,2.33,1789.7,17.34,133.148,295.162,132.86,153286,116.956,3.6,0
08-03-22,1760.91,1772.835,1754.35,1765.37,21.95,0.23,106.506,1.01692,2.33,1776.4,16.76,133.862,295.162,132.86,153286,116.956,3.6,1
08-04-22,1765.37,1794.96,1763.335,1790.966,21.44,0.22,105.693,1.02468,2.33,1806.9,16.95,132.959,295.162,132.86,153286,116.956,3.6,1
08-05-22,1790.966,1794.945,1765.05,1775.8,21.15,0.37,106.621,1.01814,2.33,1791.2,16.37,135.024,295.162,132.86,153286,116.956,3.6,0
08-08-22,1775.8,1790.045,1771.22,1789.24,21.29,0.29,106.435,1.01936,2.33,1805.2,16.76,135.044,295.162,132.86,153286,116.956,3.6,1
08-09-22,1789.24,1800.47,1783.31,1794.4,21.77,0.33,106.374,1.02129,2.33,1812.3,16.69,135.143,295.162,132.86,153286,116.956,3.6,1
08-10-22,1794.4,1807.96,1787.606,1792.285,19.74,0.35,105.196,1.02996,2.33,1813.7,16.27,132.868,295.162,132.86,153286,116.956,3.6,0
08-11-22,1792.285,1799.42,1783.59,1789.505,20.2,0.4,105.09,1.0324,2.33,1807.2,15.81,132.99,295.162,132.86,153286,116.956,3.6,0
08-12-22,1789.505,1802.18,1784.965,1802.025,19.53,0.37,105.631,1.0259,2.33,1815.5,15.22,133.515,295.162,132.86,153286,116.956,3.6,1
08-15-22,1802.025,1802.375,1773.055,1779.56,19.95,0.35,106.546,1.01596,2.33,1798.1,15.37,133.303,295.162,132.86,153286,116.956,3.6,0
08-16-22,1779.56,1783.195,1771.52,1775.825,19.69,0.38,106.5,1.01709,2.33,1789.7,15.27,134.243,295.162,132.86,153286,116.956,3.6,0
08-17-22,1775.825,1782.4,1759.86,1762.24,19.9,0.43,106.574,1.01781,2.33,1776.7,15.32,135.063,295.162,132.86,153286,116.956,3.6,0
08-18-22,1762.24,1772.465,1755.49,1758.42,19.56,0.36,107.484,1.00876,2.33,1771.2,15.36,135.884,295.162,132.86,153286,116.956,3.6,0
08-19-22,1758.42,1759.355,1745.585,1747.5,20.6,0.43,108.169,1.00416,2.33,1762.9,15.91,136.909,295.162,132.86,153286,116.956,3.6,0
08-22-22,1747.5,1749.09,1727.85,1735.88,23.8,0.46,109.046,0.99419,2.33,1748.4,16.57,137.518,295.162,132.86,153286,116.956,3.6,0
08-23-22,1735.88,1754.11,1730.9,1747.98,24.11,0.47,108.624,0.99672,2.33,1761.2,15.8,136.764,295.162,132.86,153286,116.956,3.6,1
08-24-22,1747.98,1755.94,1742.515,1751.485,22.82,0.49,108.677,0.99682,2.33,1761.5,15.9,137.142,295.162,132.86,153286,116.956,3.6,1
08-25-22,1751.485,1765.575,1749.995,1758.43,21.78,0.43,108.47,0.9974,2.33,1771.4,15.57,136.482,295.162,132.86,153286,116.956,3.6,1
08-26-22,1758.43,1758.835,1734.265,1738.05,25.56,0.47,108.803,0.99632,2.33,1749.8,15.42,137.528,295.162,132.86,153286,116.956,3.6,0
08-29-22,1738.05,1745.555,1720.405,1737.535,26.21,0.54,108.835,0.99982,2.33,1749.7,16.02,138.705,295.162,132.86,153286,116.956,3.6,0
08-30-22,1737.535,1740.61,1721.215,1724.355,26.21,0.56,108.773,1.0016,2.33,1736.3,16.52,138.804,295.162,132.86,153286,116.956,3.6,0
08-31-22,1724.355,1726.595,1709.675,1711.04,25.87,0.67,108.7,1.00544,2.33,1726.2,17.02,138.955,295.162,132.86,153286,116.956,3.6,0
09-01-22,1711.04,1711.47,1688.915,1697.33,25.56,0.81,109.691,0.9947,2.33,1709.3,17.8,140.204,296.421,131.99,153513,117.371,3.5,0
09-02-22,1697.33,1718.015,1695.07,1712.665,25.47,0.73,109.534,0.99564,2.33,1722.6,16.88,140.221,296.421,131.99,153513,117.371,3.5,1
09-05-22,1712.665,1715.84,1707.795,1710.155,25.47,0.73,109.534,0.99302,2.33,1722.6,16.88,140.58,296.421,131.99,153513,117.371,3.5,0
09-06-22,1710.155,1726.795,1699.88,1701.86,26.91,0.85,110.214,0.99059,2.33,1712.9,17.68,142.8,296.421,131.99,153513,117.371,3.5,0
09-07-22,1701.86,1719.505,1691.46,1718.445,24.64,0.82,109.84,1.00072,2.33,1727.8,16.77,143.768,296.421,131.99,153513,117.371,3.5,1
09-08-22,1718.445,1728.235,1704,1708.74,23.61,0.88,109.707,0.99992,2.33,1720.2,16.4,144.106,296.421,131.99,153513,117.371,3.5,0
09-09-22,1708.74,1729.566,1708.595,1717.235,22.79,0.91,109.003,1.00467,2.33,1728.6,15.91,142.611,296.421,131.99,153513,117.371,3.5,1
09-12-22,1717.235,1735.18,1712.04,1724.635,23.87,0.95,108.33,1.01222,2.33,1740.6,15.79,142.835,296.421,131.99,153513,117.371,3.5,1
09-13-22,1724.635,1731.835,1697.115,1702.435,27.27,0.98,110.01,0.99674,2.33,1717.4,16.93,144.556,296.421,131.99,153513,117.371,3.5,0
09-14-22,1702.435,1707.15,1693.67,1697.47,26.16,0.95,109.658,0.9979,2.33,1709.1,17.17,143.181,296.421,131.99,153513,117.371,3.5,0
09-15-22,1697.47,1698.32,1660.435,1664.41,26.27,1.02,109.739,0.99972,2.33,1677.3,19.66,143.494,296.421,131.99,153513,117.371,3.5,0
09-16-22,1664.41,1680.44,1654.19,1675.505,26.3,1.07,109.764,1.0017,2.33,1683.5,18.31,142.94,296.421,131.99,153513,117.371,3.5,1
09-19-22,1675.505,1680.015,1659.75,1675.7,25.76,1.15,109.737,1.00253,2.33,1678.2,18.37,143.216,296.421,131.99,153513,117.371,3.5,1
09-20-22,1675.7,1679.495,1660.03,1664.845,27.16,1.17,110.215,0.997,2.33,1671.1,18.59,143.722,296.421,131.99,153513,117.371,3.5,0
09-21-22,1664.845,1688.125,1653.87,1673.8,27.99,1.13,110.642,0.98382,2.33,1675.7,18.48,144.048,296.421,131.99,153513,117.371,3.5,1
09-22-22,1673.8,1684.95,1655.715,1671.335,27.35,1.29,111.353,0.98346,3.08,1681.1,17.93,142.387,296.421,131.99,153513,117.371,3.5,0
09-23-22,1671.335,1675.915,1639.745,1643.925,29.92,1.32,113.192,0.96914,3.08,1655.6,19.42,143.358,296.421,131.99,153513,117.371,3.5,0
09-26-22,1643.925,1649.84,1621.205,1622.845,32.26,1.56,114.103,0.9609,3.08,1633.4,20.26,144.736,296.421,131.99,153513,117.371,3.5,0
09-27-22,1622.845,1642.51,1622.845,1629.49,32.6,1.64,114.106,0.95936,3.08,1636.2,19.26,144.842,296.421,131.99,153513,117.371,3.5,1
09-28-22,1629.49,1662.785,1614.925,1659.995,30.18,1.39,112.604,0.97368,3.08,1670.2,19.27,144.12,296.421,131.99,153513,117.371,3.5,1
09-29-22,1659.995,1664.895,1641.575,1660.85,31.84,1.57,112.254,0.9814,3.08,1668.6,19.78,144.426,296.421,131.99,153513,117.371,3.5,1
09-30-22,1660.85,1675.43,1659.32,1660.95,31.62,1.68,112.117,0.98016,3.08,1672.6,19.52,144.748,296.421,131.99,153513,117.371,3.5,1
10-03-22,1660.95,1701.53,1659.695,1699.795,30.1,1.43,111.745,0.9825,3.08,1702.6,20.29,144.566,297.979,143.16,153913,117.919,3.6,1
10-04-22,1699.795,1729.59,1695.24,1726.465,29.07,1.38,110.065,0.99879,3.08,1730.5,19.55,144.14,297.979,143.16,153913,117.919,3.6,1
10-05-22,1726.465,1727.84,1700.59,1716.445,28.55,1.54,111.074,0.98854,3.08,1720.8,19.69,144.685,297.979,143.16,153913,117.919,3.6,0
10-06-22,1716.445,1725.6,1706.955,1712.74,30.52,1.61,112.258,0.97922,3.08,1720.8,19.67,145.129,297.979,143.16,153913,117.919,3.6,0
10-07-22,1712.74,1714.85,1690.695,1695.74,31.36,1.62,112.795,0.97422,3.08,1709.3,19.66,145.382,297.979,143.16,153913,117.919,3.6,0
10-10-22,1695,1699.915,1665.77,1668.25,32.45,1.62,113.144,0.97046,3.08,1675.2,20.54,145.727,297.979,143.16,153913,117.919,3.6,0
10-11-22,1668.25,1684.04,1661.03,1666.215,33.63,1.62,113.221,0.97036,3.08,1686.2,20.59,145.862,297.979,143.16,153913,117.919,3.6,0
10-12-22,1666.215,1678.37,1661.47,1673.205,33.57,1.62,113.32,0.97038,3.08,1677.5,20.4,146.911,297.979,143.16,153913,117.919,3.6,1
10-13-22,1673.205,1682.495,1642.465,1666.135,31.94,1.63,112.363,0.97789,3.08,1677.5,20.07,147.216,297.979,143.16,153913,117.919,3.6,0
10-14-22,1666.135,1671.825,1640.27,1644.45,32.02,1.59,113.311,0.97237,3.08,1648.9,20.07,148.758,297.979,143.16,153913,117.919,3.6,0
10-17-22,1644.45,1668.53,1644.17,1650.76,31.37,1.57,112.039,0.98446,3.08,1664.9,19.96,149.024,297.979,143.16,153913,117.919,3.6,1
10-18-22,1650.76,1660.936,1645.915,1652.075,30.5,1.6,112.13,0.98588,3.08,1655.8,19.19,149.242,297.979,143.16,153913,117.919,3.6,1
10-19-22,1652.075,1654.475,1627.725,1628.98,30.76,1.72,112.984,0.97726,3.08,1634.2,19.41,149.896,297.979,143.16,153913,117.919,3.6,0
10-20-22,1628.98,1645.675,1622.545,1628.215,29.98,1.73,112.881,0.97886,3.08,1636.8,19.23,150.16,297.979,143.16,153913,117.919,3.6,0
10-21-22,1628.215,1657.955,1617.28,1657.62,29.69,1.69,112.012,0.98605,3.08,1656.3,19.05,147.641,297.979,143.16,153913,117.919,3.6,1
10-24-22,1657.62,1670.785,1644.005,1649.59,29.85,1.66,111.989,0.98736,3.08,1654.1,19.58,149.02,297.979,143.16,153913,117.919,3.6,0
10-25-22,1649.59,1662.445,1638.355,1653.59,28.46,1.59,110.95,0.99679,3.08,1658.1,19.33,147.944,297.979,143.16,153913,117.919,3.6,1
10-26-22,1653,1675.005,1649.82,1665.215,27.28,1.6,109.7,1.00852,3.08,1669.2,18.67,146.376,297.979,143.16,153913,117.919,3.6,1
10-27-22,1665.215,1670.845,1654.89,1663.395,27.39,1.51,110.587,0.99648,3.08,1665.6,18.51,146.291,297.979,143.16,153913,117.919,3.6,0
10-28-22,1663.395,1667.11,1638.12,1644.385,25.75,1.51,110.752,0.9966,3.08,1644.8,18.01,147.481,297.979,143.16,153913,117.919,3.6,0
10-31-22,1644.385,1645.74,1631.805,1633.69,25.88,1.58,111.527,0.98828,3.08,1640.7,18.27,148.742,297.979,143.16,153913,117.919,3.6,0
11-01-22,1633.69,1657.06,1630.795,1647.945,25.81,1.56,111.481,0.98742,3.08,1649.7,18.45,148.226,298.708,116.72,154210,118.224,3.6,1
11-02-22,1647.945,1669.535,1634.785,1635.305,25.86,1.57,111.345,0.98156,3.08,1650.7,17.84,147.918,298.708,116.72,154210,118.224,3.6,0
11-03-22,1635.305,1641.03,1616.675,1629.555,25.3,1.74,112.93,0.975,3.83,1630.9,18.03,148.28,298.708,116.72,154210,118.224,3.6,0
11-04-22,1629.555,1681.755,1628.735,1680.915,24.55,1.69,110.877,0.99589,3.83,1676.6,18.03,146.646,298.708,116.72,154210,118.224,3.6,1
11-07-22,1680.915,1681.945,1666.94,1675.435,24.35,1.69,110.12,1.0021,3.83,1680.5,18.12,146.626,298.708,116.72,154210,118.224,3.6,0
11-08-22,1675.435,1716.97,1664.76,1712.585,25.54,1.64,109.636,1.00732,3.83,1716.5,18.91,145.636,298.708,116.72,154210,118.224,3.6,1
11-09-22,1712.585,1722.345,1702.255,1706.625,26.09,1.7,110.549,1.00117,3.83,1713.7,18.91,146.414,298.708,116.72,154210,118.224,3.6,0
11-10-22,1706.625,1757.32,1703.96,1755.655,23.53,1.43,108.206,1.02076,3.83,1753.7,17.69,140.936,298.708,116.72,154210,118.224,3.6,1
11-11-22,1755.655,1772.935,1747.31,1771.295,22.52,1.43,106.292,1.03542,3.83,1769.4,17.57,138.841,298.708,116.72,154210,118.224,3.6,1
11-14-22,1771.295,1775.09,1753.315,1771.495,23.73,1.51,106.66,1.03271,3.83,1776.9,17.41,139.916,298.708,116.72,154210,118.224,3.6,1
11-15-22,1771.495,1786.545,1767.13,1778.28,24.54,1.45,106.404,1.03481,3.83,1776.8,17.72,139.316,298.708,116.72,154210,118.224,3.6,1
11-16-22,1778.28,1785.095,1770.385,1773.71,24.11,1.38,106.281,1.03944,3.83,1775.8,17.23,139.54,298.708,116.72,154210,118.224,3.6,0
11-17-22,1773.71,1774.885,1754.51,1760.57,23.93,1.49,106.694,1.0365,3.83,1763.8,16.77,140.214,298.708,116.72,154210,118.224,3.6,0
11-18-22,1760.57,1767.735,1747.555,1750.87,23.12,1.57,106.93,1.03223,3.83,1754.4,16.51,140.376,298.708,116.72,154210,118.224,3.6,0
11-21-22,1750.87,1753.065,1732.595,1738.185,22.36,1.52,107.835,1.02416,3.83,1739.6,16.68,142.104,298.708,116.72,154210,118.224,3.6,0
11-22-22,1738.185,1749.795,1737.095,1740.185,21.29,1.44,107.222,1.03026,3.83,1739.9,16.07,141.212,298.708,116.72,154210,118.224,3.6,1
11-23-22,1740,1753.465,1727.495,1749.6,20.35,1.39,106.076,1.03954,3.83,1745.6,15.84,139.59,298.708,116.72,154210,118.224,3.6,1
11-24-22,1749.6,1758.705,1749.335,1755.79,20.35,1.39,106.076,1.04118,3.83,1745.6,15.84,138.636,298.708,116.72,154210,118.224,3.6,1
11-25-22,1755.79,1761.155,1746.02,1753.555,20.5,1.36,105.959,1.03965,3.83,1754.6,15.23,139.164,298.708,116.72,154210,118.224,3.6,0
11-28-22,1753.555,1763.775,1739.675,1741.785,22.21,1.43,106.681,1.03406,3.83,1740.3,15.77,138.92,298.708,116.72,154210,118.224,3.6,0
11-29-22,1741.785,1759.035,1740.24,1749.575,21.89,1.5,106.822,1.0329,3.83,1763.7,15.71,138.702,298.708,116.72,154210,118.224,3.6,1
11-30-22,1749.575,1770.01,1744.95,1768.235,20.58,1.34,105.95,1.04072,3.83,1759.9,15.45,138.118,298.708,116.72,154210,118.224,3.6,1
12-01-22,1768.235,1804.115,1768.235,1803.04,19.84,1.17,104.728,1.0526,3.83,1815.2,15.92,135.348,298.808,111.2,154336,118.384,3.5,1
12-02-22,1803.04,1804.63,1778.545,1797.75,19.06,1.08,104.545,1.05406,3.83,1809.6,15.42,134.332,298.808,111.2,154336,118.384,3.5,0
12-05-22,1797.75,1810.01,1765.91,1768.825,20.75,1.21,105.289,1.04948,3.83,1781.3,15.81,136.754,298.808,111.2,154336,118.384,3.5,0
12-06-22,1768.825,1780.92,1767.365,1771.005,22.17,1.2,105.578,1.04671,3.83,1782.4,16.19,137.055,298.808,111.2,154336,118.384,3.5,1
12-07-22,1771.005,1790.585,1768.825,1786.145,22.68,1.16,105.1,1.05064,3.83,1798.4,16.55,136.586,298.808,111.2,154336,118.384,3.5,1
12-08-22,1786.145,1794.885,1781.49,1789.095,22.29,1.2,104.774,1.05552,3.83,1801.5,16.45,136.69,298.808,111.2,154336,118.384,3.5,1
12-09-22,1789.095,1806.16,1788.54,1797.46,22.83,1.31,104.81,1.05336,3.83,1810.7,16.26,136.568,298.808,111.2,154336,118.384,3.5,1
12-12-22,1797.46,1797.46,1777.685,1781.41,25.83,1.33,105.131,1.05378,3.83,1792.3,15.51,137.656,298.808,111.2,154336,118.384,3.5,0
12-13-22,1781.41,1824.515,1781.025,1810.77,22.55,1.27,103.98,1.06317,3.83,1825.5,14.71,135.6,298.808,111.2,154336,118.384,3.5,1
12-14-22,1810.77,1814.265,1795.495,1807.44,21.14,1.3,103.77,1.06822,3.83,1818.7,14.06,135.482,298.808,111.2,154336,118.384,3.5,0
12-15-22,1807.44,1808.7,1773.845,1776.875,22.83,1.28,104.558,1.06267,4.33,1787.8,14.39,137.782,298.808,111.2,154336,118.384,3.5,0
12-16-22,1776.875,1794.3,1774.365,1793.155,22.62,1.35,104.701,1.05848,4.33,1800.2,14.14,136.741,298.808,111.2,154336,118.384,3.5,1
12-19-22,1793.155,1798.775,1783.905,1787.715,22.42,1.42,104.721,1.06079,4.33,1797.7,14.49,136.912,298.808,111.2,154336,118.384,3.5,0
12-20-22,1787.715,1821.14,1784.695,1817.89,21.48,1.45,103.965,1.06213,4.33,1825.4,15.03,131.7,298.808,111.2,154336,118.384,3.5,1
12-21-22,1817.89,1823.865,1811.925,1814.64,20.07,1.41,104.162,1.06052,4.33,1825.4,14.78,132.447,298.808,111.2,154336,118.384,3.5,0
12-22-22,1814.64,1820.46,1784.85,1792.63,21.97,1.48,104.433,1.05972,4.33,1795.3,14.88,132.374,298.808,111.2,154336,118.384,3.5,0
12-23-22,1792.63,1803.24,1791.25,1798.425,20.87,1.55,104.314,1.06162,4.33,1804.2,14.86,132.827,298.808,111.2,154336,118.384,3.5,1
12-27-22,1798.425,1833.445,1798.425,1813.91,21.65,1.58,104.179,1.0638,4.33,1823.1,16.3,133.506,298.808,111.2,154336,118.384,3.5,1
12-28-22,1813.91,1814.645,1797.1,1804.3,22.14,1.6,104.463,1.06122,4.33,1815.8,15.99,134.486,298.808,111.2,154336,118.384,3.5,0
12-29-22,1804.3,1820.205,1804.18,1814.985,21.44,1.56,103.836,1.0661,4.33,1826.8,16.18,133.026,298.808,111.2,154336,118.384,3.5,1
12-30-22,1814.985,1826.14,1813.4,1823.79,21.67,1.58,103.522,1.07039,4.33,1826.2,16.25,131.101,298.808,111.2,154336,118.384,3.5,1
01-03-23,1823.79,1849.99,1823.79,1839.7,22.9,1.53,104.518,1.0549,4.33,1846.1,17.26,130.984,300.456,104.27,154780,119.018,3.5,1
01-04-23,1839.7,1865.215,1836.24,1854.65,22.01,1.47,104.248,1.06044,4.33,1859.1,17.35,132.672,300.456,104.27,154780,119.018,3.5,1
01-05-23,1854.65,1858.995,1825.13,1832.7,22.46,1.49,105.042,1.05215,4.33,1840.6,16.78,133.424,300.456,104.27,154780,119.018,3.5,0
01-06-23,1832.7,1869.92,1831.42,1866.11,21.13,1.34,103.879,1.06444,4.33,1869.7,16.44,132.094,300.456,104.27,154780,119.018,3.5,1
01-09-23,1866.11,1881.55,1866.11,1871.705,21.97,1.31,103.001,1.07338,4.33,1877.8,16.92,131.878,300.456,104.27,154780,119.018,3.5,1
01-10-23,1871.705,1880.795,1867.93,1876.99,20.58,1.37,103.236,1.07342,4.33,1876.5,16.59,132.235,300.456,104.27,154780,119.018,3.5,1
01-11-23,1876.99,1886.695,1867.22,1875.965,21.09,1.31,103.188,1.07579,4.33,1878.9,16.32,132.506,300.456,104.27,154780,119.018,3.5,0
01-12-23,1875.965,1901.705,1870.3,1896.785,18.83,1.22,102.246,1.08514,4.33,1898.8,15.95,129.302,300.456,104.27,154780,119.018,3.5,1
01-13-23,1896.785,1921.91,1892.395,1920.315,18.35,1.31,102.204,1.08324,4.33,1921.7,16.37,127.857,300.456,104.27,154780,119.018,3.5,1
01-16-23,1920.315,1929.06,1910.915,1916.01,19.49,1.31,102.388,1.08237,4.33,1921.7,16.37,128.524,300.456,104.27,154780,119.018,3.5,0
01-17-23,1916.01,1919.095,1903.81,1908.71,19.36,1.36,102.39,1.0788,4.33,1909.9,16.49,128.156,300.456,104.27,154780,119.018,3.5,0
01-18-23,1908.71,1925.945,1896.675,1904.51,20.34,1.25,102.363,1.07946,4.33,1907.9,16.19,128.904,300.456,104.27,154780,119.018,3.5,0
01-19-23,1904.51,1935.21,1901.035,1932.26,20.52,1.19,102.058,1.08312,4.33,1923.9,16.71,128.424,300.456,104.27,154780,119.018,3.5,1
01-20-23,1932.26,1937.58,1920.72,1926.06,19.85,1.25,102.012,1.08555,4.33,1928.2,16.4,129.568,300.456,104.27,154780,119.018,3.5,0
01-23-23,1926.06,1935.59,1911.435,1931.34,19.81,1.24,102.138,1.08718,4.33,1928.6,16.2,130.682,300.456,104.27,154780,119.018,3.5,1
01-24-23,1931.34,1942.555,1917.22,1937.315,19.2,1.19,101.918,1.08882,4.33,1935.4,16.17,130.2,300.456,104.27,154780,119.018,3.5,1
01-25-23,1937.315,1948.1,1919.945,1946.325,19.08,1.17,101.641,1.09152,4.33,1942.6,16.12,129.578,300.456,104.27,154780,119.018,3.5,1
01-26-23,1946.325,1949.26,1918.695,1929.215,18.73,1.16,101.839,1.08912,4.33,1930.6,15.59,130.238,300.456,104.27,154780,119.018,3.5,0
01-27-23,1929.215,1935.05,1916.745,1927.73,18.51,1.19,101.927,1.08679,4.33,1929.4,15.23,129.832,300.456,104.27,154780,119.018,3.5,0
01-30-23,1927.73,1934.565,1920.745,1923.2,19.94,1.26,102.276,1.08517,4.33,1939.2,15.59,130.43,300.456,104.27,154780,119.018,3.5,0
01-31-23,1923.2,1931.19,1900.87,1928.235,19.4,1.28,102.097,1.08632,4.33,1945.3,15.75,130.098,300.456,104.27,154780,119.018,3.5,1
02-01-23,1928.235,1954.645,1920.58,1950.145,17.87,1.14,101.217,1.09896,4.33,1942.8,15.22,128.921,301.476,120.99,155086,119.369,3.6,1
02-02-23,1950.145,1959.77,1911.375,1912.69,18.73,1.18,101.75,1.09098,4.58,1930.8,15.14,128.714,301.476,120.99,155086,119.369,3.6,0
02-03-23,1912.69,1918.65,1861.43,1865.695,18.33,1.31,102.915,1.0794,4.58,1876.6,15.06,131.206,301.476,120.99,155086,119.369,3.6,0
02-06-23,1865.695,1881.405,1862.13,1867.695,19.43,1.38,103.621,1.0725,4.58,1879.5,15.81,132.632,301.476,120.99,155086,119.369,3.6,1
02-07-23,1867.695,1884.41,1865.05,1871.885,18.66,1.36,103.427,1.07274,4.58,1884.8,15.62,131.062,301.476,120.99,155086,119.369,3.6,1
02-08-23,1871.885,1886.515,1869.16,1875.55,19.63,1.29,103.409,1.07143,4.58,1890.7,15.46,131.451,301.476,120.99,155086,119.369,3.6,1
02-09-23,1875.55,1890.25,1858.975,1861.78,20.71,1.34,103.221,1.0739,4.57,1878.5,15.52,131.523,301.476,120.99,155086,119.369,3.6,0
02-10-23,1861.78,1872.21,1852.835,1865.35,20.53,1.41,103.63,1.06774,4.58,1874.5,15.46,131.428,301.476,120.99,155086,119.369,3.6,1
02-13-23,1865.35,1866.64,1850.525,1853.74,20.34,1.41,103.345,1.07242,4.58,1863.5,15.58,132.424,301.476,120.99,155086,119.369,3.6,0
02-14-23,1853.74,1870.8,1843.26,1854.435,18.91,1.46,103.233,1.07357,4.58,1865.4,14.88,133.104,301.476,120.99,155086,119.369,3.6,1
02-15-23,1854.435,1860.19,1830.62,1836.005,18.23,1.46,103.923,1.0688,4.58,1845.3,14.9,134.165,301.476,120.99,155086,119.369,3.6,0
02-16-23,1836.005,1845.32,1827.665,1836.52,20.17,1.49,103.856,1.0673,4.58,1851.8,14.92,133.946,301.476,120.99,155086,119.369,3.6,1
02-17-23,1836.52,1843.685,1818.975,1842.565,20.02,1.46,103.862,1.06937,4.58,1850.2,14.69,134.164,301.476,120.99,155086,119.369,3.6,1
02-20-23,1842.565,1847.57,1837.36,1843.76,21.23,1.46,103.858,1.06844,4.58,1850.2,14.69,134.282,301.476,120.99,155086,119.369,3.6,1
02-21-23,1843.76,1843.905,1830.29,1834.915,22.87,1.53,104.176,1.06464,4.58,1842.5,15.48,135.018,301.476,120.99,155086,119.369,3.6,0
02-22-23,1834.915,1846.07,1823.56,1825.305,22.29,1.52,104.585,1.06044,4.58,1841.5,15.05,134.912,301.476,120.99,155086,119.369,3.6,0
02-23-23,1825.305,1833.9,1817.55,1822.3,21.14,1.49,104.598,1.0595,4.58,1826.8,14.84,134.687,301.476,120.99,155086,119.369,3.6,0
02-24-23,1822.3,1827.885,1809.01,1810.985,21.67,1.57,105.214,1.05457,4.58,1817.1,14.56,136.492,301.476,120.99,155086,119.369,3.6,0
02-27-23,1810.985,1820.2,1806.705,1817.25,20.95,1.56,104.673,1.06098,4.57,1824.9,14.35,136.226,301.476,120.99,155086,119.369,3.6,1
02-28-23,1817.25,1831.175,1804.685,1826.67,20.7,1.49,104.869,1.05753,4.57,1836.7,14.17,136.224,301.476,120.99,155086,119.369,3.6,1
03-01-23,1826.67,1844.83,1823.15,1836.65,20.58,1.57,104.483,1.06696,4.58,1845.4,14.16,136.214,301.643,105.38,155171,119.538,3.5,1
03-02-23,1836.65,1839.03,1830.05,1835.94,19.59,1.6,105.027,1.05969,4.57,1840.5,13.94,136.765,301.643,105.38,155171,119.538,3.5,0
03-03-23,1835.94,1856.39,1835.94,1855.435,18.49,1.45,104.521,1.06342,4.57,1854.6,13.93,135.827,301.643,105.38,155171,119.538,3.5,1
03-06-23,1855.435,1858.31,1845.225,1846.88,18.61,1.49,104.35,1.06831,4.57,1854.6,14.24,135.918,301.643,105.38,155171,119.538,3.5,0
03-07-23,1846.88,1851.705,1812.775,1813.34,19.59,1.59,105.615,1.05492,4.57,1820.6,14.2,137.162,301.643,105.38,155171,119.538,3.5,0
03-08-23,1813.34,1824.305,1809.425,1813.83,19.11,1.66,105.658,1.05432,4.57,1818.6,13.79,137.36,301.643,105.38,155171,119.538,3.5,1
03-09-23,1813.83,1835.725,1811.985,1830.915,22.61,1.63,105.309,1.05822,4.57,1834.6,14.3,136.126,301.643,105.38,155171,119.538,3.5,1
03-10-23,1830.915,1870.245,1827.815,1867.035,24.8,1.44,104.576,1.06386,4.57,1867.2,16.57,135.11,301.643,105.38,155171,119.538,3.5,1
03-13-23,1867.035,1914.695,1867.035,1913.63,26.52,1.31,103.595,1.07316,4.58,1916.5,20.57,133.252,301.643,105.38,155171,119.538,3.5,1
03-14-23,1913.63,1914.225,1895.435,1903.865,23.73,1.33,103.597,1.07333,4.58,1910.9,17.95,134.222,301.643,105.38,155171,119.538,3.5,0
03-15-23,1903.865,1937.39,1885.79,1918.73,26.14,1.22,104.646,1.05756,4.58,1931.3,19.75,133.432,301.643,105.38,155171,119.538,3.5,1
03-16-23,1918.73,1933.54,1907.56,1919.34,22.99,1.34,104.418,1.06124,4.58,1923.3,17.38,133.776,301.643,105.38,155171,119.538,3.5,1
03-17-23,1919.34,1988.335,1918.305,1988.305,25.51,1.29,103.708,1.06656,4.58,1973.5,22.83,131.856,301.643,105.38,155171,119.538,3.5,1
03-20-23,1988.305,2009.85,1965.99,1978.975,24.15,1.33,103.281,1.07238,4.58,1982.8,21.4,131.306,301.643,105.38,155171,119.538,3.5,0
03-21-23,1978.975,1985.22,1935.465,1940.52,21.38,1.36,103.256,1.07694,4.58,1941.1,19.14,132.455,301.643,105.38,155171,119.538,3.5,0
03-22-23,1940.52,1978.915,1934.345,1970.015,22.26,1.2,102.346,1.08561,4.58,1949.6,19.22,131.497,301.643,105.38,155171,119.538,3.5,1
03-23-23,1970.015,2003.36,1964.615,1993.495,22.61,1.19,102.532,1.0832,4.83,1995.9,20.95,130.89,301.643,105.38,155171,119.538,3.5,1
03-24-23,1993.495,2003.08,1975.325,1978.965,21.74,1.16,103.116,1.07598,4.83,1983.8,19.96,130.718,301.643,105.38,155171,119.538,3.5,0
03-27-23,1978.965,1978.965,1944.045,1956.45,20.6,1.29,102.857,1.07992,4.83,1953.8,19.18,131.572,301.643,105.38,155171,119.538,3.5,0
03-28-23,1956.45,1975.365,1949.245,1974.035,19.97,1.24,102.43,1.08454,4.83,1973.5,19.03,130.899,301.643,105.38,155171,119.538,3.5,1
03-29-23,1974.035,1974.46,1958.755,1964.505,19.12,1.24,102.64,1.08453,4.83,1966.9,17.77,132.864,301.643,105.38,155171,119.538,3.5,0
03-30-23,1964.505,1984.365,1955.41,1980.425,19.02,1.21,102.144,1.09062,4.83,1997.7,18.39,132.68,301.643,105.38,155171,119.538,3.5,1
03-31-23,1980.425,1987.645,1966.935,1969.31,18.7,1.16,102.506,1.08422,4.83,1986.2,17.31,132.83,301.643,105.38,155171,119.538,3.5,0
04-03-23,1969.31,1990.545,1949.81,1984.385,18.55,1.14,102.093,1.09028,4.83,2000.4,18.25,132.406,302.858,106.81,155387,119.951,3.4,1
04-04-23,1984.385,2025.07,1977.035,2020.465,19.55,1.1,101.586,1.09566,4.83,2038.2,19.73,131.724,302.858,106.81,155387,119.951,3.4,1
04-05-23,2020.465,2032.11,2010.09,2020.65,19.08,1.07,101.852,1.09076,4.83,2035.6,18.98,131.336,302.858,106.81,155387,119.951,3.4,1
04-06-23,2020.65,2021.485,2000.89,2007.86,18.4,1.06,101.822,1.09217,4.83,2026.4,18.44,131.762,302.858,106.81,155387,119.951,3.4,0
04-10-23,2007.86,2007.86,1981.68,1991.195,18.97,1.14,102.578,1.08614,4.83,2003.8,18.54,133.62,302.858,106.81,155387,119.951,3.4,0
04-11-23,1991.195,2007.495,1988.875,2003.64,19.1,1.14,102.204,1.09131,4.83,2019.8,18.33,133.695,302.858,106.81,155387,119.951,3.4,1
04-12-23,2003.64,2028.4,2001.22,2014.95,19.09,1.14,101.5,1.09904,4.83,2024.9,17.69,133.177,302.858,106.81,155387,119.951,3.4,1
04-13-23,2014.95,2048.77,2014.175,2040.46,17.8,1.16,101.011,1.10472,4.83,2055.3,18.48,132.574,302.858,106.81,155387,119.951,3.4,1
04-14-23,2040.46,2047.505,1992.5,2004.275,17.07,1.22,101.552,1.09944,4.83,2015.8,17.16,133.754,302.858,106.81,155387,119.951,3.4,0
04-17-23,2004.275,2015.075,1981.19,1995.055,16.95,1.28,102.103,1.09274,4.83,2007.8,17.37,134.486,302.858,106.81,155387,119.951,3.4,0
04-18-23,1995.055,2011.89,1991.32,2005.075,16.83,1.3,101.745,1.09738,4.83,2019.7,17.14,134.095,302.858,106.81,155387,119.951,3.4,1
04-19-23,2005.075,2008.255,1969.305,1994.75,16.46,1.32,101.968,1.09561,4.83,2007.3,17.21,134.732,302.858,106.81,155387,119.951,3.4,0
04-20-23,1994.75,2012.445,1990.565,2004.605,17.17,1.28,101.84,1.09705,4.83,2019.1,17.21,134.24,302.858,106.81,155387,119.951,3.4,1
04-21-23,2004.605,2005.62,1971.695,1982.92,16.77,1.29,101.822,1.09893,4.83,1990.5,16.42,134.125,302.858,106.81,155387,119.951,3.4,0
04-24-23,1982.92,1990.845,1974.155,1989.05,16.89,1.24,101.348,1.10458,4.83,1999.8,16.88,134.25,302.858,106.81,155387,119.951,3.4,1
04-25-23,1989.05,2003.89,1976.185,1997.04,18.76,1.15,101.863,1.09748,4.83,2004.5,17.72,133.723,302.858,106.81,155387,119.951,3.4,1
04-26-23,1997.04,2009.45,1983.375,1989.235,18.84,1.18,101.467,1.10405,4.83,1996.5,17.74,133.678,302.858,106.81,155387,119.951,3.4,0
04-27-23,1989.235,2003.415,1974.115,1987.8,17.03,1.26,101.503,1.1029,4.83,1999.5,17.28,133.976,302.858,106.81,155387,119.951,3.4,0
04-28-23,1987.8,1995.14,1976.265,1989.535,15.78,1.26,101.659,1.1017,4.83,1999.1,16.47,136.305,302.858,106.81,155387,119.951,3.4,1
05-01-23,1989.535,2006.07,1977.12,1982.55,16.08,1.36,102.151,1.0977,4.83,1992.2,16.63,137.47,303.316,108.47,155614,120.15,3.6,0
05-02-23,1982.55,2019.455,1978.52,2016.6,17.78,1.24,101.958,1.1,4.83,2023.3,18.69,136.568,303.316,108.47,155614,120.15,3.6,1
05-03-23,2016.6,2040.495,2008.025,2039.565,18.34,1.18,101.343,1.10608,4.83,2037.3,18.7,134.744,303.316,108.47,155614,120.15,3.6,1
05-04-23,2039.565,2067,2030.39,2050.31,20.09,1.18,101.399,1.10132,5.08,2055.7,20.35,134.27,303.316,108.47,155614,120.15,3.6,1
05-05-23,2050.31,2053.045,1999.585,2016.79,17.19,1.23,101.214,1.10188,5.08,2024.8,18.5,134.841,303.316,108.47,155614,120.15,3.6,0
05-08-23,2016.79,2029.4,2014.305,2021.355,16.98,1.29,101.377,1.1004,5.08,2033.2,18.67,135.112,303.316,108.47,155614,120.15,3.6,1
05-09-23,2021.355,2037.655,2019.55,2034.535,17.71,1.3,101.605,1.09605,5.08,2042.9,18.73,135.228,303.316,108.47,155614,120.15,3.6,1
05-10-23,2034.535,2048.245,2021.565,2029.74,16.94,1.26,101.477,1.09834,5.08,2037.1,18.37,134.384,303.316,108.47,155614,120.15,3.6,0
05-11-23,2029.74,2041.39,2011.185,2015.03,16.93,1.23,102.058,1.09158,5.08,2020.5,17.77,134.567,303.316,108.47,155614,120.15,3.6,0
05-12-23,2015.03,2022.58,2000.96,2011.025,17.03,1.28,102.681,1.08498,5.08,2019.8,17.37,135.738,303.316,108.47,155614,120.15,3.6,0
05-15-23,2011.025,2022.115,2007.845,2016.365,17.12,1.31,102.434,1.08745,5.08,2022.7,17.52,136.108,303.316,108.47,155614,120.15,3.6,1
05-16-23,2016.365,2018.39,1985.53,1988.885,17.99,1.35,102.564,1.0862,5.08,1993.7,17.62,136.385,303.316,108.47,155614,120.15,3.6,0
05-17-23,1988.885,1993.12,1975.095,1982.01,16.87,1.35,102.882,1.0839,5.08,1984.9,16.99,137.697,303.316,108.47,155614,120.15,3.6,0
05-18-23,1982.01,1986.07,1952.01,1957.685,16.05,1.42,103.584,1.07712,5.08,1959.8,16.95,138.7,303.316,108.47,155614,120.15,3.6,0
05-19-23,1957.685,1984.325,1954.13,1977.895,16.81,1.46,103.198,1.08062,5.08,1981.6,17.22,137.964,303.316,108.47,155614,120.15,3.6,1
05-22-23,1977.895,1982.67,1968.905,1971.72,17.21,1.48,103.198,1.0813,5.08,1977.2,17.55,138.592,303.316,108.47,155614,120.15,3.6,0
05-23-23,1971.72,1977.805,1954.3,1975.115,18.53,1.44,103.488,1.07707,5.08,1974.5,17.66,138.586,303.316,108.47,155614,120.15,3.6,1
05-24-23,1975.115,1985.39,1956.77,1957.225,20.03,1.48,103.887,1.07494,5.08,1964.6,17.56,139.465,303.316,108.47,155614,120.15,3.6,0
05-25-23,1957.225,1964.785,1938.915,1940.595,19.14,1.58,104.251,1.0725,5.08,1943.7,16.84,140.05,303.316,108.47,155614,120.15,3.6,0
05-26-23,1940.595,1957.36,1936.815,1946.93,17.95,1.57,104.206,1.07252,5.08,1944.3,16.3,140.62,303.316,108.47,155614,120.15,3.6,1
05-29-23,1946.93,1949.77,1940.385,1943.12,17.46,1.57,104.264,1.07091,5.08,1944.3,16.3,140.442,303.316,108.47,155614,120.15,3.6,0
05-30-23,1943.12,1963.55,1932.11,1959.48,17.46,1.47,104.165,1.07342,5.08,1977.1,15.88,139.796,303.316,108.47,155614,120.15,3.6,1
05-31-23,1959.48,1974.835,1953.7,1962.615,17.94,1.46,104.326,1.06888,5.08,1982.1,15.63,139.339,303.316,108.47,155614,120.15,3.6,1
06-01-23,1962.615,1983.18,1953.445,1977.54,15.65,1.45,103.56,1.07622,5.08,1995.5,15.5,138.806,304.099,110.53,155871,120.469,3.6,1
06-02-23,1977.54,1983.505,1947.68,1948.1,14.6,1.51,104.015,1.07078,5.08,1969.6,14.32,139.966,304.099,110.53,155871,120.469,3.6,0
06-05-23,1948.1,1964.055,1938.15,1961.7,14.73,1.5,104.002,1.07119,5.08,1974.3,14.27,139.572,304.099,110.53,155871,120.469,3.6,1
06-06-23,1961.7,1966.385,1954.395,1963.285,13.96,1.5,104.125,1.06922,5.08,1981.5,13.94,139.645,304.099,110.53,155871,120.469,3.6,1
06-07-23,1963.285,1970.22,1939.955,1940.01,13.94,1.58,104.099,1.06985,5.08,1958.4,13.81,140.176,304.099,110.53,155871,120.469,3.6,0
06-08-23,1940.01,1970.54,1940.01,1965.47,13.65,1.53,103.343,1.07828,5.08,1978.6,13.94,138.924,304.099,110.53,155871,120.469,3.6,1
06-09-23,1965.47,1973.16,1956.665,1960.745,13.83,1.55,103.557,1.07496,5.08,1977.2,13.69,139.378,304.099,110.53,155871,120.469,3.6,0
06-12-23,1960.745,1967.015,1949.28,1957.605,15.01,1.56,103.654,1.0758,5.08,1969.7,13.7,139.61,304.099,110.53,155871,120.469,3.6,0
06-13-23,1957.605,1971.21,1940.095,1943.6,14.61,1.64,103.338,1.07933,5.08,1958.6,13.45,140.231,304.099,110.53,155871,120.469,3.6,0
06-14-23,1943.6,1960.31,1939.755,1941.255,13.88,1.62,102.948,1.08316,5.08,1968.9,12.84,140.098,304.099,110.53,155871,120.469,3.6,0
06-15-23,1941.255,1960.31,1925.04,1958.005,14.5,1.51,102.115,1.09455,5.07,1970.7,13.84,140.266,304.099,110.53,155871,120.469,3.6,1
06-16-23,1958.005,1967.92,1953.32,1957.555,13.54,1.55,102.243,1.09416,5.08,1971.2,12.4,141.88,304.099,110.53,155871,120.469,3.6,0
06-19-23,1957.555,1958.81,1947.84,1950.42,14.19,1.55,102.522,1.0921,5.08,1971.2,12.4,141.994,304.099,110.53,155871,120.469,3.6,0
06-20-23,1950.42,1956.84,1929.82,1936.255,13.88,1.52,102.54,1.09179,5.07,1947.7,12.73,141.431,304.099,110.53,155871,120.469,3.6,0
06-21-23,1936.255,1939.575,1919.245,1932.51,13.2,1.51,102.071,1.09866,5.07,1944.9,12.98,141.892,304.099,110.53,155871,120.469,3.6,0
06-22-23,1932.51,1935.005,1912.465,1913.835,12.91,1.56,102.386,1.09558,5.07,1923.7,12.96,143.111,304.099,110.53,155871,120.469,3.6,0
06-23-23,1913.835,1937.305,1910.21,1921.265,13.44,1.53,102.903,1.0896,5.07,1929.6,12.73,143.666,304.099,110.53,155871,120.469,3.6,1
06-26-23,1921.265,1933.395,1921.265,1923.15,14.25,1.54,102.692,1.0905,5.07,1933.8,13.08,143.512,304.099,110.53,155871,120.469,3.6,1
06-27-23,1923.15,1930.73,1910.89,1913.68,13.74,1.57,102.492,1.09608,5.07,1923.8,12.88,144.077,304.099,110.53,155871,120.469,3.6,0
06-28-23,1913.68,1917.285,1902.87,1907.535,13.43,1.53,102.905,1.09128,5.07,1922.2,12.53,144.49,304.099,110.53,155871,120.469,3.6,0
06-29-23,1907.535,1913.18,1893.07,1908.065,13.54,1.65,103.342,1.08644,5.07,1917.9,12.21,144.795,304.099,110.53,155871,120.469,3.6,1
06-30-23,1908.065,1922.78,1900.605,1919.525,13.59,1.59,102.912,1.0911,5.08,1929.4,12.04,144.347,304.099,110.53,155871,120.469,3.6,1
07-03-23,1919.525,1931.085,1910.08,1921.525,13.57,1.61,102.988,1.09144,5.08,1929.5,12.22,144.69,304.615,107.45,156019,120.607,3.5,1
07-04-23,1921.525,1930.765,1920.005,1925.875,13.7,1.61,102.988,1.0878,5.08,1929.5,12.22,144.461,304.615,107.45,156019,120.607,3.5,1
07-05-23,1925.875,1935.05,1914.855,1915.12,14.18,1.69,103.373,1.08534,5.08,1927.1,12.46,144.662,304.615,107.45,156019,120.607,3.5,0
07-06-23,1915.12,1927.665,1902.745,1910.975,15.44,1.78,103.166,1.08921,5.08,1915.4,12.25,144.063,304.615,107.45,156019,120.607,3.5,0
07-07-23,1910.975,1934.935,1909.62,1925.565,14.83,1.79,102.272,1.09688,5.08,1932.5,12.12,142.162,304.615,107.45,156019,120.607,3.5,1
07-10-23,1925.565,1928.28,1912.75,1925.44,15.07,1.76,101.972,1.10012,5.07,1931.5,12.41,141.31,304.615,107.45,156019,120.607,3.5,0
07-11-23,1925.44,1938.495,1924.42,1932.505,14.84,1.75,101.732,1.10087,5.08,1937.1,12.64,140.35,304.615,107.45,156019,120.607,3.5,1
07-12-23,1932.505,1959.75,1932.315,1957.54,13.54,1.6,100.521,1.11316,5.08,1961.7,13.12,138.509,304.615,107.45,156019,120.607,3.5,1
07-13-23,1957.54,1963.735,1952.47,1960.64,13.61,1.52,99.77,1.12264,5.08,1963.8,12.73,138.054,304.615,107.45,156019,120.607,3.5,1
07-14-23,1960.64,1963.795,1950.99,1955.435,13.34,1.59,99.914,1.12274,5.08,1964.4,12.05,138.794,304.615,107.45,156019,120.607,3.5,0
07-17-23,1955.435,1959.91,1945.84,1954.98,13.48,1.56,99.842,1.12398,5.08,1956.4,12.34,138.72,304.615,107.45,156019,120.607,3.5,0
07-18-23,1954.98,1984.425,1954.65,1978.92,13.3,1.57,99.941,1.12284,5.08,1980.8,12.62,138.822,304.615,107.45,156019,120.607,3.5,1
07-19-23,1978.92,1980.995,1969.81,1977.15,13.76,1.53,100.281,1.12027,5.08,1980.8,12.89,139.68,304.615,107.45,156019,120.607,3.5,0
07-20-23,1977.15,1987.53,1965.39,1969.55,13.99,1.5,100.88,1.11298,5.08,1970.9,12.67,140.074,304.615,107.45,156019,120.607,3.5,0
07-21-23,1969.55,1973.85,1956.905,1961.95,13.6,1.49,101.071,1.11256,5.08,1966.6,12.23,141.85,304.615,107.45,156019,120.607,3.5,0
07-24-23,1961.95,1967.905,1953.475,1954.715,13.91,1.48,101.346,1.10648,5.08,1962.2,12.35,141.492,304.615,107.45,156019,120.607,3.5,0
07-25-23,1954.715,1965.72,1952.005,1964.745,13.86,1.52,101.349,1.1055,5.08,1963.7,12.42,140.916,304.615,107.45,156019,120.607,3.5,1
07-26-23,1964.745,1978.405,1962.065,1972.24,13.19,1.5,100.887,1.10862,5.08,1970.1,12.11,140.239,304.615,107.45,156019,120.607,3.5,1
07-27-23,1972.24,1982.265,1942.645,1945.15,14.41,1.64,101.773,1.09762,5.33,1945.7,12.29,139.482,304.615,107.45,156019,120.607,3.5,0
07-28-23,1945.15,1963.575,1945.15,1959.34,13.33,1.58,101.622,1.10171,5.33,1999.9,11.78,141.171,304.615,107.45,156019,120.607,3.5,1
07-31-23,1959.34,1972.455,1950.206,1965.615,13.63,1.6,101.855,1.09978,5.33,2009.2,12.16,142.261,304.615,107.45,156019,120.607,3.5,1
08-01-23,1965.615,1966.015,1941.29,1944.2,13.93,1.68,102.303,1.09848,5.33,1978.8,11.83,143.329,306.138,101.14,156176,120.97,3.7,0
08-02-23,1944.2,1954.88,1933.036,1934.71,16.09,1.72,102.59,1.09389,5.33,1975.8,12.45,143.338,306.138,101.14,156176,120.97,3.7,0
08-03-23,1934.71,1938.94,1929.61,1934.225,15.92,1.83,102.542,1.09498,5.33,1968.8,12.79,142.526,306.138,101.14,156176,120.97,3.7,0
08-04-23,1934.225,1946.99,1924.78,1942.655,17.1,1.67,102.017,1.10096,5.33,1976.1,12.22,141.77,306.138,101.14,156176,120.97,3.7,1
08-07-23,1942.655,1946.815,1931.525,1936.585,15.77,1.68,102.047,1.10027,5.33,1970.1,12.24,142.48,306.138,101.14,156176,120.97,3.7,0
08-08-23,1936.585,1938.155,1922.795,1925.16,15.99,1.66,102.528,1.09565,5.33,1959.9,12.21,143.388,306.138,101.14,156176,120.97,3.7,0
08-09-23,1925.16,1932.395,1914.125,1914.95,15.96,1.66,102.49,1.09736,5.33,1950.6,12.33,143.74,306.138,101.14,156176,120.97,3.7,0
08-10-23,1914.95,1930.18,1912.245,1912.42,15.85,1.76,102.524,1.09806,5.33,1948.9,11.84,144.759,306.138,101.14,156176,120.97,3.7,0
08-11-23,1912.42,1920.97,1910.9,1913.815,14.84,1.8,102.842,1.09468,5.33,1946.6,11.54,144.972,306.138,101.14,156176,120.97,3.7,1
08-14-23,1913.815,1916.26,1902.73,1907.505,14.82,1.83,103.19,1.09072,5.33,1944.6,11.97,145.552,306.138,101.14,156176,120.97,3.7,0
08-15-23,1907.505,1911.71,1896.455,1901.82,16.46,1.89,103.209,1.09044,5.33,1935.2,12.11,145.572,306.138,101.14,156176,120.97,3.7,0
08-16-23,1901.82,1907.275,1891.875,1892.09,16.78,1.96,103.431,1.08792,5.33,1928.3,12.43,146.356,306.138,101.14,156176,120.97,3.7,0
08-17-23,1892.09,1903.515,1885.085,1889.25,17.89,1.97,103.572,1.08723,5.33,1915.2,12.89,145.857,306.138,101.14,156176,120.97,3.7,0
08-18-23,1889.25,1896.905,1886.81,1889.545,17.3,1.94,103.375,1.08727,5.33,1916.5,12.63,145.405,306.138,101.14,156176,120.97,3.7,1
08-21-23,1889.545,1898.825,1884.885,1894.895,17.13,2.94,103.3,1.08957,5.33,1923.5,12.91,146.224,306.138,101.14,156176,120.97,3.7,1
08-22-23,1894.895,1904.55,1889.195,1897.675,16.97,1.99,103.563,1.08461,5.33,1926.5,12.58,145.88,306.138,101.14,156176,120.97,3.7,1
08-23-23,1897.675,1920.425,1897.67,1915.41,15.98,1.84,103.419,1.08629,5.33,1948.1,12.67,144.853,306.138,101.14,156176,120.97,3.7,1
08-24-23,1915.41,1923.4,1911.845,1916.79,17.2,1.91,103.982,1.08102,5.33,1947.1,12.53,145.852,306.138,101.14,156176,120.97,3.7,1
08-25-23,1916.79,1922.44,1903.81,1914.425,15.68,1.92,104.077,1.07944,5.33,1939.9,12.09,146.44,306.138,101.14,156176,120.97,3.7,0
08-28-23,1914.425,1926.1,1912.835,1920.19,15.08,1.9,104.058,1.0819,5.33,1946.8,12.21,146.534,306.138,101.14,156176,120.97,3.7,1
08-29-23,1920.19,1938.235,1914.485,1937.435,14.45,1.83,103.531,1.08788,5.33,1965.1,12.5,145.88,306.138,101.14,156176,120.97,3.7,1
08-30-23,1937.435,1949.115,1934.995,1942.425,13.88,1.86,103.157,1.09234,5.33,1973.1,12.39,146.252,306.138,101.14,156176,120.97,3.7,1
08-31-23,1942.425,1947.955,1939.085,1939.855,13.57,1.85,103.619,1.08434,5.33,1965.9,11.78,145.537,306.138,101.14,156176,120.97,3.7,0
09-01-23,1939.855,1953.055,1934.47,1939.9,13.09,1.92,104.236,1.07752,5.33,1967.1,11.28,146.232,307.374,98.63,156334,121.419,3.8,1
09-04-23,1939.9,1946.335,1936.805,1938.455,13.82,1.92,104.112,1.07966,5.33,1967.1,11.28,146.488,307.374,98.63,156334,121.419,3.8,0
09-05-23,1938.455,1939.035,1925.37,1926.01,14.01,1.98,104.807,1.07217,5.33,1952.6,11.36,147.726,307.374,98.63,156334,121.419,3.8,0
09-06-23,1926.01,1929.245,1915.345,1916.49,14.45,2.98,104.861,1.07272,5.33,1944.2,11.31,147.672,307.374,98.63,156334,121.419,3.8,0
09-07-23,1916.49,1923.67,1916.27,1919.66,14.4,1.95,105.059,1.06959,5.33,1942.5,11.11,147.296,307.374,98.63,156334,121.419,3.8,1
09-08-23,1919.66,1929.75,1917.385,1919.085,13.84,1.93,105.09,1.06992,5.33,1942.7,10.99,147.796,307.374,98.63,156334,121.419,3.8,0
09-11-23,1919.085,1930.78,1916.63,1922.38,13.8,1.94,104.569,1.07504,5.33,1947.2,10.75,146.588,307.374,98.63,156334,121.419,3.8,1
09-12-23,1922.38,1924.555,1907.62,1913.43,14.23,1.93,104.711,1.07566,5.33,1935.1,10.82,147.076,307.374,98.63,156334,121.419,3.8,0
09-13-23,1913.43,1915.815,1905.695,1908.32,13.48,1.9,104.766,1.07298,5.33,1932.5,10.33,147.476,307.374,98.63,156334,121.419,3.8,0
09-14-23,1908.32,1912.97,1901.05,1910.72,12.82,1.95,105.405,1.0644,5.33,1932.8,10.22,147.472,307.374,98.63,156334,121.419,3.8,1
09-15-23,1910.72,1930.475,1909.865,1923.92,13.79,1.98,105.322,1.06592,5.33,1946.2,10.34,147.85,307.374,98.63,156334,121.419,3.8,1
09-18-23,1923.92,1934.29,1922.65,1933.695,14.79,1.96,105.202,1.06919,5.33,1953.4,11.1,147.612,307.374,98.63,156334,121.419,3.8,1
09-19-23,1933.695,1937.43,1929.8,1931.36,14.11,2.96,105.157,1.06791,5.33,1953.7,11.09,147.882,307.374,98.63,156334,121.419,3.8,0
09-20-23,1931.36,1947.465,1927.995,1930.62,15.14,2.96,105.12,1.06599,5.33,1967.1,10.96,148.353,307.374,98.63,156334,121.419,3.8,0
09-21-23,1930.62,1931.685,1913.94,1920.085,17.54,2.11,105.363,1.0661,5.33,1939.6,11.11,147.569,307.374,98.63,156334,121.419,3.8,0
09-22-23,1920.085,1929.15,1919.855,1925.43,17.2,2.07,105.583,1.06448,5.33,1945.6,10.87,148.373,307.374,98.63,156334,121.419,3.8,1
09-25-23,1925.43,1927.245,1915.23,1916.015,16.9,2.18,105.998,1.05932,5.33,1936.6,11.43,148.892,307.374,98.63,156334,121.419,3.8,0
09-26-23,1916.015,1916.84,1899.155,1900.67,18.94,2.23,106.231,1.0572,5.33,1919.8,13.63,149.068,307.374,98.63,156334,121.419,3.8,0
09-27-23,1900.67,1903.97,1872.58,1874.835,18.22,2.27,106.666,1.05026,5.33,1890.9,13.86,149.652,307.374,98.63,156334,121.419,3.8,0
09-28-23,1874.835,1879.685,1857.71,1864.795,17.34,2.2,106.224,1.05664,5.33,1878.6,13.09,149.296,307.374,98.63,156334,121.419,3.8,0
09-29-23,1864.795,1879.89,1846.335,1848.82,17.52,2.24,106.121,1.05744,5.33,1866.1,12.94,149.368,307.374,98.63,156334,121.419,3.8,0
10-02-23,1848.82,1848.995,1827.225,1827.89,17.61,2.34,106.904,1.0478,5.33,1847.2,14.13,149.874,307.653,197.89,156520,121.484,3.9,0
10-03-23,1827.89,1833.425,1815.32,1822.905,19.78,2.45,107.904,1.04669,5.33,1841.5,15.31,149.083,307.653,197.89,156520,121.484,3.9,0
10-04-23,1822.905,1830.675,1816.64,1821.315,18.58,2.4,106.799,1.0504,5.33,1834.8,14.58,149.13,307.653,197.89,156520,121.484,3.9,0
10-05-23,1821.315,1829.225,1813.03,1820.3,18.49,2.41,106.332,1.0551,5.33,1831.8,14.7,148.509,307.653,197.89,156520,121.484,3.9,0
10-06-23,1820.3,1834.92,1810.465,1832.035,17.45,2.47,106.044,1.05872,5.33,1845.2,14.03,149.302,307.653,197.89,156520,121.484,3.9,1
10-09-23,1832.035,1863.55,1832.035,1861.405,17.7,2.47,106.083,1.05668,5.33,1864.3,15.18,148.522,307.653,197.89,156520,121.484,3.9,1
10-10-23,1861.405,1865.46,1853.045,1860.46,17.03,2.34,105.825,1.06047,5.33,1875.3,14.49,148.716,307.653,197.89,156520,121.484,3.9,0
10-11-23,1860.46,1877.27,1858.68,1874.055,16.09,2.26,105.82,1.06183,5.33,1887.3,14.38,149.18,307.653,197.89,156520,121.484,3.9,1
10-12-23,1874.055,1885.16,1867.965,1868.835,16.69,2.36,106.599,1.05283,5.33,1883.3,13.98,149.818,307.653,197.89,156520,121.484,3.9,0
10-13-23,1868.835,1932.93,1868.835,1932.365,19.32,2.29,106.648,1.0509,5.33,1941.5,18.91,149.577,307.653,197.89,156520,121.484,3.9,1
10-16-23,1932.365,1932.365,1908.235,1920.165,17.21,2.33,106.243,1.05593,5.33,1934.3,16.22,149.522,307.653,197.89,156520,121.484,3.9,0
10-17-23,1920.165,1931.635,1912.46,1923.23,17.88,2.42,106.25,1.05762,5.33,1935.7,16.59,149.812,307.653,197.89,156520,121.484,3.9,1
10-18-23,1923.23,1962.675,1923.23,1947.815,19.22,2.47,106.565,1.0536,5.33,1968.3,17.38,149.93,307.653,197.89,156520,121.484,3.9,1
10-19-23,1947.815,1977.74,1945.28,1974.075,21.4,2.49,106.253,1.05814,5.33,1980.5,19.4,149.799,307.653,197.89,156520,121.484,3.9,1
10-20-23,1974.075,1997.26,1972.06,1980.9,21.71,2.46,106.163,1.05948,5.33,1994.4,18.56,149.876,307.653,197.89,156520,121.484,3.9,1
10-23-23,1980.9,1982.875,1964.425,1972.84,20.37,2.45,105.536,1.06686,5.33,1987.8,17.28,149.708,307.653,197.89,156520,121.484,3.9,0
10-24-23,1972.84,1980.9,1953.635,1971.025,18.97,2.43,106.27,1.0591,5.33,1986.1,16.05,149.907,307.653,197.89,156520,121.484,3.9,0
10-25-23,1971.025,1987.31,1963.035,1979.96,20.19,2.52,106.528,1.05661,5.33,1994.9,16.76,150.216,307.653,197.89,156520,121.484,3.9,1
10-26-23,1979.96,1993.545,1971.89,1984.95,20.68,2.44,106.602,1.05639,5.33,1997.4,16.53,150.397,307.653,197.89,156520,121.484,3.9,1
10-27-23,1984.95,2009.565,1976.92,2006.02,21.27,2.42,106.559,1.05652,5.33,1998.5,17.69,149.642,307.653,197.89,156520,121.484,3.9,1
10-30-23,2006.02,2006.845,1990.97,1996.26,19.75,2.44,106.12,1.06151,5.33,2005.6,16.84,149.068,307.653,197.89,156520,121.484,3.9,0
10-31-23,1996.26,2007.99,1978.9,1983.9,18.14,2.46,106.663,1.05743,5.33,1994.3,16.23,151.714,307.653,197.89,156520,121.484,3.9,0
11-01-23,1983.9,1992.085,1969.91,1982.355,16.87,2.36,106.884,1.0569,5.33,1987.5,15.36,150.962,308.087,156.7,156661,121.493,3.7,0
11-02-23,1982.355,1991.06,1978.915,1985.91,15.66,2.27,106.124,1.06224,5.33,1993.5,14.76,150.474,308.087,156.7,156661,121.493,3.7,1
11-03-23,1985.91,2004.1,1983.34,1992.59,14.91,2.18,105.021,1.07286,5.33,1999.2,14.04,149.367,308.087,156.7,156661,121.493,3.7,1
11-06-23,1992.59,1993.145,1977.47,1977.975,14.89,2.25,105.215,1.07177,5.33,1988.6,13.25,150.072,308.087,156.7,156661,121.493,3.7,0
11-07-23,1977.975,1978.36,1956.76,1969.3,14.81,2.19,105.542,1.07,5.33,1973.5,13.33,150.414,308.087,156.7,156661,121.493,3.7,0
11-08-23,1969.3,1971.1,1947.48,1950.28,14.45,2.15,105.593,1.07093,5.33,1957.8,14.07,150.976,308.087,156.7,156661,121.493,3.7,0
11-09-23,1950.28,1965.7,1944.725,1958.26,15.29,2.29,105.91,1.06681,5.33,1969.8,14.06,151.348,308.087,156.7,156661,121.493,3.7,1
11-10-23,1958.26,1960.835,1933.03,1938.385,14.17,2.29,105.861,1.06847,5.33,1937.7,13.96,151.54,308.087,156.7,156661,121.493,3.7,0
11-13-23,1938.385,1949.21,1931.685,1946.155,14.76,2.32,105.631,1.06992,5.33,1950.2,13.92,151.721,308.087,156.7,156661,121.493,3.7,1
11-14-23,1946.155,1971.05,1941.535,1963.175,14.16,2.16,104.053,1.08791,5.33,1966.5,13.73,150.383,308.087,156.7,156661,121.493,3.7,1
11-15-23,1963.175,1975.425,1955.49,1959.545,14.18,2.22,104.394,1.08476,5.33,1964.3,12.98,151.387,308.087,156.7,156661,121.493,3.7,0
11-16-23,1959.545,1988,1956.545,1981.39,14.32,2.18,104.349,1.08528,5.33,1987.3,13.04,150.739,308.087,156.7,156661,121.493,3.7,1
11-17-23,1981.39,1993.49,1978.635,1980.73,13.8,2.16,103.917,1.09127,5.33,1984.7,12.97,149.646,308.087,156.7,156661,121.493,3.7,0
11-20-23,1980.73,1985.25,1965.495,1977.845,13.41,2.12,103.438,1.094,5.33,1980.3,12.59,148.394,308.087,156.7,156661,121.493,3.7,0
11-21-23,1977.845,2007.65,1977.845,1998.525,13.35,2.16,103.565,1.09108,5.33,2001.6,14.09,148.4,308.087,156.7,156661,121.493,3.7,1
11-22-23,1998.525,2006.455,1986.965,1989.885,12.85,2.16,103.92,1.08888,5.33,1992.8,13.35,149.536,308.087,156.7,156661,121.493,3.7,0
11-23-23,1989.885,1998.57,1989.825,1992.89,12.8,2.16,103.768,1.09066,5.33,1992.8,13.35,149.572,308.087,156.7,156661,121.493,3.7,1
11-24-23,1992.89,2003.66,1991.49,2002.495,12.46,2.21,103.403,1.09399,5.33,2003.8,13.05,149.45,308.087,156.7,156661,121.493,3.7,1
11-27-23,2002.495,2018.325,2000.67,2014.175,12.69,2.18,103.199,1.09545,5.33,2012.4,13.31,148.673,308.087,156.7,156661,121.493,3.7,1
11-28-23,2014.175,2043.11,2011.685,2040.97,12.69,2.12,102.746,1.09952,5.33,2040.4,15.54,147.466,308.087,156.7,156661,121.493,3.7,1
11-29-23,2040.97,2052.06,2035.32,2044.32,12.98,2.06,102.765,1.09698,5.33,2067.1,15.04,147.236,308.087,156.7,156661,121.493,3.7,1
11-30-23,2044.32,2047.235,2031.53,2036.165,12.92,2.14,103.497,1.08884,5.33,2057.2,14.22,148.217,308.087,156.7,156661,121.493,3.7,0
12-01-23,2036.165,2075.43,2033.94,2071.88,12.63,2.14,103.268,1.08833,5.33,2089.7,16.96,146.805,308.735,142.28,156930,121.66,3.8,1
12-04-23,2071.88,2148.99,2020.135,2029.88,13.08,2.07,103.712,1.08363,5.33,2042.2,17.13,147.228,308.735,142.28,156930,121.66,3.8,0
12-05-23,2029,2041.3,2009.936,2019.345,12.85,2.01,104.05,1.07983,5.33,2036.3,15.46,147.154,308.735,142.28,156930,121.66,3.8,0
12-06-23,2019.345,2035.97,2017.29,2025.475,12.97,1.98,104.153,1.07644,5.33,2047.9,15.4,147.322,308.735,142.28,156930,121.66,3.8,1
12-07-23,2025.475,2039.975,2020.235,2028.515,13.06,1.97,103.541,1.0793,5.33,2046.4,14.93,144.172,308.735,142.28,156930,121.66,3.8,1
12-08-23,2028.515,2034.065,1994.74,2004.44,12.35,2.02,104.01,1.0761,5.33,2014.5,14.14,144.983,308.735,142.28,156930,121.66,3.8,0
12-11-23,2004.44,2007.85,1975.895,1981.84,12.63,2.04,104.095,1.07644,5.33,1993.7,13.99,146.176,308.735,142.28,156930,121.66,3.8,0
12-12-23,1981.84,1996.76,1977.28,1979.435,12.07,2.04,103.865,1.07946,5.33,1993.2,12.82,145.48,308.735,142.28,156930,121.66,3.8,0
12-13-23,1979.435,2027.88,1973.09,2027.575,12.19,1.88,102.869,1.08751,5.33,1997.3,13.67,142.896,308.735,142.28,156930,121.66,3.8,1
12-14-23,2027.575,2047.935,2024.28,2036.265,12.48,1.7,101.956,1.09918,5.33,2044.9,13.96,141.882,308.735,142.28,156930,121.66,3.8,1
12-15-23,2036.265,2044.945,2015.65,2019.54,12.28,1.69,102.55,1.08948,5.33,2035.7,13.49,142.156,308.735,142.28,156930,121.66,3.8,0
12-18-23,2019.54,2033.75,2016.065,2027.24,12.56,1.74,102.561,1.09236,5.33,2040.5,13.79,142.799,308.735,142.28,156930,121.66,3.8,1
12-19-23,2027.24,2047.03,2021.75,2040.245,12.53,1.74,102.167,1.09809,5.33,2052.1,13.75,143.844,308.735,142.28,156930,121.66,3.8,1
12-20-23,2040.245,2043.535,2027.485,2031.78,13.67,1.67,102.408,1.09434,5.33,2047.7,13.82,143.564,308.735,142.28,156930,121.66,3.8,0
12-21-23,2031.78,2046.105,2031.62,2045.92,13.65,1.7,101.843,1.10122,5.33,2051.3,14.27,142.124,308.735,142.28,156930,121.66,3.8,1
12-22-23,2045.92,2070.705,2045.92,2053.2,13.03,1.71,101.698,1.10146,5.33,2069.1,15.25,142.452,308.735,142.28,156930,121.66,3.8,1
12-26-23,2053.2,2069.085,2053.2,2067.71,12.99,1.71,101.466,1.1042,5.33,2069.8,15.83,142.374,308.735,142.28,156930,121.66,3.8,1
12-27-23,2067.71,2084.495,2061.51,2077.12,12.43,1.64,100.986,1.11066,5.33,2093.1,16.96,141.825,308.735,142.28,156930,121.66,3.8,1
12-28-23,2077.12,2088.545,2064.725,2065.265,12.47,1.68,101.229,1.10626,5.33,2083.5,16.05,141.412,308.735,142.28,156930,121.66,3.8,0
12-29-23,2065.265,2074.845,2058.275,2062.97,12.45,1.72,101.333,1.10374,5.33,2071.8,15.85,141.035,308.735,142.28,156930,121.66,3.8,0
01-02-24,2062.97,2078.975,2055.89,2059.045,13.2,1.74,102.2,1.09406,5.33,2073.4,15.73,142.006,309.794,160.16,157049,122.23,3.7,0
01-03-24,2059.045,2066.005,2030.695,2041.29,14.04,1.71,102.494,1.0922,5.33,2042.8,14.85,143.305,309.794,160.16,157049,122.23,3.7,0
01-04-24,2041.29,2051.015,2036.3,2043.435,14.13,1.77,102.422,1.0945,5.33,2050.8,14.2,144.632,309.794,160.16,157049,122.23,3.7,1
01-05-24,2043.435,2064.035,2024.525,2045.625,13.35,1.83,102.412,1.09423,5.33,2049.8,13.81,144.623,309.794,160.16,157049,122.23,3.7,1
01-08-24,2045.625,2046.685,2016.82,2028.035,13.08,1.79,102.209,1.09506,5.33,2033.5,13.56,144.237,309.794,160.16,157049,122.23,3.7,0
01-09-24,2028.035,2042.035,2026.185,2030.02,12.76,1.8,102.57,1.09313,5.33,2033.5,13.16,144.502,309.794,160.16,157049,122.23,3.7,1
01-10-24,2030.02,2040.3,2020.525,2024.32,12.69,1.82,102.362,1.09727,5.33,2027.8,13.26,145.774,309.794,160.16,157049,122.23,3.7,0
01-11-24,2024.32,2045.17,2013.39,2029.015,12.44,1.76,102.291,1.09736,5.33,2019.2,12.8,145.3,309.794,160.16,157049,122.23,3.7,1
01-12-24,2029.015,2062.31,2029.01,2049.155,12.7,1.69,102.404,1.09508,5.33,2051.6,13.49,144.905,309.794,160.16,157049,122.23,3.7,1
01-15-24,2049.155,2058.67,2045.835,2054.765,13.25,1.69,102.599,1.09503,5.33,2051.6,13.49,145.774,309.794,160.16,157049,122.23,3.7,1
01-16-24,2054.765,2055.615,2024.33,2028.505,13.84,1.77,103.357,1.08756,5.33,2030.2,13.55,147.184,309.794,160.16,157049,122.23,3.7,0
01-17-24,2028.505,2032.98,2001.895,2006.335,14.79,1.8,103.45,1.08821,5.33,2006.5,13.53,148.158,309.794,160.16,157049,122.23,3.7,0
01-18-24,2006.335,2023.395,2005.835,2023.02,14.13,1.8,103.536,1.08763,5.33,2021.6,13.09,148.16,309.794,160.16,157049,122.23,3.7,1
01-19-24,2023.02,2039.415,2020.475,2029.62,13.3,1.81,103.288,1.08976,5.33,2029.3,12.95,148.176,309.794,160.16,157049,122.23,3.7,1
01-22-24,2029.62,2032.175,2016.605,2021.66,13.19,1.8,103.331,1.08826,5.33,2022.2,12.83,148.136,309.794,160.16,157049,122.23,3.7,0
01-23-24,2021.66,2037.975,2019.675,2029.155,12.55,1.85,103.617,1.08536,5.33,2025.8,12.73,148.368,309.794,160.16,157049,122.23,3.7,1
01-24-24,2029.155,2036.735,2011.275,2014.235,13.14,1.88,103.236,1.08842,5.33,2016.8,12.7,147.518,309.794,160.16,157049,122.23,3.7,0
01-25-24,2014.235,2025.32,2009.445,2020.94,13.45,1.85,103.574,1.08472,5.33,2017.8,12.79,147.655,309.794,160.16,157049,122.23,3.7,1
01-26-24,2020.94,2026.9,2015.995,2018.59,13.26,1.85,103.474,1.08546,5.33,2017.3,11.91,148.168,309.794,160.16,157049,122.23,3.7,0
01-29-24,2018.59,2037.61,2018.59,2032.53,13.6,1.78,103.459,1.08333,5.33,2025.4,13.08,147.508,309.794,160.16,157049,122.23,3.7,1
01-30-24,2032.53,2048.63,2029.1,2036.83,13.31,1.8,103.418,1.08456,5.33,2050.9,13.05,147.609,309.794,160.16,157049,122.23,3.7,1
01-31-24,2036.83,2056.07,2030.94,2039.155,14.35,1.73,103.512,1.08176,5.33,2067.4,13.16,146.965,309.794,160.16,157049,122.23,3.7,1
02-01-24,2039.155,2065.53,2030.07,2054.825,13.88,1.68,103.066,1.0872,5.33,2071.1,13.72,146.418,311.022,146.6,157271,122.598,3.9,1
02-02-24,2054.825,2057.705,2027.87,2039.75,13.85,1.82,103.962,1.0787,5.33,2053.7,12.66,148.387,311.022,146.6,157271,122.598,3.9,0
02-05-24,2039.75,2042.315,2014.96,2024.89,13.67,1.9,104.453,1.07419,5.33,2042.9,12.49,148.694,311.022,146.6,157271,122.598,3.9,0
02-06-24,2024.89,2038.945,2022.975,2035.885,13.06,1.85,104.138,1.07537,5.33,2051.4,12.31,147.95,311.022,146.6,157271,122.598,3.9,1
02-07-24,2035.885,2044.655,2030.645,2035.885,12.83,1.86,104.052,1.07734,5.33,2051.7,11.84,148.174,311.022,146.6,157271,122.598,3.9,0
02-08-24,2035,2038.785,2020.25,2034.21,12.79,1.91,104.136,1.07782,5.33,2047.9,11.71,149.321,311.022,146.6,157271,122.598,3.9,0
02-09-24,2034.21,2037.25,2020.35,2024.36,12.93,1.92,104.08,1.07854,5.33,2038.7,11.2,149.282,311.022,146.6,157271,122.598,3.9,0
02-12-24,2024.36,2027.665,2011.945,2020.01,13.93,1.93,104.132,1.07716,5.33,2033.7,11.81,149.358,311.022,146.6,157271,122.598,3.9,0
02-13-24,2020.01,2031.588,1990.155,1993.09,15.85,2.02,104.859,1.07094,5.33,2007.2,12.15,150.794,311.022,146.6,157271,122.598,3.9,0
02-14-24,1993.09,1996.155,1984.305,1992.365,14.38,1.97,104.712,1.07276,5.33,2004.3,12.02,150.596,311.022,146.6,157271,122.598,3.9,0
02-15-24,1992.365,2008.34,1990.325,2004.4,14.01,1.94,104.278,1.07726,5.33,2014.9,11.79,149.938,311.022,146.6,157271,122.598,3.9,1
02-16-24,2004.4,2015.23,1995.16,2013.23,14.24,1.97,104.275,1.07768,5.33,2024.1,11.75,150.195,311.022,146.6,157271,122.598,3.9,1
02-19-24,2013.23,2023.07,2000.355,2017.945,14.71,1.97,104.14,1.07792,5.33,2024.1,11.75,150.141,311.022,146.6,157271,122.598,3.9,1
02-20-24,2017.945,2030.92,2015.12,2024.415,15.42,1.95,104.054,1.08078,5.33,2039.8,11.81,149.998,311.022,146.6,157271,122.598,3.9,1
02-21-24,2024.415,2032.33,2020.095,2026.04,15.34,1.98,103.997,1.08196,5.33,2034.3,11.46,150.29,311.022,146.6,157271,122.598,3.9,1
02-22-24,2026.04,2034.945,2019.715,2024.355,14.54,2.02,103.944,1.08231,5.33,2030.7,11.19,150.535,311.022,146.6,157271,122.598,3.9,0
02-23-24,2024.355,2041.41,2016.125,2035.375,13.75,1.96,103.961,1.08206,5.33,2049.4,11.5,150.524,311.022,146.6,157271,122.598,3.9,1
02-26-24,2035.375,2037.13,2025.115,2031.25,13.74,1.97,103.781,1.08514,5.33,2038.9,11.29,150.714,311.022,146.6,157271,122.598,3.9,0
02-27-24,2031.25,2039.51,2028.855,2030.445,13.43,1.99,103.805,1.08452,5.33,2044.1,10.95,150.516,311.022,146.6,157271,122.598,3.9,0
02-28-24,2030.445,2037.95,2024.555,2034.46,13.84,1.94,103.915,1.08387,5.33,2042.7,10.93,150.707,311.022,146.6,157271,122.598,3.9,1
02-29-24,2034.46,2050.745,2028.165,2044.29,13.4,1.92,104.146,1.08048,5.33,2054.7,11.16,149.986,311.022,146.6,157271,122.598,3.9,1
03-01-24,2044.29,2088.38,2039.11,2082.73,13.11,1.87,103.885,1.08398,5.33,2095.7,13.47,150.141,312.107,133.21,157517,123.038,3.9,1
03-04-24,2082.73,2119.975,2079.53,2114.365,13.49,1.88,103.835,1.08556,5.33,2126.3,14.61,150.522,312.107,133.21,157517,123.038,3.9,1
03-05-24,2114.365,2141.88,2110.53,2128.045,14.46,1.81,103.77,1.08568,5.33,2141.9,14.54,150.062,312.107,133.21,157517,123.038,3.9,1
03-06-24,2128.045,2152.25,2123.765,2148.15,14.5,1.81,103.352,1.0899,5.33,2158.2,15.17,149.41,312.107,133.21,157517,123.038,3.9,1
03-07-24,2148.15,2164.8,2144.255,2160.115,14.44,1.81,102.796,1.09484,5.33,2165.2,15.09,148.032,312.107,133.21,157517,123.038,3.9,1
03-08-24,2160.115,2195.235,2154.06,2179.105,14.74,1.81,102.741,1.09388,5.33,2185.5,15.47,147.077,312.107,133.21,157517,123.038,3.9,1
03-11-24,2179.105,2189.125,2174.86,2182.73,15.22,1.83,102.849,1.09254,5.33,2188.6,15.5,146.944,312.107,133.21,157517,123.038,3.9,1
03-12-24,2182.73,2184.815,2150.66,2158.46,13.84,1.86,102.925,1.09265,5.33,2166.1,14.1,147.656,312.107,133.21,157517,123.038,3.9,0
03-13-24,2158.46,2179.92,2155.855,2174.385,13.75,1.89,102.794,1.09481,5.33,2180.8,14.09,147.758,312.107,133.21,157517,123.038,3.9,1
03-14-24,2174.385,2177.045,2152.845,2162.13,14.4,1.99,103.361,1.08835,5.33,2167.5,13.3,148.324,312.107,133.21,157517,123.038,3.9,0
03-15-24,2162.13,2172.81,2155.25,2156.01,14.41,1.99,103.446,1.08882,5.33,2161.5,13.54,149.055,312.107,133.21,157517,123.038,3.9,0
03-18-24,2156.01,2163.63,2146.155,2160.32,14.33,2.03,103.581,1.08726,5.33,2164.3,13.83,149.153,312.107,133.21,157517,123.038,3.9,1
03-19-24,2160.32,2162.905,2147.205,2157.575,13.82,2.03,103.822,1.08661,5.33,2159.7,13.48,150.848,312.107,133.21,157517,123.038,3.9,0
03-20-24,2157.575,2188.905,2149.66,2186.37,13.04,1.96,103.379,1.0922,5.33,2161.7,13.62,151.244,312.107,133.21,157517,123.038,3.9,1
03-21-24,2186.37,2222.915,2166.445,2181.36,12.92,1.93,103.969,1.08598,5.33,2184.7,13.42,151.63,312.107,133.21,157517,123.038,3.9,0
03-22-24,2181.36,2186.13,2157.13,2165.31,13.06,1.87,104.43,1.08077,5.33,2160.7,12.53,151.44,312.107,133.21,157517,123.038,3.9,0
03-25-24,2165.31,2181.41,2163.615,2171.805,13.19,1.92,104.223,1.08375,5.33,2176.4,12.09,151.417,312.107,133.21,157517,123.038,3.9,1
03-26-24,2171.805,2200.175,2167.625,2178.74,13.24,1.92,104.295,1.08312,5.33,2177.2,12.57,151.555,312.107,133.21,157517,123.038,3.9,1
03-27-24,2178.74,2197.675,2173.485,2194.86,12.78,1.88,104.295,1.08278,5.33,2212.7,13.58,151.325,312.107,133.21,157517,123.038,3.9,1
03-28-24,2194.86,2236.33,2187.41,2233.12,13.01,1.88,104.538,1.07876,5.33,2238.4,15.44,151.386,312.107,133.21,157517,123.038,3.9,1
04-01-24,2233.12,2265.775,2228.54,2251.67,13.65,1.98,104.964,1.07431,5.33,2257.1,16.25,151.654,313.016,163.74,157635,123.341,3.9,1
04-02-24,2251.67,2281.155,2246.715,2280.815,14.61,2.98,104.752,1.07696,5.33,2281.8,17.13,151.558,313.016,163.74,157635,123.341,3.9,1
04-03-24,2280.815,2301.27,2265.505,2299.93,14.33,2.98,104.227,1.08361,5.33,2315.8,17.49,151.701,313.016,163.74,157635,123.341,3.9,1
04-04-24,2299.93,2305.65,2279.725,2291.21,16.35,1.97,104.208,1.08374,5.33,2308.5,17.29,151.346,313.016,163.74,157635,123.341,3.9,0
04-05-24,2291.21,2330.525,2267.78,2330.16,16.03,2.02,104.286,1.08376,5.33,2345.4,16.92,151.63,313.016,163.74,157635,123.341,3.9,1
04-08-24,2330.16,2354.155,2302.975,2339.15,15.19,2.04,104.122,1.08592,5.33,2351.4,18.17,151.852,313.016,163.74,157635,123.341,3.9,1
04-09-24,2339.15,2365.395,2337.27,2352.41,14.98,2.04,104.11,1.0857,5.33,2362.4,18.3,151.781,313.016,163.74,157635,123.341,3.9,1
04-10-24,2352.41,2360.15,2319.395,2333.865,15.8,2.15,105.19,1.07427,5.33,2348.4,18.67,153.145,313.016,163.74,157635,123.341,3.9,0
04-11-24,2333.865,2377.755,2325.74,2372.285,14.91,2.16,105.258,1.07262,5.33,2372.7,18.97,153.277,313.016,163.74,157635,123.341,3.9,1
04-12-24,2372.285,2431.59,2333.88,2344.235,17.31,2.11,106.013,1.06417,5.33,2374.1,20.21,153.312,313.016,163.74,157635,123.341,3.9,0
04-15-24,2344.235,2387.645,2324.255,2383.51,19.23,2.2,106.182,1.06248,5.33,2383.1,22.25,154.273,313.016,163.74,157635,123.341,3.9,1
04-16-24,2383.51,2398.38,2363.06,2383.13,18.4,2.24,106.372,1.06186,5.33,2407.8,20.56,154.731,313.016,163.74,157635,123.341,3.9,0
04-17-24,2383.13,2395.64,2354.73,2361.095,18.21,2.2,105.919,1.06728,5.33,2388.4,19.01,154.396,313.016,163.74,157635,123.341,3.9,0
04-18-24,2361.095,2392.86,2361.095,2379.05,18.21,2.24,106.157,1.06439,5.33,2398.4,18.65,154.656,313.016,163.74,157635,123.341,3.9,1
04-19-24,2379.05,2417.92,2372.91,2392.07,18.71,2.21,106.117,1.06564,5.33,2413.8,18.51,154.644,313.016,163.74,157635,123.341,3.9,1
04-22-24,2392.07,2392.07,2324.67,2327.24,16.94,2.21,106.12,1.06538,5.33,2346.4,17.76,154.836,313.016,163.74,157635,123.341,3.9,0
04-23-24,2327.24,2334.51,2291.465,2322.13,15.69,2.2,105.685,1.07024,5.33,2342.1,17.73,154.836,313.016,163.74,157635,123.341,3.9,0
04-24-24,2322.13,2337.385,2311.815,2315.95,15.97,2.24,105.822,1.06992,5.33,2338.4,17.45,155.346,313.016,163.74,157635,123.341,3.9,0
04-25-24,2315.95,2344.93,2305.025,2332.49,15.37,2.28,105.572,1.073,5.33,2342.5,17.32,155.646,313.016,163.74,157635,123.341,3.9,1
04-26-24,2332.49,2352.64,2326.365,2338.05,15.03,2.24,106.092,1.06932,5.33,2347.2,16.92,158.345,313.016,163.74,157635,123.341,3.9,1
04-29-24,2338.05,2346.83,2319.84,2335.55,14.67,2.22,105.634,1.072,5.33,2357.7,16.92,156.36,313.016,163.74,157635,123.341,3.9,0
04-30-24,2335.55,2336.41,2285.22,2286.21,15.65,2.28,106.307,1.06661,5.33,2302.9,16.54,157.814,313.016,163.74,157635,123.341,3.9,0
05-01-24,2286.21,2328.43,2281.68,2319.56,15.39,2.25,105.631,1.07132,5.33,2311.9,16.25,154.442,313.14,130.52,157828,123.348,4.9,1
05-02-24,2319.56,2326.515,2285.545,2303.8,14.68,2.21,105.344,1.07252,5.33,2309.6,16.05,153.678,313.14,130.52,157828,123.348,4.9,0
05-03-24,2303.8,2320.705,2277.345,2301.81,13.49,2.15,105.076,1.0763,5.33,2308.6,15.83,152.984,313.14,130.52,157828,123.348,4.9,0
05-06-24,2301.81,2332.225,2291.85,2323.995,13.49,2.14,105.087,1.07702,5.33,2331.2,16.23,153.899,313.14,130.52,157828,123.348,4.9,1
05-07-24,2323.995,2329.98,2310.04,2314.135,13.23,2.15,105.38,1.07548,5.33,2324.2,15.75,154.692,313.14,130.52,157828,123.348,4.9,0
05-08-24,2314.135,2321.53,2303.745,2308.69,13.23,2.17,105.501,1.07485,5.33,2322.3,15.29,155.532,313.14,130.52,157828,123.348,4.9,0
05-09-24,2308.69,2347.25,2306.655,2346.245,12.69,2.13,105.202,1.07818,5.33,2340.3,16.27,155.481,313.14,130.52,157828,123.348,4.9,1
05-10-24,2346.245,2378.56,2345.325,2360.515,12.55,2.16,105.314,1.07708,5.33,2375.3,16.2,155.772,313.14,130.52,157828,123.348,4.9,1
05-13-24,2360.515,2364.555,2332.11,2336.14,13.6,2.15,105.213,1.07899,5.33,2343.3,16.52,156.222,313.14,130.52,157828,123.348,4.9,0
05-14-24,2336.14,2359.705,2334.89,2357.98,13.42,2.12,105.021,1.08198,5.33,2359.9,16.61,156.431,313.14,130.52,157828,123.348,4.9,1
05-15-24,2357.98,2390.315,2351.915,2386.13,12.45,2.05,104.283,1.08838,5.33,2394.9,16.99,154.905,313.14,130.52,157828,123.348,4.9,1
05-16-24,2386.13,2397.515,2371.01,2376.955,12.42,2.07,104.491,1.08672,5.33,2385.5,16.26,155.398,313.14,130.52,157828,123.348,4.9,0
05-17-24,2376.955,2422.79,2374.02,2414.715,11.99,2.1,104.497,1.08697,5.33,2417.4,17.4,155.642,313.14,130.52,157828,123.348,4.9,1
05-20-24,2414.715,2450.125,2407.34,2426.53,12.15,2.11,104.624,1.08568,5.33,2438.5,17.58,156.276,313.14,130.52,157828,123.348,4.9,1
05-21-24,2426.53,2433.995,2406.16,2421.025,11.86,2.09,104.622,1.0854,5.33,2425.9,16.76,156.196,313.14,130.52,157828,123.348,4.9,0
05-22-24,2421.025,2426.615,2374.995,2379.175,12.29,2.1,104.91,1.08223,5.33,2392.9,16.45,156.83,313.14,130.52,157828,123.348,4.9,0
05-23-24,2379.175,2383.785,2327.02,2328.675,12.77,2.17,105.048,1.08156,5.33,2337.2,16.03,156.945,313.14,130.52,157828,123.348,4.9,0
05-24-24,2328.675,2347.54,2325.465,2334.675,11.93,2.14,104.747,1.08468,5.33,2334.5,15.26,156.995,313.14,130.52,157828,123.348,4.9,1
05-27-24,2334,2358.565,2332.285,2351.375,12.36,2.14,104.582,1.08582,5.33,2334.5,15.26,156.899,313.14,130.52,157828,123.348,4.9,1
05-28-24,2351.375,2364.175,2340.31,2361.385,12.92,2.2,104.613,1.08567,5.33,2356.5,15.92,157.19,313.14,130.52,157828,123.348,4.9,1
05-29-24,2361.385,2361.615,2334.54,2338.145,14.28,2.25,105.117,1.0801,5.33,2341.2,15.83,157.668,313.14,130.52,157828,123.348,4.9,0
05-30-24,2338.145,2351.905,2322.66,2343.34,14.47,2.19,104.744,1.08322,5.33,2366.5,15.74,156.816,313.14,130.52,157828,123.348,4.9,1
05-31-24,2343.34,2359.725,2320.595,2327.2,12.92,2.16,104.625,1.08486,5.33,2345.8,15.26,157.302,313.14,130.52,157828,123.348,4.9,0
06-03-24,2327.2,2354.77,2314.795,2350.635,13.11,2.08,104.045,1.09043,5.33,2369.3,16.26,156.083,313.131,112.88,157915,123.539,4.1,1
06-04-24,2350.635,2352.885,2315.675,2327.01,13.16,2.02,104.147,1.08792,5.33,2347.4,16.22,154.896,313.131,112.88,157915,123.539,4.1,0
06-05-24,2327.01,2357.425,2325.965,2355.28,12.63,1.99,104.293,1.08693,5.33,2375.5,16.5,156.109,313.131,112.88,157915,123.539,4.1,1
06-06-24,2355.28,2378.6,2353.5,2376.09,12.58,2.99,104.091,1.08898,5.33,2390.9,16.85,155.618,313.131,112.88,157915,123.539,4.1,1
06-07-24,2376.09,2387.785,2286.83,2294.015,12.22,2.13,104.934,1.08017,5.33,2325.9,17.13,156.772,313.131,112.88,157915,123.539,4.1,0
06-10-24,2294.015,2313.865,2287.805,2310.995,12.74,2.16,105.103,1.07658,5.33,2327.9,16.66,157.032,313.131,112.88,157915,123.539,4.1,1
06-11-24,2310.995,2320,2297.8,2316.905,12.85,2.12,105.256,1.07406,5.33,2326.6,16.45,157.14,313.131,112.88,157915,123.539,4.1,1
06-12-24,2316.905,2341.7,2310.75,2325.03,12.04,2.09,104.684,1.08092,5.33,2354.8,15.92,156.732,313.131,112.88,157915,123.539,4.1,1
06-13-24,2325.03,2326.795,2295.59,2304.135,11.94,2.03,105.239,1.07384,5.33,2318.8,15.71,157.006,313.131,112.88,157915,123.539,4.1,0
06-14-24,2304.135,2336.725,2301.605,2332.645,12.66,2.03,105.517,1.07028,5.33,2349.1,16.07,157.409,313.131,112.88,157915,123.539,4.1,1
06-17-24,2332.645,2332.645,2310.02,2319.285,12.75,2.06,105.331,1.07338,5.33,2329.1,15.63,157.729,313.131,112.88,157915,123.539,4.1,0
06-18-24,2320.295,2333.165,2306.65,2329.58,12.3,2.01,105.253,1.07392,5.33,2346.9,15.64,157.856,313.131,112.88,157915,123.539,4.1,1
06-19-24,2329.005,2335.03,2323.78,2328.23,12.48,2.01,105.225,1.07436,5.33,2346.9,15.64,158.084,313.131,112.88,157915,123.539,4.1,0
06-20-24,2330.075,2365.59,2327.765,2360.145,13.28,2.01,105.655,1.07026,5.33,2369.9,16.4,158.93,313.131,112.88,157915,123.539,4.1,1
06-21-24,2359.665,2368.765,2316.785,2321.875,13.2,2.02,105.832,1.06927,5.33,2331.2,15.86,159.822,313.131,112.88,157915,123.539,4.1,0
06-24-24,2321.03,2334.73,2317.775,2334.43,13.33,2.03,105.482,1.07338,5.33,2344.4,15.49,159.624,313.131,112.88,157915,123.539,4.1,1
06-25-24,2333.945,2337.16,2315.59,2319.595,12.84,2.01,105.619,1.07143,5.33,2330.8,14.88,159.68,313.131,112.88,157915,123.539,4.1,0
06-26-24,2320.13,2324.015,2293.69,2298.47,12.55,2.06,106.049,1.06801,5.33,2313.2,14.88,160.825,313.131,112.88,157915,123.539,4.1,0
06-27-24,2298.84,2331.015,2296.61,2327.81,12.24,2.03,105.927,1.07038,5.33,2336.6,15.01,160.774,313.131,112.88,157915,123.539,4.1,1
06-28-24,2327.105,2339.785,2319.105,2326.72,12.44,2.08,105.849,1.07131,5.33,2339.6,14.72,160.873,313.131,112.88,157915,123.539,4.1,0
07-01-24,2323.32,2338.545,2318.605,2331.855,12.22,2.16,105.83,1.07401,5.33,2338.9,14.86,161.474,313.566,92.39,158003,123.736,4.2,1
07-02-24,2331.875,2336.89,2319.13,2329.485,12.03,2.13,105.671,1.07454,5.33,2333.4,14.35,161.469,313.566,92.39,158003,123.736,4.2,0
07-03-24,2330.335,2364.995,2326.885,2356.16,12.09,2.09,105.336,1.07876,5.33,2369.4,14.89,161.706,313.566,92.39,158003,123.736,4.2,1
07-04-24,2356.955,2362.6,2350.51,2357.2,12.26,2.09,105.126,1.08119,5.33,2369.4,14.89,161.266,313.566,92.39,158003,123.736,4.2,1
07-05-24,2357.03,2392.965,2348.62,2391.62,12.48,2.09,104.875,1.08384,5.33,2397.7,15.62,160.803,313.566,92.39,158003,123.736,4.2,1
07-08-24,2389.41,2391.13,2351.09,2359.26,12.37,2.01,105.014,1.08242,5.33,2363.5,15.13,160.837,313.566,92.39,158003,123.736,4.2,0
07-09-24,2359.125,2371.625,2349.485,2364.03,12.51,2.04,105.122,1.08137,5.33,2367.9,14.64,161.316,313.566,92.39,158003,123.736,4.2,1
07-10-24,2363.9,2386.73,2363.15,2371.32,12.85,2.01,104.984,1.08302,5.33,2379.7,14.89,161.71,313.566,92.39,158003,123.736,4.2,1
07-11-24,2371.93,2424.6,2371.34,2415.375,12.92,1.95,104.501,1.08679,5.33,2421.9,15.74,158.902,313.566,92.39,158003,123.736,4.2,1
07-12-24,2413.075,2418.31,2391.52,2410.92,12.46,1.94,104.084,1.0907,5.33,2420.7,15.12,157.887,313.566,92.39,158003,123.736,4.2,0
07-15-24,2411.81,2439.855,2401.405,2422.395,13.12,1.96,104.254,1.08948,5.33,2428.9,15.98,158.108,313.566,92.39,158003,123.736,4.2,1
07-16-24,2422.08,2469.765,2420.08,2468.93,13.19,1.91,104.243,1.08986,5.33,2467.8,17.15,158.41,313.566,92.39,158003,123.736,4.2,1
07-17-24,2467.82,2483.74,2451.57,2458.81,14.48,1.9,103.743,1.09396,5.33,2459.9,16.7,156.215,313.566,92.39,158003,123.736,4.2,0
07-18-24,2458.755,2475,2440.415,2445.31,15.93,1.89,104.178,1.08964,5.33,2456.4,16.25,157.362,313.566,92.39,158003,123.736,4.2,0
07-19-24,2444.495,2445.34,2393.88,2400.82,16.52,1.93,104.365,1.08821,5.33,2399.1,16.34,157.477,313.566,92.39,158003,123.736,4.2,0
07-22-24,2403.82,2412.255,2383.93,2396.42,14.91,1.96,104.281,1.08908,5.33,2394.7,15.74,157.052,313.566,92.39,158003,123.736,4.2,0
07-23-24,2397.595,2412.075,2388.31,2409.65,14.72,1.96,104.467,1.08535,5.33,2407.3,15.44,155.606,313.566,92.39,158003,123.736,4.2,1
07-24-24,2408.785,2432.065,2396.86,2397.395,18.04,2.96,104.329,1.084,5.33,2415.7,15.98,153.899,313.566,92.39,158003,123.736,4.2,0
07-25-24,2397.855,2401.31,2353.195,2364.3,18.46,1.99,104.399,1.08452,5.33,2353.5,15.54,153.904,313.566,92.39,158003,123.736,4.2,0
07-26-24,2364.505,2390.84,2355.875,2387.02,16.39,1.93,104.327,1.08558,5.33,2381.5,15.2,153.755,313.566,92.39,158003,123.736,4.2,1
07-29-24,2388.395,2403.265,2369.65,2383.79,16.6,1.92,104.569,1.08212,5.33,2377.8,15.64,154.028,313.566,92.39,158003,123.736,4.2,0
07-30-24,2382.525,2412.935,2376.535,2410.88,17.69,1.9,104.451,1.0815,5.33,2451.9,16.3,152.764,313.566,92.39,158003,123.736,4.2,1
07-31-24,2410.74,2451.005,2403.94,2447.57,16.36,1.85,104.015,1.08264,5.33,2473.9,17.88,149.986,313.566,92.39,158003,123.736,4.2,1
08-01-24,2447.77,2462.325,2430.275,2446.385,18.59,1.79,104.343,1.07916,5.33,2480.8,17.61,149.343,314.131,140.76,158074,123.889,4.2,0
08-02-24,2447.24,2477.725,2410.885,2442.495,23.39,1.76,103.22,1.09111,5.33,2469.8,18.7,146.546,314.131,140.76,158074,123.889,4.2,0
08-05-24,2441.94,2458.875,2364.39,2409.89,38.57,1.71,102.675,1.09514,5.33,2444.4,21.95,144.198,314.131,140.76,158074,123.889,4.2,0
08-06-24,2411.395,2418.43,2381.56,2390.13,27.71,1.78,102.93,1.09314,5.33,2431.6,19.1,144.33,314.131,140.76,158074,123.889,4.2,0
08-07-24,2390.195,2407.125,2379.05,2382.91,27.85,1.85,103.187,1.09236,5.33,2432.4,18.12,146.71,314.131,140.76,158074,123.889,4.2,0
08-08-24,2381.475,2427.755,2381.14,2427.27,23.79,1.87,103.236,1.09188,5.33,2463.3,18.45,147.282,314.131,140.76,158074,123.889,4.2,1
08-09-24,2427.22,2437.085,2416.925,2431.265,20.37,1.84,103.154,1.09156,5.33,2473.4,17.8,146.624,314.131,140.76,158074,123.889,4.2,1
08-12-24,2428.135,2473.225,2423.89,2472.12,20.71,1.79,103.129,1.09322,5.33,2504.4,20.61,147.197,314.131,140.76,158074,123.889,4.2,1
08-13-24,2470.39,2476.99,2458.56,2465.055,18.12,1.76,102.603,1.09928,5.33,2507.8,19.18,146.856,314.131,140.76,158074,123.889,4.2,0
08-14-24,2466.365,2480.125,2438.145,2447.95,16.19,1.77,102.569,1.10124,5.33,2479.7,18.49,147.318,314.131,140.76,158074,123.889,4.2,0
08-15-24,2448.2,2470.155,2432.225,2456.545,15.23,1.8,103.041,1.09716,5.33,2492.4,18.16,149.288,314.131,140.76,158074,123.889,4.2,1
08-16-24,2456.105,2509.82,2450.805,2508.14,14.8,1.81,102.402,1.1028,5.33,2537.8,20.09,147.612,314.131,140.76,158074,123.889,4.2,1
08-19-24,2506.525,2507.535,2485.735,2504.285,14.65,1.79,101.85,1.10854,5.33,2541.3,18.77,146.606,314.131,140.76,158074,123.889,4.2,0
08-20-24,2503.74,2531.765,2497.4,2514.11,15.88,1.75,101.379,1.11297,5.33,2550.6,18.47,145.27,314.131,140.76,158074,123.889,4.2,1
08-21-24,2513.86,2519.985,2493.83,2512.25,16.27,1.72,101.136,1.115,5.33,2547.5,18.63,145.292,314.131,140.76,158074,123.889,4.2,0
08-22-24,2512.22,2514.73,2470.85,2484.72,17.55,1.76,101.519,1.11114,5.33,2516.7,17.89,146.31,314.131,140.76,158074,123.889,4.2,0
08-23-24,2485.335,2518.4,2484.41,2512.49,15.86,1.68,100.677,1.11927,5.33,2546.3,17.49,144.386,314.131,140.76,158074,123.889,4.2,1
08-26-24,2512.035,2526.9,2508.81,2517.955,16.15,1.67,100.859,1.1161,5.33,2555.2,17.9,144.524,314.131,140.76,158074,123.889,4.2,1
08-27-24,2517.73,2526.01,2503.585,2524.825,15.43,1.68,100.551,1.11844,5.33,2552.9,17.69,143.954,314.131,140.76,158074,123.889,4.2,1
08-28-24,2525.26,2529.135,2493.665,2504.67,17.11,1.69,101.038,1.11202,5.33,2537.8,17.18,144.591,314.131,140.76,158074,123.889,4.2,0
08-29-24,2506.21,2528.74,2503.69,2521.215,15.65,1.71,101.371,1.1078,5.33,2560.3,17.22,144.995,314.131,140.76,158074,123.889,4.2,1
08-30-24,2520.805,2526.925,2494.215,2503.4,15.65,1.76,101.732,1.1047,5.33,2527.6,16.4,146.203,314.131,140.76,158074,123.889,4.2,0
09-02-24,2502.84,2507.33,2490.105,2499.42,15.65,1.76,101.644,1.10728,5.33,2527.6,16.4,146.914,314.851,130.14,158314,124.164,4.1,0
09-03-24,2499.55,2506.35,2473.325,2492.95,20.72,1.73,101.773,1.10433,5.33,2523.6,16.55,145.484,314.851,130.14,158314,124.164,4.1,0
09-04-24,2492.62,2500.345,2471.915,2495.545,21.32,1.7,101.269,1.10832,5.33,2526.6,16.19,143.733,314.851,130.14,158314,124.164,4.1,1
09-05-24,2495.32,2523.525,2493.88,2516.815,19.9,1.7,101.057,1.11106,5.33,2543.1,16.48,143.453,314.851,130.14,158314,124.164,4.1,1
09-06-24,2516.46,2529.3,2485.19,2497.565,22.38,1.69,101.188,1.10856,5.33,2524.6,16.49,142.314,314.851,130.14,158314,124.164,4.1,0
09-09-24,2496.79,2507.265,2485.61,2506.395,19.45,1.66,101.607,1.10352,5.33,2532.7,16.16,143.166,314.851,130.14,158314,124.164,4.1,1
09-10-24,2506.73,2518.535,2500.19,2516.735,19.08,1.63,101.659,1.10194,5.33,2543.1,16.08,142.458,314.851,130.14,158314,124.164,4.1,1
09-11-24,2516.55,2529.09,2501,2511.675,17.69,1.61,101.719,1.1012,5.33,2542.4,15.52,142.362,314.851,130.14,158314,124.164,4.1,0
09-12-24,2512.945,2560.13,2511.095,2558.655,17.07,1.63,101.235,1.10748,5.33,2580.6,16.74,141.817,314.851,130.14,158314,124.164,4.1,1
09-13-24,2558.38,2586.16,2556.795,2578.715,16.56,1.58,101.114,1.10756,5.33,2610.7,16.88,140.822,314.851,130.14,158314,124.164,4.1,1
09-16-24,2578.79,2589.715,2575.245,2582.665,17.14,1.54,100.707,1.11326,5.33,2608.9,17.03,140.608,314.851,130.14,158314,124.164,4.1,1
09-17-24,2582.66,2587.02,2560.78,2569.59,17.61,1.53,101.012,1.1114,5.33,2592.4,17.49,142.402,314.851,130.14,158314,124.164,4.1,0
09-18-24,2570.325,2600.29,2546.86,2559.3,18.23,1.58,100.933,1.11177,5.33,2598.6,17.13,142.28,314.851,130.14,158314,124.164,4.1,0
09-19-24,2559.235,2594.945,2551.16,2586.91,16.33,1.56,100.634,1.11616,4.83,2614.6,16.76,142.636,314.851,130.14,158314,124.164,4.1,1
09-20-24,2586.52,2625.79,2584.875,2622.235,16.15,1.58,100.738,1.11636,4.83,2646.2,17.08,143.92,314.851,130.14,158314,124.164,4.1,1
09-23-24,2621.365,2634.905,2613.89,2628.63,15.89,1.58,100.908,1.11108,4.83,2652.5,17.72,143.604,314.851,130.14,158314,124.164,4.1,1
09-24-24,2627.79,2664.38,2622.68,2657.26,15.39,1.55,100.349,1.11797,4.83,2677.5,19.26,143.224,314.851,130.14,158314,124.164,4.1,1
09-25-24,2658.69,2670.605,2649.7,2656.995,15.41,1.61,100.92,1.1133,4.83,2684.7,19.13,144.757,314.851,130.14,158314,124.164,4.1,0
09-26-24,2657.74,2685.64,2654.84,2672.435,15.37,1.63,100.567,1.11766,4.83,2694.9,18.82,144.808,314.851,130.14,158314,124.164,4.1,1
09-27-24,2672.235,2674.375,2643.155,2658.55,16.96,1.6,100.417,1.1164,4.83,2668.1,18.59,142.215,314.851,130.14,158314,124.164,4.1,0
09-30-24,2661.815,2666.05,2624.78,2634.69,16.73,1.63,100.757,1.11348,4.83,2659.4,18.08,143.627,314.851,130.14,158314,124.164,4.1,0
10-01-24,2633.53,2673.26,2633.31,2663.61,19.26,1.55,101.209,1.10678,4.83,2690.3,18.57,143.569,315.564,130.69,158358,124.494,4.1,1
10-02-24,2661.92,2663.445,2641.18,2658.75,18.9,1.58,101.601,1.10452,4.83,2669.7,18.07,146.474,315.564,130.69,158358,124.494,4.1,0
10-03-24,2658.77,2663.015,2637.015,2656.11,20.49,1.64,101.941,1.10298,4.83,2679.2,18.28,146.955,315.564,130.69,158358,124.494,4.1,0
10-04-24,2655.95,2670.24,2632.015,2653.84,19.21,1.75,102.487,1.0975,4.83,2667.8,17.48,148.702,315.564,130.69,158358,124.494,4.1,0
10-07-24,2651.39,2659.66,2637.77,2642.585,22.64,1.76,102.484,1.09748,4.83,2666.8,17.71,148.183,315.564,130.69,158358,124.494,4.1,0
10-08-24,2642.085,2653.115,2604.82,2621.965,21.42,1.77,102.474,1.09807,4.83,2635.4,17.64,148.198,315.564,130.69,158358,124.494,4.1,0
10-09-24,2622.11,2624.375,2605.21,2607.735,20.86,1.77,102.877,1.094,4.83,2626.4,17.62,149.314,315.564,130.69,158358,124.494,4.1,0
10-10-24,2607.735,2631.565,2604.39,2629.92,20.93,1.76,102.879,1.0937,4.83,2639.3,17.27,148.584,315.564,130.69,158358,124.494,4.1,1
10-11-24,2628.62,2661.475,2628.18,2657.18,20.46,1.75,102.915,1.0937,4.83,2676.3,17.27,149.128,315.564,130.69,158358,124.494,4.1,1
10-14-24,2648.805,2666.875,2643.245,2648.785,19.7,1.75,103.213,1.09092,4.83,2665.6,17.47,149.752,315.564,130.69,158358,124.494,4.1,0
10-15-24,2649.215,2668.965,2638.105,2662.695,20.64,1.75,103.226,1.08914,4.83,2678.9,17.38,149.217,315.564,130.69,158358,124.494,4.1,1
10-16-24,2662.285,2685.465,2658.8,2673.93,19.58,1.75,103.524,1.08618,4.83,2691.3,17.31,149.648,315.564,130.69,158358,124.494,4.1,1
10-17-24,2674.605,2696.8,2673.165,2693.01,19.11,1.79,103.766,1.08308,4.83,2707.5,17.57,150.221,315.564,130.69,158358,124.494,4.1,1
10-18-24,2693.045,2722.65,2692.395,2721.9,18.03,1.77,103.463,1.08674,4.83,2730.5,17.77,149.533,315.564,130.69,158358,124.494,4.1,1
10-21-24,2723.09,2740.6,2714.235,2719.675,18.37,1.88,103.962,1.08146,4.83,2738.9,18.19,150.822,315.564,130.69,158358,124.494,4.1,0
10-22-24,2719.36,2748.975,2719.16,2748.96,18.2,1.87,104.062,1.07988,4.83,2759.8,18.73,151.094,315.564,130.69,158358,124.494,4.1,1
10-23-24,2747.33,2758.525,2708.755,2715.59,19.24,1.93,104.423,1.07823,4.83,2729.4,18.98,152.764,315.564,130.69,158358,124.494,4.1,0
10-24-24,2716.415,2743.325,2716.215,2736.08,19.08,1.91,104.019,1.08279,4.83,2748.9,18.66,151.826,315.564,130.69,158358,124.494,4.1,1
10-25-24,2735.95,2747.835,2717.1,2747.215,20.33,1.96,104.317,1.07962,4.83,2754.6,18.88,152.304,315.564,130.69,158358,124.494,4.1,1
10-28-24,2734.065,2746.01,2724.755,2742.325,19.8,1.99,104.302,1.08119,4.83,2755.9,18.34,153.298,315.564,130.69,158358,124.494,4.1,0
10-29-24,2741.45,2774.885,2739.87,2774.58,19.34,1.98,104.283,1.08184,4.83,2781.1,18.51,153.366,315.564,130.69,158358,124.494,4.1,1
10-30-24,2773.51,2790.07,2770.925,2787.475,20.35,1.95,104.097,1.08566,4.83,2800.8,18.68,153.41,315.564,130.69,158358,124.494,4.1,1
10-31-24,2786.87,2790.17,2731.635,2743.95,23.16,1.95,103.89,1.08834,4.83,2749.3,19.46,152.042,315.564,130.69,158358,124.494,4.1,0
11-01-24,2745.37,2762.275,2733.255,2736.45,21.88,2.04,104.317,1.08336,4.83,2749.2,19.29,152.997,316.449,128.48,158619,124.637,4.2,0
11-04-24,2732.04,2748.24,2731.77,2736.605,21.98,2.03,103.881,1.08769,4.83,2746.2,19.91,152.134,316.449,128.48,158619,124.637,4.2,1
11-05-24,2737.365,2750.09,2724.765,2743.91,20.49,1.99,103.452,1.09297,4.83,2749.7,19.59,151.62,316.449,128.48,158619,124.637,4.2,1
11-06-24,2743.065,2749.78,2652.405,2659.175,16.27,2.04,105.117,1.0729,4.83,2676.3,17.63,154.626,316.449,128.48,158619,124.637,4.2,0
11-07-24,2662.255,2710.52,2643.355,2706.84,15.2,1.98,104.36,1.08032,4.83,2705.8,17.37,152.91,316.449,128.48,158619,124.637,4.2,1
11-08-24,2704.26,2710.43,2680.415,2684.455,14.94,1.95,104.951,1.07186,4.58,2694.8,15.91,152.638,316.449,128.48,158619,124.637,4.2,0
11-11-24,2683.71,2686.165,2610.695,2619.595,14.97,1.95,105.519,1.0656,4.58,2617.7,16.02,153.732,316.449,128.48,158619,124.637,4.2,0
11-12-24,2621.07,2627.235,2589.725,2598.29,14.71,2.08,105.964,1.06238,4.58,2606.3,16.25,154.63,316.449,128.48,158619,124.637,4.2,0
11-13-24,2597.96,2618.92,2572.7,2572.83,14.02,2.09,106.483,1.05642,4.58,2586.5,17.05,155.477,316.449,128.48,158619,124.637,4.2,0
11-14-24,2573.84,2581.445,2536.855,2564.72,14.31,2.1,106.867,1.05299,4.58,2572.9,17.39,156.278,316.449,128.48,158619,124.637,4.2,0
11-15-24,2566.485,2576.045,2554.395,2563.22,16.14,2.1,106.673,1.054,4.58,2570.1,17.17,154.346,316.449,128.48,158619,124.637,4.2,0
11-18-24,2567.13,2615.145,2567.13,2612.04,15.58,2.08,106.232,1.05985,4.58,2614.6,16.97,154.685,316.449,128.48,158619,124.637,4.2,1
11-19-24,2610.755,2639.53,2610.465,2632.2,16.35,2.05,106.153,1.05962,4.58,2631.6,17.85,154.656,316.449,128.48,158619,124.637,4.2,1
11-20-24,2632.535,2655.485,2618.89,2650.46,17.16,2.06,106.633,1.05436,4.58,2651.7,18.34,155.43,316.449,128.48,158619,124.637,4.2,1
11-21-24,2649.925,2673.595,2648.975,2669.645,16.87,2.09,107.031,1.04746,4.58,2674.9,17.59,154.544,316.449,128.48,158619,124.637,4.2,1
11-22-24,2669.5,2716.4,2668.2,2716.335,15.24,2.07,107.49,1.04186,4.58,2712.2,17.54,154.762,316.449,128.48,158619,124.637,4.2,1
11-25-24,2711.165,2721.42,2615.67,2625.62,14.6,1.98,106.831,1.04966,4.58,2618.5,17.8,154.175,316.449,128.48,158619,124.637,4.2,0
11-26-24,2627.485,2642.02,2605.31,2632.955,14.1,2.02,106.877,1.04894,4.58,2621.3,17.8,153.109,316.449,128.48,158619,124.637,4.2,1
11-27-24,2631.21,2658.275,2627.125,2636.09,14.1,1.99,106.022,1.05667,4.58,2664.8,16.54,151.117,316.449,128.48,158619,124.637,4.2,1
11-28-24,2637.98,2649.735,2620.99,2637.6,13.9,1.99,106.15,1.0555,4.58,2664.8,16.54,151.554,316.449,128.48,158619,124.637,4.2,1
11-29-24,2639.285,2666.35,2634.09,2650.35,13.51,1.92,105.782,1.05778,4.58,2681.8,16.37,149.73,316.449,128.48,158619,124.637,4.2,1
12-02-24,2648.94,2651.905,2621.98,2638.955,13.34,1.93,106.382,1.04989,4.58,2658.5,16.33,149.59,317.603,142.13,158942,124.979,4.1,0
12-03-24,2638.96,2655.665,2634.165,2643.885,13.3,1.95,106.341,1.05097,4.58,2667.9,16.21,149.596,317.603,142.13,158942,124.979,4.1,1
12-04-24,2642.66,2657.235,2632.465,2650.22,13.45,1.9,106.354,1.05102,4.58,2676.2,15.92,150.626,317.603,142.13,158942,124.979,4.1,1
12-05-24,2649.36,2655.635,2623.615,2631.925,13.54,1.92,105.725,1.05877,4.58,2648.4,15.93,150.097,317.603,142.13,158942,124.979,4.1,0
12-06-24,2631.985,2645.73,2613.11,2633.33,12.77,1.91,105.97,1.05673,4.58,2659.6,15.04,150.042,317.603,142.13,158942,124.979,4.1,1
12-09-24,2643.08,2676.48,2627.575,2660.325,14.19,1.93,106.172,1.05538,4.58,2685.8,15.75,151.216,317.603,142.13,158942,124.979,4.1,1
12-10-24,2661.1,2695.595,2658.035,2693.875,14.18,1.93,106.38,1.05276,4.58,2718.4,16.34,151.97,317.603,142.13,158942,124.979,4.1,1
12-11-24,2695.145,2721.27,2675.465,2718.245,13.58,1.96,106.621,1.0496,4.58,2756.7,16.86,152.466,317.603,142.13,158942,124.979,4.1,1
12-12-24,2717.81,2726.295,2675.165,2680.825,13.92,2.96,107.005,1.04666,4.58,2709.4,15.43,152.649,317.603,142.13,158942,124.979,4.1,0
12-13-24,2680.705,2692.865,2646.22,2648.68,13.81,2.07,106.945,1.05025,4.58,2675.8,15.63,153.649,317.603,142.13,158942,124.979,4.1,0
12-16-24,2648.86,2664.475,2643.595,2652.75,14.69,2.07,106.86,1.05108,4.58,2670.8,15.38,154.156,317.603,142.13,158942,124.979,4.1,1
12-17-24,2652.26,2658.74,2633.16,2646.6,15.87,2.09,106.937,1.04916,4.58,2662.8,15.64,153.49,317.603,142.13,158942,124.979,4.1,0
12-18-24,2646.88,2651.785,2583.915,2585.61,27.62,2.18,108.202,1.03497,4.58,2653.3,16.54,154.836,317.603,142.13,158942,124.979,4.1,0
12-19-24,2587.54,2626.44,2586.46,2594.55,24.09,2.28,108.425,1.03634,4.33,2608.1,15.83,157.434,317.603,142.13,158942,124.979,4.1,1
12-20-24,2594.18,2631.92,2589.665,2623.61,18.36,2.23,107.815,1.04294,4.33,2645.1,15.73,156.418,317.603,142.13,158942,124.979,4.1,1
12-23-24,2622.21,2633.39,2608.26,2612.755,16.78,2.27,108.081,1.04064,4.33,2628.2,15.54,157.173,317.603,142.13,158942,124.979,4.1,0
12-24-24,2614.795,2621.535,2610.105,2616.875,14.27,2.24,108.123,1.03966,4.33,2635.5,14.71,157.21,317.603,142.13,158942,124.979,4.1,1
12-26-24,2615.31,2639.175,2615.145,2633.865,14.73,2.23,108.077,1.04228,4.33,2653.9,15.19,158.023,317.603,142.13,158942,124.979,4.1,1
12-27-24,2633.3,2638.3,2611.715,2622.035,15.95,2.28,108.006,1.04266,4.33,2631.9,14.67,157.843,317.603,142.13,158942,124.979,4.1,0
12-30-24,2622.075,2628.095,2596.185,2605.825,17.4,2.24,108.075,1.04068,4.33,2618.1,15.02,156.86,317.603,142.13,158942,124.979,4.1,0
12-31-24,2606.065,2627.625,2602.76,2624.26,17.35,2.24,108.48,1.03533,4.33,2641.1,14.62,157.203,317.603,142.13,158942,124.979,4.1,1
01-02-25,2625.07,2660.605,2621.775,2658.23,17.93,2.23,109.256,1.0267,4.33,2669.1,15.07,157.54,319.086,112.33,159053,125.417,4.1,1
01-03-25,2657.82,2665.405,2636.705,2639.725,16.13,2.26,108.922,1.0309,4.33,2654.7,14.49,157.292,319.086,112.33,159053,125.417,4.1,0
01-06-25,2639.88,2649.52,2614.635,2636.105,16.04,2.28,108.279,1.03901,4.33,2647.4,14.76,157.65,319.086,112.33,159053,125.417,4.1,0
01-07-25,2635.965,2664.33,2633,2648.625,17.82,2.29,108.68,1.03404,4.33,2665.4,14.68,158.066,319.086,112.33,159053,125.417,4.1,1
01-08-25,2648.655,2670.15,2645.37,2661.655,17.7,2.27,109.009,1.03188,4.33,2672.4,14.82,158.354,319.086,112.33,159053,125.417,4.1,1
01-09-25,2662.24,2678.405,2655.635,2670.34,18.07,2.29,109.163,1.02998,4.33,2690.8,14.82,158.117,319.086,112.33,159053,125.417,4.1,1
01-10-25,2670.45,2697.95,2664.075,2689.375,19.54,2.34,109.64,1.02442,4.33,2715.8,15.77,157.742,319.086,112.33,159053,125.417,4.1,1
01-13-25,2689.32,2693.555,2656.835,2663.21,19.19,2.34,109.504,1.02434,4.33,2678.6,15.27,157.477,319.086,112.33,159053,125.417,4.1,0
01-14-25,2664.465,2678.395,2659.89,2677.51,18.71,2.34,109.189,1.03082,4.33,2682.3,15.27,157.977,319.086,112.33,159053,125.417,4.1,1
01-15-25,2676.94,2697.42,2669.365,2696.265,16.12,2.24,109.079,1.02904,4.33,2717.8,15.23,156.466,319.086,112.33,159053,125.417,4.1,1
01-16-25,2696.16,2724.785,2690.05,2714.87,16.6,2.19,108.957,1.0302,4.33,2750.9,15.4,155.122,319.086,112.33,159053,125.417,4.1,1
01-17-25,2714.215,2717.43,2699.3,2703.15,15.97,2.2,109.405,1.02718,4.33,2748.7,14.98,156.298,319.086,112.33,159053,125.417,4.1,0
01-20-25,2703.135,2713.885,2689.375,2707.905,15.81,2.2,108.068,1.0417,4.33,2748.7,14.98,155.644,319.086,112.33,159053,125.417,4.1,1
01-21-25,2708.015,2746.055,2702.815,2744.865,15.06,2.19,108.077,1.0429,4.33,2759.2,15.5,155.519,319.086,112.33,159053,125.417,4.1,1
01-22-25,2744.55,2763.435,2741.965,2756.345,15.1,2.2,108.277,1.04102,4.33,2770.9,15.24,156.528,319.086,112.33,159053,125.417,4.1,1
01-23-25,2755.74,2758.97,2735.96,2754.855,15.02,2.23,108.115,1.04156,4.33,2765.9,14.95,156.073,319.086,112.33,159053,125.417,4.1,0
01-24-25,2753.815,2786.06,2753.64,2770.885,14.85,2.2,107.465,1.04953,4.33,2778.9,14.85,155.991,319.086,112.33,159053,125.417,4.1,1
01-27-25,2765.17,2772.745,2730.56,2740.655,17.9,2.13,107.427,1.04921,4.33,2738.4,15.23,154.516,319.086,112.33,159053,125.417,4.1,0
01-28-25,2740.88,2765.09,2734.815,2763.42,16.41,2.13,107.915,1.04307,4.33,2767.5,15.46,155.534,319.086,112.33,159053,125.417,4.1,1
01-29-25,2763.305,2766.265,2744.755,2760.09,16.56,2.15,107.943,1.042,4.33,2769.8,14.84,155.25,319.086,112.33,159053,125.417,4.1,0
01-30-25,2758.43,2798.605,2758.39,2794.165,15.84,2.14,108.182,1.03923,4.33,2845.2,16.09,154.277,319.086,112.33,159053,125.417,4.1,1
01-31-25,2794.425,2817.215,2791.07,2797.94,16.43,2.16,108.501,1.0361,4.33,2835.2,15.82,155.205,319.086,112.33,159053,125.417,4.1,1
02-03-25,2801.655,2830.755,2772.215,2814.71,18.62,2.09,108.424,1.03428,4.33,2857.1,16.81,154.774,319.775,136.2,159155,125.921,4.1,1
02-04-25,2813.3,2845.47,2807.275,2842.29,17.21,2.08,107.999,1.03788,4.33,2875.8,17.11,154.348,319.775,136.2,159155,125.921,4.1,1
02-05-25,2841.36,2882.31,2839.74,2867.215,15.77,2.01,107.622,1.04028,4.33,2893.8,17.19,152.588,319.775,136.2,159155,125.921,4.1,1
02-06-25,2867.785,2873.34,2834.27,2855.925,15.5,2.03,107.704,1.0383,4.33,2876.7,16.27,151.466,319.775,136.2,159155,125.921,4.1,0
02-07-25,2856.015,2886.855,2852.595,2861.25,16.54,2.07,108.096,1.0327,4.33,2887.6,16.23,151.42,319.775,136.2,159155,125.921,4.1,1
02-10-25,2861.84,2911.965,2860.405,2908.175,15.81,2.07,108.333,1.0307,4.33,2934.4,17.59,151.994,319.775,136.2,159155,125.921,4.1,1
02-11-25,2911.95,2942.78,2881.56,2897.615,16.02,2.08,107.922,1.03612,4.33,2932.6,17.48,152.501,319.775,136.2,159155,125.921,4.1,0
02-12-25,2898.025,2909.265,2864.33,2903.96,15.89,2.16,107.968,1.03824,4.33,2928.7,17.34,154.42,319.775,136.2,159155,125.921,4.1,1
02-13-25,2904.79,2929.48,2900.545,2928.33,15.1,2.08,107.066,1.04648,4.33,2945.4,17.13,152.814,319.775,136.2,159155,125.921,4.1,1
02-14-25,2928.05,2939.98,2877.025,2882.482,14.77,2.04,106.793,1.0492,4.33,2900.7,17.23,152.312,319.775,136.2,159155,125.921,4.1,0
02-17-25,2893.375,2906.525,2878.785,2898.49,15.37,2.04,106.74,1.04833,4.33,2900.7,17.23,151.506,319.775,136.2,159155,125.921,4.1,1
02-18-25,2898.71,2936.955,2892.07,2935.465,15.35,2.1,107.021,1.0446,4.33,2949.7,18.03,152.066,319.775,136.2,159155,125.921,4.1,1
02-19-25,2935.06,2947.08,2918.64,2933.26,15.27,2.08,107.163,1.04225,4.33,2936.1,16.76,151.47,319.775,136.2,159155,125.921,4.1,0
02-20-25,2934.175,2954.955,2924.035,2939.385,15.66,2.05,106.334,1.05014,4.33,2956.1,16.45,149.617,319.775,136.2,159155,125.921,4.1,1
02-21-25,2939.43,2949.93,2916.82,2936.26,18.21,2.05,106.641,1.04608,4.33,2953.2,16.55,149.297,319.775,136.2,159155,125.921,4.1,0
02-24-25,2939.785,2956.31,2921.475,2952.065,18.98,1.98,106.7,1.04682,4.33,2963.2,16.73,149.718,319.775,136.2,159155,125.921,4.1,1
02-25-25,2952.84,2953.425,2888.18,2915.045,19.43,1.92,106.285,1.05149,4.33,2918.8,16.72,149.026,319.775,136.2,159155,125.921,4.1,0
02-26-25,2915.835,2930.18,2890.865,2916.275,19.1,1.89,106.47,1.0485,4.33,2930.6,16.36,149.094,319.775,136.2,159155,125.921,4.1,1
02-27-25,2915.98,2920.815,2867.795,2877.195,21.13,1.92,107.292,1.03989,4.33,2895.9,16.45,149.797,319.775,136.2,159155,125.921,4.1,0
02-28-25,2876.52,2885.24,2832.72,2858.14,19.63,1.86,107.564,1.03754,4.33,2848.5,15.82,150.62,319.775,136.2,159155,125.921,4.1,0
03-03-25,2873.14,2895.21,2859,2892.985,22.78,1.8,106.556,1.04882,4.33,2901.1,16.81,149.51,319.615,174.24,159275,125.941,4.2,1
03-04-25,2892.7,2927.91,2881.98,2917.85,23.51,1.87,105.531,1.06258,4.33,2920.6,17.25,149.807,319.615,174.24,159275,125.941,4.2,1
03-05-25,2917.885,2929.98,2894.35,2919.265,21.93,1.94,104.27,1.07896,4.33,2926.6,16.92,148.896,319.615,174.24,159275,125.941,4.2,1
03-06-25,2918.685,2926.72,2891.15,2911.1,24.87,1.95,104.135,1.07854,4.33,2926.6,16.83,147.986,319.615,174.24,159275,125.941,4.2,0
03-07-25,2912.935,2930.54,2896.91,2909.55,23.37,1.99,103.905,1.08345,4.33,2914.1,16.19,148.034,319.615,174.24,159275,125.941,4.2,0
03-10-25,2912.41,2918.385,2880.31,2889.5,27.86,1.91,103.903,1.08362,4.33,2899.4,17.06,147.269,319.615,174.24,159275,125.941,4.2,0
03-11-25,2889.865,2922.225,2880.25,2915.695,26.92,1.97,103.416,1.09194,4.33,2920.9,17.14,147.776,319.615,174.24,159275,125.941,4.2,1
03-12-25,2915.36,2940.69,2906.11,2933.61,24.23,1.99,103.57,1.08875,4.33,2946.8,16.82,148.262,319.615,174.24,159275,125.941,4.2,1
03-13-25,2934.88,2989.3,2932.98,2988.695,24.66,1.98,103.833,1.08524,4.33,2991.3,17.41,147.806,319.615,174.24,159275,125.941,4.2,1
03-14-25,2984.23,3005.04,2978.505,2984.91,21.77,2.01,103.734,1.08789,4.33,3001.1,17.13,148.637,319.615,174.24,159275,125.941,4.2,0
03-17-25,2988.225,3001.975,2982.34,3001.13,20.51,2.02,103.406,1.09226,4.33,3006.1,17.6,149.209,319.615,174.24,159275,125.941,4.2,1
03-18-25,3001.16,3038.35,2999.46,3034.115,21.7,1.99,103.243,1.0944,4.33,3040.8,17.53,149.282,319.615,174.24,159275,125.941,4.2,1
03-19-25,3033.97,3051.97,3022.885,3047.14,19.9,1.94,103.46,1.09022,4.33,3041.2,16.74,148.7,319.615,174.24,159275,125.941,4.2,1
03-20-25,3048.72,3057.59,3025.73,3044.66,19.8,1.93,103.797,1.08534,4.33,3043.8,16.45,148.788,319.615,174.24,159275,125.941,4.2,0
03-21-25,3045.005,3047.55,2999.465,3023.985,19.28,1.92,104.146,1.08155,4.33,3021.4,15.98,149.3,319.615,174.24,159275,125.941,4.2,0
03-24-25,3023.165,3033.34,3002.495,3012.15,17.48,1.98,104.31,1.08012,4.33,3015.6,15.8,150.701,319.615,174.24,159275,125.941,4.2,0
03-25-25,3011.705,3036.07,3007.54,3020.09,17.15,1.96,104.215,1.07918,4.33,3025.9,15.23,149.914,319.615,174.24,159275,125.941,4.2,1
03-26-25,3021.175,3032.165,3012.33,3019.495,18.33,1.98,104.665,1.07528,4.33,3022.5,15.04,150.587,319.615,174.24,159275,125.941,4.2,0
03-27-25,3020.345,3059.755,3017.655,3056.605,18.69,1.99,104.279,1.0802,4.33,3061.5,16.08,151.043,319.615,174.24,159275,125.941,4.2,1
03-28-25,3056.07,3086.965,3054.235,3085.345,21.65,1.9,104.011,1.08308,4.33,3114.3,16.45,149.844,319.615,174.24,159275,125.941,4.2,1
03-31-25,3093.01,3128.135,3076.805,3123.72,22.28,1.85,104.183,1.08154,4.33,3150.3,17.84,149.97,319.615,174.24,159275,125.941,4.2,1
04-01-25,3124.935,3149.09,3100.87,3114.475,21.77,1.84,104.199,1.07926,4.33,3146.3,17.95,149.616,320.321,140.33,159433,126.15,4.2,0
04-02-25,3114.095,3145.34,3104.79,3134.305,21.51,1.88,103.691,1.08565,4.33,3166.2,17.92,149.298,320.321,140.33,159433,126.15,4.2,1
04-03-25,3131.44,3167.835,3054.19,3114.575,30.02,1.78,101.94,1.10512,4.33,3121.7,18.36,146.071,320.321,140.33,159433,126.15,4.2,0
04-04-25,3114.52,3136.775,3015.65,3037.885,45.31,1.83,102.892,1.09645,4.33,3035.4,22.03,147.014,320.321,140.33,159433,126.15,4.2,0
04-07-25,3030.77,3057.305,2956.565,2981.94,46.98,1.96,103.468,1.09066,4.33,2973.6,19.68,147.879,320.321,140.33,159433,126.15,4.2,0
04-08-25,2982.095,3022.76,2974.795,2982.25,52.33,2.04,102.908,1.09586,4.33,2990.2,23.73,146.279,320.321,140.33,159433,126.15,4.2,1
04-09-25,2982.735,3099.77,2969.97,3082.95,33.62,2.07,102.907,1.09484,4.33,3079.4,24.53,147.761,320.321,140.33,159433,126.15,4.2,1
04-10-25,3080.48,3176.6,3071.505,3175.365,40.72,2.21,100.913,1.12019,4.33,3177.5,26.59,144.446,320.321,140.33,159433,126.15,4.2,1
04-11-25,3179.765,3245.485,3177.26,3237.93,37.56,2.28,99.783,1.13599,4.33,3244.6,28.44,143.472,320.321,140.33,159433,126.15,4.2,1
04-14-25,3222.955,3245.845,3193.63,3210.68,30.89,2.15,99.639,1.13493,4.33,3226.3,23.8,143.024,320.321,140.33,159433,126.15,4.2,0
04-15-25,3212.565,3233.705,3210.065,3229.795,30.12,2.16,100.101,1.1282,4.33,3240.4,21.54,143.252,320.321,140.33,159433,126.15,4.2,1
04-16-25,3230.675,3343.2,3230.675,3343.1,32.64,2.12,99.278,1.13986,4.33,3346.4,26.73,141.864,320.321,140.33,159433,126.15,4.2,1
04-17-25,3348.59,3357.775,3283.955,3327.375,29.65,2.11,99.404,1.13646,4.33,3328.4,24.14,142.466,320.321,140.33,159433,126.15,4.2,0
04-21-25,3332.26,3430.61,3331.405,3424.235,33.82,2.2,98.321,1.15127,4.33,3425.3,28.14,140.856,320.321,140.33,159433,126.15,4.2,1
04-22-25,3427.86,3500.2,3366.905,3381.16,30.57,2.14,99.641,1.14209,4.33,3419.4,28.44,141.602,320.321,140.33,159433,126.15,4.2,0
04-23-25,3324.79,3386.77,3260.19,3288.24,28.45,2.11,99.78,1.13151,4.33,3294.1,25.23,143.457,320.321,140.33,159433,126.15,4.2,0
04-24-25,3306.065,3367.685,3305.375,3348.99,26.47,2.02,99.286,1.13892,4.33,3348.6,24.93,142.628,320.321,140.33,159433,126.15,4.2,1
04-25-25,3348.99,3370.475,3265.135,3319.345,24.84,2.02,99.587,1.13636,4.33,3298.4,23.36,143.682,320.321,140.33,159433,126.15,4.2,0
04-28-25,3326.365,3353.2,3268.11,3343.875,25.15,1.98,98.942,1.1422,4.33,3347.7,23.25,142.024,320.321,140.33,159433,126.15,4.2,1
04-29-25,3345.47,3345.505,3299.675,3317.15,24.17,1.96,99.187,1.13846,4.33,3333.6,22.1,142.37,320.321,140.33,159433,126.15,4.2,0
04-30-25,3317.76,3328.155,3266.91,3288.155,24.7,1.94,99.638,1.13291,4.33,3319.1,21.52,143.064,320.321,140.33,159433,126.15,4.2,0
05-01-25,3285.63,3288.16,3201.955,3238.295,24.6,2.94,100.177,1.1291,4.33,3222.2,21.51,145.398,320.58,165.81,159452,126.38,4.2,0
05-02-25,3239.43,3269.3,3222.755,3240.95,22.68,2.06,100.036,1.13005,4.33,3243.3,21.35,144.957,320.58,165.81,159452,126.38,4.2,1
05-05-25,3238.295,3337.67,3237.79,3334.195,23.64,2.08,99.779,1.1315,4.33,3322.3,23.2,143.7,320.58,165.81,159452,126.38,4.2,1
05-06-25,3333.575,3435.055,3322.755,3431.14,24.76,2.04,99.395,1.13702,4.33,3422.8,24.72,142.404,320.58,165.81,159452,126.38,4.2,1
05-07-25,3416.915,3422.135,3360.2,3364.355,23.55,2.01,99.869,1.13023,4.33,3391.9,22.99,143.826,320.58,165.81,159452,126.38,4.2,0
05-08-25,3372.725,3414.79,3288.805,3305.98,22.48,2.08,100.636,1.1229,4.33,3306.9,22.58,145.909,320.58,165.81,159452,126.38,4.2,0
05-09-25,3310.125,3347.625,3274.81,3325.39,21.9,2.08,100.424,1.12486,4.33,3344.9,21.86,145.374,320.58,165.81,159452,126.38,4.2,1
05-12-25,3325.39,3325.39,3207.79,3235.075,18.39,2.16,101.778,1.10876,4.33,3228.9,21.38,148.477,320.58,165.81,159452,126.38,4.2,0
05-13-25,3237.93,3265.785,3215.855,3250.18,18.22,2.17,100.93,1.11848,4.33,3247.8,19.58,147.477,320.58,165.81,159452,126.38,4.2,1
05-14-25,3252,3257.14,3168.065,3177.585,18.62,2.16,101.016,1.1173,4.33,3188.3,20.78,146.744,320.58,165.81,159452,126.38,4.2,0
05-15-25,3181.06,3240.725,3120.765,3239.97,17.83,2.11,100.808,1.11863,4.33,3226.6,21.63,145.695,320.58,165.81,159452,126.38,4.2,1
05-16-25,3241.785,3252.255,3154.3,3204.45,17.24,2.09,100.976,1.11654,4.33,3187.2,21.47,145.64,320.58,165.81,159452,126.38,4.2,0
05-19-25,3215.99,3249.85,3206.725,3230.4,18.14,2.1,100.383,1.1242,4.33,3233.5,21.37,144.854,320.58,165.81,159452,126.38,4.2,1
05-20-25,3228.025,3295.79,3204.67,3289.845,18.09,2.13,100.012,1.12837,4.33,3284.6,21.95,144.508,320.58,165.81,159452,126.38,4.2,1
05-21-25,3292.7,3324.935,3285.34,3315.245,20.87,2.23,99.688,1.13312,4.33,3313.5,22.23,143.66,320.58,165.81,159452,126.38,4.2,1
05-22-25,3319.9,3345.47,3279.235,3295.01,20.28,2.2,99.897,1.12804,4.33,3295.5,21.55,144.011,320.58,165.81,159452,126.38,4.2,0
05-23-25,3297.82,3366.015,3287.075,3358.125,22.29,2.18,99.104,1.13649,4.33,3365.8,22.28,142.558,320.58,165.81,159452,126.38,4.2,1
05-26-25,3351.4,3356.995,3323.5,3342.475,20.57,2.18,98.932,1.13878,4.33,3365.8,22.28,142.842,320.58,165.81,159452,126.38,4.2,0
05-27-25,3346.38,3350.095,3285.25,3300.75,18.96,2.11,99.559,1.13282,4.33,3300.4,21.12,144.351,320.58,165.81,159452,126.38,4.2,0
05-28-25,3304.215,3325.695,3276.355,3288.725,19.31,2.15,99.876,1.12918,4.33,3294.9,19.69,144.87,320.58,165.81,159452,126.38,4.2,0
05-29-25,3289.59,3331.47,3245.56,3317.615,19.18,2.11,99.332,1.13666,4.33,3343.9,19.65,144.186,320.58,165.81,159452,126.38,4.2,1
05-30-25,3317.9,3322.925,3271.46,3289.7,18.57,2.07,99.443,1.13478,4.33,3315.4,19.1,144.06,320.58,165.81,159452,126.38,4.2,0
06-02-25,3303.415,3382.96,3299.955,3381.87,18.36,2.13,98.708,1.14435,4.33,3397.2,20.6,142.698,321.5,220.09,159439,126.743,4.1,1
06-03-25,3384.61,3392.305,3333.17,3353.385,17.69,2.14,99.249,1.13704,4.33,3377.1,20.1,144.004,321.5,220.09,159439,126.743,4.1,0
06-04-25,3356.735,3384.76,3343.815,3372.45,17.61,2.06,98.818,1.1418,4.33,3399.2,19.82,142.766,321.5,220.09,159439,126.743,4.1,1
06-05-25,3374.615,3403.625,3339.35,3352.73,18.48,2.11,98.712,1.14444,4.33,3375.1,19.69,143.582,321.5,220.09,159439,126.743,4.1,0
06-06-25,3356.29,3375.705,3307.195,3309.98,16.77,2.2,99.202,1.13966,4.33,3346.6,19.16,144.859,321.5,220.09,159439,126.743,4.1,0
06-09-25,3317.785,3338.295,3293.5,3325.675,17.16,2.18,99.005,1.14208,4.33,3354.9,19.45,144.606,321.5,220.09,159439,126.743,4.1,1
06-10-25,3324.31,3349.28,3302.015,3322.61,16.95,2.18,99.044,1.14262,4.33,3343.4,19.45,144.897,321.5,220.09,159439,126.743,4.1,0
06-11-25,3322.375,3360.79,3315.59,3355.25,17.26,2.14,98.583,1.1488,4.33,3343.7,19.16,144.6,321.5,220.09,159439,126.743,4.1,1
06-12-25,3357.905,3399.05,3338.59,3386.58,18.02,2.11,97.836,1.1585,4.33,3402.4,19.7,143.5,321.5,220.09,159439,126.743,4.1,1
06-13-25,3383.865,3446.88,3379.535,3432.835,20.82,2.13,98.138,1.1551,4.33,3452.8,21.16,144.114,321.5,220.09,159439,126.743,4.1,1
06-16-25,3440.48,3451.525,3382.54,3385.22,19.11,2.16,98.139,1.15609,4.33,3417.3,19.87,144.784,321.5,220.09,159439,126.743,4.1,0
06-17-25,3388.445,3403.43,3366.115,3388.455,21.6,2.08,98.822,1.14807,4.33,3406.9,20.41,145.286,321.5,220.09,159439,126.743,4.1,1
06-18-25,3395.865,3400.11,3362.605,3369.3,20.14,2.07,98.85,1.1481,4.33,3408.1,19.58,145.132,321.5,220.09,159439,126.743,4.1,0
06-19-25,3371.415,3388.175,3347.53,3370.38,22.17,2.07,98.784,1.14966,4.33,3408.1,19.58,145.466,321.5,220.09,159439,126.743,4.1,1
06-20-25,3369.735,3374.63,3340.415,3368.75,20.62,2.05,98.774,1.15222,4.33,3385.7,19.27,146.092,321.5,220.09,159439,126.743,4.1,0
06-23-25,3383.825,3393.64,3347.035,3369.2,19.83,2.04,98.349,1.15786,4.33,3395.7,19.02,146.151,321.5,220.09,159439,126.743,4.1,1
06-24-25,3358.435,3363.9,3295.315,3323.45,17.48,2.01,97.97,1.16084,4.33,3333.9,18.28,144.917,321.5,220.09,159439,126.743,4.1,0
06-25-25,3322.825,3337.205,3312.055,3332.395,16.76,2.01,97.709,1.16598,4.33,3343.1,17.33,145.257,321.5,220.09,159439,126.743,4.1,1
06-26-25,3334.315,3350.415,3309.99,3327.82,16.59,1.98,97.347,1.17016,4.33,3348.1,16.65,144.391,321.5,220.09,159439,126.743,4.1,0
06-27-25,3325.33,3325.37,3255.85,3274.175,16.32,2.98,97.254,1.17185,4.33,3287.6,16.49,144.663,321.5,220.09,159439,126.743,4.1,0
06-30-25,3271.64,3309.645,3244.415,3303.15,16.73,1.95,96.785,1.1788,4.33,3307.7,17.31,144.024,321.5,220.09,159439,126.743,4.1,1
07-01-25,3303.3,3358.085,3302.395,3338.72,16.83,1.97,96.652,1.18058,4.33,3349.8,16.76,143.406,322.132,132.68,159518,126.949,4.2,1
07-02-25,3340.125,3360.13,3327.655,3357.09,16.64,2.97,96.774,1.1799,4.33,3359.7,16.87,143.66,322.132,132.68,159518,126.949,4.2,1
07-03-25,3359.515,3365.92,3311.625,3326.03,16.38,2.02,97.127,1.17574,4.33,3342.9,16.19,144.922,322.132,132.68,159518,126.949,4.2,0
07-04-25,3324.24,3345.175,3323.66,3336.615,17.48,2.02,96.985,1.17774,4.33,3342.9,16.19,144.491,322.132,132.68,159518,126.949,4.2,1
07-07-25,3341.57,3342.075,3296.28,3336.44,17.79,2.05,97.517,1.17086,4.33,3342.8,16.91,146.07,322.132,132.68,159518,126.949,4.2,0
07-08-25,3340.5,3345.955,3287.11,3301.72,16.81,2.07,97.512,1.17256,4.33,3316.9,16.2,146.562,322.132,132.68,159518,126.949,4.2,0
07-09-25,3302.83,3316.99,3282.665,3313.7,15.94,2.01,97.47,1.17218,4.33,3321.9,15.86,146.308,322.132,132.68,159518,126.949,4.2,1
07-10-25,3315.76,3330.36,3310.175,3324.015,15.78,2.01,97.578,1.17006,4.33,3325.7,16.04,146.247,322.132,132.68,159518,126.949,4.2,1
07-11-25,3325.94,3368.86,3321.915,3355.665,16.4,2.06,97.868,1.16911,4.33,3364.7,16.94,147.423,322.132,132.68,159518,126.949,4.2,1
07-14-25,3362.375,3375.085,3341.09,3343.755,17.2,2.04,98.101,1.16656,4.33,3359.1,16.99,147.732,322.132,132.68,159518,126.949,4.2,0
07-15-25,3343.085,3366.425,3320.305,3325.005,17.38,2.09,98.636,1.16024,4.33,3336.7,16.37,148.849,322.132,132.68,159518,126.949,4.2,0
07-16-25,3326.32,3377.655,3319.695,3347.6,17.16,2.05,98.279,1.16417,4.33,3359.1,17.27,147.88,322.132,132.68,159518,126.949,4.2,1
07-17-25,3350.96,3352.28,3309.79,3339.06,16.52,2.04,98.615,1.15976,4.33,3345.3,16.91,148.608,322.132,132.68,159518,126.949,4.2,0
07-18-25,3341.45,3361.33,3331.885,3350.095,16.41,2.03,98.462,1.16255,4.33,3358.3,16.73,148.844,322.132,132.68,159518,126.949,4.2,1
07-21-25,3348.84,3401.645,3344.905,3397.06,16.65,1.98,97.848,1.16956,4.33,3406.4,17.78,147.346,322.132,132.68,159518,126.949,4.2,1
07-22-25,3399.3,3433.51,3383.42,3431.56,16.5,1.96,97.399,1.17544,4.33,3443.7,19.08,146.646,322.132,132.68,159518,126.949,4.2,1
07-23-25,3430.92,3439.035,3381.42,3387.45,15.37,2.03,97.206,1.1773,4.33,3397.6,18.44,146.51,322.132,132.68,159518,126.949,4.2,0
07-24-25,3390.855,3393.48,3351.465,3368.71,15.39,1.98,97.517,1.1749,4.33,3373.5,17.82,147.002,322.132,132.68,159518,126.949,4.2,0
07-25-25,3369.45,3373.495,3325.115,3337.07,14.93,1.96,97.673,1.17417,4.33,3335.6,17.05,147.668,322.132,132.68,159518,126.949,4.2,0
07-28-25,3329.475,3345.52,3301.765,3314.45,15.03,1.98,98.664,1.15887,4.33,3310.6,16.79,148.545,322.132,132.68,159518,126.949,4.2,0
07-29-25,3313.84,3334.27,3308.16,3326.67,15.98,1.91,98.898,1.15454,4.33,3324.6,16.61,148.472,322.132,132.68,159518,126.949,4.2,1
07-30-25,3327.68,3334.09,3268.12,3275.29,15.48,1.96,99.887,1.14055,4.33,3352.8,16.48,149.526,322.132,132.68,159518,126.949,4.2,0
07-31-25,3277.29,3314.985,3276.285,3290.12,16.72,1.98,100.05,1.14148,4.33,3348.6,16.04,150.766,322.132,132.68,159518,126.949,4.2,1
08-01-25,3291.675,3363.6,3281.745,3362.895,20.38,1.9,98.684,1.15874,4.33,3399.8,17.3,147.42,323.364,136.02,159540,127.285,4.3,1